ISO-10303-21;
HEADER;
FILE_DESCRIPTION (( 'STEP AP214' ),
    '1' );
FILE_NAME ('2038-15-SM-RPLF.STEP',
    '2023-08-04T07:46:36',
    ( 'USER' ),
    ( '' ),
    'SwSTEP 2.0',
    'SolidWorks 2016',
    '' );
FILE_SCHEMA (( 'AUTOMOTIVE_DESIGN' ));
ENDSEC;

DATA;
#1 = FILL_AREA_STYLE_COLOUR ( '', #100 ) ;
#2 = ADVANCED_FACE ( 'NONE', ( #125 ), #431, .T. ) ;
#3 = CARTESIAN_POINT ( 'NONE',  ( 0.5300000000000001400, -0.5204572533323880100, 0.5533182801269550500 ) ) ;
#4 =( LENGTH_UNIT ( ) NAMED_UNIT ( * ) SI_UNIT ( .MILLI., .METRE. ) );
#5 = DIRECTION ( 'NONE',  ( -1.000000000000000000, -0.0000000000000000000, -0.0000000000000000000 ) ) ;
#6 = CIRCLE ( 'NONE', #2218, 2.400000000000000400 ) ;
#7 = PRODUCT_DEFINITION_SHAPE ( 'NONE', 'NONE',  #2341 ) ;
#8 = SURFACE_STYLE_FILL_AREA ( #972 ) ;
#9 = EDGE_CURVE ( 'NONE', #868, #1776, #862, .T. ) ;
#10 = FACE_OUTER_BOUND ( 'NONE', #2156, .T. ) ;
#11 = FACE_OUTER_BOUND ( 'NONE', #908, .T. ) ;
#12 = MECHANICAL_DESIGN_GEOMETRIC_PRESENTATION_REPRESENTATION (  '', ( #1643 ), #138 ) ;
#13 = ORIENTED_EDGE ( 'NONE', *, *, #1762, .T. ) ;
#14 = EDGE_CURVE ( 'NONE', #1527, #1217, #2287, .T. ) ;
#15 = LINE ( 'NONE', #2081, #1805 ) ;
#16 = UNCERTAINTY_MEASURE_WITH_UNIT (LENGTH_MEASURE( 1.000000000000000100E-005 ), #1728, 'distance_accuracy_value', 'NONE');
#17 = AXIS2_PLACEMENT_3D ( 'NONE', #2082, #113, #1922 ) ;
#18 = CARTESIAN_POINT ( 'NONE',  ( 4.299999999999999800, 0.0000000000000000000, 0.0000000000000000000 ) ) ;
#19 = EDGE_LOOP ( 'NONE', ( #1045, #98, #701, #1835, #299, #1859 ) ) ;
#20 = ORIENTED_EDGE ( 'NONE', *, *, #1963, .F. ) ;
#21 = DIRECTION ( 'NONE',  ( 1.000000000000000000, 0.0000000000000000000, 0.0000000000000000000 ) ) ;
#22 = ORIENTED_EDGE ( 'NONE', *, *, #2201, .T. ) ;
#23 = ORIENTED_EDGE ( 'NONE', *, *, #1325, .T. ) ;
#24 =( NAMED_UNIT ( * ) PLANE_ANGLE_UNIT ( ) SI_UNIT ( $, .RADIAN. ) );
#25 = FILL_AREA_STYLE_COLOUR ( '', #580 ) ;
#26 = UNCERTAINTY_MEASURE_WITH_UNIT (LENGTH_MEASURE( 1.000000000000000100E-005 ), #1284, 'distance_accuracy_value', 'NONE');
#27 = CARTESIAN_POINT ( 'NONE',  ( 3.000000000000000000, 0.0000000000000000000, 0.0000000000000000000 ) ) ;
#28 = PRESENTATION_LAYER_ASSIGNMENT (  '', '', ( #1897 ) ) ;
#29 =( NAMED_UNIT ( * ) SI_UNIT ( $, .STERADIAN. ) SOLID_ANGLE_UNIT ( ) );
#30 = CARTESIAN_POINT ( 'NONE',  ( 7.500000000000000000, 2.132101052334213400, 0.8628422727766995600 ) ) ;
#31 =( NAMED_UNIT ( * ) SI_UNIT ( $, .STERADIAN. ) SOLID_ANGLE_UNIT ( ) );
#32 = MECHANICAL_DESIGN_GEOMETRIC_PRESENTATION_REPRESENTATION (  '', ( #2126 ), #1017 ) ;
#33 =( GEOMETRIC_REPRESENTATION_CONTEXT ( 3 ) GLOBAL_UNCERTAINTY_ASSIGNED_CONTEXT ( ( #772 ) ) GLOBAL_UNIT_ASSIGNED_CONTEXT ( ( #1607, #515, #1787 ) ) REPRESENTATION_CONTEXT ( 'NONE', 'WORKASPACE' ) );
#34 =( NAMED_UNIT ( * ) SI_UNIT ( $, .STERADIAN. ) SOLID_ANGLE_UNIT ( ) );
#35 = SURFACE_SIDE_STYLE ('',( #789 ) ) ;
#36 = SURFACE_SIDE_STYLE ('',( #1434 ) ) ;
#37 = LINE ( 'NONE', #1722, #997 ) ;
#38 = SURFACE_STYLE_USAGE ( .BOTH. , #1315 ) ;
#39 = ORIENTED_EDGE ( 'NONE', *, *, #139, .F. ) ;
#40 = FILL_AREA_STYLE ('',( #235 ) ) ;
#41 = LINE ( 'NONE', #2264, #274 ) ;
#42 = VECTOR ( 'NONE', #679, 1000.000000000000000 ) ;
#43 = VERTEX_POINT ( 'NONE', #248 ) ;
#44 = SURFACE_STYLE_USAGE ( .BOTH. , #1138 ) ;
#45 = MECHANICAL_DESIGN_GEOMETRIC_PRESENTATION_REPRESENTATION (  '', ( #1793 ), #172 ) ;
#46 = SURFACE_STYLE_FILL_AREA ( #1601 ) ;
#47 = VERTEX_POINT ( 'NONE', #1332 ) ;
#48 = CIRCLE ( 'NONE', #1146, 2.299999999999999800 ) ;
#49 = STYLED_ITEM ( 'NONE', ( #410 ), #188 ) ;
#50 = VERTEX_POINT ( 'NONE', #2215 ) ;
#51 = CARTESIAN_POINT ( 'NONE',  ( 0.0000000000000000000, -1.950000000000000400, 2.549999999999999800 ) ) ;
#52 = SURFACE_STYLE_USAGE ( .BOTH. , #1140 ) ;
#53 = DIRECTION ( 'NONE',  ( -0.0000000000000000000, -1.000000000000000000, -0.0000000000000000000 ) ) ;
#54 = LINE ( 'NONE', #2185, #1918 ) ;
#55 = CARTESIAN_POINT ( 'NONE',  ( 0.5300000000000001400, 1.950000000000000400, 2.549999999999999800 ) ) ;
#56 = DIRECTION ( 'NONE',  ( 1.000000000000000000, 0.0000000000000000000, 0.0000000000000000000 ) ) ;
#57 = CARTESIAN_POINT ( 'NONE',  ( 7.070000000000001200, 2.299988139827759100, -0.007386247467064390900 ) ) ;
#58 = PRESENTATION_LAYER_ASSIGNMENT (  '', '', ( #1681 ) ) ;
#59 = FILL_AREA_STYLE_COLOUR ( '', #2071 ) ;
#60 = EDGE_CURVE ( 'NONE', #1938, #1039, #331, .T. ) ;
#61 =( GEOMETRIC_REPRESENTATION_CONTEXT ( 3 ) GLOBAL_UNCERTAINTY_ASSIGNED_CONTEXT ( ( #1856 ) ) GLOBAL_UNIT_ASSIGNED_CONTEXT ( ( #820, #1674, #2029 ) ) REPRESENTATION_CONTEXT ( 'NONE', 'WORKASPACE' ) );
#62 = FILL_AREA_STYLE ('',( #1705 ) ) ;
#63 = DIRECTION ( 'NONE',  ( 0.0000000000000000000, 0.0000000000000000000, -1.000000000000000000 ) ) ;
#64 = FACE_OUTER_BOUND ( 'NONE', #441, .T. ) ;
#65 = FILL_AREA_STYLE ('',( #71 ) ) ;
#66 = CIRCLE ( 'NONE', #1626, 2.399999999999999900 ) ;
#67 = PRESENTATION_STYLE_ASSIGNMENT (( #2240 ) ) ;
#68 = DIRECTION ( 'NONE',  ( 0.0000000000000000000, 0.0000000000000000000, -1.000000000000000000 ) ) ;
#69 = EDGE_LOOP ( 'NONE', ( #2293, #1521, #2163, #445 ) ) ;
#70 = CARTESIAN_POINT ( 'NONE',  ( 0.5300000000000001400, 1.950000000000000400, 2.549999999999999800 ) ) ;
#71 = FILL_AREA_STYLE_COLOUR ( '', #1992 ) ;
#72 = SHAPE_REPRESENTATION_RELATIONSHIP ( 'NONE' , 'NONE' ,  #2255, #1365 ) ;
#73 = ORIENTED_EDGE ( 'NONE', *, *, #748, .T. ) ;
#74 = DIRECTION ( 'NONE',  ( 0.0000000000000000000, -0.9999953069923014400, 0.003063656862740367100 ) ) ;
#75 = ORIENTED_EDGE ( 'NONE', *, *, #1506, .T. ) ;
#76 = MECHANICAL_DESIGN_GEOMETRIC_PRESENTATION_REPRESENTATION (  '', ( #2172 ), #205 ) ;
#77 = STYLED_ITEM ( 'NONE', ( #1797 ), #530 ) ;
#78 = MECHANICAL_DESIGN_GEOMETRIC_PRESENTATION_REPRESENTATION (  '', ( #2174 ), #206 ) ;
#79 = AXIS2_PLACEMENT_3D ( 'NONE', #1483, #213, #1304 ) ;
#80 = DIRECTION ( 'NONE',  ( -0.0000000000000000000, -0.0000000000000000000, 1.000000000000000000 ) ) ;
#81 = CARTESIAN_POINT ( 'NONE',  ( 0.4299999999999999900, 2.399999999999999900, -9.018000000000002500 ) ) ;
#82 = CARTESIAN_POINT ( 'NONE',  ( 0.1000000011326999900, -2.499999999999999600, 2.000000000000000900 ) ) ;
#83 = PRODUCT_DEFINITION_SHAPE ( 'NONE', 'NONE',  #516 ) ;
#84 = CARTESIAN_POINT ( 'NONE',  ( 7.400000000000000400, -1.398528076086640500, 2.404295893480116000 ) ) ;
#85 = UNCERTAINTY_MEASURE_WITH_UNIT (LENGTH_MEASURE( 1.000000000000000100E-005 ), #1372, 'distance_accuracy_value', 'NONE');
#86 = AXIS2_PLACEMENT_3D ( 'NONE', #328, #181, #501 ) ;
#87 = FILL_AREA_STYLE_COLOUR ( '', #2162 ) ;
#88 = PRESENTATION_LAYER_ASSIGNMENT (  '', '', ( #2307 ) ) ;
#89 = DIRECTION ( 'NONE',  ( 1.000000000000000000, 0.0000000000000000000, 0.0000000000000000000 ) ) ;
#90 = FACE_OUTER_BOUND ( 'NONE', #1375, .T. ) ;
#91 = CARTESIAN_POINT ( 'NONE',  ( 7.499999999999999100, -1.148517889421549300, -2.017836148811726000 ) ) ;
#92 = PRESENTATION_STYLE_ASSIGNMENT (( #779 ) ) ;
#93 = CARTESIAN_POINT ( 'NONE',  ( 7.500000000000000900, -2.358567574935342300, 0.007225875522853324500 ) ) ;
#94 = CARTESIAN_POINT ( 'NONE',  ( 7.500000000000000900, 0.8151761687856942100, 2.150786591253726100 ) ) ;
#95 = CIRCLE ( 'NONE', #1924, 2.399999999999999900 ) ;
#96 = SURFACE_STYLE_FILL_AREA ( #1604 ) ;
#97 = UNCERTAINTY_MEASURE_WITH_UNIT (LENGTH_MEASURE( 1.000000000000000100E-005 ), #578, 'distance_accuracy_value', 'NONE');
#98 = ORIENTED_EDGE ( 'NONE', *, *, #604, .T. ) ;
#99 = DIRECTION ( 'NONE',  ( 0.0000000000000000000, 0.0000000000000000000, -1.000000000000000000 ) ) ;
#100 = COLOUR_RGB ( '',0.8313725490196077800, 0.8313725490196077800, 0.8313725490196077800 ) ;
#101 = PRESENTATION_STYLE_ASSIGNMENT (( #2091 ) ) ;
#102 = ORIENTED_EDGE ( 'NONE', *, *, #794, .F. ) ;
#103 =( NAMED_UNIT ( * ) SI_UNIT ( $, .STERADIAN. ) SOLID_ANGLE_UNIT ( ) );
#104 = VECTOR ( 'NONE', #1267, 1000.000000000000000 ) ;
#105 = ORIENTED_EDGE ( 'NONE', *, *, #1847, .T. ) ;
#106 = CARTESIAN_POINT ( 'NONE',  ( 6.970004478851023100, -0.007383208024363880300, -2.299041703931249200 ) ) ;
#107 = CIRCLE ( 'NONE', #1102, 0.1000000000000001300 ) ;
#108 = EDGE_CURVE ( 'NONE', #868, #277, #730, .T. ) ;
#109 = AXIS2_PLACEMENT_3D ( 'NONE', #559, #1482, #371 ) ;
#110 =( LENGTH_UNIT ( ) NAMED_UNIT ( * ) SI_UNIT ( .MILLI., .METRE. ) );
#111 = PRODUCT_DEFINITION_FORMATION_WITH_SPECIFIED_SOURCE ( 'ANY', '', #1946, .NOT_KNOWN. ) ;
#112 = CARTESIAN_POINT ( 'NONE',  ( 7.500000000000000900, 2.299989206082290000, -0.007046410785351081400 ) ) ;
#113 = DIRECTION ( 'NONE',  ( 0.0000000000000000000, -0.7071067811865475700, 0.7071067811865475700 ) ) ;
#114 =( NAMED_UNIT ( * ) SI_UNIT ( $, .STERADIAN. ) SOLID_ANGLE_UNIT ( ) );
#115 = SURFACE_STYLE_USAGE ( .BOTH. , #887 ) ;
#116 = CARTESIAN_POINT ( 'NONE',  ( 7.010980809227093300, -2.399987624168096200, 0.007707388661284877500 ) ) ;
#117 = DIRECTION ( 'NONE',  ( -1.000000000000000000, -0.0000000000000000000, -0.0000000000000000000 ) ) ;
#118 = PRESENTATION_STYLE_ASSIGNMENT (( #1024 ) ) ;
#119 = MECHANICAL_DESIGN_GEOMETRIC_PRESENTATION_REPRESENTATION (  '', ( #2217 ), #250 ) ;
#120 = STYLED_ITEM ( 'NONE', ( #1825 ), #355 ) ;
#121 =( LENGTH_UNIT ( ) NAMED_UNIT ( * ) SI_UNIT ( .MILLI., .METRE. ) );
#122 = PRESENTATION_LAYER_ASSIGNMENT (  '', '', ( #189 ) ) ;
#123 = SHAPE_REPRESENTATION ( '1', ( #851 ), #611 ) ;
#124 = CONTEXT_DEPENDENT_SHAPE_REPRESENTATION ( #1986, #1339 ) ;
#125 = FACE_OUTER_BOUND ( 'NONE', #1606, .T. ) ;
#126 = EDGE_LOOP ( 'NONE', ( #1467, #1894, #1749, #22 ) ) ;
#127 = DIRECTION ( 'NONE',  ( 0.0000000000000000000, 0.7071067811865479100, -0.7071067811865472400 ) ) ;
#128 = VERTEX_POINT ( 'NONE', #1143 ) ;
#129 =( LENGTH_UNIT ( ) NAMED_UNIT ( * ) SI_UNIT ( .MILLI., .METRE. ) );
#130 =( NAMED_UNIT ( * ) PLANE_ANGLE_UNIT ( ) SI_UNIT ( $, .RADIAN. ) );
#131 = ORIENTED_EDGE ( 'NONE', *, *, #1390, .T. ) ;
#132 = SURFACE_STYLE_FILL_AREA ( #2200 ) ;
#133 = EDGE_LOOP ( 'NONE', ( #1910, #1470 ) ) ;
#134 = SURFACE_STYLE_FILL_AREA ( #1443 ) ;
#135 = CARTESIAN_POINT ( 'NONE',  ( 7.500000000000000000, -2.299515307654163500, 0.1532743878341633900 ) ) ;
#136 =( NAMED_UNIT ( * ) PLANE_ANGLE_UNIT ( ) SI_UNIT ( $, .RADIAN. ) );
#137 =( NAMED_UNIT ( * ) PLANE_ANGLE_UNIT ( ) SI_UNIT ( $, .RADIAN. ) );
#138 =( GEOMETRIC_REPRESENTATION_CONTEXT ( 3 ) GLOBAL_UNCERTAINTY_ASSIGNED_CONTEXT ( ( #507 ) ) GLOBAL_UNIT_ASSIGNED_CONTEXT ( ( #387, #660, #1265 ) ) REPRESENTATION_CONTEXT ( 'NONE', 'WORKASPACE' ) );
#139 = EDGE_CURVE ( 'NONE', #1217, #617, #1755, .T. ) ;
#140 = STYLED_ITEM ( 'NONE', ( #118 ), #1082 ) ;
#141 = CARTESIAN_POINT ( 'NONE',  ( 0.5299999999999994700, 2.458578644288675500, -2.041421355711326800 ) ) ;
#142 =( NAMED_UNIT ( * ) PLANE_ANGLE_UNIT ( ) SI_UNIT ( $, .RADIAN. ) );
#143 = FILL_AREA_STYLE ('',( #1021 ) ) ;
#144 = DIRECTION ( 'NONE',  ( 0.0000000000000000000, 1.000000000000000000, 0.0000000000000000000 ) ) ;
#145 = DIRECTION ( 'NONE',  ( 0.0000000000000000000, 0.0000000000000000000, -1.000000000000000000 ) ) ;
#146 = CARTESIAN_POINT ( 'NONE',  ( 0.1000000000000000200, -1.850000000000000300, 2.649999999999999500 ) ) ;
#147 = DIRECTION ( 'NONE',  ( 1.000000000000000000, 0.0000000000000000000, 0.0000000000000000000 ) ) ;
#148 = CARTESIAN_POINT ( 'NONE',  ( 0.4885786431560105200, -2.500000000663607400, 1.999999999336393700 ) ) ;
#149 = MECHANICAL_DESIGN_GEOMETRIC_PRESENTATION_REPRESENTATION (  '', ( #1897 ), #278 ) ;
#150 = FILL_AREA_STYLE ('',( #919 ) ) ;
#151 = CYLINDRICAL_SURFACE ( 'NONE', #1312, 2.399999999999999900 ) ;
#152 =( LENGTH_UNIT ( ) NAMED_UNIT ( * ) SI_UNIT ( .MILLI., .METRE. ) );
#153 = PRESENTATION_STYLE_ASSIGNMENT (( #2030 ) ) ;
#154 = CARTESIAN_POINT ( 'NONE',  ( -3.750000000000000000, 0.0000000000000000000, 2.649999999999999900 ) ) ;
#155 = SURFACE_SIDE_STYLE ('',( #1642 ) ) ;
#156 = PRESENTATION_STYLE_ASSIGNMENT (( #687 ) ) ;
#157 = ORIENTED_EDGE ( 'NONE', *, *, #1325, .F. ) ;
#158 = CIRCLE ( 'NONE', #401, 0.09999999999999993600 ) ;
#159 = LINE ( 'NONE', #1411, #664 ) ;
#160 = EDGE_LOOP ( 'NONE', ( #585, #1247, #665, #782, #532, #1775, #981, #1640 ) ) ;
#161 = ORIENTED_EDGE ( 'NONE', *, *, #681, .F. ) ;
#162 = CARTESIAN_POINT ( 'NONE',  ( 7.499999999999998200, 0.8307870618671067100, 2.144808463031300200 ) ) ;
#163 = CARTESIAN_POINT ( 'NONE',  ( 0.5300000000000001400, -1.950000000000000000, 2.549999999999999800 ) ) ;
#164 = ADVANCED_FACE ( 'NONE', ( #1770 ), #1867, .T. ) ;
#165 = UNCERTAINTY_MEASURE_WITH_UNIT (LENGTH_MEASURE( 1.000000000000000100E-005 ), #553, 'distance_accuracy_value', 'NONE');
#166 = ORIENTED_EDGE ( 'NONE', *, *, #800, .F. ) ;
#167 = SURFACE_STYLE_USAGE ( .BOTH. , #1428 ) ;
#168 = APPLICATION_CONTEXT ( 'automotive_design' ) ;
#169 = SURFACE_STYLE_USAGE ( .BOTH. , #319 ) ;
#170 = PRODUCT_DEFINITION_CONTEXT ( 'detailed design', #2144, 'design' ) ;
#171 = DIRECTION ( 'NONE',  ( 0.0000000000000000000, 0.0000000000000000000, -1.000000000000000000 ) ) ;
#172 =( GEOMETRIC_REPRESENTATION_CONTEXT ( 3 ) GLOBAL_UNCERTAINTY_ASSIGNED_CONTEXT ( ( #265 ) ) GLOBAL_UNIT_ASSIGNED_CONTEXT ( ( #1978, #1655, #29 ) ) REPRESENTATION_CONTEXT ( 'NONE', 'WORKASPACE' ) );
#173 = AXIS2_PLACEMENT_3D ( 'NONE', #2191, #573, #692 ) ;
#174 = APPLICATION_CONTEXT ( 'automotive_design' ) ;
#175 =( NAMED_UNIT ( * ) PLANE_ANGLE_UNIT ( ) SI_UNIT ( $, .RADIAN. ) );
#176 = ADVANCED_FACE ( 'NONE', ( #636 ), #892, .T. ) ;
#177 = CARTESIAN_POINT ( 'NONE',  ( 6.969999999999998900, 2.358566481524011900, -0.007574367623201886200 ) ) ;
#178 = SURFACE_SIDE_STYLE ('',( #1205 ) ) ;
#179 = CARTESIAN_POINT ( 'NONE',  ( 7.399999999999999500, 2.385283183838179200, -4.807330250034711500 ) ) ;
#180 = APPLICATION_PROTOCOL_DEFINITION ( 'draft international standard', 'automotive_design', 1998, #1276 ) ;
#181 = DIRECTION ( 'NONE',  ( 1.000000000000000000, 0.0000000000000000000, 0.0000000000000000000 ) ) ;
#182 = LINE ( 'NONE', #1220, #1514 ) ;
#183 = MECHANICAL_DESIGN_GEOMETRIC_PRESENTATION_REPRESENTATION (  '', ( #1681 ), #308 ) ;
#184 = EDGE_CURVE ( 'NONE', #1306, #1938, #1369, .T. ) ;
#185 = PRESENTATION_LAYER_ASSIGNMENT (  '', '', ( #312 ) ) ;
#186 = FACE_OUTER_BOUND ( 'NONE', #418, .T. ) ;
#187 = FILL_AREA_STYLE ('',( #1817 ) ) ;
#188 = ADVANCED_FACE ( 'NONE', ( #2317 ), #942, .T. ) ;
#189 = STYLED_ITEM ( 'NONE', ( #251 ), #2333 ) ;
#190 = ORIENTED_EDGE ( 'NONE', *, *, #9, .F. ) ;
#191 = CARTESIAN_POINT ( 'NONE',  ( 7.500000000000000900, -2.314082027652991400, -4.592932001379227600 ) ) ;
#192 = FILL_AREA_STYLE ('',( #1 ) ) ;
#193 = ORIENTED_EDGE ( 'NONE', *, *, #1490, .F. ) ;
#194 = CYLINDRICAL_SURFACE ( 'NONE', #1030, 2.399999999999999900 ) ;
#195 = ORIENTED_EDGE ( 'NONE', *, *, #1849, .T. ) ;
#196 =( BOUNDED_CURVE ( )  B_SPLINE_CURVE ( 3, ( #773, #1860, #2207, #1144 ),
 .UNSPECIFIED., .F., .F. ) 
 B_SPLINE_CURVE_WITH_KNOTS ( ( 4, 4 ),
 ( 0.0000000000000000000, 1.570796326794896600 ),
 .UNSPECIFIED. ) 
 CURVE ( )  GEOMETRIC_REPRESENTATION_ITEM ( )  RATIONAL_B_SPLINE_CURVE ( ( 1.000000000000000000, 0.8047378541243649400, 0.8047378541243649400, 1.000000000000000000 ) ) 
 REPRESENTATION_ITEM ( '' )  );
#197 = CARTESIAN_POINT ( 'NONE',  ( 7.500000000000000000, -2.300935824327196700, -0.2857031070981047600 ) ) ;
#198 = CARTESIAN_POINT ( 'NONE',  ( 7.499999999999998200, 2.025121574503813800, 1.096039331716484700 ) ) ;
#199 = CARTESIAN_POINT ( 'NONE',  ( 7.070000000000001200, 0.0000000000000000000, -2.399999999999999900 ) ) ;
#200 = CARTESIAN_POINT ( 'NONE',  ( 0.2650000000000000700, -1.850000000000000100, 2.650000000000000400 ) ) ;
#201 = PLANE ( 'NONE',  #86 ) ;
#202 = ADVANCED_FACE ( 'NONE', ( #245 ), #1930, .T. ) ;
#203 = EDGE_CURVE ( 'NONE', #43, #366, #66, .T. ) ;
#204 = DIRECTION ( 'NONE',  ( 0.0000000000000000000, 0.0000000000000000000, -1.000000000000000000 ) ) ;
#205 =( GEOMETRIC_REPRESENTATION_CONTEXT ( 3 ) GLOBAL_UNCERTAINTY_ASSIGNED_CONTEXT ( ( #1701 ) ) GLOBAL_UNIT_ASSIGNED_CONTEXT ( ( #231, #1489, #405 ) ) REPRESENTATION_CONTEXT ( 'NONE', 'WORKASPACE' ) );
#206 =( GEOMETRIC_REPRESENTATION_CONTEXT ( 3 ) GLOBAL_UNCERTAINTY_ASSIGNED_CONTEXT ( ( #1789 ) ) GLOBAL_UNIT_ASSIGNED_CONTEXT ( ( #2102, #1034, #2279 ) ) REPRESENTATION_CONTEXT ( 'NONE', 'WORKASPACE' ) );
#207 = AXIS2_PLACEMENT_3D ( 'NONE', #2031, #1672, #766 ) ;
#208 = PRODUCT_DEFINITION_SHAPE ( 'NONE', 'NONE',  #888 ) ;
#209 = UNCERTAINTY_MEASURE_WITH_UNIT (LENGTH_MEASURE( 1.000000000000000100E-005 ), #224, 'distance_accuracy_value', 'NONE');
#210 = CARTESIAN_POINT ( 'NONE',  ( -1.355252715606880500E-017, 1.950000000000000600, 2.549999999999999400 ) ) ;
#211 = SURFACE_STYLE_USAGE ( .BOTH. , #1636 ) ;
#212 = DIRECTION ( 'NONE',  ( 1.000000000000000000, 0.0000000000000000000, 0.0000000000000000000 ) ) ;
#213 = DIRECTION ( 'NONE',  ( -1.000000000000000000, -0.0000000000000000000, -0.0000000000000000000 ) ) ;
#214 = FACE_OUTER_BOUND ( 'NONE', #1893, .T. ) ;
#215 = SURFACE_STYLE_FILL_AREA ( #1164 ) ;
#216 = LINE ( 'NONE', #1025, #1908 ) ;
#217 = DIRECTION ( 'NONE',  ( 0.0000000000000000000, 0.0000000000000000000, -1.000000000000000000 ) ) ;
#218 = COLOUR_RGB ( '',0.8313725490196077800, 0.8313725490196077800, 0.8313725490196077800 ) ;
#219 = AXIS2_PLACEMENT_3D ( 'NONE', #731, #1204, #1194 ) ;
#220 = ORIENTED_EDGE ( 'NONE', *, *, #1115, .F. ) ;
#221 = MECHANICAL_DESIGN_GEOMETRIC_PRESENTATION_REPRESENTATION (  '', ( #2307 ), #342 ) ;
#222 = CYLINDRICAL_SURFACE ( 'NONE', #109, 0.09999999999999982500 ) ;
#223 = CARTESIAN_POINT ( 'NONE',  ( 6.960000000000000000, 2.939152317953647100E-016, 2.399999999999999900 ) ) ;
#224 =( LENGTH_UNIT ( ) NAMED_UNIT ( * ) SI_UNIT ( .MILLI., .METRE. ) );
#225 = ORIENTED_EDGE ( 'NONE', *, *, #1249, .T. ) ;
#226 = ORIENTED_EDGE ( 'NONE', *, *, #1611, .F. ) ;
#227 =( LENGTH_UNIT ( ) NAMED_UNIT ( * ) SI_UNIT ( .MILLI., .METRE. ) );
#228 = ORIENTED_EDGE ( 'NONE', *, *, #1881, .F. ) ;
#229 = CYLINDRICAL_SURFACE ( 'NONE', #2016, 0.09999999999999982500 ) ;
#230 = ORIENTED_EDGE ( 'NONE', *, *, #2226, .F. ) ;
#231 =( LENGTH_UNIT ( ) NAMED_UNIT ( * ) SI_UNIT ( .MILLI., .METRE. ) );
#232 = CARTESIAN_POINT ( 'NONE',  ( 7.010980809227093300, -0.007707388628415485400, -2.399987624168201900 ) ) ;
#233 = SURFACE_SIDE_STYLE ('',( #458 ) ) ;
#234 = FILL_AREA_STYLE ('',( #408 ) ) ;
#235 = FILL_AREA_STYLE_COLOUR ( '', #1340 ) ;
#236 =( NAMED_UNIT ( * ) PLANE_ANGLE_UNIT ( ) SI_UNIT ( $, .RADIAN. ) );
#237 = EDGE_CURVE ( 'NONE', #2021, #1400, #1888, .T. ) ;
#238 =( NAMED_UNIT ( * ) PLANE_ANGLE_UNIT ( ) SI_UNIT ( $, .RADIAN. ) );
#239 =( NAMED_UNIT ( * ) PLANE_ANGLE_UNIT ( ) SI_UNIT ( $, .RADIAN. ) );
#240 = UNCERTAINTY_MEASURE_WITH_UNIT (LENGTH_MEASURE( 1.000000000000000100E-005 ), #289, 'distance_accuracy_value', 'NONE');
#241 = PRODUCT_RELATED_PRODUCT_CATEGORY ( 'part', '', ( #1946 ) ) ;
#242 = DIRECTION ( 'NONE',  ( 1.000000000000000000, 0.0000000000000000000, 0.0000000000000000000 ) ) ;
#243 = CARTESIAN_POINT ( 'NONE',  ( -1.355252715606880500E-017, -2.399999999999999900, -2.100000000000001000 ) ) ;
#244 = DIRECTION ( 'NONE',  ( 0.0000000000000000000, 0.9999948434033735200, -0.003211411942201918400 ) ) ;
#245 = FACE_OUTER_BOUND ( 'NONE', #806, .T. ) ;
#246 = DIRECTION ( 'NONE',  ( 0.0000000000000000000, 0.0000000000000000000, -1.000000000000000000 ) ) ;
#247 = ORIENTED_EDGE ( 'NONE', *, *, #1808, .F. ) ;
#248 = CARTESIAN_POINT ( 'NONE',  ( 7.070000000000001200, -2.399987624168096200, 0.007707388661284876600 ) ) ;
#249 = VERTEX_POINT ( 'NONE', #1424 ) ;
#250 =( GEOMETRIC_REPRESENTATION_CONTEXT ( 3 ) GLOBAL_UNCERTAINTY_ASSIGNED_CONTEXT ( ( #435 ) ) GLOBAL_UNIT_ASSIGNED_CONTEXT ( ( #1926, #1758, #690 ) ) REPRESENTATION_CONTEXT ( 'NONE', 'WORKASPACE' ) );
#251 = PRESENTATION_STYLE_ASSIGNMENT (( #1556 ) ) ;
#252 = PRESENTATION_LAYER_ASSIGNMENT (  '', '', ( #120 ) ) ;
#253 = ORIENTED_EDGE ( 'NONE', *, *, #108, .T. ) ;
#254 = MECHANICAL_DESIGN_GEOMETRIC_PRESENTATION_REPRESENTATION (  '', ( #189 ), #374 ) ;
#255 = FILL_AREA_STYLE_COLOUR ( '', #1931 ) ;
#256 = AXIS2_PLACEMENT_3D ( 'NONE', #257, #1333, #63 ) ;
#257 = CARTESIAN_POINT ( 'NONE',  ( 7.070000000000001200, 0.0000000000000000000, 0.0000000000000000000 ) ) ;
#258 = SURFACE_SIDE_STYLE ('',( #1664 ) ) ;
#259 = CARTESIAN_POINT ( 'NONE',  ( 0.0000000000000000000, 0.0000000000000000000, 0.0000000000000000000 ) ) ;
#260 = EDGE_CURVE ( 'NONE', #249, #759, #1026, .T. ) ;
#261 = CARTESIAN_POINT ( 'NONE',  ( 0.1000000000000000200, 1.850000000000000100, -2.649999999999999500 ) ) ;
#262 = CARTESIAN_POINT ( 'NONE',  ( 0.0000000000000000000, -1.950000000000000000, 2.549999999999999800 ) ) ;
#263 = EDGE_CURVE ( 'NONE', #866, #390, #976, .T. ) ;
#264 =( LENGTH_UNIT ( ) NAMED_UNIT ( * ) SI_UNIT ( .MILLI., .METRE. ) );
#265 = UNCERTAINTY_MEASURE_WITH_UNIT (LENGTH_MEASURE( 1.000000000000000100E-005 ), #1978, 'distance_accuracy_value', 'NONE');
#266 = CIRCLE ( 'NONE', #1587, 2.399999999999999900 ) ;
#267 = PRESENTATION_STYLE_ASSIGNMENT (( #52 ) ) ;
#268 = DIRECTION ( 'NONE',  ( 0.0000000000000000000, 0.0000000000000000000, 1.000000000000000000 ) ) ;
#269 = VECTOR ( 'NONE', #1154, 1000.000000000000200 ) ;
#270 = PRESENTATION_STYLE_ASSIGNMENT (( #167 ) ) ;
#271 = CARTESIAN_POINT ( 'NONE',  ( 0.1000000011327500000, 2.499999999999999600, 2.000000000000000900 ) ) ;
#272 = ORIENTED_EDGE ( 'NONE', *, *, #2038, .T. ) ;
#273 = CARTESIAN_POINT ( 'NONE',  ( 7.400000000000000400, 1.413233628901262100, 2.395681580083320700 ) ) ;
#274 = VECTOR ( 'NONE', #2281, 1000.000000000000000 ) ;
#275 = PRESENTATION_STYLE_ASSIGNMENT (( #115 ) ) ;
#276 = EDGE_LOOP ( 'NONE', ( #388, #1042, #1072, #157 ) ) ;
#277 = VERTEX_POINT ( 'NONE', #2305 ) ;
#278 =( GEOMETRIC_REPRESENTATION_CONTEXT ( 3 ) GLOBAL_UNCERTAINTY_ASSIGNED_CONTEXT ( ( #1360 ) ) GLOBAL_UNIT_ASSIGNED_CONTEXT ( ( #1117, #24, #1840 ) ) REPRESENTATION_CONTEXT ( 'NONE', 'WORKASPACE' ) );
#279 = UNCERTAINTY_MEASURE_WITH_UNIT (LENGTH_MEASURE( 1.000000000000000100E-005 ), #776, 'distance_accuracy_value', 'NONE');
#280 = ORIENTED_EDGE ( 'NONE', *, *, #668, .T. ) ;
#281 = AXIS2_PLACEMENT_3D ( 'NONE', #1726, #1959, #886 ) ;
#282 = PRODUCT_DEFINITION_SHAPE ( 'NONE', 'NONE',  #2337 ) ;
#283 = CARTESIAN_POINT ( 'NONE',  ( 7.499999999999996400, -2.028003908054778900, -1.090698646799574300 ) ) ;
#284 = CARTESIAN_POINT ( 'NONE',  ( 7.500000000000000000, -1.374391022066863600, 2.362800394853556500 ) ) ;
#285 = UNCERTAINTY_MEASURE_WITH_UNIT (LENGTH_MEASURE( 1.000000000000000100E-005 ), #129, 'distance_accuracy_value', 'NONE');
#286 = CARTESIAN_POINT ( 'NONE',  ( 7.500000000000001800, -0.9154541871617500900, 2.110116027870257300 ) ) ;
#287 = SURFACE_SIDE_STYLE ('',( #305 ) ) ;
#288 = EDGE_CURVE ( 'NONE', #1576, #43, #554, .T. ) ;
#289 =( LENGTH_UNIT ( ) NAMED_UNIT ( * ) SI_UNIT ( .MILLI., .METRE. ) );
#290 =( NAMED_UNIT ( * ) SI_UNIT ( $, .STERADIAN. ) SOLID_ANGLE_UNIT ( ) );
#291 = AXIS2_PLACEMENT_3D ( 'NONE', #1060, #325, #935 ) ;
#292 = CARTESIAN_POINT ( 'NONE',  ( 0.5300000000000001400, -2.400000000000000400, 2.100000000000000500 ) ) ;
#293 = PRESENTATION_LAYER_ASSIGNMENT (  '', '', ( #140 ) ) ;
#294 = SURFACE_STYLE_FILL_AREA ( #62 ) ;
#295 = LINE ( 'NONE', #1166, #1678 ) ;
#296 = CARTESIAN_POINT ( 'NONE',  ( 0.2650000000000000700, 1.850000000000000100, 2.650000000000000400 ) ) ;
#297 = COLOUR_RGB ( '',0.8313725490196077800, 0.8313725490196077800, 0.8313725490196077800 ) ;
#298 = ITEM_DEFINED_TRANSFORMATION ( 'NONE', 'NONE', #1783,  #851 ) ;
#299 = ORIENTED_EDGE ( 'NONE', *, *, #382, .F. ) ;
#300 =( LENGTH_UNIT ( ) NAMED_UNIT ( * ) SI_UNIT ( .MILLI., .METRE. ) );
#301 = COLOUR_RGB ( '',0.7921568627450980000, 0.8196078431372548800, 0.9333333333333333500 ) ;
#302 = ORIENTED_EDGE ( 'NONE', *, *, #384, .F. ) ;
#303 = PLANE ( 'NONE',  #1222 ) ;
#304 = FILL_AREA_STYLE_COLOUR ( '', #1773 ) ;
#305 = SURFACE_STYLE_FILL_AREA ( #1364 ) ;
#306 = EDGE_LOOP ( 'NONE', ( #2049, #839, #2186, #2235, #562, #1696 ) ) ;
#307 = CARTESIAN_POINT ( 'NONE',  ( 7.010980809227093300, -2.404502507915445200, -1.398172812064070400 ) ) ;
#308 =( GEOMETRIC_REPRESENTATION_CONTEXT ( 3 ) GLOBAL_UNCERTAINTY_ASSIGNED_CONTEXT ( ( #1843 ) ) GLOBAL_UNIT_ASSIGNED_CONTEXT ( ( #1254, #2312, #1071 ) ) REPRESENTATION_CONTEXT ( 'NONE', 'WORKASPACE' ) );
#309 = ORIENTED_EDGE ( 'NONE', *, *, #1849, .F. ) ;
#310 = PRESENTATION_STYLE_ASSIGNMENT (( #1311 ) ) ;
#311 = EDGE_CURVE ( 'NONE', #1153, #249, #6, .T. ) ;
#312 = STYLED_ITEM ( 'NONE', ( #2048 ), #905 ) ;
#313 =( NAMED_UNIT ( * ) PLANE_ANGLE_UNIT ( ) SI_UNIT ( $, .RADIAN. ) );
#314 =( LENGTH_UNIT ( ) NAMED_UNIT ( * ) SI_UNIT ( .MILLI., .METRE. ) );
#315 = CARTESIAN_POINT ( 'NONE',  ( 4.299999999999999800, 0.0000000000000000000, -2.500000000000000000 ) ) ;
#316 =( LENGTH_UNIT ( ) NAMED_UNIT ( * ) SI_UNIT ( .MILLI., .METRE. ) );
#317 = CARTESIAN_POINT ( 'NONE',  ( 7.500000000000000000, 1.255641299818912100E-016, 1.025308930455000000 ) ) ;
#318 =( NAMED_UNIT ( * ) SI_UNIT ( $, .STERADIAN. ) SOLID_ANGLE_UNIT ( ) );
#319 = SURFACE_SIDE_STYLE ('',( #1745 ) ) ;
#320 = PRODUCT_DEFINITION_SHAPE ( 'NONE', 'NONE',  #2339 ) ;
#321 = DIRECTION ( 'NONE',  ( 1.000000000000000000, 0.0000000000000000000, 0.0000000000000000000 ) ) ;
#322 = EDGE_CURVE ( 'NONE', #1603, #1003, #1880, .T. ) ;
#323 = CARTESIAN_POINT ( 'NONE',  ( 7.500000000000001800, -2.219187932045626700, 0.6128375688477747400 ) ) ;
#324 = DIRECTION ( 'NONE',  ( 0.0000000000000000000, 0.0000000000000000000, 1.000000000000000000 ) ) ;
#325 = DIRECTION ( 'NONE',  ( 0.0000000000000000000, 0.0000000000000000000, -1.000000000000000000 ) ) ;
#326 = DIRECTION ( 'NONE',  ( 1.000000000000000000, 0.0000000000000000000, 0.0000000000000000000 ) ) ;
#327 = PRESENTATION_LAYER_ASSIGNMENT (  '', '', ( #438 ) ) ;
#328 = CARTESIAN_POINT ( 'NONE',  ( 7.500000000000000000, 0.0000000000000000000, 0.0000000000000000000 ) ) ;
#329 =( GEOMETRIC_REPRESENTATION_CONTEXT ( 3 ) GLOBAL_UNCERTAINTY_ASSIGNED_CONTEXT ( ( #285 ) ) GLOBAL_UNIT_ASSIGNED_CONTEXT ( ( #129, #1394, #318 ) ) REPRESENTATION_CONTEXT ( 'NONE', 'WORKASPACE' ) );
#330 = STYLED_ITEM ( 'NONE', ( #2087 ), #1299 ) ;
#331 = LINE ( 'NONE', #1693, #2181 ) ;
#332 = CARTESIAN_POINT ( 'NONE',  ( 6.969999999999999800, -3.001145510649000100, 2.399999999999999900 ) ) ;
#333 = ORIENTED_EDGE ( 'NONE', *, *, #2244, .F. ) ;
#334 = DIRECTION ( 'NONE',  ( 1.000000000000000000, 0.0000000000000000000, 0.0000000000000000000 ) ) ;
#335 = COLOUR_RGB ( '',0.0000000000000000000, 0.5019607843137254800, 0.0000000000000000000 ) ;
#336 = ORIENTED_EDGE ( 'NONE', *, *, #2229, .T. ) ;
#337 = DIRECTION ( 'NONE',  ( 0.0000000000000000000, 0.0000000000000000000, 1.000000000000000000 ) ) ;
#338 =( NAMED_UNIT ( * ) SI_UNIT ( $, .STERADIAN. ) SOLID_ANGLE_UNIT ( ) );
#339 = VERTEX_POINT ( 'NONE', #744 ) ;
#340 = ORIENTED_EDGE ( 'NONE', *, *, #322, .T. ) ;
#341 = CARTESIAN_POINT ( 'NONE',  ( 7.070000000000001200, -0.007707388628415485400, -2.399987624168201400 ) ) ;
#342 =( GEOMETRIC_REPRESENTATION_CONTEXT ( 3 ) GLOBAL_UNCERTAINTY_ASSIGNED_CONTEXT ( ( #450 ) ) GLOBAL_UNIT_ASSIGNED_CONTEXT ( ( #1345, #1157, #2223 ) ) REPRESENTATION_CONTEXT ( 'NONE', 'WORKASPACE' ) );
#343 =( BOUNDED_CURVE ( )  B_SPLINE_CURVE ( 3, ( #2150, #920, #2143, #891 ),
 .UNSPECIFIED., .F., .T. ) 
 B_SPLINE_CURVE_WITH_KNOTS ( ( 4, 4 ),
 ( 4.712388980384690600, 6.283185307179586200 ),
 .UNSPECIFIED. ) 
 CURVE ( )  GEOMETRIC_REPRESENTATION_ITEM ( )  RATIONAL_B_SPLINE_CURVE ( ( 1.000000000000000000, 0.8047378541243652700, 0.8047378541243652700, 1.000000000000000000 ) ) 
 REPRESENTATION_ITEM ( '' )  );
#344 = SURFACE_SIDE_STYLE ('',( #96 ) ) ;
#345 = DIRECTION ( 'NONE',  ( 1.000000000000000000, 0.0000000000000000000, 0.0000000000000000000 ) ) ;
#346 =( NAMED_UNIT ( * ) SI_UNIT ( $, .STERADIAN. ) SOLID_ANGLE_UNIT ( ) );
#347 =( NAMED_UNIT ( * ) SI_UNIT ( $, .STERADIAN. ) SOLID_ANGLE_UNIT ( ) );
#348 = FILL_AREA_STYLE ('',( #1263 ) ) ;
#349 = APPLICATION_CONTEXT ( 'automotive_design' ) ;
#350 = UNCERTAINTY_MEASURE_WITH_UNIT (LENGTH_MEASURE( 1.000000000000000100E-005 ), #2323, 'distance_accuracy_value', 'NONE');
#351 = EDGE_CURVE ( 'NONE', #2068, #674, #1516, .T. ) ;
#352 = CARTESIAN_POINT ( 'NONE',  ( 6.969999999999999800, 2.373715216770416500, 4.709558595424822700 ) ) ;
#353 = COLOUR_RGB ( '',0.0000000000000000000, 0.5019607843137254800, 0.0000000000000000000 ) ;
#354 = CARTESIAN_POINT ( 'NONE',  ( 7.070000000000001200, 0.0000000000000000000, 0.0000000000000000000 ) ) ;
#355 = ADVANCED_FACE ( 'NONE', ( #1395 ), #379, .T. ) ;
#356 = CIRCLE ( 'NONE', #256, 2.399999999999999900 ) ;
#357 = APPLICATION_PROTOCOL_DEFINITION ( 'draft international standard', 'automotive_design', 1998, #2313 ) ;
#358 = DIRECTION ( 'NONE',  ( 0.0000000000000000000, 0.0000000000000000000, -1.000000000000000000 ) ) ;
#359 = COLOUR_RGB ( '',0.8313725490196077800, 0.8313725490196077800, 0.8313725490196077800 ) ;
#360 = SHAPE_DEFINITION_REPRESENTATION ( #1415, #1502 ) ;
#361 = VERTEX_POINT ( 'NONE', #1461 ) ;
#362 = SURFACE_STYLE_FILL_AREA ( #1613 ) ;
#363 = ORIENTED_EDGE ( 'NONE', *, *, #596, .T. ) ;
#364 =( NAMED_UNIT ( * ) SI_UNIT ( $, .STERADIAN. ) SOLID_ANGLE_UNIT ( ) );
#365 = CARTESIAN_POINT ( 'NONE',  ( 0.0000000000000000000, 0.0000000000000000000, 0.0000000000000000000 ) ) ;
#366 = VERTEX_POINT ( 'NONE', #199 ) ;
#367 = CARTESIAN_POINT ( 'NONE',  ( 7.399999999999999500, -2.414694289724861300, -4.792624697091370400 ) ) ;
#368 = ADVANCED_FACE ( 'NONE', ( #1171 ), #924, .T. ) ;
#369 = UNCERTAINTY_MEASURE_WITH_UNIT (LENGTH_MEASURE( 1.000000000000000100E-005 ), #432, 'distance_accuracy_value', 'NONE');
#370 = DIRECTION ( 'NONE',  ( 1.000000000000000000, 0.0000000000000000000, 0.0000000000000000000 ) ) ;
#371 = DIRECTION ( 'NONE',  ( 0.0000000000000000000, 0.0000000000000000000, 1.000000000000000000 ) ) ;
#372 = PRESENTATION_LAYER_ASSIGNMENT (  '', '', ( #478 ) ) ;
#373 = MECHANICAL_DESIGN_GEOMETRIC_PRESENTATION_REPRESENTATION (  '', ( #120 ), #479 ) ;
#374 =( GEOMETRIC_REPRESENTATION_CONTEXT ( 3 ) GLOBAL_UNCERTAINTY_ASSIGNED_CONTEXT ( ( #2275 ) ) GLOBAL_UNIT_ASSIGNED_CONTEXT ( ( #456, #1732, #653 ) ) REPRESENTATION_CONTEXT ( 'NONE', 'WORKASPACE' ) );
#375 =( NAMED_UNIT ( * ) SI_UNIT ( $, .STERADIAN. ) SOLID_ANGLE_UNIT ( ) );
#376 = STYLED_ITEM ( 'NONE', ( #2149 ), #1262 ) ;
#377 = SURFACE_STYLE_USAGE ( .BOTH. , #155 ) ;
#378 = CARTESIAN_POINT ( 'NONE',  ( 7.010980809227093300, 2.399987624168306700, -0.007707388595546094100 ) ) ;
#379 = PLANE ( 'NONE',  #850 ) ;
#380 = ADVANCED_FACE ( 'NONE', ( #90 ), #2180, .F. ) ;
#381 = CARTESIAN_POINT ( 'NONE',  ( 0.4299999988671500100, -2.499999999999999600, 2.000000000000001800 ) ) ;
#382 = EDGE_CURVE ( 'NONE', #961, #2133, #1796, .T. ) ;
#383 = STYLED_ITEM ( 'NONE', ( #1751 ), #1622 ) ;
#384 = EDGE_CURVE ( 'NONE', #1177, #868, #409, .T. ) ;
#385 = SURFACE_SIDE_STYLE ('',( #1884 ) ) ;
#386 = DIRECTION ( 'NONE',  ( 0.0000000000000000000, -0.9999953069923001000, 0.003063656863196000000 ) ) ;
#387 =( LENGTH_UNIT ( ) NAMED_UNIT ( * ) SI_UNIT ( .MILLI., .METRE. ) );
#388 = ORIENTED_EDGE ( 'NONE', *, *, #1167, .F. ) ;
#389 = FACE_OUTER_BOUND ( 'NONE', #276, .T. ) ;
#390 = VERTEX_POINT ( 'NONE', #1511 ) ;
#391 = ORIENTED_EDGE ( 'NONE', *, *, #697, .T. ) ;
#392 = ORIENTED_EDGE ( 'NONE', *, *, #1506, .F. ) ;
#393 = CARTESIAN_POINT ( 'NONE',  ( 7.011421356237310200, 2.415402401490665400, 4.792267859674907100 ) ) ;
#394 = CARTESIAN_POINT ( 'NONE',  ( 0.5300000000000000300, 1.891421356237310100, -2.608578643762690300 ) ) ;
#395 = FACE_OUTER_BOUND ( 'NONE', #1832, .T. ) ;
#396 = CARTESIAN_POINT ( 'NONE',  ( 6.970000000000000600, 2.299987770539992900, -0.007386246155123866800 ) ) ;
#397 = PRODUCT_DEFINITION_SHAPE ( 'NONE', 'NONE',  #1135 ) ;
#398 = EDGE_CURVE ( 'NONE', #1177, #1603, #1120, .T. ) ;
#399 = SURFACE_STYLE_USAGE ( .BOTH. , #1484 ) ;
#400 = LINE ( 'NONE', #2179, #503 ) ;
#401 = AXIS2_PLACEMENT_3D ( 'NONE', #2254, #764, #1845 ) ;
#402 = CARTESIAN_POINT ( 'NONE',  ( 6.969445897163278200, -0.007572734468635497000, -2.358057946998000500 ) ) ;
#403 = PRODUCT_DEFINITION ( 'UNKNOWN', '', #1496, #170 ) ;
#404 = SURFACE_SIDE_STYLE ('',( #896 ) ) ;
#405 =( NAMED_UNIT ( * ) SI_UNIT ( $, .STERADIAN. ) SOLID_ANGLE_UNIT ( ) );
#406 = CARTESIAN_POINT ( 'NONE',  ( 7.500000000000000900, 2.300000000000000300, 0.2920150324497648400 ) ) ;
#407 = SURFACE_STYLE_USAGE ( .BOTH. , #2171 ) ;
#408 = FILL_AREA_STYLE_COLOUR ( '', #2118 ) ;
#409 = LINE ( 'NONE', #1148, #825 ) ;
#410 = PRESENTATION_STYLE_ASSIGNMENT (( #1309 ) ) ;
#411 = CIRCLE ( 'NONE', #1985, 1.025308930455000000 ) ;
#412 = LINE ( 'NONE', #200, #1517 ) ;
#413 = STYLED_ITEM ( 'NONE', ( #1087 ), #1820 ) ;
#414 = ORIENTED_EDGE ( 'NONE', *, *, #1447, .T. ) ;
#415 = PRESENTATION_LAYER_ASSIGNMENT (  '', '', ( #49 ) ) ;
#416 = CARTESIAN_POINT ( 'NONE',  ( 7.070000000000001200, -2.399987624168096200, 0.007707388661284876600 ) ) ;
#417 = MECHANICAL_DESIGN_GEOMETRIC_PRESENTATION_REPRESENTATION (  '', ( #140 ), #540 ) ;
#418 = EDGE_LOOP ( 'NONE', ( #253, #758, #2124, #1834 ) ) ;
#419 = FACE_OUTER_BOUND ( 'NONE', #19, .T. ) ;
#420 = CARTESIAN_POINT ( 'NONE',  ( -1.355252715606880500E-017, -1.950000000000000600, -2.549999999999999400 ) ) ;
#421 = VERTEX_POINT ( 'NONE', #629 ) ;
#422 = DIRECTION ( 'NONE',  ( 0.0000000000000000000, 1.000000000000000000, 0.0000000000000000000 ) ) ;
#423 = SURFACE_SIDE_STYLE ('',( #294 ) ) ;
#424 = CARTESIAN_POINT ( 'NONE',  ( 0.04142135623730955300, 1.850000000000000500, -2.649999999999999900 ) ) ;
#425 =( NAMED_UNIT ( * ) SI_UNIT ( $, .STERADIAN. ) SOLID_ANGLE_UNIT ( ) );
#426 = CARTESIAN_POINT ( 'NONE',  ( 0.2650000000000000700, -1.850000000000000100, -2.650000000000000400 ) ) ;
#427 = PRESENTATION_LAYER_ASSIGNMENT (  '', '', ( #547 ) ) ;
#428 = EDGE_CURVE ( 'NONE', #2021, #1581, #2256, .T. ) ;
#429 = AXIS2_PLACEMENT_3D ( 'NONE', #259, #597, #2106 ) ;
#430 = CARTESIAN_POINT ( 'NONE',  ( 0.5300000000000000300, 2.458578644288675000, 2.041421355711326300 ) ) ;
#431 = PLANE ( 'NONE',  #706 ) ;
#432 =( LENGTH_UNIT ( ) NAMED_UNIT ( * ) SI_UNIT ( .MILLI., .METRE. ) );
#433 = SURFACE_STYLE_FILL_AREA ( #187 ) ;
#434 = DIRECTION ( 'NONE',  ( 1.000000000000000000, 0.0000000000000000000, 0.0000000000000000000 ) ) ;
#435 = UNCERTAINTY_MEASURE_WITH_UNIT (LENGTH_MEASURE( 1.000000000000000100E-005 ), #1926, 'distance_accuracy_value', 'NONE');
#436 = ORIENTED_EDGE ( 'NONE', *, *, #860, .T. ) ;
#437 = DIRECTION ( 'NONE',  ( 1.000000000000000000, 0.0000000000000000000, 0.0000000000000000000 ) ) ;
#438 = STYLED_ITEM ( 'NONE', ( #621 ), #2153 ) ;
#439 = LINE ( 'NONE', #853, #104 ) ;
#440 = ORIENTED_EDGE ( 'NONE', *, *, #2157, .T. ) ;
#441 = EDGE_LOOP ( 'NONE', ( #930, #565, #39, #1608, #2243, #1686, #1804, #105 ) ) ;
#442 = STYLED_ITEM ( 'NONE', ( #927 ), #708 ) ;
#443 = CARTESIAN_POINT ( 'NONE',  ( 0.0000000000000000000, 1.849999999999999600, -2.649999999999999900 ) ) ;
#444 = PRESENTATION_LAYER_ASSIGNMENT (  '', '', ( #330 ) ) ;
#445 = ORIENTED_EDGE ( 'NONE', *, *, #496, .T. ) ;
#446 = CARTESIAN_POINT ( 'NONE',  ( 0.4299999999999999900, 2.500000000000000000, 2.649999999999999900 ) ) ;
#447 = COLOUR_RGB ( '',0.8313725490196077800, 0.8313725490196077800, 0.8313725490196077800 ) ;
#448 = ORIENTED_EDGE ( 'NONE', *, *, #831, .F. ) ;
#449 = LINE ( 'NONE', #317, #499 ) ;
#450 = UNCERTAINTY_MEASURE_WITH_UNIT (LENGTH_MEASURE( 1.000000000000000100E-005 ), #1345, 'distance_accuracy_value', 'NONE');
#451 = DIRECTION ( 'NONE',  ( 0.0000000000000000000, 0.0000000000000000000, -1.000000000000000000 ) ) ;
#452 = LINE ( 'NONE', #844, #2302 ) ;
#453 = CARTESIAN_POINT ( 'NONE',  ( 7.400000000000000400, 2.399988736781520700, -0.007352776471670695700 ) ) ;
#454 = CARTESIAN_POINT ( 'NONE',  ( 7.500000000000000000, 1.388842773239068200, 2.354334755016739900 ) ) ;
#455 = FACE_OUTER_BOUND ( 'NONE', #1380, .T. ) ;
#456 =( LENGTH_UNIT ( ) NAMED_UNIT ( * ) SI_UNIT ( .MILLI., .METRE. ) );
#457 = DIRECTION ( 'NONE',  ( 1.000000000000000000, 0.0000000000000000000, 0.0000000000000000000 ) ) ;
#458 = SURFACE_STYLE_FILL_AREA ( #880 ) ;
#459 = ORIENTED_EDGE ( 'NONE', *, *, #719, .T. ) ;
#460 = SURFACE_SIDE_STYLE ('',( #2184 ) ) ;
#461 = CARTESIAN_POINT ( 'NONE',  ( 6.970004478851023100, -1.354130657740565000, -2.294716720804351500 ) ) ;
#462 = FACE_OUTER_BOUND ( 'NONE', #728, .T. ) ;
#463 = ORIENTED_EDGE ( 'NONE', *, *, #1838, .F. ) ;
#464 = EDGE_CURVE ( 'NONE', #1306, #1128, #1736, .T. ) ;
#465 = PRESENTATION_STYLE_ASSIGNMENT (( #377 ) ) ;
#466 = CARTESIAN_POINT ( 'NONE',  ( 0.0000000000000000000, 0.0000000000000000000, 0.0000000000000000000 ) ) ;
#467 = FACE_OUTER_BOUND ( 'NONE', #1995, .T. ) ;
#468 = DIRECTION ( 'NONE',  ( -0.0000000000000000000, 0.0000000000000000000, 1.000000000000000000 ) ) ;
#469 = ORIENTED_EDGE ( 'NONE', *, *, #1523, .T. ) ;
#470 = COLOUR_RGB ( '',0.8313725490196077800, 0.8313725490196077800, 0.8313725490196077800 ) ;
#471 = FACE_OUTER_BOUND ( 'NONE', #493, .T. ) ;
#472 =( NAMED_UNIT ( * ) PLANE_ANGLE_UNIT ( ) SI_UNIT ( $, .RADIAN. ) );
#473 = CARTESIAN_POINT ( 'NONE',  ( 6.970004478851023100, 2.299041703931350000, -0.007383207992877010800 ) ) ;
#474 =( NAMED_UNIT ( * ) SI_UNIT ( $, .STERADIAN. ) SOLID_ANGLE_UNIT ( ) );
#475 = DIRECTION ( 'NONE',  ( -1.000000000000000000, -0.0000000000000000000, -0.0000000000000000000 ) ) ;
#476 = COLOUR_RGB ( '',0.8313725490196077800, 0.8313725490196077800, 0.8313725490196077800 ) ;
#477 = DIRECTION ( 'NONE',  ( 0.0000000000000000000, 0.7071067811865475700, 0.7071067811865475700 ) ) ;
#478 = STYLED_ITEM ( 'NONE', ( #1058 ), #1997 ) ;
#479 =( GEOMETRIC_REPRESENTATION_CONTEXT ( 3 ) GLOBAL_UNCERTAINTY_ASSIGNED_CONTEXT ( ( #26 ) ) GLOBAL_UNIT_ASSIGNED_CONTEXT ( ( #1284, #1456, #552 ) ) REPRESENTATION_CONTEXT ( 'NONE', 'WORKASPACE' ) );
#480 = CARTESIAN_POINT ( 'NONE',  ( 0.4299999977342999800, -2.500000000000000000, 2.500000000000000000 ) ) ;
#481 = PRESENTATION_LAYER_ASSIGNMENT (  '', '', ( #376 ) ) ;
#482 = CARTESIAN_POINT ( 'NONE',  ( 7.500000000000000000, 0.2857452330184397400, -2.300944807296249700 ) ) ;
#483 = DIRECTION ( 'NONE',  ( 1.000000000000000000, 0.0000000000000000000, 0.0000000000000000000 ) ) ;
#484 = CARTESIAN_POINT ( 'NONE',  ( 7.499999999999999100, -0.5703951939182380100, 2.247208153174559400 ) ) ;
#485 = VECTOR ( 'NONE', #2113, 1000.000000000000000 ) ;
#486 = CARTESIAN_POINT ( 'NONE',  ( 3.000000000000000000, 0.0000000000000000000, -3.405532200157939800E-017 ) ) ;
#487 = SURFACE_STYLE_FILL_AREA ( #348 ) ;
#488 = FILL_AREA_STYLE_COLOUR ( '', #1887 ) ;
#489 = EDGE_LOOP ( 'NONE', ( #763, #190, #302, #1441 ) ) ;
#490 = CARTESIAN_POINT ( 'NONE',  ( 7.499999999999999100, 1.846817027887685400, -1.407347287358629500 ) ) ;
#491 = ORIENTED_EDGE ( 'NONE', *, *, #1115, .T. ) ;
#492 = CARTESIAN_POINT ( 'NONE',  ( 7.500000000000001800, -2.162228417626808100, 0.7844062790660776300 ) ) ;
#493 = EDGE_LOOP ( 'NONE', ( #619, #1660, #1348, #75 ) ) ;
#494 = SURFACE_STYLE_USAGE ( .BOTH. , #1590 ) ;
#495 = AXIS2_PLACEMENT_3D ( 'NONE', #1063, #1420, #1224 ) ;
#496 = EDGE_CURVE ( 'NONE', #2072, #897, #774, .T. ) ;
#497 = ORIENTED_EDGE ( 'NONE', *, *, #464, .F. ) ;
#498 = CARTESIAN_POINT ( 'NONE',  ( 0.0000000000000000000, -2.399999999999999900, 0.0000000000000000000 ) ) ;
#499 = VECTOR ( 'NONE', #2108, 1000.000000000000000 ) ;
#500 = FILL_AREA_STYLE ('',( #1592 ) ) ;
#501 = DIRECTION ( 'NONE',  ( 0.0000000000000000000, 0.0000000000000000000, -1.000000000000000000 ) ) ;
#502 = PRODUCT_DEFINITION_SHAPE ( 'NONE', 'NONE',  #647 ) ;
#503 = VECTOR ( 'NONE', #1459, 1000.000000000000000 ) ;
#504 = CARTESIAN_POINT ( 'NONE',  ( 7.500000000000000000, -0.1534424217868862500, -2.299510834138642300 ) ) ;
#505 = CARTESIAN_POINT ( 'NONE',  ( 6.960000000000000000, 0.0000000000000000000, 0.0000000000000000000 ) ) ;
#506 =( LENGTH_UNIT ( ) NAMED_UNIT ( * ) SI_UNIT ( .MILLI., .METRE. ) );
#507 = UNCERTAINTY_MEASURE_WITH_UNIT (LENGTH_MEASURE( 1.000000000000000100E-005 ), #387, 'distance_accuracy_value', 'NONE');
#508 = CARTESIAN_POINT ( 'NONE',  ( 0.0000000000000000000, -1.950000000000000400, 2.549999999999999800 ) ) ;
#509 = CARTESIAN_POINT ( 'NONE',  ( -3.750000000000000000, 0.0000000000000000000, 2.649999999999999900 ) ) ;
#510 = CARTESIAN_POINT ( 'NONE',  ( 0.5300000000000001400, -2.399999999999999900, -2.100000000000001000 ) ) ;
#511 = CARTESIAN_POINT ( 'NONE',  ( 7.500000000000000900, 0.9131645447946097300, -2.111109417572009300 ) ) ;
#512 = EDGE_CURVE ( 'NONE', #1581, #1527, #696, .T. ) ;
#513 = CARTESIAN_POINT ( 'NONE',  ( 7.070000000000000300, 2.395472740459466500, -1.413587589321024800 ) ) ;
#514 = CARTESIAN_POINT ( 'NONE',  ( 0.0000000000000000000, 0.0000000000000000000, -2.399999999999999900 ) ) ;
#515 =( NAMED_UNIT ( * ) PLANE_ANGLE_UNIT ( ) SI_UNIT ( $, .RADIAN. ) );
#516 = PRODUCT_DEFINITION ( 'UNKNOWN', '', #1733, #1190 ) ;
#517 =( BOUNDED_SURFACE ( )  B_SPLINE_SURFACE ( 3, 3, ( 
 ( #416, #923, #1079, #341, #1417, #513, #703 ),
 ( #116, #307, #1210, #232, #2015, #750, #378 ),
 ( #1460, #1093, #536, #402, #1917, #1566, #1760 ),
 ( #652, #829, #461, #106, #1573, #1197, #473 ) ),
 .UNSPECIFIED., .F., .F., .F. ) 
 B_SPLINE_SURFACE_WITH_KNOTS ( ( 4, 4 ),
 ( 4, 3, 4 ),
 ( 0.0000000000000000000, 1.000000000000000000 ),
 ( 0.0000000000000000000, 0.5000000000000000000, 1.000000000000000000 ),
 .UNSPECIFIED. ) 
 GEOMETRIC_REPRESENTATION_ITEM ( )  RATIONAL_B_SPLINE_SURFACE ( (
 ( 1.000000000000000000, 0.8047378541211368500, 0.8047378541211368500, 1.000000000000000000, 0.8047378541211368500, 0.8047378541211368500, 1.000000000000000000),
 ( 0.8025017684347389700, 0.6458035510585893300, 0.6458035510585893300, 0.8025017684347389700, 0.6458035510585893300, 0.6458035510585893300, 0.8025017684347389700),
 ( 0.8025017684347389700, 0.6458035510585893300, 0.6458035510585893300, 0.8025017684347389700, 0.6458035510585893300, 0.6458035510585893300, 0.8025017684347389700),
 ( 1.000000000000000000, 0.8047378541211368500, 0.8047378541211368500, 1.000000000000000000, 0.8047378541211368500, 0.8047378541211368500, 1.000000000000000000) ) ) 
 REPRESENTATION_ITEM ( '' )  SURFACE ( )  );
#518 = CARTESIAN_POINT ( 'NONE',  ( 7.500000000000000900, 0.8767918724943329900, -2.126430238805130400 ) ) ;
#519 = COLOUR_RGB ( '',0.0000000000000000000, 0.5019607843137254800, 0.0000000000000000000 ) ;
#520 = SURFACE_SIDE_STYLE ('',( #1507 ) ) ;
#521 = FACE_OUTER_BOUND ( 'NONE', #2023, .T. ) ;
#522 = SURFACE_STYLE_USAGE ( .BOTH. , #1260 ) ;
#523 = VERTEX_POINT ( 'NONE', #1342 ) ;
#524 = DIRECTION ( 'NONE',  ( 0.0000000000000000000, 0.0000000000000000000, -1.000000000000000000 ) ) ;
#525 = UNCERTAINTY_MEASURE_WITH_UNIT (LENGTH_MEASURE( 1.000000000000000100E-005 ), #1387, 'distance_accuracy_value', 'NONE');
#526 = SURFACE_STYLE_FILL_AREA ( #911 ) ;
#527 = PRODUCT_CONTEXT ( 'NONE', #349, 'mechanical' ) ;
#528 = ORIENTED_EDGE ( 'NONE', *, *, #351, .F. ) ;
#529 = LINE ( 'NONE', #498, #874 ) ;
#530 = ADVANCED_FACE ( 'NONE', ( #722, #1677 ), #2055, .F. ) ;
#531 = CIRCLE ( 'NONE', #1273, 2.400000000000000400 ) ;
#532 = ORIENTED_EDGE ( 'NONE', *, *, #1458, .F. ) ;
#533 = CARTESIAN_POINT ( 'NONE',  ( 7.500000000000000900, 0.5675185208333021200, -2.247973085886765300 ) ) ;
#534 = LINE ( 'NONE', #1478, #1009 ) ;
#535 = SURFACE_STYLE_USAGE ( .BOTH. , #572 ) ;
#536 = CARTESIAN_POINT ( 'NONE',  ( 6.969445897163278200, -1.388891098973407600, -2.353621941850475800 ) ) ;
#537 = CARTESIAN_POINT ( 'NONE',  ( 0.04142135684393575400, 2.500000000663548800, 1.999999999336452800 ) ) ;
#538 = AXIS2_PLACEMENT_3D ( 'NONE', #1059, #1290, #1646 ) ;
#539 = MECHANICAL_DESIGN_GEOMETRIC_PRESENTATION_REPRESENTATION (  '', ( #49 ), #659 ) ;
#540 =( GEOMETRIC_REPRESENTATION_CONTEXT ( 3 ) GLOBAL_UNCERTAINTY_ASSIGNED_CONTEXT ( ( #945 ) ) GLOBAL_UNIT_ASSIGNED_CONTEXT ( ( #2097, #845, #1927 ) ) REPRESENTATION_CONTEXT ( 'NONE', 'WORKASPACE' ) );
#541 = APPLICATION_CONTEXT ( 'automotive_design' ) ;
#542 = UNCERTAINTY_MEASURE_WITH_UNIT (LENGTH_MEASURE( 1.000000000000000100E-005 ), #110, 'distance_accuracy_value', 'NONE');
#543 = DIRECTION ( 'NONE',  ( 1.000000000000000000, 0.0000000000000000000, 0.0000000000000000000 ) ) ;
#544 = ADVANCED_FACE ( 'NONE', ( #752 ), #966, .T. ) ;
#545 = CARTESIAN_POINT ( 'NONE',  ( 7.458578643762691300, 2.385283183838179600, -4.807330250034711500 ) ) ;
#546 = CARTESIAN_POINT ( 'NONE',  ( 0.0000000000000000000, 0.0000000000000000000, -2.399999999999999900 ) ) ;
#547 = STYLED_ITEM ( 'NONE', ( #1466 ), #1457 ) ;
#548 = EDGE_CURVE ( 'NONE', #47, #2051, #1785, .T. ) ;
#549 = MECHANICAL_DESIGN_GEOMETRIC_PRESENTATION_REPRESENTATION (  '', ( #312 ), #670 ) ;
#550 = CARTESIAN_POINT ( 'NONE',  ( 7.500000000000000000, -2.299988851323851800, 0.007046409575130352200 ) ) ;
#551 = FILL_AREA_STYLE ('',( #1647 ) ) ;
#552 =( NAMED_UNIT ( * ) SI_UNIT ( $, .STERADIAN. ) SOLID_ANGLE_UNIT ( ) );
#553 =( LENGTH_UNIT ( ) NAMED_UNIT ( * ) SI_UNIT ( .MILLI., .METRE. ) );
#554 = CIRCLE ( 'NONE', #2092, 2.399999999999999900 ) ;
#555 = CARTESIAN_POINT ( 'NONE',  ( 6.960000000000000000, 0.0000000000000000000, 0.0000000000000000000 ) ) ;
#556 = ADVANCED_FACE ( 'NONE', ( #419 ), #517, .T. ) ;
#557 = CONTEXT_DEPENDENT_SHAPE_REPRESENTATION ( #2165, #7 ) ;
#558 = ORIENTED_EDGE ( 'NONE', *, *, #237, .F. ) ;
#559 = CARTESIAN_POINT ( 'NONE',  ( 0.1000000000000000100, 1.250000000000000000, 2.549999999999999800 ) ) ;
#560 = DIRECTION ( 'NONE',  ( 0.0000000000000000000, 0.0000000000000000000, -1.000000000000000000 ) ) ;
#561 = ORIENTED_EDGE ( 'NONE', *, *, #1699, .F. ) ;
#562 = ORIENTED_EDGE ( 'NONE', *, *, #260, .F. ) ;
#563 =( NAMED_UNIT ( * ) SI_UNIT ( $, .STERADIAN. ) SOLID_ANGLE_UNIT ( ) );
#564 = CARTESIAN_POINT ( 'NONE',  ( 7.500000000000000000, 0.0000000000000000000, -1.025308930455000000 ) ) ;
#565 = ORIENTED_EDGE ( 'NONE', *, *, #566, .T. ) ;
#566 = EDGE_CURVE ( 'NONE', #339, #617, #1492, .T. ) ;
#567 = DIRECTION ( 'NONE',  ( 0.0000000000000000000, 0.7071067811865479100, 0.7071067811865472400 ) ) ;
#568 = AXIS2_PLACEMENT_3D ( 'NONE', #754, #2019, #586 ) ;
#569 = PRESENTATION_LAYER_ASSIGNMENT (  '', '', ( #442 ) ) ;
#570 = MECHANICAL_DESIGN_GEOMETRIC_PRESENTATION_REPRESENTATION (  '', ( #330 ), #689 ) ;
#571 = DIRECTION ( 'NONE',  ( 1.000000000000000000, 0.0000000000000000000, 0.0000000000000000000 ) ) ;
#572 = SURFACE_SIDE_STYLE ('',( #632 ) ) ;
#573 = DIRECTION ( 'NONE',  ( 1.000000000000000000, 0.0000000000000000000, 0.0000000000000000000 ) ) ;
#574 =( NAMED_UNIT ( * ) PLANE_ANGLE_UNIT ( ) SI_UNIT ( $, .RADIAN. ) );
#575 = STYLED_ITEM ( 'NONE', ( #275 ), #1788 ) ;
#576 = STYLED_ITEM ( 'NONE', ( #803 ), #164 ) ;
#577 = DIRECTION ( 'NONE',  ( 0.0000000000000000000, 0.0000000000000000000, -1.000000000000000000 ) ) ;
#578 =( LENGTH_UNIT ( ) NAMED_UNIT ( * ) SI_UNIT ( .MILLI., .METRE. ) );
#579 = FILL_AREA_STYLE_COLOUR ( '', #1988 ) ;
#580 = COLOUR_RGB ( '',0.0000000000000000000, 0.5019607843137254800, 0.0000000000000000000 ) ;
#581 = PRODUCT_DEFINITION_CONTEXT ( 'detailed design', #910, 'design' ) ;
#582 = ORIENTED_EDGE ( 'NONE', *, *, #1954, .F. ) ;
#583 =( BOUNDED_SURFACE ( )  B_SPLINE_SURFACE ( 3, 3, ( 
 ( #1294, #191, #1285, #2336 ),
 ( #1096, #2164, #913, #1984 ),
 ( #729, #1812, #545, #662 ),
 ( #1628, #367, #179, #1274 ) ),
 .UNSPECIFIED., .F., .F., .T. ) 
 B_SPLINE_SURFACE_WITH_KNOTS ( ( 4, 4 ),
 ( 4, 4 ),
 ( 0.0000000000000000000, 1.000000000000000000 ),
 ( 0.0000000000000000000, 1.000000000000000000 ),
 .UNSPECIFIED. ) 
 GEOMETRIC_REPRESENTATION_ITEM ( )  RATIONAL_B_SPLINE_SURFACE ( (
 ( 1.000000000000000000, 0.3333333333333334300, 0.3333333333333334300, 1.000000000000000000),
 ( 0.8047378541243628300, 0.2682459513747876800, 0.2682459513747876800, 0.8047378541243628300),
 ( 0.8047378541243628300, 0.2682459513747876800, 0.2682459513747876800, 0.8047378541243628300),
 ( 1.000000000000000000, 0.3333333333333334300, 0.3333333333333334300, 1.000000000000000000) ) ) 
 REPRESENTATION_ITEM ( '' )  SURFACE ( )  );
#584 = SURFACE_STYLE_FILL_AREA ( #1925 ) ;
#585 = ORIENTED_EDGE ( 'NONE', *, *, #1730, .F. ) ;
#586 = DIRECTION ( 'NONE',  ( 1.000000000000000000, 0.0000000000000000000, 0.0000000000000000000 ) ) ;
#587 = VERTEX_POINT ( 'NONE', #841 ) ;
#588 = VERTEX_POINT ( 'NONE', #2085 ) ;
#589 = DIRECTION ( 'NONE',  ( 0.0000000000000000000, 1.000000000000000000, 0.0000000000000000000 ) ) ;
#590 = FILL_AREA_STYLE_COLOUR ( '', #1487 ) ;
#591 = DIRECTION ( 'NONE',  ( 0.0000000000000000000, 0.0000000000000000000, -1.000000000000000000 ) ) ;
#592 = CIRCLE ( 'NONE', #1462, 2.399999999999999900 ) ;
#593 = EDGE_CURVE ( 'NONE', #1177, #1218, #1124, .T. ) ;
#594 = PRESENTATION_LAYER_ASSIGNMENT (  '', '', ( #2320 ) ) ;
#595 = UNCERTAINTY_MEASURE_WITH_UNIT (LENGTH_MEASURE( 1.000000000000000100E-005 ), #1743, 'distance_accuracy_value', 'NONE');
#596 = EDGE_CURVE ( 'NONE', #700, #1495, #41, .T. ) ;
#597 = DIRECTION ( 'NONE',  ( 1.000000000000000000, 0.0000000000000000000, 0.0000000000000000000 ) ) ;
#598 = DIRECTION ( 'NONE',  ( 1.000000000000000000, 0.0000000000000000000, -0.0000000000000000000 ) ) ;
#599 =( NAMED_UNIT ( * ) PLANE_ANGLE_UNIT ( ) SI_UNIT ( $, .RADIAN. ) );
#600 = SURFACE_SIDE_STYLE ('',( #932 ) ) ;
#601 = DIRECTION ( 'NONE',  ( 1.000000000000000000, 0.0000000000000000000, 0.0000000000000000000 ) ) ;
#602 = CARTESIAN_POINT ( 'NONE',  ( 3.568395522054118800E-017, 1.891421356237310100, -2.608578643762690300 ) ) ;
#603 =( LENGTH_UNIT ( ) NAMED_UNIT ( * ) SI_UNIT ( .MILLI., .METRE. ) );
#604 = EDGE_CURVE ( 'NONE', #43, #1098, #158, .T. ) ;
#605 = CARTESIAN_POINT ( 'NONE',  ( 0.5300000000000001400, 2.399999999999999900, 2.100000000000000100 ) ) ;
#606 = CARTESIAN_POINT ( 'NONE',  ( 7.500000000000000000, 0.0000000000000000000, 0.0000000000000000000 ) ) ;
#607 = AXIS2_PLACEMENT_3D ( 'NONE', #18, #1595, #145 ) ;
#608 = AXIS2_PLACEMENT_3D ( 'NONE', #1710, #2080, #2300 ) ;
#609 = ORIENTED_EDGE ( 'NONE', *, *, #867, .F. ) ;
#610 = CYLINDRICAL_SURFACE ( 'NONE', #429, 2.399999999999999900 ) ;
#611 =( GEOMETRIC_REPRESENTATION_CONTEXT ( 3 ) GLOBAL_UNCERTAINTY_ASSIGNED_CONTEXT ( ( #542 ) ) GLOBAL_UNIT_ASSIGNED_CONTEXT ( ( #110, #1371, #290 ) ) REPRESENTATION_CONTEXT ( 'NONE', 'WORKASPACE' ) );
#612 = FILL_AREA_STYLE ('',( #955 ) ) ;
#613 = MECHANICAL_DESIGN_GEOMETRIC_PRESENTATION_REPRESENTATION (  '', ( #376 ), #741 ) ;
#614 = ORIENTED_EDGE ( 'NONE', *, *, #2002, .T. ) ;
#615 = CARTESIAN_POINT ( 'NONE',  ( 0.4299999999999999900, 1.850000000000000100, -2.649999999999999500 ) ) ;
#616 = UNCERTAINTY_MEASURE_WITH_UNIT (LENGTH_MEASURE( 1.000000000000000100E-005 ), #783, 'distance_accuracy_value', 'NONE');
#617 = VERTEX_POINT ( 'NONE', #1043 ) ;
#618 = ORIENTED_EDGE ( 'NONE', *, *, #860, .F. ) ;
#619 = ORIENTED_EDGE ( 'NONE', *, *, #719, .F. ) ;
#620 =( NAMED_UNIT ( * ) SI_UNIT ( $, .STERADIAN. ) SOLID_ANGLE_UNIT ( ) );
#621 = PRESENTATION_STYLE_ASSIGNMENT (( #44 ) ) ;
#622 = VERTEX_POINT ( 'NONE', #1907 ) ;
#623 =( NAMED_UNIT ( * ) PLANE_ANGLE_UNIT ( ) SI_UNIT ( $, .RADIAN. ) );
#624 = CARTESIAN_POINT ( 'NONE',  ( 7.500000000000000000, 1.255641299818912100E-016, 1.025308930455000000 ) ) ;
#625 = MANIFOLD_SOLID_BREP ( 'Imported1', #1559 ) ;
#626 = PRESENTATION_LAYER_ASSIGNMENT (  '', '', ( #383 ) ) ;
#627 = CARTESIAN_POINT ( 'NONE',  ( 6.969999999999999800, 0.0000000000000000000, -1.025308930455000000 ) ) ;
#628 = EDGE_CURVE ( 'NONE', #1218, #1776, #1322, .T. ) ;
#629 = CARTESIAN_POINT ( 'NONE',  ( 6.750000000000000000, 1.255641299818912100E-016, 1.025308930455000000 ) ) ;
#630 = CARTESIAN_POINT ( 'NONE',  ( 7.500000000000000900, 0.8571496578884758600, -2.134395725571035700 ) ) ;
#631 = SURFACE_SIDE_STYLE ('',( #960 ) ) ;
#632 = SURFACE_STYLE_FILL_AREA ( #2008 ) ;
#633 = CARTESIAN_POINT ( 'NONE',  ( 7.499999999999999100, 0.9673143904244675400, -2.087494062363318500 ) ) ;
#634 = FACE_OUTER_BOUND ( 'NONE', #160, .T. ) ;
#635 = CARTESIAN_POINT ( 'NONE',  ( 7.458578643762689500, -2.395681580121219200, 1.413233628837018000 ) ) ;
#636 = FACE_OUTER_BOUND ( 'NONE', #2295, .T. ) ;
#637 = VECTOR ( 'NONE', #2059, 1000.000000000000000 ) ;
#638 = STYLED_ITEM ( 'NONE', ( #1070 ), #625 ) ;
#639 = FACE_OUTER_BOUND ( 'NONE', #1916, .T. ) ;
#640 = SURFACE_STYLE_FILL_AREA ( #500 ) ;
#641 = ORIENTED_EDGE ( 'NONE', *, *, #1028, .F. ) ;
#642 = CARTESIAN_POINT ( 'NONE',  ( 7.400000000000000400, 0.0000000000000000000, 0.0000000000000000000 ) ) ;
#643 = FACE_OUTER_BOUND ( 'NONE', #69, .T. ) ;
#644 = LINE ( 'NONE', #746, #42 ) ;
#645 = ORIENTED_EDGE ( 'NONE', *, *, #1142, .F. ) ;
#646 = VERTEX_POINT ( 'NONE', #223 ) ;
#647 = PRODUCT_DEFINITION ( 'UNKNOWN', '', #1970, #1904 ) ;
#648 = CARTESIAN_POINT ( 'NONE',  ( 0.4299999988675500300, 2.499999999999999600, 2.000000000000000900 ) ) ;
#649 = CARTESIAN_POINT ( 'NONE',  ( 7.499999999999997300, 1.508544037218534100, -1.743386748319053000 ) ) ;
#650 = CARTESIAN_POINT ( 'NONE',  ( 7.500000000000000900, 2.358567574934954600, -0.007225875649351370100 ) ) ;
#651 = ORIENTED_EDGE ( 'NONE', *, *, #382, .T. ) ;
#652 = CARTESIAN_POINT ( 'NONE',  ( 6.970004478851023100, -2.299041703931147900, 0.007383208055850750700 ) ) ;
#653 =( NAMED_UNIT ( * ) SI_UNIT ( $, .STERADIAN. ) SOLID_ANGLE_UNIT ( ) );
#654 = CARTESIAN_POINT ( 'NONE',  ( 7.500000000000000900, 1.326314331626068400, -1.891114531310866200 ) ) ;
#655 = CARTESIAN_POINT ( 'NONE',  ( 7.400000000000000400, 2.939152317953648600E-016, 2.400000000000000800 ) ) ;
#656 = DIRECTION ( 'NONE',  ( 1.000000000000000000, 0.0000000000000000000, -0.0000000000000000000 ) ) ;
#657 = PRESENTATION_LAYER_ASSIGNMENT (  '', '', ( #413 ) ) ;
#658 = DIRECTION ( 'NONE',  ( 1.000000000000000000, 0.0000000000000000000, 0.0000000000000000000 ) ) ;
#659 =( GEOMETRIC_REPRESENTATION_CONTEXT ( 3 ) GLOBAL_UNCERTAINTY_ASSIGNED_CONTEXT ( ( #209 ) ) GLOBAL_UNIT_ASSIGNED_CONTEXT ( ( #224, #1094, #1685 ) ) REPRESENTATION_CONTEXT ( 'NONE', 'WORKASPACE' ) );
#660 =( NAMED_UNIT ( * ) PLANE_ANGLE_UNIT ( ) SI_UNIT ( $, .RADIAN. ) );
#661 = CARTESIAN_POINT ( 'NONE',  ( 7.500000000000002700, -0.6134593439339336400, -2.219021655069211900 ) ) ;
#662 = CARTESIAN_POINT ( 'NONE',  ( 7.458578643762691300, 2.399988736781521100, -0.007352776471670696500 ) ) ;
#663 = FILL_AREA_STYLE_COLOUR ( '', #1074 ) ;
#664 = VECTOR ( 'NONE', #1053, 1000.000000000000000 ) ;
#665 = ORIENTED_EDGE ( 'NONE', *, *, #2157, .F. ) ;
#666 = AXIS2_PLACEMENT_3D ( 'NONE', #1080, #524, #885 ) ;
#667 = ORIENTED_EDGE ( 'NONE', *, *, #2244, .T. ) ;
#668 = EDGE_CURVE ( 'NONE', #1218, #587, #2024, .T. ) ;
#669 = PRESENTATION_STYLE_ASSIGNMENT (( #1291 ) ) ;
#670 =( GEOMETRIC_REPRESENTATION_CONTEXT ( 3 ) GLOBAL_UNCERTAINTY_ASSIGNED_CONTEXT ( ( #1438 ) ) GLOBAL_UNIT_ASSIGNED_CONTEXT ( ( #2211, #238, #1385 ) ) REPRESENTATION_CONTEXT ( 'NONE', 'WORKASPACE' ) );
#671 = CARTESIAN_POINT ( 'NONE',  ( -1.634433202478181000E-017, 1.891421356237310600, 2.608578643762690300 ) ) ;
#672 = FILL_AREA_STYLE ('',( #1756 ) ) ;
#673 = FILL_AREA_STYLE_COLOUR ( '', #1201 ) ;
#674 = VERTEX_POINT ( 'NONE', #934 ) ;
#675 = COLOUR_RGB ( '',0.8313725490196077800, 0.8313725490196077800, 0.8313725490196077800 ) ;
#676 = FILL_AREA_STYLE_COLOUR ( '', #1987 ) ;
#677 = CARTESIAN_POINT ( 'NONE',  ( 0.4299999999999999900, 1.850000000000000100, -2.649999999999999500 ) ) ;
#678 = SURFACE_SIDE_STYLE ('',( #1399 ) ) ;
#679 = DIRECTION ( 'NONE',  ( -0.0000000000000000000, 0.0000000000000000000, -1.000000000000000000 ) ) ;
#680 = CARTESIAN_POINT ( 'NONE',  ( 7.500000000000000900, 2.017881162100834100, -1.148431131592116300 ) ) ;
#681 = EDGE_CURVE ( 'NONE', #2000, #523, #2125, .T. ) ;
#682 = CARTESIAN_POINT ( 'NONE',  ( 7.500000000000000000, -2.143476453358584200, 0.8342146952379593200 ) ) ;
#683 = PRESENTATION_LAYER_ASSIGNMENT (  '', '', ( #77 ) ) ;
#684 = UNCERTAINTY_MEASURE_WITH_UNIT (LENGTH_MEASURE( 1.000000000000000100E-005 ), #1666, 'distance_accuracy_value', 'NONE');
#685 = CARTESIAN_POINT ( 'NONE',  ( 0.5300000000000001400, 2.399999999999999900, 2.100000000000001000 ) ) ;
#686 = MECHANICAL_DESIGN_GEOMETRIC_PRESENTATION_REPRESENTATION (  '', ( #438 ), #802 ) ;
#687 = SURFACE_STYLE_USAGE ( .BOTH. , #1771 ) ;
#688 = MECHANICAL_DESIGN_GEOMETRIC_PRESENTATION_REPRESENTATION (  '', ( #442 ), #805 ) ;
#689 =( GEOMETRIC_REPRESENTATION_CONTEXT ( 3 ) GLOBAL_UNCERTAINTY_ASSIGNED_CONTEXT ( ( #1258 ) ) GLOBAL_UNIT_ASSIGNED_CONTEXT ( ( #227, #1310, #34 ) ) REPRESENTATION_CONTEXT ( 'NONE', 'WORKASPACE' ) );
#690 =( NAMED_UNIT ( * ) SI_UNIT ( $, .STERADIAN. ) SOLID_ANGLE_UNIT ( ) );
#691 = CARTESIAN_POINT ( 'NONE',  ( 7.500000000000000000, 0.6094669270332359100, 2.220118124196377900 ) ) ;
#692 = DIRECTION ( 'NONE',  ( 0.0000000000000000000, 0.0000000000000000000, -1.000000000000000000 ) ) ;
#693 = DIRECTION ( 'NONE',  ( 0.0000000000000000000, 0.0000000000000000000, -1.000000000000000000 ) ) ;
#694 = DIRECTION ( 'NONE',  ( 1.000000000000000000, 0.0000000000000000000, 0.0000000000000000000 ) ) ;
#695 = PRODUCT_DEFINITION_CONTEXT ( 'detailed design', #1795, 'design' ) ;
#696 =( BOUNDED_CURVE ( )  B_SPLINE_CURVE ( 3, ( #648, #1147, #430, #1503 ),
 .UNSPECIFIED., .F., .T. ) 
 B_SPLINE_CURVE_WITH_KNOTS ( ( 4, 4 ),
 ( 3.141592642265294000, 4.712388980384689700 ),
 .UNSPECIFIED. ) 
 CURVE ( )  GEOMETRIC_REPRESENTATION_ITEM ( )  RATIONAL_B_SPLINE_CURVE ( ( 1.000000000000000000, 0.8047378514551548600, 0.8047378514551548600, 1.000000000000000000 ) ) 
 REPRESENTATION_ITEM ( '' )  );
#697 = EDGE_CURVE ( 'NONE', #1552, #1857, #1912, .T. ) ;
#698 = ORIENTED_EDGE ( 'NONE', *, *, #964, .F. ) ;
#699 = CIRCLE ( 'NONE', #219, 2.500000000000000000 ) ;
#700 = VERTEX_POINT ( 'NONE', #1296 ) ;
#701 = ORIENTED_EDGE ( 'NONE', *, *, #831, .T. ) ;
#702 = PLANE ( 'NONE',  #538 ) ;
#703 = CARTESIAN_POINT ( 'NONE',  ( 7.070000000000001200, 2.399987624168307100, -0.007707388595546094100 ) ) ;
#704 = PRESENTATION_LAYER_ASSIGNMENT (  '', '', ( #575 ) ) ;
#705 = PRESENTATION_STYLE_ASSIGNMENT (( #1522 ) ) ;
#706 = AXIS2_PLACEMENT_3D ( 'NONE', #1896, #2047, #791 ) ;
#707 = ORIENTED_EDGE ( 'NONE', *, *, #2107, .T. ) ;
#708 = ADVANCED_BREP_SHAPE_REPRESENTATION ( '', ( #1299, #851 ), #329 ) ;
#709 = FILL_AREA_STYLE_COLOUR ( '', #675 ) ;
#710 = CARTESIAN_POINT ( 'NONE',  ( 7.500000000000000900, -0.8349454823966767600, -2.143192660164804100 ) ) ;
#711 =( NAMED_UNIT ( * ) PLANE_ANGLE_UNIT ( ) SI_UNIT ( $, .RADIAN. ) );
#712 = CARTESIAN_POINT ( 'NONE',  ( 0.1000000011327500000, 2.499999999999999600, 2.000000000000000900 ) ) ;
#713 = ADVANCED_FACE ( 'NONE', ( #643 ), #222, .T. ) ;
#714 = APPLICATION_PROTOCOL_DEFINITION ( 'draft international standard', 'automotive_design', 1998, #1795 ) ;
#715 = SHAPE_REPRESENTATION ( '5', ( #851 ), #329 ) ;
#716 = EDGE_CURVE ( 'NONE', #1857, #1717, #1192, .T. ) ;
#717 = MECHANICAL_DESIGN_GEOMETRIC_PRESENTATION_REPRESENTATION (  '', ( #2320 ), #832 ) ;
#718 = SURFACE_STYLE_USAGE ( .BOTH. , #520 ) ;
#719 = EDGE_CURVE ( 'NONE', #1552, #128, #768, .T. ) ;
#720 = APPLICATION_PROTOCOL_DEFINITION ( 'draft international standard', 'automotive_design', 1998, #1255 ) ;
#721 = CARTESIAN_POINT ( 'NONE',  ( 0.0000000000000000000, 0.0000000000000000000, 0.0000000000000000000 ) ) ;
#722 = FACE_BOUND ( 'NONE', #953, .T. ) ;
#723 = ADVANCED_FACE ( 'NONE', ( #1238 ), #2318, .T. ) ;
#724 = COLOUR_RGB ( '',0.0000000000000000000, 0.5019607843137254800, 0.0000000000000000000 ) ;
#725 = CARTESIAN_POINT ( 'NONE',  ( 7.070000000000000300, 2.415402401490665400, 4.792267859674907100 ) ) ;
#726 = DIRECTION ( 'NONE',  ( 0.0000000000000000000, 0.7071067811865475700, -0.7071067811865475700 ) ) ;
#727 = ITEM_DEFINED_TRANSFORMATION ( 'NONE', 'NONE', #1900,  #851 ) ;
#728 = EDGE_LOOP ( 'NONE', ( #933, #131, #2090, #929 ) ) ;
#729 = CARTESIAN_POINT ( 'NONE',  ( 7.458578643762691300, -2.399988736781521100, 0.007352776471670402500 ) ) ;
#730 =( BOUNDED_CURVE ( )  B_SPLINE_CURVE ( 3, ( #1679, #1150, #969, #420 ),
 .UNSPECIFIED., .F., .F. ) 
 B_SPLINE_CURVE_WITH_KNOTS ( ( 4, 4 ),
 ( 0.0000000000000000000, 1.570796326794896600 ),
 .UNSPECIFIED. ) 
 CURVE ( )  GEOMETRIC_REPRESENTATION_ITEM ( )  RATIONAL_B_SPLINE_CURVE ( ( 1.000000000000000000, 0.8047378541243649400, 0.8047378541243649400, 1.000000000000000000 ) ) 
 REPRESENTATION_ITEM ( '' )  );
#731 = CARTESIAN_POINT ( 'NONE',  ( 4.299999999999999800, 0.0000000000000000000, 0.0000000000000000000 ) ) ;
#732 = VERTEX_POINT ( 'NONE', #1957 ) ;
#733 = FACE_OUTER_BOUND ( 'NONE', #1491, .T. ) ;
#734 = ORIENTED_EDGE ( 'NONE', *, *, #1923, .T. ) ;
#735 =( LENGTH_UNIT ( ) NAMED_UNIT ( * ) SI_UNIT ( .MILLI., .METRE. ) );
#736 = ADVANCED_FACE ( 'NONE', ( #1206, #830 ), #2139, .F. ) ;
#737 = MECHANICAL_DESIGN_GEOMETRIC_PRESENTATION_REPRESENTATION (  '', ( #478 ), #848 ) ;
#738 = STYLED_ITEM ( 'NONE', ( #2119 ), #368 ) ;
#739 = AXIS2_PLACEMENT_3D ( 'NONE', #823, #2077, #1005 ) ;
#740 = SURFACE_SIDE_STYLE ('',( #2322 ) ) ;
#741 =( GEOMETRIC_REPRESENTATION_CONTEXT ( 3 ) GLOBAL_UNCERTAINTY_ASSIGNED_CONTEXT ( ( #1738 ) ) GLOBAL_UNIT_ASSIGNED_CONTEXT ( ( #603, #1691, #425 ) ) REPRESENTATION_CONTEXT ( 'NONE', 'WORKASPACE' ) );
#742 = DIRECTION ( 'NONE',  ( 1.000000000000000000, 0.0000000000000000000, 0.0000000000000000000 ) ) ;
#743 = DIRECTION ( 'NONE',  ( 1.000000000000000000, 0.0000000000000000000, 0.0000000000000000000 ) ) ;
#744 = CARTESIAN_POINT ( 'NONE',  ( 0.1000000000000000200, 1.850000000000000500, 2.649999999999999500 ) ) ;
#745 =( LENGTH_UNIT ( ) NAMED_UNIT ( * ) SI_UNIT ( .MILLI., .METRE. ) );
#746 = CARTESIAN_POINT ( 'NONE',  ( 0.4299999977351000000, 2.500000000000000000, -2.500000000000000000 ) ) ;
#747 = MECHANICAL_DESIGN_GEOMETRIC_PRESENTATION_REPRESENTATION (  '', ( #383 ), #865 ) ;
#748 = EDGE_CURVE ( 'NONE', #1576, #1153, #216, .T. ) ;
#749 = CARTESIAN_POINT ( 'NONE',  ( 0.4299999988671500100, -2.499999999999999600, -2.000000000000000900 ) ) ;
#750 = CARTESIAN_POINT ( 'NONE',  ( 7.010980809227093300, 2.395472740459466900, -1.413587589321025000 ) ) ;
#751 = COLOUR_RGB ( '',0.0000000000000000000, 0.5019607843137254800, 0.0000000000000000000 ) ;
#752 = FACE_OUTER_BOUND ( 'NONE', #2098, .T. ) ;
#753 = PRESENTATION_STYLE_ASSIGNMENT (( #38 ) ) ;
#754 = CARTESIAN_POINT ( 'NONE',  ( 0.1000000000000000100, -2.399999999999999900, -9.018000000000002500 ) ) ;
#755 = ORIENTED_EDGE ( 'NONE', *, *, #1963, .T. ) ;
#756 =( LENGTH_UNIT ( ) NAMED_UNIT ( * ) SI_UNIT ( .MILLI., .METRE. ) );
#757 = LINE ( 'NONE', #480, #899 ) ;
#758 = ORIENTED_EDGE ( 'NONE', *, *, #2075, .T. ) ;
#759 = VERTEX_POINT ( 'NONE', #2304 ) ;
#760 = CARTESIAN_POINT ( 'NONE',  ( 0.4300000000000000500, -1.849999999999999600, 2.649999999999999900 ) ) ;
#761 = ORIENTED_EDGE ( 'NONE', *, *, #1568, .T. ) ;
#762 =( BOUNDED_CURVE ( )  B_SPLINE_CURVE ( 3, ( #2115, #141, #857, #1933 ),
 .UNSPECIFIED., .F., .F. ) 
 B_SPLINE_CURVE_WITH_KNOTS ( ( 4, 4 ),
 ( 4.712388980384698600, 6.283185318504085800 ),
 .UNSPECIFIED. ) 
 CURVE ( )  GEOMETRIC_REPRESENTATION_ITEM ( )  RATIONAL_B_SPLINE_CURVE ( ( 1.000000000000000000, 0.8047378514551569700, 0.8047378514551569700, 1.000000000000000000 ) ) 
 REPRESENTATION_ITEM ( '' )  );
#763 = ORIENTED_EDGE ( 'NONE', *, *, #628, .T. ) ;
#764 = DIRECTION ( 'NONE',  ( 0.0000000000000000000, -0.003211411942202031200, -0.9999948434033735200 ) ) ;
#765 = PRODUCT_DEFINITION ( 'UNKNOWN', '', #2204, #581 ) ;
#766 = DIRECTION ( 'NONE',  ( 0.0000000000000000000, 0.0000000000000000000, 1.000000000000000000 ) ) ;
#767 =( NAMED_UNIT ( * ) SI_UNIT ( $, .STERADIAN. ) SOLID_ANGLE_UNIT ( ) );
#768 =( BOUNDED_CURVE ( )  B_SPLINE_CURVE ( 3, ( #1974, #2005, #890, #243 ),
 .UNSPECIFIED., .F., .T. ) 
 B_SPLINE_CURVE_WITH_KNOTS ( ( 4, 4 ),
 ( 6.283185295852586400, 7.853981633974478300 ),
 .UNSPECIFIED. ) 
 CURVE ( )  GEOMETRIC_REPRESENTATION_ITEM ( )  RATIONAL_B_SPLINE_CURVE ( ( 1.000000000000000000, 0.8047378514545666700, 0.8047378514545666700, 1.000000000000000000 ) ) 
 REPRESENTATION_ITEM ( '' )  );
#769 = DIRECTION ( 'NONE',  ( 0.0000000000000000000, -1.000000000000000000, -0.0000000000000000000 ) ) ;
#770 = SURFACE_SIDE_STYLE ('',( #2018 ) ) ;
#771 = CARTESIAN_POINT ( 'NONE',  ( 7.070000000000001200, 0.0000000000000000000, 0.0000000000000000000 ) ) ;
#772 = UNCERTAINTY_MEASURE_WITH_UNIT (LENGTH_MEASURE( 1.000000000000000100E-005 ), #1607, 'distance_accuracy_value', 'NONE');
#773 = CARTESIAN_POINT ( 'NONE',  ( 0.4300000000000000500, -1.849999999999999600, 2.649999999999999900 ) ) ;
#774 = LINE ( 'NONE', #1355, #2147 ) ;
#775 = MECHANICAL_DESIGN_GEOMETRIC_PRESENTATION_REPRESENTATION (  '', ( #413 ), #906 ) ;
#776 =( LENGTH_UNIT ( ) NAMED_UNIT ( * ) SI_UNIT ( .MILLI., .METRE. ) );
#777 = STYLED_ITEM ( 'NONE', ( #1212 ), #1095 ) ;
#778 = LINE ( 'NONE', #624, #2206 ) ;
#779 = SURFACE_STYLE_USAGE ( .BOTH. , #2035 ) ;
#780 = SHAPE_DEFINITION_REPRESENTATION ( #208, #123 ) ;
#781 = ORIENTED_EDGE ( 'NONE', *, *, #1954, .T. ) ;
#782 = ORIENTED_EDGE ( 'NONE', *, *, #1392, .T. ) ;
#783 =( LENGTH_UNIT ( ) NAMED_UNIT ( * ) SI_UNIT ( .MILLI., .METRE. ) );
#784 = CIRCLE ( 'NONE', #1983, 2.500000000000000000 ) ;
#785 = ORIENTED_EDGE ( 'NONE', *, *, #2316, .T. ) ;
#786 = CARTESIAN_POINT ( 'NONE',  ( 0.0000000000000000000, 1.950000000000000400, -2.549999999999999800 ) ) ;
#787 = ORIENTED_EDGE ( 'NONE', *, *, #2316, .F. ) ;
#788 = SURFACE_SIDE_STYLE ('',( #1318 ) ) ;
#789 = SURFACE_STYLE_FILL_AREA ( #1129 ) ;
#790 = UNCERTAINTY_MEASURE_WITH_UNIT (LENGTH_MEASURE( 1.000000000000000100E-005 ), #2267, 'distance_accuracy_value', 'NONE');
#791 = DIRECTION ( 'NONE',  ( 1.000000000000000000, 0.0000000000000000000, -0.0000000000000000000 ) ) ;
#792 = MECHANICAL_DESIGN_GEOMETRIC_PRESENTATION_REPRESENTATION (  '', ( #547 ), #916 ) ;
#793 = DIRECTION ( 'NONE',  ( 0.0000000000000000000, 0.0000000000000000000, -1.000000000000000000 ) ) ;
#794 = EDGE_CURVE ( 'NONE', #1552, #47, #37, .T. ) ;
#795 = PRESENTATION_LAYER_ASSIGNMENT (  '', '', ( #918 ) ) ;
#796 = DIRECTION ( 'NONE',  ( 1.000000000000000000, 0.0000000000000000000, 0.0000000000000000000 ) ) ;
#797 = B_SPLINE_CURVE_WITH_KNOTS ( 'NONE', 3,
 ( #1308, #406, #884, #30, #1121, #2009, #1830, #198, #2160, #912, #1798, #1619, #162, #94, #990, #1252, #691, #1368, #2310, #879, #484, #1951, #822, #286, #1235, #2294, #1049, #2111, #863, #1945, #682, #1766, #492, #1588, #323, #1397, #135, #1228 ),
 .UNSPECIFIED., .F., .F.,
 ( 4, 2, 2, 1, 1, 1, 2, 2, 2, 1, 1, 1, 2, 2, 2, 1, 1, 1, 2, 2, 2, 1, 1, 1, 4 ),
 ( 0.0000000000000000000, 0.06246864809589597300, 0.06637293860188943400, 0.07027722910788292100, 0.07808581011986988300, 0.09370297214384376600, 0.1249372961917915600, 0.1874059442876870900, 0.1913102347936805900, 0.1952145252996740600, 0.2030231063116609800, 0.2186402683356348500, 0.2498745923835825600, 0.3123432404794780900, 0.3162475309854715400, 0.3201518214914649300, 0.3279604025034519300, 0.3435775645274257200, 0.3748118885753731800, 0.4372805366712684300, 0.4411848271772618700, 0.4450891176832553200, 0.4528976986952422700, 0.4685148607192160500, 0.4997491847671636800 ),
 .UNSPECIFIED. ) ;
#798 = CARTESIAN_POINT ( 'NONE',  ( 3.000000000000000000, 2.939152317953647100E-016, 2.399999999999999900 ) ) ;
#799 = DIRECTION ( 'NONE',  ( 1.000000000000000000, 0.0000000000000000000, 0.0000000000000000000 ) ) ;
#800 = EDGE_CURVE ( 'NONE', #1300, #2266, #1430, .T. ) ;
#801 = MECHANICAL_DESIGN_GEOMETRIC_PRESENTATION_REPRESENTATION (  '', ( #77 ), #931 ) ;
#802 =( GEOMETRIC_REPRESENTATION_CONTEXT ( 3 ) GLOBAL_UNCERTAINTY_ASSIGNED_CONTEXT ( ( #1029 ) ) GLOBAL_UNIT_ASSIGNED_CONTEXT ( ( #1316, #236, #1500 ) ) REPRESENTATION_CONTEXT ( 'NONE', 'WORKASPACE' ) );
#803 = PRESENTATION_STYLE_ASSIGNMENT (( #2198 ) ) ;
#804 = COLOUR_RGB ( '',0.8313725490196077800, 0.8313725490196077800, 0.8313725490196077800 ) ;
#805 =( GEOMETRIC_REPRESENTATION_CONTEXT ( 3 ) GLOBAL_UNCERTAINTY_ASSIGNED_CONTEXT ( ( #2196 ) ) GLOBAL_UNIT_ASSIGNED_CONTEXT ( ( #858, #2109, #1046 ) ) REPRESENTATION_CONTEXT ( 'NONE', 'WORKASPACE' ) );
#806 = EDGE_LOOP ( 'NONE', ( #1665, #1211, #2330, #1131 ) ) ;
#807 = VECTOR ( 'NONE', #914, 1000.000000000000000 ) ;
#808 = ORIENTED_EDGE ( 'NONE', *, *, #2319, .T. ) ;
#809 = ORIENTED_EDGE ( 'NONE', *, *, #716, .T. ) ;
#810 = CIRCLE ( 'NONE', #1160, 2.399999999999999900 ) ;
#811 =( LENGTH_UNIT ( ) NAMED_UNIT ( * ) SI_UNIT ( .MILLI., .METRE. ) );
#812 = EDGE_LOOP ( 'NONE', ( #1549, #2130 ) ) ;
#813 = FACE_OUTER_BOUND ( 'NONE', #2069, .T. ) ;
#814 =( NAMED_UNIT ( * ) SI_UNIT ( $, .STERADIAN. ) SOLID_ANGLE_UNIT ( ) );
#815 = CARTESIAN_POINT ( 'NONE',  ( 7.500000000000000900, -0.7851721513077030100, -2.161951545264186000 ) ) ;
#816 = CARTESIAN_POINT ( 'NONE',  ( 7.458578643762689500, -1.398528076086640500, 2.404295893480116000 ) ) ;
#817 = MECHANICAL_DESIGN_GEOMETRIC_PRESENTATION_REPRESENTATION (  '', ( #575 ), #946 ) ;
#818 = DIRECTION ( 'NONE',  ( 0.0000000000000000000, -0.9999953069923001000, 0.003063656863196000000 ) ) ;
#819 = CARTESIAN_POINT ( 'NONE',  ( 7.400000000000000400, 2.299989206082290800, -0.007046410785351084000 ) ) ;
#820 =( LENGTH_UNIT ( ) NAMED_UNIT ( * ) SI_UNIT ( .MILLI., .METRE. ) );
#821 = CARTESIAN_POINT ( 'NONE',  ( 7.500000000000000900, -2.295861514282834000, 1.354348894302141600 ) ) ;
#822 = CARTESIAN_POINT ( 'NONE',  ( 7.499999999999999100, -0.8791321631866299000, 2.125462744557690800 ) ) ;
#823 = CARTESIAN_POINT ( 'NONE',  ( 4.299999999999999800, 0.0000000000000000000, 0.0000000000000000000 ) ) ;
#824 = UNCERTAINTY_MEASURE_WITH_UNIT (LENGTH_MEASURE( 1.000000000000000100E-005 ), #1865, 'distance_accuracy_value', 'NONE');
#825 = VECTOR ( 'NONE', #2034, 1000.000000000000000 ) ;
#826 = CARTESIAN_POINT ( 'NONE',  ( 7.499999999999999100, 2.299540893277694000, -0.1533783012935140100 ) ) ;
#827 = CIRCLE ( 'NONE', #2220, 1.025308930455000000 ) ;
#828 = DIRECTION ( 'NONE',  ( 0.0000000000000000000, 0.7071067811865479100, -0.7071067811865472400 ) ) ;
#829 = CARTESIAN_POINT ( 'NONE',  ( 6.970004478851023100, -2.303366687076490400, -1.339364241660291100 ) ) ;
#830 = FACE_OUTER_BOUND ( 'NONE', #1695, .T. ) ;
#831 = EDGE_CURVE ( 'NONE', #1098, #2291, #1488, .T. ) ;
#832 =( GEOMETRIC_REPRESENTATION_CONTEXT ( 3 ) GLOBAL_UNCERTAINTY_ASSIGNED_CONTEXT ( ( #350 ) ) GLOBAL_UNIT_ASSIGNED_CONTEXT ( ( #2323, #1792, #347 ) ) REPRESENTATION_CONTEXT ( 'NONE', 'WORKASPACE' ) );
#833 = SHAPE_DEFINITION_REPRESENTATION ( #397, #2260 ) ;
#834 = ORIENTED_EDGE ( 'NONE', *, *, #184, .T. ) ;
#835 = FILL_AREA_STYLE ('',( #1919 ) ) ;
#836 = FILL_AREA_STYLE ('',( #2086 ) ) ;
#837 = EDGE_LOOP ( 'NONE', ( #440, #195, #1301, #220 ) ) ;
#838 = SURFACE_SIDE_STYLE ('',( #2237 ) ) ;
#839 = ORIENTED_EDGE ( 'NONE', *, *, #288, .T. ) ;
#840 = SURFACE_STYLE_FILL_AREA ( #836 ) ;
#841 = CARTESIAN_POINT ( 'NONE',  ( 0.5300000000000001400, 1.950000000000000400, -2.549999999999999800 ) ) ;
#842 = SURFACE_SIDE_STYLE ('',( #584 ) ) ;
#843 = DIRECTION ( 'NONE',  ( 0.0000000000000000000, 0.0000000000000000000, -1.000000000000000000 ) ) ;
#844 = CARTESIAN_POINT ( 'NONE',  ( 0.1000000022655000000, 2.499999999999999600, 9.018000000000002500 ) ) ;
#845 =( NAMED_UNIT ( * ) PLANE_ANGLE_UNIT ( ) SI_UNIT ( $, .RADIAN. ) );
#846 = CARTESIAN_POINT ( 'NONE',  ( 7.070000000000001200, 2.399987624168096200, -0.007707388661284582600 ) ) ;
#847 = CARTESIAN_POINT ( 'NONE',  ( 0.1000000000000000200, 1.850000000000000500, 2.649999999999999500 ) ) ;
#848 =( GEOMETRIC_REPRESENTATION_CONTEXT ( 3 ) GLOBAL_UNCERTAINTY_ASSIGNED_CONTEXT ( ( #2104 ) ) GLOBAL_UNIT_ASSIGNED_CONTEXT ( ( #2315, #2261, #103 ) ) REPRESENTATION_CONTEXT ( 'NONE', 'WORKASPACE' ) );
#849 = SURFACE_STYLE_USAGE ( .BOTH. , #1929 ) ;
#850 = AXIS2_PLACEMENT_3D ( 'NONE', #1237, #2123, #1494 ) ;
#851 = AXIS2_PLACEMENT_3D ( 'NONE', #466, #1737, #658 ) ;
#852 = PRESENTATION_LAYER_ASSIGNMENT (  '', '', ( #977 ) ) ;
#853 = CARTESIAN_POINT ( 'NONE',  ( 0.0000000000000000000, 2.939152317953647100E-016, 2.399999999999999900 ) ) ;
#854 = PLANE ( 'NONE',  #909 ) ;
#855 = PRODUCT ( '2038-15-SM-RPLF', '2038-15-SM-RPLF', '', ( #527 ) ) ;
#856 = B_SPLINE_CURVE_WITH_KNOTS ( 'NONE', 3,
 ( #550, #197, #2121, #2321, #1078, #2137, #2110, #283, #1191, #2145, #2120, #91, #710, #1765, #815, #1734, #661, #1564, #504, #482, #533, #630, #518, #511, #633, #1066, #654, #649, #490, #680, #1943, #1920, #1416, #898, #1259, #992, #826, #1019 ),
 .UNSPECIFIED., .F., .F.,
 ( 4, 2, 2, 1, 1, 1, 2, 2, 2, 1, 1, 1, 2, 2, 2, 1, 1, 1, 2, 2, 2, 1, 1, 1, 4 ),
 ( 0.4997491847671636800, 0.5622805366712677600, 0.5661887461652743700, 0.5700969556592807600, 0.5779133746472938600, 0.5935462126233199700, 0.6248118885753721800, 0.6873432404794764800, 0.6912514499734829800, 0.6951596594674895900, 0.7029760784555027000, 0.7186089164315288000, 0.7498745923835812300, 0.8124059442876858700, 0.8163141537816924800, 0.8202223632756990800, 0.8280387822637120800, 0.8436716202397383000, 0.8749372961917906100, 0.9374686480958953600, 0.9413768575899019700, 0.9452850670839085800, 0.9531014860719215800, 0.9687343240479477900, 1.000000000000000000 ),
 .UNSPECIFIED. ) ;
#857 = CARTESIAN_POINT ( 'NONE',  ( 0.4885786431562247300, 2.500000000663373400, -1.999999999336628400 ) ) ;
#858 =( LENGTH_UNIT ( ) NAMED_UNIT ( * ) SI_UNIT ( .MILLI., .METRE. ) );
#859 = VECTOR ( 'NONE', #80, 1000.000000000000000 ) ;
#860 = EDGE_CURVE ( 'NONE', #1527, #1155, #1714, .T. ) ;
#861 = FACE_BOUND ( 'NONE', #1181, .T. ) ;
#862 = LINE ( 'NONE', #426, #1827 ) ;
#863 = CARTESIAN_POINT ( 'NONE',  ( 7.500000000000000900, -1.847529943269131200, 1.406307517982618500 ) ) ;
#864 = CARTESIAN_POINT ( 'NONE',  ( 0.5300000000000000300, 2.399999999999999900, -9.018000000000002500 ) ) ;
#865 =( GEOMETRIC_REPRESENTATION_CONTEXT ( 3 ) GLOBAL_UNCERTAINTY_ASSIGNED_CONTEXT ( ( #2014 ) ) GLOBAL_UNIT_ASSIGNED_CONTEXT ( ( #1558, #1090, #1075 ) ) REPRESENTATION_CONTEXT ( 'NONE', 'WORKASPACE' ) );
#866 = VERTEX_POINT ( 'NONE', #1878 ) ;
#867 = EDGE_CURVE ( 'NONE', #674, #2068, #95, .T. ) ;
#868 = VERTEX_POINT ( 'NONE', #2073 ) ;
#869 =( NAMED_UNIT ( * ) PLANE_ANGLE_UNIT ( ) SI_UNIT ( $, .RADIAN. ) );
#870 = PRESENTATION_STYLE_ASSIGNMENT (( #1015 ) ) ;
#871 = CARTESIAN_POINT ( 'NONE',  ( 0.0000000000000000000, 0.0000000000000000000, 0.0000000000000000000 ) ) ;
#872 = ORIENTED_EDGE ( 'NONE', *, *, #1392, .F. ) ;
#873 = DIRECTION ( 'NONE',  ( 0.0000000000000000000, 0.9999953069923002100, -0.003063656863196118000 ) ) ;
#874 = VECTOR ( 'NONE', #1231, 1000.000000000000000 ) ;
#875 = UNCERTAINTY_MEASURE_WITH_UNIT (LENGTH_MEASURE( 1.000000000000000100E-005 ), #950, 'distance_accuracy_value', 'NONE');
#876 = CLOSED_SHELL ( 'NONE', ( #1622, #1972, #380, #2333 ) ) ;
#877 = PRESENTATION_STYLE_ASSIGNMENT (( #1868 ) ) ;
#878 = EDGE_LOOP ( 'NONE', ( #1103, #1324 ) ) ;
#879 = CARTESIAN_POINT ( 'NONE',  ( 7.500000000000000900, -0.2889759541880073100, 2.300503885647826600 ) ) ;
#880 = FILL_AREA_STYLE ('',( #1657 ) ) ;
#881 = CARTESIAN_POINT ( 'NONE',  ( 0.5300000000000001400, 0.0000000000000000000, 0.0000000000000000000 ) ) ;
#882 = DIRECTION ( 'NONE',  ( 0.0000000000000000000, 0.0000000000000000000, 1.000000000000000000 ) ) ;
#883 = CARTESIAN_POINT ( 'NONE',  ( 0.4300000000000000500, -1.850000000000000500, -2.649999999999999900 ) ) ;
#884 = CARTESIAN_POINT ( 'NONE',  ( 7.499999999999999100, 2.246272336746947900, 0.5739648603873042100 ) ) ;
#885 = DIRECTION ( 'NONE',  ( -1.000000000000000000, 0.0000000000000000000, 0.0000000000000000000 ) ) ;
#886 = DIRECTION ( 'NONE',  ( 1.000000000000000000, 0.0000000000000000000, 0.0000000000000000000 ) ) ;
#887 = SURFACE_SIDE_STYLE ('',( #526 ) ) ;
#888 = PRODUCT_DEFINITION ( 'UNKNOWN', '', #111, #1609 ) ;
#889 = ADVANCED_FACE ( 'NONE', ( #1546 ), #610, .T. ) ;
#890 = CARTESIAN_POINT ( 'NONE',  ( 2.366232917121662800E-016, -2.458578644288790900, -2.041421355711210900 ) ) ;
#891 = CARTESIAN_POINT ( 'NONE',  ( 0.4300000000000000500, -1.850000000000000500, -2.649999999999999900 ) ) ;
#892 = CYLINDRICAL_SURFACE ( 'NONE', #291, 0.09999999999999999200 ) ;
#893 = PRODUCT_CONTEXT ( 'NONE', #2136, 'mechanical' ) ;
#894 = PRESENTATION_STYLE_ASSIGNMENT (( #1050 ) ) ;
#895 = DIRECTION ( 'NONE',  ( 1.000000000000000000, 0.0000000000000000000, 0.0000000000000000000 ) ) ;
#896 = SURFACE_STYLE_FILL_AREA ( #1668 ) ;
#897 = VERTEX_POINT ( 'NONE', #51 ) ;
#898 = CARTESIAN_POINT ( 'NONE',  ( 7.500000000000002700, 2.180417152728455900, -0.7338763310609260900 ) ) ;
#899 = VECTOR ( 'NONE', #468, 1000.000000000000000 ) ;
#900 = ORIENTED_EDGE ( 'NONE', *, *, #496, .F. ) ;
#901 = COLOUR_RGB ( '',0.8313725490196077800, 0.8313725490196077800, 0.8313725490196077800 ) ;
#902 = CARTESIAN_POINT ( 'NONE',  ( 6.969999999999998900, -2.358566481524011900, 0.007574367623202175000 ) ) ;
#903 = CARTESIAN_POINT ( 'NONE',  ( 0.5300000000000001400, -2.399999999999999900, -2.100000000000001000 ) ) ;
#904 = DIRECTION ( 'NONE',  ( 0.0000000000000000000, 0.0000000000000000000, -1.000000000000000000 ) ) ;
#905 = ADVANCED_FACE ( 'NONE', ( #1173 ), #194, .T. ) ;
#906 =( GEOMETRIC_REPRESENTATION_CONTEXT ( 3 ) GLOBAL_UNCERTAINTY_ASSIGNED_CONTEXT ( ( #1941 ) ) GLOBAL_UNIT_ASSIGNED_CONTEXT ( ( #1067, #1422, #1839 ) ) REPRESENTATION_CONTEXT ( 'NONE', 'WORKASPACE' ) );
#907 = STYLED_ITEM ( 'NONE', ( #1680 ), #202 ) ;
#908 = EDGE_LOOP ( 'NONE', ( #2210, #957, #230 ) ) ;
#909 = AXIS2_PLACEMENT_3D ( 'NONE', #1753, #477, #1572 ) ;
#910 = APPLICATION_CONTEXT ( 'automotive_design' ) ;
#911 = FILL_AREA_STYLE ('',( #1112 ) ) ;
#912 = CARTESIAN_POINT ( 'NONE',  ( 7.499999999999999100, 1.739803316170830800, 1.512658722015234500 ) ) ;
#913 = CARTESIAN_POINT ( 'NONE',  ( 7.500000000000002700, 2.344115823636251600, -4.724361025519259600 ) ) ;
#914 = DIRECTION ( 'NONE',  ( 1.000000000000000000, 0.0000000000000000000, 0.0000000000000000000 ) ) ;
#915 = ADVANCED_FACE ( 'NONE', ( #10 ), #1037, .F. ) ;
#916 =( GEOMETRIC_REPRESENTATION_CONTEXT ( 3 ) GLOBAL_UNCERTAINTY_ASSIGNED_CONTEXT ( ( #2249 ) ) GLOBAL_UNIT_ASSIGNED_CONTEXT ( ( #152, #2308, #1061 ) ) REPRESENTATION_CONTEXT ( 'NONE', 'WORKASPACE' ) );
#917 = EDGE_CURVE ( 'NONE', #646, #1892, #1543, .T. ) ;
#918 = STYLED_ITEM ( 'NONE', ( #669 ), #915 ) ;
#919 = FILL_AREA_STYLE_COLOUR ( '', #476 ) ;
#920 = CARTESIAN_POINT ( 'NONE',  ( 0.5300000000000000300, -1.891421356237310100, -2.608578643762690300 ) ) ;
#921 = VECTOR ( 'NONE', #567, 1000.000000000000000 ) ;
#922 = CYLINDRICAL_SURFACE ( 'NONE', #1108, 1.025308930455000000 ) ;
#923 = CARTESIAN_POINT ( 'NONE',  ( 7.070000000000000300, -2.404502507915445200, -1.398172812064070400 ) ) ;
#924 = PLANE ( 'NONE',  #1585 ) ;
#925 = ADVANCED_FACE ( 'NONE', ( #634 ), #2134, .T. ) ;
#926 = SURFACE_SIDE_STYLE ('',( #2208 ) ) ;
#927 = PRESENTATION_STYLE_ASSIGNMENT (( #1936 ) ) ;
#928 = CLOSED_SHELL ( 'NONE', ( #1788, #1262, #202, #1614, #530, #2153, #1997 ) ) ;
#929 = ORIENTED_EDGE ( 'NONE', *, *, #1480, .F. ) ;
#930 = ORIENTED_EDGE ( 'NONE', *, *, #1597, .F. ) ;
#931 =( GEOMETRIC_REPRESENTATION_CONTEXT ( 3 ) GLOBAL_UNCERTAINTY_ASSIGNED_CONTEXT ( ( #279 ) ) GLOBAL_UNIT_ASSIGNED_CONTEXT ( ( #776, #1139, #814 ) ) REPRESENTATION_CONTEXT ( 'NONE', 'WORKASPACE' ) );
#932 = SURFACE_STYLE_FILL_AREA ( #1682 ) ;
#933 = ORIENTED_EDGE ( 'NONE', *, *, #351, .T. ) ;
#934 = CARTESIAN_POINT ( 'NONE',  ( 4.299999999999999800, 2.939152317953647100E-016, 2.399999999999999900 ) ) ;
#935 = DIRECTION ( 'NONE',  ( -1.000000000000000000, 0.0000000000000000000, 0.0000000000000000000 ) ) ;
#936 =( GEOMETRIC_REPRESENTATION_CONTEXT ( 3 ) GLOBAL_UNCERTAINTY_ASSIGNED_CONTEXT ( ( #1125 ) ) GLOBAL_UNIT_ASSIGNED_CONTEXT ( ( #1232, #142, #1403 ) ) REPRESENTATION_CONTEXT ( 'NONE', 'WORKASPACE' ) );
#937 = CARTESIAN_POINT ( 'NONE',  ( 6.969999999999999800, -2.285215644894033700, 4.607362526996580800 ) ) ;
#938 =( BOUNDED_CURVE ( )  B_SPLINE_CURVE ( 3, ( #292, #1023, #148, #381 ),
 .UNSPECIFIED., .F., .F. ) 
 B_SPLINE_CURVE_WITH_KNOTS ( ( 4, 4 ),
 ( 4.712388980384698600, 6.283185318508086100 ),
 .UNSPECIFIED. ) 
 CURVE ( )  GEOMETRIC_REPRESENTATION_ITEM ( )  RATIONAL_B_SPLINE_CURVE ( ( 1.000000000000000000, 0.8047378514542140600, 0.8047378514542140600, 1.000000000000000000 ) ) 
 REPRESENTATION_ITEM ( '' )  );
#939 = PRESENTATION_STYLE_ASSIGNMENT (( #2060 ) ) ;
#940 = FACE_OUTER_BOUND ( 'NONE', #133, .T. ) ;
#941 = DIRECTION ( 'NONE',  ( 1.000000000000000000, 0.0000000000000000000, 0.0000000000000000000 ) ) ;
#942 = PLANE ( 'NONE',  #1016 ) ;
#943 = CARTESIAN_POINT ( 'NONE',  ( 6.969999999999999800, 1.255641299818912100E-016, 1.025308930455000000 ) ) ;
#944 = FILL_AREA_STYLE_COLOUR ( '', #1583 ) ;
#945 = UNCERTAINTY_MEASURE_WITH_UNIT (LENGTH_MEASURE( 1.000000000000000100E-005 ), #2097, 'distance_accuracy_value', 'NONE');
#946 =( GEOMETRIC_REPRESENTATION_CONTEXT ( 3 ) GLOBAL_UNCERTAINTY_ASSIGNED_CONTEXT ( ( #1353 ) ) GLOBAL_UNIT_ASSIGNED_CONTEXT ( ( #121, #130, #346 ) ) REPRESENTATION_CONTEXT ( 'NONE', 'WORKASPACE' ) );
#947 = FILL_AREA_STYLE_COLOUR ( '', #1423 ) ;
#948 = FILL_AREA_STYLE ('',( #1562 ) ) ;
#949 =( NAMED_UNIT ( * ) SI_UNIT ( $, .STERADIAN. ) SOLID_ANGLE_UNIT ( ) );
#950 =( LENGTH_UNIT ( ) NAMED_UNIT ( * ) SI_UNIT ( .MILLI., .METRE. ) );
#951 = UNCERTAINTY_MEASURE_WITH_UNIT (LENGTH_MEASURE( 1.000000000000000100E-005 ), #1949, 'distance_accuracy_value', 'NONE');
#952 = CARTESIAN_POINT ( 'NONE',  ( 0.4299999999999999900, -1.250000000000000000, -2.549999999999999800 ) ) ;
#953 = EDGE_LOOP ( 'NONE', ( #1105, #1123 ) ) ;
#954 = VECTOR ( 'NONE', #2170, 1000.000000000000000 ) ;
#955 = FILL_AREA_STYLE_COLOUR ( '', #519 ) ;
#956 = LINE ( 'NONE', #546, #1126 ) ;
#957 = ORIENTED_EDGE ( 'NONE', *, *, #1881, .T. ) ;
#958 = CARTESIAN_POINT ( 'NONE',  ( 0.5299999999999999200, 1.891421356237310100, 2.608578643762690300 ) ) ;
#959 = ORIENTED_EDGE ( 'NONE', *, *, #1167, .T. ) ;
#960 = SURFACE_STYLE_FILL_AREA ( #1718 ) ;
#961 = VERTEX_POINT ( 'NONE', #846 ) ;
#962 = FILL_AREA_STYLE_COLOUR ( '', #447 ) ;
#963 = COLOUR_RGB ( '',0.8313725490196077800, 0.8313725490196077800, 0.8313725490196077800 ) ;
#964 = EDGE_CURVE ( 'NONE', #1346, #339, #182, .T. ) ;
#965 = PRESENTATION_LAYER_ASSIGNMENT (  '', '', ( #1084 ) ) ;
#966 = PLANE ( 'NONE',  #2013 ) ;
#967 = CARTESIAN_POINT ( 'NONE',  ( 0.1000000000000000200, 1.850000000000000100, -2.649999999999999500 ) ) ;
#968 = UNCERTAINTY_MEASURE_WITH_UNIT (LENGTH_MEASURE( 1.000000000000000100E-005 ), #1022, 'distance_accuracy_value', 'NONE');
#969 = CARTESIAN_POINT ( 'NONE',  ( -2.351814688301900700E-017, -1.891421356237310600, -2.608578643762690300 ) ) ;
#970 =( NAMED_UNIT ( * ) SI_UNIT ( $, .STERADIAN. ) SOLID_ANGLE_UNIT ( ) );
#971 = SURFACE_SIDE_STYLE ('',( #1175 ) ) ;
#972 = FILL_AREA_STYLE ('',( #1331 ) ) ;
#973 = PRESENTATION_LAYER_ASSIGNMENT (  '', '', ( #738 ) ) ;
#974 = STYLED_ITEM ( 'NONE', ( #870 ), #1631 ) ;
#975 =( NAMED_UNIT ( * ) SI_UNIT ( $, .STERADIAN. ) SOLID_ANGLE_UNIT ( ) );
#976 = LINE ( 'NONE', #163, #485 ) ;
#977 = STYLED_ITEM ( 'NONE', ( #92 ), #1279 ) ;
#978 = SURFACE_STYLE_FILL_AREA ( #1709 ) ;
#979 = DIRECTION ( 'NONE',  ( 0.0000000000000000000, 0.7071067811865479100, 0.7071067811865472400 ) ) ;
#980 = LINE ( 'NONE', #1473, #1883 ) ;
#981 = ORIENTED_EDGE ( 'NONE', *, *, #548, .F. ) ;
#982 = CARTESIAN_POINT ( 'NONE',  ( 7.500000000000000000, 1.255641299818912100E-016, 1.025308930455000000 ) ) ;
#983 = EDGE_LOOP ( 'NONE', ( #1720, #761, #272, #1779 ) ) ;
#984 = CARTESIAN_POINT ( 'NONE',  ( 0.0000000000000000000, 3.061616997868383100E-016, 2.500000000000000000 ) ) ;
#985 = ORIENTED_EDGE ( 'NONE', *, *, #1923, .F. ) ;
#986 = PRESENTATION_LAYER_ASSIGNMENT (  '', '', ( #1114 ) ) ;
#987 = DIRECTION ( 'NONE',  ( 0.0000000000000000000, -0.003063656863196000900, -0.9999953069923002100 ) ) ;
#988 = EDGE_CURVE ( 'NONE', #1863, #1321, #797, .T. ) ;
#989 = CARTESIAN_POINT ( 'NONE',  ( 6.960000000000000000, 0.0000000000000000000, -2.399999999999999900 ) ) ;
#990 = CARTESIAN_POINT ( 'NONE',  ( 7.500000000000000000, 0.7811058959741840100, 2.163424668724415400 ) ) ;
#991 =( NAMED_UNIT ( * ) SI_UNIT ( $, .STERADIAN. ) SOLID_ANGLE_UNIT ( ) );
#992 = CARTESIAN_POINT ( 'NONE',  ( 7.500000000000000900, 2.278692174568817100, -0.3688983274077984300 ) ) ;
#993 = CARTESIAN_POINT ( 'NONE',  ( 7.458578643762689500, 1.413233628901262100, 2.395681580083320700 ) ) ;
#994 = PRESENTATION_LAYER_ASSIGNMENT (  '', '', ( #638 ) ) ;
#995 = PLANE ( 'NONE',  #739 ) ;
#996 = UNCERTAINTY_MEASURE_WITH_UNIT (LENGTH_MEASURE( 1.000000000000000100E-005 ), #745, 'distance_accuracy_value', 'NONE');
#997 = VECTOR ( 'NONE', #324, 1000.000000000000000 ) ;
#998 = FACE_OUTER_BOUND ( 'NONE', #1960, .T. ) ;
#999 = DIRECTION ( 'NONE',  ( 0.0000000000000000000, 0.0000000000000000000, -1.000000000000000000 ) ) ;
#1000 = ORIENTED_EDGE ( 'NONE', *, *, #2075, .F. ) ;
#1001 = CARTESIAN_POINT ( 'NONE',  ( 7.500000000000000900, 0.007046410723672937900, 2.299989206082478700 ) ) ;
#1002 = VECTOR ( 'NONE', #1485, 1000.000000000000000 ) ;
#1003 = VERTEX_POINT ( 'NONE', #2105 ) ;
#1004 = VECTOR ( 'NONE', #334, 1000.000000000000000 ) ;
#1005 = DIRECTION ( 'NONE',  ( -0.0000000000000000000, 0.0000000000000000000, -1.000000000000000000 ) ) ;
#1006 = CIRCLE ( 'NONE', #1382, 0.1000000000000001300 ) ;
#1007 = CARTESIAN_POINT ( 'NONE',  ( 6.960000000000000000, 0.0000000000000000000, -1.025308930455000000 ) ) ;
#1008 = ORIENTED_EDGE ( 'NONE', *, *, #1097, .F. ) ;
#1009 = VECTOR ( 'NONE', #571, 1000.000000000000000 ) ;
#1010 = CARTESIAN_POINT ( 'NONE',  ( 3.000000000000000000, 0.0000000000000000000, -2.500000000000000000 ) ) ;
#1011 = UNCERTAINTY_MEASURE_WITH_UNIT (LENGTH_MEASURE( 1.000000000000000100E-005 ), #4, 'distance_accuracy_value', 'NONE');
#1012 = FILL_AREA_STYLE_COLOUR ( '', #1326 ) ;
#1013 = SURFACE_STYLE_USAGE ( .BOTH. , #1134 ) ;
#1014 = STYLED_ITEM ( 'NONE', ( #1183 ), #1972 ) ;
#1015 = SURFACE_STYLE_USAGE ( .BOTH. , #2083 ) ;
#1016 = AXIS2_PLACEMENT_3D ( 'NONE', #2161, #726, #1980 ) ;
#1017 =( GEOMETRIC_REPRESENTATION_CONTEXT ( 3 ) GLOBAL_UNCERTAINTY_ASSIGNED_CONTEXT ( ( #369 ) ) GLOBAL_UNIT_ASSIGNED_CONTEXT ( ( #432, #1700, #620 ) ) REPRESENTATION_CONTEXT ( 'NONE', 'WORKASPACE' ) );
#1018 = PRESENTATION_LAYER_ASSIGNMENT (  '', '', ( #777 ) ) ;
#1019 = CARTESIAN_POINT ( 'NONE',  ( 7.500000000000000000, 2.299989206082290000, -0.007046410785350968600 ) ) ;
#1020 = DIRECTION ( 'NONE',  ( 1.000000000000000000, 0.0000000000000000000, 0.0000000000000000000 ) ) ;
#1021 = FILL_AREA_STYLE_COLOUR ( '', #1377 ) ;
#1022 =( LENGTH_UNIT ( ) NAMED_UNIT ( * ) SI_UNIT ( .MILLI., .METRE. ) );
#1023 = CARTESIAN_POINT ( 'NONE',  ( 0.5299999999999993600, -2.458578644288861500, 2.041421355711140300 ) ) ;
#1024 = SURFACE_STYLE_USAGE ( .BOTH. , #2276 ) ;
#1025 = CARTESIAN_POINT ( 'NONE',  ( 0.0000000000000000000, 2.939152317953647100E-016, 2.399999999999999900 ) ) ;
#1026 = CIRCLE ( 'NONE', #1508, 2.400000000000000400 ) ;
#1027 = DIRECTION ( 'NONE',  ( 0.0000000000000000000, 0.7071067811865474600, -0.7071067811865474600 ) ) ;
#1028 = EDGE_CURVE ( 'NONE', #1938, #1306, #1571, .T. ) ;
#1029 = UNCERTAINTY_MEASURE_WITH_UNIT (LENGTH_MEASURE( 1.000000000000000100E-005 ), #1316, 'distance_accuracy_value', 'NONE');
#1030 = AXIS2_PLACEMENT_3D ( 'NONE', #1547, #799, #1493 ) ;
#1031 = CARTESIAN_POINT ( 'NONE',  ( 0.04142135623730951200, 1.850000000000000800, 2.649999999999999000 ) ) ;
#1032 = AXIS2_PLACEMENT_3D ( 'NONE', #1449, #1623, #2096 ) ;
#1033 = PRESENTATION_STYLE_ASSIGNMENT (( #1519 ) ) ;
#1034 =( NAMED_UNIT ( * ) PLANE_ANGLE_UNIT ( ) SI_UNIT ( $, .RADIAN. ) );
#1035 = DIRECTION ( 'NONE',  ( 1.000000000000000000, 0.0000000000000000000, 0.0000000000000000000 ) ) ;
#1036 = VERTEX_POINT ( 'NONE', #1040 ) ;
#1037 = CYLINDRICAL_SURFACE ( 'NONE', #1645, 1.025308930455000000 ) ;
#1038 = FILL_AREA_STYLE_COLOUR ( '', #1967 ) ;
#1039 = VERTEX_POINT ( 'NONE', #315 ) ;
#1040 = CARTESIAN_POINT ( 'NONE',  ( 7.500000000000000000, 2.299989206082290000, -0.007046410785350968600 ) ) ;
#1041 = SHAPE_REPRESENTATION_RELATIONSHIP ( 'NONE' , 'NONE' ,  #1498, #2039 ) ;
#1042 = ORIENTED_EDGE ( 'NONE', *, *, #1362, .F. ) ;
#1043 = CARTESIAN_POINT ( 'NONE',  ( 0.4300000000000000500, 1.850000000000000500, 2.649999999999999900 ) ) ;
#1044 = DIRECTION ( 'NONE',  ( 0.0000000000000000000, 0.0000000000000000000, -1.000000000000000000 ) ) ;
#1045 = ORIENTED_EDGE ( 'NONE', *, *, #203, .F. ) ;
#1046 =( NAMED_UNIT ( * ) SI_UNIT ( $, .STERADIAN. ) SOLID_ANGLE_UNIT ( ) );
#1047 = DIRECTION ( 'NONE',  ( 0.0000000000000000000, 0.0000000000000000000, -1.000000000000000000 ) ) ;
#1048 = UNCERTAINTY_MEASURE_WITH_UNIT (LENGTH_MEASURE( 1.000000000000000100E-005 ), #1975, 'distance_accuracy_value', 'NONE');
#1049 = CARTESIAN_POINT ( 'NONE',  ( 7.500000000000000000, -1.327987714085697900, 1.889918545729920600 ) ) ;
#1050 = SURFACE_STYLE_USAGE ( .BOTH. , #2122 ) ;
#1051 =( NAMED_UNIT ( * ) PLANE_ANGLE_UNIT ( ) SI_UNIT ( $, .RADIAN. ) );
#1052 = STYLED_ITEM ( 'NONE', ( #877 ), #2169 ) ;
#1053 = DIRECTION ( 'NONE',  ( 1.000000000000000000, 0.0000000000000000000, 0.0000000000000000000 ) ) ;
#1054 = STYLED_ITEM ( 'NONE', ( #156 ), #1544 ) ;
#1055 = DIRECTION ( 'NONE',  ( 0.0000000000000000000, 0.003063656863196123200, 0.9999953069923002100 ) ) ;
#1056 = STYLED_ITEM ( 'NONE', ( #1431 ), #1389 ) ;
#1057 = DIRECTION ( 'NONE',  ( -0.0000000000000000000, -0.0000000000000000000, 1.000000000000000000 ) ) ;
#1058 = PRESENTATION_STYLE_ASSIGNMENT (( #2252 ) ) ;
#1059 = CARTESIAN_POINT ( 'NONE',  ( 0.0000000000000000000, -2.500000000000000000, 2.500000000000000000 ) ) ;
#1060 = CARTESIAN_POINT ( 'NONE',  ( 0.4299999999999999900, -2.399999999999999900, 9.018000000000002500 ) ) ;
#1061 =( NAMED_UNIT ( * ) SI_UNIT ( $, .STERADIAN. ) SOLID_ANGLE_UNIT ( ) );
#1062 = CARTESIAN_POINT ( 'NONE',  ( -3.750000000000000000, 0.0000000000000000000, 2.649999999999999900 ) ) ;
#1063 = CARTESIAN_POINT ( 'NONE',  ( 4.299999999999999800, -6.977633162884989900E-017, -3.129344281394109900E-016 ) ) ;
#1064 = COLOUR_RGB ( '',0.8313725490196077800, 0.8313725490196077800, 0.8313725490196077800 ) ;
#1065 = SURFACE_STYLE_FILL_AREA ( #234 ) ;
#1066 = CARTESIAN_POINT ( 'NONE',  ( 7.500000000000003600, 1.090799890483551000, -2.027952703363284900 ) ) ;
#1067 =( LENGTH_UNIT ( ) NAMED_UNIT ( * ) SI_UNIT ( .MILLI., .METRE. ) );
#1068 = PRESENTATION_LAYER_ASSIGNMENT (  '', '', ( #1187 ) ) ;
#1069 = ORIENTED_EDGE ( 'NONE', *, *, #2229, .F. ) ;
#1070 = PRESENTATION_STYLE_ASSIGNMENT (( #1667 ) ) ;
#1071 =( NAMED_UNIT ( * ) SI_UNIT ( $, .STERADIAN. ) SOLID_ANGLE_UNIT ( ) );
#1072 = ORIENTED_EDGE ( 'NONE', *, *, #1719, .T. ) ;
#1073 = APPLICATION_CONTEXT ( 'automotive_design' ) ;
#1074 = COLOUR_RGB ( '',0.7921568627450980000, 0.8196078431372548800, 0.9333333333333333500 ) ;
#1075 =( NAMED_UNIT ( * ) SI_UNIT ( $, .STERADIAN. ) SOLID_ANGLE_UNIT ( ) );
#1076 = ORIENTED_EDGE ( 'NONE', *, *, #1611, .T. ) ;
#1077 = EDGE_LOOP ( 'NONE', ( #1935, #614, #785, #1661, #333, #1468 ) ) ;
#1078 = CARTESIAN_POINT ( 'NONE',  ( 7.499999999999998200, -2.126482623842905100, -0.8766609578272107600 ) ) ;
#1079 = CARTESIAN_POINT ( 'NONE',  ( 7.070000000000000300, -1.413587589353832600, -2.395472740440106800 ) ) ;
#1080 = CARTESIAN_POINT ( 'NONE',  ( 0.1000000000000000100, 2.399999999999999900, 9.018000000000002500 ) ) ;
#1081 = APPLICATION_PROTOCOL_DEFINITION ( 'draft international standard', 'automotive_design', 1998, #2144 ) ;
#1082 = ADVANCED_FACE ( 'NONE', ( #64 ), #854, .T. ) ;
#1083 = EDGE_CURVE ( 'NONE', #47, #1158, #1692, .T. ) ;
#1084 = STYLED_ITEM ( 'NONE', ( #894 ), #736 ) ;
#1085 = CARTESIAN_POINT ( 'NONE',  ( 7.070000000000000300, -2.384572846845526500, 4.807682636997475900 ) ) ;
#1086 = CARTESIAN_POINT ( 'NONE',  ( 0.4299999999999999900, 1.250000000000000000, 2.549999999999999800 ) ) ;
#1087 = PRESENTATION_STYLE_ASSIGNMENT (( #718 ) ) ;
#1088 =( NAMED_UNIT ( * ) SI_UNIT ( $, .STERADIAN. ) SOLID_ANGLE_UNIT ( ) );
#1089 = APPLICATION_PROTOCOL_DEFINITION ( 'draft international standard', 'automotive_design', 1998, #168 ) ;
#1090 =( NAMED_UNIT ( * ) PLANE_ANGLE_UNIT ( ) SI_UNIT ( $, .RADIAN. ) );
#1091 = SURFACE_STYLE_FILL_AREA ( #2247 ) ;
#1092 =( NAMED_UNIT ( * ) SI_UNIT ( $, .STERADIAN. ) SOLID_ANGLE_UNIT ( ) );
#1093 = CARTESIAN_POINT ( 'NONE',  ( 6.969445897163278200, -2.362493952164340000, -1.373745630003780700 ) ) ;
#1094 =( NAMED_UNIT ( * ) PLANE_ANGLE_UNIT ( ) SI_UNIT ( $, .RADIAN. ) );
#1095 = ADVANCED_FACE ( 'NONE', ( #389 ), #1890, .F. ) ;
#1096 = CARTESIAN_POINT ( 'NONE',  ( 7.500000000000000900, -2.358567574934954600, 0.007225875649351080400 ) ) ;
#1097 = EDGE_CURVE ( 'NONE', #1717, #588, #15, .T. ) ;
#1098 = VERTEX_POINT ( 'NONE', #1196 ) ;
#1099 = ORIENTED_EDGE ( 'NONE', *, *, #1490, .T. ) ;
#1100 = CARTESIAN_POINT ( 'NONE',  ( 6.969999999999999800, -2.300000000000005200, -4.585268863865133300 ) ) ;
#1101 =( NAMED_UNIT ( * ) PLANE_ANGLE_UNIT ( ) SI_UNIT ( $, .RADIAN. ) );
#1102 = AXIS2_PLACEMENT_3D ( 'NONE', #819, #1055, #873 ) ;
#1103 = ORIENTED_EDGE ( 'NONE', *, *, #2107, .F. ) ;
#1104 = MECHANICAL_DESIGN_GEOMETRIC_PRESENTATION_REPRESENTATION (  '', ( #738 ), #1223 ) ;
#1105 = ORIENTED_EDGE ( 'NONE', *, *, #2201, .F. ) ;
#1106 = PRESENTATION_LAYER_ASSIGNMENT (  '', '', ( #974 ) ) ;
#1107 = FILL_AREA_STYLE_COLOUR ( '', #218 ) ;
#1108 = AXIS2_PLACEMENT_3D ( 'NONE', #1698, #1156, #246 ) ;
#1109 = FACE_OUTER_BOUND ( 'NONE', #126, .T. ) ;
#1110 = ADVANCED_FACE ( 'NONE', ( #1635 ), #2146, .T. ) ;
#1111 = DIRECTION ( 'NONE',  ( 0.0000000000000000000, 0.0000000000000000000, -1.000000000000000000 ) ) ;
#1112 = FILL_AREA_STYLE_COLOUR ( '', #335 ) ;
#1113 =( BOUNDED_SURFACE ( )  B_SPLINE_SURFACE ( 3, 3, ( 
 ( #1268, #725, #1085, #1436 ),
 ( #1133, #393, #2303, #1829 ),
 ( #177, #352, #2195, #902 ),
 ( #1251, #1612, #1810, #1965 ) ),
 .UNSPECIFIED., .F., .F., .F. ) 
 B_SPLINE_SURFACE_WITH_KNOTS ( ( 4, 4 ),
 ( 4, 4 ),
 ( 0.0000000000000000000, 1.000000000000000000 ),
 ( 0.0000000000000000000, 1.000000000000000000 ),
 .UNSPECIFIED. ) 
 GEOMETRIC_REPRESENTATION_ITEM ( )  RATIONAL_B_SPLINE_SURFACE ( (
 ( 1.000000000000000000, 0.3333333333333334300, 0.3333333333333334300, 1.000000000000000000),
 ( 0.8047378541243640500, 0.2682459513747880700, 0.2682459513747880700, 0.8047378541243640500),
 ( 0.8047378541243640500, 0.2682459513747880700, 0.2682459513747880700, 0.8047378541243640500),
 ( 1.000000000000000000, 0.3333333333333334300, 0.3333333333333334300, 1.000000000000000000) ) ) 
 REPRESENTATION_ITEM ( '' )  SURFACE ( )  );
#1114 = STYLED_ITEM ( 'NONE', ( #2214 ), #1639 ) ;
#1115 = EDGE_CURVE ( 'NONE', #1328, #617, #2284, .T. ) ;
#1116 =( NAMED_UNIT ( * ) PLANE_ANGLE_UNIT ( ) SI_UNIT ( $, .RADIAN. ) );
#1117 =( LENGTH_UNIT ( ) NAMED_UNIT ( * ) SI_UNIT ( .MILLI., .METRE. ) );
#1118 = CARTESIAN_POINT ( 'NONE',  ( 6.970000000000000600, 2.299987770539992900, -0.007386246155123866800 ) ) ;
#1119 = PRESENTATION_STYLE_ASSIGNMENT (( #535 ) ) ;
#1120 =( BOUNDED_CURVE ( )  B_SPLINE_CURVE ( 3, ( #967, #424, #602, #786 ),
 .UNSPECIFIED., .F., .T. ) 
 B_SPLINE_CURVE_WITH_KNOTS ( ( 4, 4 ),
 ( 3.141592653589793100, 4.712388980384688800 ),
 .UNSPECIFIED. ) 
 CURVE ( )  GEOMETRIC_REPRESENTATION_ITEM ( )  RATIONAL_B_SPLINE_CURVE ( ( 1.000000000000000000, 0.8047378541243652700, 0.8047378541243652700, 1.000000000000000000 ) ) 
 REPRESENTATION_ITEM ( '' )  );
#1121 = CARTESIAN_POINT ( 'NONE',  ( 7.500000000000000000, 2.124060904302140300, 0.8825176357318730300 ) ) ;
#1122 = COLOUR_RGB ( '',0.7921568627450980000, 0.8196078431372548800, 0.9333333333333333500 ) ;
#1123 = ORIENTED_EDGE ( 'NONE', *, *, #2038, .F. ) ;
#1124 = LINE ( 'NONE', #443, #2263 ) ;
#1125 = UNCERTAINTY_MEASURE_WITH_UNIT (LENGTH_MEASURE( 1.000000000000000100E-005 ), #1232, 'distance_accuracy_value', 'NONE');
#1126 = VECTOR ( 'NONE', #457, 1000.000000000000000 ) ;
#1127 = ORIENTED_EDGE ( 'NONE', *, *, #1699, .T. ) ;
#1128 = VERTEX_POINT ( 'NONE', #1914 ) ;
#1129 = FILL_AREA_STYLE ('',( #1836 ) ) ;
#1130 = MECHANICAL_DESIGN_GEOMETRIC_PRESENTATION_REPRESENTATION (  '', ( #638 ), #1250 ) ;
#1131 = ORIENTED_EDGE ( 'NONE', *, *, #1683, .T. ) ;
#1132 = ORIENTED_EDGE ( 'NONE', *, *, #2063, .T. ) ;
#1133 = CARTESIAN_POINT ( 'NONE',  ( 7.011421356237308400, 2.399987624168096200, -0.007707388661284582600 ) ) ;
#1134 = SURFACE_SIDE_STYLE ('',( #1861 ) ) ;
#1135 = PRODUCT_DEFINITION ( 'UNKNOWN', '', #1257, #695 ) ;
#1136 =( LENGTH_UNIT ( ) NAMED_UNIT ( * ) SI_UNIT ( .MILLI., .METRE. ) );
#1137 = SURFACE_SIDE_STYLE ('',( #1713 ) ) ;
#1138 = SURFACE_SIDE_STYLE ('',( #132 ) ) ;
#1139 =( NAMED_UNIT ( * ) PLANE_ANGLE_UNIT ( ) SI_UNIT ( $, .RADIAN. ) );
#1140 = SURFACE_SIDE_STYLE ('',( #1958 ) ) ;
#1141 = CARTESIAN_POINT ( 'NONE',  ( 0.5300000000000000300, -1.250000000000000000, -2.549999999999999800 ) ) ;
#1142 = EDGE_CURVE ( 'NONE', #1717, #390, #1852, .T. ) ;
#1143 = CARTESIAN_POINT ( 'NONE',  ( -1.355252715606880500E-017, -2.399999999999999900, -2.100000000000001000 ) ) ;
#1144 = CARTESIAN_POINT ( 'NONE',  ( 0.5300000000000001400, -1.950000000000000400, 2.549999999999999800 ) ) ;
#1145 = PRESENTATION_LAYER_ASSIGNMENT (  '', '', ( #907 ) ) ;
#1146 = AXIS2_PLACEMENT_3D ( 'NONE', #2228, #1165, #74 ) ;
#1147 = CARTESIAN_POINT ( 'NONE',  ( 0.4885786431562251200, 2.500000000663373400, 1.999999999336627500 ) ) ;
#1148 = CARTESIAN_POINT ( 'NONE',  ( 0.1000000000000000200, -1.250000000000000000, -2.649999999999999500 ) ) ;
#1149 = MECHANICAL_DESIGN_GEOMETRIC_PRESENTATION_REPRESENTATION (  '', ( #777 ), #1275 ) ;
#1150 = CARTESIAN_POINT ( 'NONE',  ( 0.04142135623730948400, -1.850000000000000800, -2.649999999999999000 ) ) ;
#1151 = DIRECTION ( 'NONE',  ( 0.0000000000000000000, 0.0000000000000000000, 1.000000000000000000 ) ) ;
#1152 = ITEM_DEFINED_TRANSFORMATION ( 'NONE', 'NONE', #2017,  #851 ) ;
#1153 = VERTEX_POINT ( 'NONE', #655 ) ;
#1154 = DIRECTION ( 'NONE',  ( 0.0000000000000000000, -0.001605708040989130700, -0.9999987108500125700 ) ) ;
#1155 = VERTEX_POINT ( 'NONE', #1712 ) ;
#1156 = DIRECTION ( 'NONE',  ( 1.000000000000000000, 0.0000000000000000000, 0.0000000000000000000 ) ) ;
#1157 =( NAMED_UNIT ( * ) PLANE_ANGLE_UNIT ( ) SI_UNIT ( $, .RADIAN. ) );
#1158 = VERTEX_POINT ( 'NONE', #2233 ) ;
#1159 = ORIENTED_EDGE ( 'NONE', *, *, #596, .F. ) ;
#1160 = AXIS2_PLACEMENT_3D ( 'NONE', #1591, #326, #1401 ) ;
#1161 = DIRECTION ( 'NONE',  ( 1.000000000000000000, 0.0000000000000000000, 0.0000000000000000000 ) ) ;
#1162 = EDGE_CURVE ( 'NONE', #421, #361, #411, .T. ) ;
#1163 = MECHANICAL_DESIGN_GEOMETRIC_PRESENTATION_REPRESENTATION (  '', ( #918 ), #1289 ) ;
#1164 = FILL_AREA_STYLE ('',( #2065 ) ) ;
#1165 = DIRECTION ( 'NONE',  ( -1.000000000000000000, -0.0000000000000000000, -0.0000000000000000000 ) ) ;
#1166 = CARTESIAN_POINT ( 'NONE',  ( 0.5300000000000001400, 1.950000000000000000, -2.549999999999999800 ) ) ;
#1167 = EDGE_CURVE ( 'NONE', #1300, #2239, #778, .T. ) ;
#1168 = STYLED_ITEM ( 'NONE', ( #67 ), #544 ) ;
#1169 = AXIS2_PLACEMENT_3D ( 'NONE', #1848, #2027, #1673 ) ;
#1170 = PRESENTATION_LAYER_ASSIGNMENT (  '', '', ( #1054 ) ) ;
#1171 = FACE_OUTER_BOUND ( 'NONE', #878, .T. ) ;
#1172 = PRESENTATION_LAYER_ASSIGNMENT (  '', '', ( #1056 ) ) ;
#1173 = FACE_OUTER_BOUND ( 'NONE', #306, .T. ) ;
#1174 = CARTESIAN_POINT ( 'NONE',  ( 7.400000000000000400, -2.395681580121219200, 1.413233628837018200 ) ) ;
#1175 = SURFACE_STYLE_FILL_AREA ( #612 ) ;
#1176 = COLOUR_RGB ( '',0.8313725490196077800, 0.8313725490196077800, 0.8313725490196077800 ) ;
#1177 = VERTEX_POINT ( 'NONE', #261 ) ;
#1178 = DIRECTION ( 'NONE',  ( 1.000000000000000000, 0.0000000000000000000, 0.0000000000000000000 ) ) ;
#1179 =( BOUNDED_CURVE ( )  B_SPLINE_CURVE ( 3, ( #847, #1031, #671, #1754 ),
 .UNSPECIFIED., .F., .F. ) 
 B_SPLINE_CURVE_WITH_KNOTS ( ( 4, 4 ),
 ( 3.141592653589793100, 4.712388980384689700 ),
 .UNSPECIFIED. ) 
 CURVE ( )  GEOMETRIC_REPRESENTATION_ITEM ( )  RATIONAL_B_SPLINE_CURVE ( ( 1.000000000000000000, 0.8047378541243649400, 0.8047378541243649400, 1.000000000000000000 ) ) 
 REPRESENTATION_ITEM ( '' )  );
#1180 = CIRCLE ( 'NONE', #2306, 2.399999999999999900 ) ;
#1181 = EDGE_LOOP ( 'NONE', ( #1245, #23 ) ) ;
#1182 = CLOSED_SHELL ( 'NONE', ( #889, #1981, #1799, #368 ) ) ;
#1183 = PRESENTATION_STYLE_ASSIGNMENT (( #1579 ) ) ;
#1184 = CARTESIAN_POINT ( 'NONE',  ( 7.458578643762691300, 2.399988736781521100, -0.007352776471670696500 ) ) ;
#1185 = CIRCLE ( 'NONE', #1899, 1.025308930455000000 ) ;
#1186 = ORIENTED_EDGE ( 'NONE', *, *, #1757, .T. ) ;
#1187 = STYLED_ITEM ( 'NONE', ( #1119 ), #1799 ) ;
#1188 = DIRECTION ( 'NONE',  ( -1.000000000000000000, -0.0000000000000000000, -0.0000000000000000000 ) ) ;
#1189 = DIRECTION ( 'NONE',  ( 0.0000000000000000000, 1.000000000000000000, 0.0000000000000000000 ) ) ;
#1190 = PRODUCT_DEFINITION_CONTEXT ( 'detailed design', #174, 'design' ) ;
#1191 = CARTESIAN_POINT ( 'NONE',  ( 7.500000000000000900, -1.891175211940544700, -1.326230898151994600 ) ) ;
#1192 =( BOUNDED_CURVE ( )  B_SPLINE_CURVE ( 3, ( #2332, #1989, #1283, #903 ),
 .UNSPECIFIED., .F., .T. ) 
 B_SPLINE_CURVE_WITH_KNOTS ( ( 4, 4 ),
 ( 3.141592642261293200, 4.712388980384689700 ),
 .UNSPECIFIED. ) 
 CURVE ( )  GEOMETRIC_REPRESENTATION_ITEM ( )  RATIONAL_B_SPLINE_CURVE ( ( 1.000000000000000000, 0.8047378514542119500, 0.8047378514542119500, 1.000000000000000000 ) ) 
 REPRESENTATION_ITEM ( '' )  );
#1193 = CARTESIAN_POINT ( 'NONE',  ( 7.500000000000000900, 2.304116897954384200, 1.340256072854573800 ) ) ;
#1194 = DIRECTION ( 'NONE',  ( 0.0000000000000000000, 0.0000000000000000000, -1.000000000000000000 ) ) ;
#1195 = CARTESIAN_POINT ( 'NONE',  ( 0.5300000000000001400, 2.939152317953647100E-016, 2.399999999999999900 ) ) ;
#1196 = CARTESIAN_POINT ( 'NONE',  ( 6.969999999999999800, -2.299988139827759500, 0.007386247467064425600 ) ) ;
#1197 = CARTESIAN_POINT ( 'NONE',  ( 6.970004478851023100, 2.294716720822897600, -1.354130657709137000 ) ) ;
#1198 = STYLED_ITEM ( 'NONE', ( #1548 ), #1432 ) ;
#1199 = EDGE_CURVE ( 'NONE', #361, #421, #827, .T. ) ;
#1200 = AXIS2_PLACEMENT_3D ( 'NONE', #1086, #144, #1602 ) ;
#1201 = COLOUR_RGB ( '',0.0000000000000000000, 0.5019607843137254800, 0.0000000000000000000 ) ;
#1202 = FACE_OUTER_BOUND ( 'NONE', #983, .T. ) ;
#1203 =( NAMED_UNIT ( * ) PLANE_ANGLE_UNIT ( ) SI_UNIT ( $, .RADIAN. ) );
#1204 = DIRECTION ( 'NONE',  ( -1.000000000000000000, -0.0000000000000000000, -0.0000000000000000000 ) ) ;
#1205 = SURFACE_STYLE_FILL_AREA ( #1648 ) ;
#1206 = FACE_BOUND ( 'NONE', #812, .T. ) ;
#1207 = CONTEXT_DEPENDENT_SHAPE_REPRESENTATION ( #1452, #282 ) ;
#1208 = ORIENTED_EDGE ( 'NONE', *, *, #1651, .F. ) ;
#1209 = CARTESIAN_POINT ( 'NONE',  ( 0.2650000000000000700, -2.500000000000000400, 2.000000000000000000 ) ) ;
#1210 = CARTESIAN_POINT ( 'NONE',  ( 7.010980809227093300, -1.413587589353832600, -2.395472740440106800 ) ) ;
#1211 = ORIENTED_EDGE ( 'NONE', *, *, #867, .T. ) ;
#1212 = PRESENTATION_STYLE_ASSIGNMENT (( #1921 ) ) ;
#1213 = UNCERTAINTY_MEASURE_WITH_UNIT (LENGTH_MEASURE( 1.000000000000000100E-005 ), #300, 'distance_accuracy_value', 'NONE');
#1214 =( NAMED_UNIT ( * ) SI_UNIT ( $, .STERADIAN. ) SOLID_ANGLE_UNIT ( ) );
#1215 = CYLINDRICAL_SURFACE ( 'NONE', #2219, 0.09999999999999999200 ) ;
#1216 = DIRECTION ( 'NONE',  ( 1.000000000000000000, 0.0000000000000000000, 0.0000000000000000000 ) ) ;
#1217 = VERTEX_POINT ( 'NONE', #70 ) ;
#1218 = VERTEX_POINT ( 'NONE', #615 ) ;
#1219 = FILL_AREA_STYLE ('',( #676 ) ) ;
#1220 = CARTESIAN_POINT ( 'NONE',  ( 0.1000000000000000100, 1.250000000000000000, 2.649999999999999500 ) ) ;
#1221 = CARTESIAN_POINT ( 'NONE',  ( 7.070000000000001200, 2.939152317953647100E-016, 2.399999999999999900 ) ) ;
#1222 = AXIS2_PLACEMENT_3D ( 'NONE', #2280, #321, #1790 ) ;
#1223 =( GEOMETRIC_REPRESENTATION_CONTEXT ( 3 ) GLOBAL_UNCERTAINTY_ASSIGNED_CONTEXT ( ( #1952 ) ) GLOBAL_UNIT_ASSIGNED_CONTEXT ( ( #756, #137, #2283 ) ) REPRESENTATION_CONTEXT ( 'NONE', 'WORKASPACE' ) );
#1224 = DIRECTION ( 'NONE',  ( 0.0000000000000000000, 0.0000000000000000000, -1.000000000000000000 ) ) ;
#1225 = MECHANICAL_DESIGN_GEOMETRIC_PRESENTATION_REPRESENTATION (  '', ( #974 ), #1337 ) ;
#1226 = MECHANICAL_DESIGN_GEOMETRIC_PRESENTATION_REPRESENTATION (  '', ( #977 ), #1338 ) ;
#1227 = UNCERTAINTY_MEASURE_WITH_UNIT (LENGTH_MEASURE( 1.000000000000000100E-005 ), #316, 'distance_accuracy_value', 'NONE');
#1228 = CARTESIAN_POINT ( 'NONE',  ( 7.500000000000000000, -2.299988851323851800, 0.007046409575130352200 ) ) ;
#1229 = PRODUCT ( '5', '5', '', ( #1264 ) ) ;
#1230 = CARTESIAN_POINT ( 'NONE',  ( -1.634433192813867300E-017, -2.458578644288790500, 2.041421355711210000 ) ) ;
#1231 = DIRECTION ( 'NONE',  ( 0.0000000000000000000, 0.0000000000000000000, -1.000000000000000000 ) ) ;
#1232 =( LENGTH_UNIT ( ) NAMED_UNIT ( * ) SI_UNIT ( .MILLI., .METRE. ) );
#1233 = SURFACE_STYLE_USAGE ( .BOTH. , #1453 ) ;
#1234 = PRODUCT_DEFINITION_SHAPE ( 'NONE', 'NONE',  #2338 ) ;
#1235 = CARTESIAN_POINT ( 'NONE',  ( 7.499999999999999100, -0.9695279115318433700, 2.086463726841013800 ) ) ;
#1236 =( NAMED_UNIT ( * ) SI_UNIT ( $, .STERADIAN. ) SOLID_ANGLE_UNIT ( ) );
#1237 = CARTESIAN_POINT ( 'NONE',  ( 0.0000000000000000000, -2.500000000000000000, -2.649999999999999900 ) ) ;
#1238 = FACE_OUTER_BOUND ( 'NONE', #837, .T. ) ;
#1239 = AXIS2_PLACEMENT_3D ( 'NONE', #1256, #1035, #1047 ) ;
#1240 = EDGE_CURVE ( 'NONE', #961, #1576, #356, .T. ) ;
#1241 = DIRECTION ( 'NONE',  ( 0.0000000000000000000, 0.0000000000000000000, 1.000000000000000000 ) ) ;
#1242 = SURFACE_STYLE_USAGE ( .BOTH. , #1277 ) ;
#1243 = ORIENTED_EDGE ( 'NONE', *, *, #1847, .F. ) ;
#1244 = ORIENTED_EDGE ( 'NONE', *, *, #1808, .T. ) ;
#1245 = ORIENTED_EDGE ( 'NONE', *, *, #2189, .T. ) ;
#1246 = FILL_AREA_STYLE_COLOUR ( '', #297 ) ;
#1247 = ORIENTED_EDGE ( 'NONE', *, *, #263, .F. ) ;
#1248 = DIRECTION ( 'NONE',  ( 1.000000000000000000, 0.0000000000000000000, 0.0000000000000000000 ) ) ;
#1249 = EDGE_CURVE ( 'NONE', #587, #1155, #295, .T. ) ;
#1250 =( GEOMETRIC_REPRESENTATION_CONTEXT ( 3 ) GLOBAL_UNCERTAINTY_ASSIGNED_CONTEXT ( ( #97 ) ) GLOBAL_UNIT_ASSIGNED_CONTEXT ( ( #578, #711, #364 ) ) REPRESENTATION_CONTEXT ( 'NONE', 'WORKASPACE' ) );
#1251 = CARTESIAN_POINT ( 'NONE',  ( 6.970000000000000600, 2.299988139827758600, -0.007386247467064389200 ) ) ;
#1252 = CARTESIAN_POINT ( 'NONE',  ( 7.500000000000000000, 0.7298758798327191800, 2.181753049587080300 ) ) ;
#1253 = DIRECTION ( 'NONE',  ( 0.0000000000000000000, -0.9999953069923001000, 0.003063656863196000000 ) ) ;
#1254 =( LENGTH_UNIT ( ) NAMED_UNIT ( * ) SI_UNIT ( .MILLI., .METRE. ) );
#1255 = APPLICATION_CONTEXT ( 'automotive_design' ) ;
#1256 = CARTESIAN_POINT ( 'NONE',  ( 0.0000000000000000000, 0.0000000000000000000, 0.0000000000000000000 ) ) ;
#1257 = PRODUCT_DEFINITION_FORMATION_WITH_SPECIFIED_SOURCE ( 'ANY', '', #855, .NOT_KNOWN. ) ;
#1258 = UNCERTAINTY_MEASURE_WITH_UNIT (LENGTH_MEASURE( 1.000000000000000100E-005 ), #227, 'distance_accuracy_value', 'NONE');
#1259 = CARTESIAN_POINT ( 'NONE',  ( 7.500000000000001800, 2.219060232779988000, -0.6133771909905400000 ) ) ;
#1260 = SURFACE_SIDE_STYLE ('',( #362 ) ) ;
#1261 = DIRECTION ( 'NONE',  ( 1.000000000000000000, 0.0000000000000000000, 0.0000000000000000000 ) ) ;
#1262 = ADVANCED_FACE ( 'NONE', ( #1202 ), #922, .F. ) ;
#1263 = FILL_AREA_STYLE_COLOUR ( '', #359 ) ;
#1264 = PRODUCT_CONTEXT ( 'NONE', #1073, 'mechanical' ) ;
#1265 =( NAMED_UNIT ( * ) SI_UNIT ( $, .STERADIAN. ) SOLID_ANGLE_UNIT ( ) );
#1266 = VECTOR ( 'NONE', #1697, 1000.000000000000000 ) ;
#1267 = DIRECTION ( 'NONE',  ( 1.000000000000000000, 0.0000000000000000000, 0.0000000000000000000 ) ) ;
#1268 = CARTESIAN_POINT ( 'NONE',  ( 7.070000000000001200, 2.399987624168096200, -0.007707388661284582600 ) ) ;
#1269 =( NAMED_UNIT ( * ) PLANE_ANGLE_UNIT ( ) SI_UNIT ( $, .RADIAN. ) );
#1270 = SHAPE_DEFINITION_REPRESENTATION ( #1535, #1498 ) ;
#1271 = ORIENTED_EDGE ( 'NONE', *, *, #288, .F. ) ;
#1272 = MECHANICAL_DESIGN_GEOMETRIC_PRESENTATION_REPRESENTATION (  '', ( #907 ), #1381 ) ;
#1273 = AXIS2_PLACEMENT_3D ( 'NONE', #1531, #437, #1708 ) ;
#1274 = CARTESIAN_POINT ( 'NONE',  ( 7.400000000000000400, 2.399988736781520700, -0.007352776471670695700 ) ) ;
#1275 =( GEOMETRIC_REPRESENTATION_CONTEXT ( 3 ) GLOBAL_UNCERTAINTY_ASSIGNED_CONTEXT ( ( #595 ) ) GLOBAL_UNIT_ASSIGNED_CONTEXT ( ( #1743, #472, #1565 ) ) REPRESENTATION_CONTEXT ( 'NONE', 'WORKASPACE' ) );
#1276 = APPLICATION_CONTEXT ( 'automotive_design' ) ;
#1277 = SURFACE_SIDE_STYLE ('',( #840 ) ) ;
#1278 = EDGE_LOOP ( 'NONE', ( #1099, #781, #1132, #1208 ) ) ;
#1279 = ADVANCED_FACE ( 'NONE', ( #455 ), #2213, .F. ) ;
#1280 = LINE ( 'NONE', #1396, #1555 ) ;
#1281 = EDGE_LOOP ( 'NONE', ( #2298, #1271, #2327, #651, #1439 ) ) ;
#1282 = FILL_AREA_STYLE ('',( #947 ) ) ;
#1283 = CARTESIAN_POINT ( 'NONE',  ( 0.5300000000000000300, -2.458578644288861100, -2.041421355711140300 ) ) ;
#1284 =( LENGTH_UNIT ( ) NAMED_UNIT ( * ) SI_UNIT ( .MILLI., .METRE. ) );
#1285 = CARTESIAN_POINT ( 'NONE',  ( 7.500000000000000900, 2.285896384511587600, -4.607024822949930400 ) ) ;
#1286 = EDGE_CURVE ( 'NONE', #366, #961, #266, .T. ) ;
#1287 = AXIS2_PLACEMENT_3D ( 'NONE', #881, #1955, #693 ) ;
#1288 = EDGE_CURVE ( 'NONE', #587, #588, #1715, .T. ) ;
#1289 =( GEOMETRIC_REPRESENTATION_CONTEXT ( 3 ) GLOBAL_UNCERTAINTY_ASSIGNED_CONTEXT ( ( #1011 ) ) GLOBAL_UNIT_ASSIGNED_CONTEXT ( ( #4, #1101, #1979 ) ) REPRESENTATION_CONTEXT ( 'NONE', 'WORKASPACE' ) );
#1290 = DIRECTION ( 'NONE',  ( 0.0000000000000000000, -1.000000000000000000, 0.0000000000000000000 ) ) ;
#1291 = SURFACE_STYLE_USAGE ( .BOTH. , #385 ) ;
#1292 = FILL_AREA_STYLE ('',( #1671 ) ) ;
#1293 = ADVANCED_FACE ( 'NONE', ( #186 ), #1855, .T. ) ;
#1294 = CARTESIAN_POINT ( 'NONE',  ( 7.500000000000000900, -2.299989206082290000, 0.007046410785350799500 ) ) ;
#1295 = UNCERTAINTY_MEASURE_WITH_UNIT (LENGTH_MEASURE( 1.000000000000000100E-005 ), #1663, 'distance_accuracy_value', 'NONE');
#1296 = CARTESIAN_POINT ( 'NONE',  ( 0.1000000011327500100, 2.499999999999999600, -2.000000000000000900 ) ) ;
#1297 = CARTESIAN_POINT ( 'NONE',  ( 6.969999999999999800, 0.0000000000000000000, 0.0000000000000000000 ) ) ;
#1298 = AXIS2_PLACEMENT_3D ( 'NONE', #1534, #1885, #2225 ) ;
#1299 = MANIFOLD_SOLID_BREP ( 'Imported1', #928 ) ;
#1300 = VERTEX_POINT ( 'NONE', #943 ) ;
#1301 = ORIENTED_EDGE ( 'NONE', *, *, #139, .T. ) ;
#1302 = ORIENTED_EDGE ( 'NONE', *, *, #1730, .T. ) ;
#1303 = MECHANICAL_DESIGN_GEOMETRIC_PRESENTATION_REPRESENTATION (  '', ( #1054 ), #1412 ) ;
#1304 = DIRECTION ( 'NONE',  ( 0.0000000000000000000, 0.0000000000000000000, -1.000000000000000000 ) ) ;
#1305 = MECHANICAL_DESIGN_GEOMETRIC_PRESENTATION_REPRESENTATION (  '', ( #1056 ), #1414 ) ;
#1306 = VERTEX_POINT ( 'NONE', #1846 ) ;
#1307 = DIRECTION ( 'NONE',  ( -1.000000000000000000, -0.0000000000000000000, -0.0000000000000000000 ) ) ;
#1308 = CARTESIAN_POINT ( 'NONE',  ( 7.500000000000000000, 2.299999999999999800, -6.956963940115320400E-016 ) ) ;
#1309 = SURFACE_STYLE_USAGE ( .BOTH. , #233 ) ;
#1310 =( NAMED_UNIT ( * ) PLANE_ANGLE_UNIT ( ) SI_UNIT ( $, .RADIAN. ) );
#1311 = SURFACE_STYLE_USAGE ( .BOTH. , #35 ) ;
#1312 = AXIS2_PLACEMENT_3D ( 'NONE', #871, #742, #358 ) ;
#1313 = PRESENTATION_LAYER_ASSIGNMENT (  '', '', ( #576 ) ) ;
#1314 = CARTESIAN_POINT ( 'NONE',  ( 7.500000000000000000, 0.0000000000000000000, 0.0000000000000000000 ) ) ;
#1315 = SURFACE_SIDE_STYLE ('',( #1065 ) ) ;
#1316 =( LENGTH_UNIT ( ) NAMED_UNIT ( * ) SI_UNIT ( .MILLI., .METRE. ) );
#1317 = VECTOR ( 'NONE', #56, 1000.000000000000000 ) ;
#1318 = SURFACE_STYLE_FILL_AREA ( #2044 ) ;
#1319 =( LENGTH_UNIT ( ) NAMED_UNIT ( * ) SI_UNIT ( .MILLI., .METRE. ) );
#1320 = DIRECTION ( 'NONE',  ( 0.0000000000000000000, 0.0000000000000000000, -1.000000000000000000 ) ) ;
#1321 = VERTEX_POINT ( 'NONE', #1497 ) ;
#1322 = LINE ( 'NONE', #1551, #1002 ) ;
#1323 = PRESENTATION_LAYER_ASSIGNMENT (  '', '', ( #1198 ) ) ;
#1324 = ORIENTED_EDGE ( 'NONE', *, *, #2063, .F. ) ;
#1325 = EDGE_CURVE ( 'NONE', #2239, #732, #1886, .T. ) ;
#1326 = COLOUR_RGB ( '',0.8313725490196077800, 0.8313725490196077800, 0.8313725490196077800 ) ;
#1327 = MECHANICAL_DESIGN_GEOMETRIC_PRESENTATION_REPRESENTATION (  '', ( #1084 ), #1448 ) ;
#1328 = VERTEX_POINT ( 'NONE', #760 ) ;
#1329 = SURFACE_STYLE_USAGE ( .BOTH. , #971 ) ;
#1330 = DIRECTION ( 'NONE',  ( 0.0000000000000000000, 0.003211411942201908900, 0.9999948434033735200 ) ) ;
#1331 = FILL_AREA_STYLE_COLOUR ( '', #1625 ) ;
#1332 = CARTESIAN_POINT ( 'NONE',  ( 0.1000000011326999900, -2.499999999999999600, 2.000000000000000900 ) ) ;
#1333 = DIRECTION ( 'NONE',  ( 1.000000000000000000, 0.0000000000000000000, 0.0000000000000000000 ) ) ;
#1334 = SURFACE_SIDE_STYLE ('',( #1518 ) ) ;
#1335 = FILL_AREA_STYLE ('',( #59 ) ) ;
#1336 = AXIS2_PLACEMENT_3D ( 'NONE', #1670, #895, #2194 ) ;
#1337 =( GEOMETRIC_REPRESENTATION_CONTEXT ( 3 ) GLOBAL_UNCERTAINTY_ASSIGNED_CONTEXT ( ( #790 ) ) GLOBAL_UNIT_ASSIGNED_CONTEXT ( ( #2267, #1203, #114 ) ) REPRESENTATION_CONTEXT ( 'NONE', 'WORKASPACE' ) );
#1338 =( GEOMETRIC_REPRESENTATION_CONTEXT ( 3 ) GLOBAL_UNCERTAINTY_ASSIGNED_CONTEXT ( ( #824 ) ) GLOBAL_UNIT_ASSIGNED_CONTEXT ( ( #1865, #599, #1676 ) ) REPRESENTATION_CONTEXT ( 'NONE', 'WORKASPACE' ) );
#1339 = PRODUCT_DEFINITION_SHAPE ( 'NONE', 'NONE',  #2340 ) ;
#1340 = COLOUR_RGB ( '',0.8313725490196077800, 0.8313725490196077800, 0.8313725490196077800 ) ;
#1341 = PRESENTATION_STYLE_ASSIGNMENT (( #494 ) ) ;
#1342 = CARTESIAN_POINT ( 'NONE',  ( 0.5300000000000001400, 0.0000000000000000000, -2.399999999999999900 ) ) ;
#1343 = ORIENTED_EDGE ( 'NONE', *, *, #60, .F. ) ;
#1344 = CARTESIAN_POINT ( 'NONE',  ( 0.5300000000000000300, -2.399999999999999900, 9.018000000000002500 ) ) ;
#1345 =( LENGTH_UNIT ( ) NAMED_UNIT ( * ) SI_UNIT ( .MILLI., .METRE. ) );
#1346 = VERTEX_POINT ( 'NONE', #2192 ) ;
#1347 = SURFACE_STYLE_FILL_AREA ( #835 ) ;
#1348 = ORIENTED_EDGE ( 'NONE', *, *, #548, .T. ) ;
#1349 = MECHANICAL_DESIGN_GEOMETRIC_PRESENTATION_REPRESENTATION (  '', ( #1114 ), #1479 ) ;
#1350 = DIRECTION ( 'NONE',  ( 0.0000000000000000000, -0.7071067811865479100, -0.7071067811865472400 ) ) ;
#1351 = CYLINDRICAL_SURFACE ( 'NONE', #1169, 1.025308930455000000 ) ;
#1352 = EDGE_CURVE ( 'NONE', #2133, #1098, #1669, .T. ) ;
#1353 = UNCERTAINTY_MEASURE_WITH_UNIT (LENGTH_MEASURE( 1.000000000000000100E-005 ), #121, 'distance_accuracy_value', 'NONE');
#1354 = EDGE_LOOP ( 'NONE', ( #497, #834, #1913, #1186 ) ) ;
#1355 = CARTESIAN_POINT ( 'NONE',  ( 0.0000000000000000000, 0.0000000000000000000, 2.549999999999999800 ) ) ;
#1356 = CARTESIAN_POINT ( 'NONE',  ( 7.400000000000000400, 0.007352776407310895200, 2.399988736781718300 ) ) ;
#1357 = SURFACE_STYLE_FILL_AREA ( #1740 ) ;
#1358 = DIRECTION ( 'NONE',  ( 1.000000000000000000, 0.0000000000000000000, 0.0000000000000000000 ) ) ;
#1359 = FILL_AREA_STYLE_COLOUR ( '', #2007 ) ;
#1360 = UNCERTAINTY_MEASURE_WITH_UNIT (LENGTH_MEASURE( 1.000000000000000100E-005 ), #1117, 'distance_accuracy_value', 'NONE');
#1361 = CARTESIAN_POINT ( 'NONE',  ( 7.500000000000000000, -2.354334755053984800, 1.388842773175933000 ) ) ;
#1362 = EDGE_CURVE ( 'NONE', #2266, #1300, #2020, .T. ) ;
#1363 = AXIS2_PLACEMENT_3D ( 'NONE', #1471, #743, #204 ) ;
#1364 = FILL_AREA_STYLE ('',( #87 ) ) ;
#1365 = ADVANCED_BREP_SHAPE_REPRESENTATION ( '', ( #2114, #851 ), #2054 ) ;
#1366 = PRODUCT_RELATED_PRODUCT_CATEGORY ( 'part', '', ( #855 ) ) ;
#1367 =( NAMED_UNIT ( * ) SI_UNIT ( $, .STERADIAN. ) SOLID_ANGLE_UNIT ( ) );
#1368 = CARTESIAN_POINT ( 'NONE',  ( 7.499999999999999100, 0.3651600275566782600, 2.279243683800623800 ) ) ;
#1369 = CIRCLE ( 'NONE', #173, 2.500000000000000000 ) ;
#1370 = ORIENTED_EDGE ( 'NONE', *, *, #1083, .F. ) ;
#1371 =( NAMED_UNIT ( * ) PLANE_ANGLE_UNIT ( ) SI_UNIT ( $, .RADIAN. ) );
#1372 =( LENGTH_UNIT ( ) NAMED_UNIT ( * ) SI_UNIT ( .MILLI., .METRE. ) );
#1373 = PRESENTATION_STYLE_ASSIGNMENT (( #522 ) ) ;
#1374 = SHAPE_REPRESENTATION_RELATIONSHIP ( 'NONE' , 'NONE' ,  #1502, #1544 ) ;
#1375 = EDGE_LOOP ( 'NONE', ( #641, #2187 ) ) ;
#1376 = PRESENTATION_STYLE_ASSIGNMENT (( #1013 ) ) ;
#1377 = COLOUR_RGB ( '',0.0000000000000000000, 0.5019607843137254800, 0.0000000000000000000 ) ;
#1378 = DIRECTION ( 'NONE',  ( 0.0000000000000000000, 0.0000000000000000000, -1.000000000000000000 ) ) ;
#1379 = ORIENTED_EDGE ( 'NONE', *, *, #1097, .T. ) ;
#1380 = EDGE_LOOP ( 'NONE', ( #1243, #20, #2003, #1000, #226, #392, #2154, #900 ) ) ;
#1381 =( GEOMETRIC_REPRESENTATION_CONTEXT ( 3 ) GLOBAL_UNCERTAINTY_ASSIGNED_CONTEXT ( ( #1048 ) ) GLOBAL_UNIT_ASSIGNED_CONTEXT ( ( #1975, #1269, #1088 ) ) REPRESENTATION_CONTEXT ( 'NONE', 'WORKASPACE' ) );
#1382 = AXIS2_PLACEMENT_3D ( 'NONE', #2058, #987, #2236 ) ;
#1383 = PRESENTATION_LAYER_ASSIGNMENT (  '', '', ( #1512 ) ) ;
#1384 = CARTESIAN_POINT ( 'NONE',  ( 7.500000000000000000, 0.0000000000000000000, 0.0000000000000000000 ) ) ;
#1385 =( NAMED_UNIT ( * ) SI_UNIT ( $, .STERADIAN. ) SOLID_ANGLE_UNIT ( ) );
#1386 = CARTESIAN_POINT ( 'NONE',  ( 0.0000000000000000000, -2.399999999999999900, -2.100000000000000100 ) ) ;
#1387 =( LENGTH_UNIT ( ) NAMED_UNIT ( * ) SI_UNIT ( .MILLI., .METRE. ) );
#1388 =( NAMED_UNIT ( * ) SI_UNIT ( $, .STERADIAN. ) SOLID_ANGLE_UNIT ( ) );
#1389 = MANIFOLD_SOLID_BREP ( 'Imported1', #1182 ) ;
#1390 = EDGE_CURVE ( 'NONE', #674, #646, #980, .T. ) ;
#1391 = CARTESIAN_POINT ( 'NONE',  ( -1.355252715606880500E-017, -2.399999999999999500, 2.100000000000001000 ) ) ;
#1392 = EDGE_CURVE ( 'NONE', #1328, #1346, #412, .T. ) ;
#1393 = STYLED_ITEM ( 'NONE', ( #1341 ), #925 ) ;
#1394 =( NAMED_UNIT ( * ) PLANE_ANGLE_UNIT ( ) SI_UNIT ( $, .RADIAN. ) );
#1395 = FACE_OUTER_BOUND ( 'NONE', #489, .T. ) ;
#1396 = CARTESIAN_POINT ( 'NONE',  ( 0.0000000000000000000, 2.399999999999999900, 0.0000000000000000000 ) ) ;
#1397 = CARTESIAN_POINT ( 'NONE',  ( 7.500000000000000900, -2.278689053228737800, 0.3686135265907399300 ) ) ;
#1398 = PRODUCT ( '2', '2', '', ( #893 ) ) ;
#1399 = SURFACE_STYLE_FILL_AREA ( #1764 ) ;
#1400 = VERTEX_POINT ( 'NONE', #2182 ) ;
#1401 = DIRECTION ( 'NONE',  ( 0.0000000000000000000, 0.0000000000000000000, -1.000000000000000000 ) ) ;
#1402 = EDGE_LOOP ( 'NONE', ( #459, #1076, #1725, #1633, #2212, #1008, #2238, #1932 ) ) ;
#1403 =( NAMED_UNIT ( * ) SI_UNIT ( $, .STERADIAN. ) SOLID_ANGLE_UNIT ( ) );
#1404 = EDGE_LOOP ( 'NONE', ( #1942, #1433, #1553, #340, #247, #363, #1968, #1444 ) ) ;
#1405 = EDGE_LOOP ( 'NONE', ( #1998, #2262 ) ) ;
#1406 = PRESENTATION_LAYER_ASSIGNMENT (  '', '', ( #1168 ) ) ;
#1407 = DIRECTION ( 'NONE',  ( 0.0000000000000000000, 0.0000000000000000000, -1.000000000000000000 ) ) ;
#1408 = CARTESIAN_POINT ( 'NONE',  ( 0.04142135623730948400, -1.850000000000000100, 2.649999999999999000 ) ) ;
#1409 = PRESENTATION_LAYER_ASSIGNMENT (  '', '', ( #1052 ) ) ;
#1410 = CARTESIAN_POINT ( 'NONE',  ( -3.750000000000000000, 0.0000000000000000000, 2.649999999999999900 ) ) ;
#1411 = CARTESIAN_POINT ( 'NONE',  ( 0.0000000000000000000, 0.0000000000000000000, -2.399999999999999900 ) ) ;
#1412 =( GEOMETRIC_REPRESENTATION_CONTEXT ( 3 ) GLOBAL_UNCERTAINTY_ASSIGNED_CONTEXT ( ( #951 ) ) GLOBAL_UNIT_ASSIGNED_CONTEXT ( ( #1949, #869, #2116 ) ) REPRESENTATION_CONTEXT ( 'NONE', 'WORKASPACE' ) );
#1413 = COLOUR_RGB ( '',0.0000000000000000000, 0.5019607843137254800, 0.0000000000000000000 ) ;
#1414 =( GEOMETRIC_REPRESENTATION_CONTEXT ( 3 ) GLOBAL_UNCERTAINTY_ASSIGNED_CONTEXT ( ( #996 ) ) GLOBAL_UNIT_ASSIGNED_CONTEXT ( ( #745, #1824, #563 ) ) REPRESENTATION_CONTEXT ( 'NONE', 'WORKASPACE' ) );
#1415 = PRODUCT_DEFINITION_SHAPE ( 'NONE', 'NONE',  #403 ) ;
#1416 = CARTESIAN_POINT ( 'NONE',  ( 7.500000000000000900, 2.161964309315558300, -0.7851459000080258700 ) ) ;
#1417 = CARTESIAN_POINT ( 'NONE',  ( 7.070000000000000300, 1.398172812097001400, -2.404502507896296500 ) ) ;
#1418 = SURFACE_STYLE_USAGE ( .BOTH. , #344 ) ;
#1419 = DIRECTION ( 'NONE',  ( 0.0000000000000000000, 0.0000000000000000000, 1.000000000000000000 ) ) ;
#1420 = DIRECTION ( 'NONE',  ( 1.000000000000000000, 0.0000000000000000000, 0.0000000000000000000 ) ) ;
#1421 = UNCERTAINTY_MEASURE_WITH_UNIT (LENGTH_MEASURE( 1.000000000000000100E-005 ), #1136, 'distance_accuracy_value', 'NONE');
#1422 =( NAMED_UNIT ( * ) PLANE_ANGLE_UNIT ( ) SI_UNIT ( $, .RADIAN. ) );
#1424 = CARTESIAN_POINT ( 'NONE',  ( 7.400000000000000400, -2.399988736781520700, 0.007352776471670401600 ) ) ;
#1423 = COLOUR_RGB ( '',0.8313725490196077800, 0.8313725490196077800, 0.8313725490196077800 ) ;
#1425 = COLOUR_RGB ( '',0.0000000000000000000, 0.5019607843137254800, 0.0000000000000000000 ) ;
#1426 = MECHANICAL_DESIGN_GEOMETRIC_PRESENTATION_REPRESENTATION (  '', ( #1187 ), #1554 ) ;
#1427 = MECHANICAL_DESIGN_GEOMETRIC_PRESENTATION_REPRESENTATION (  '', ( #576 ), #1557 ) ;
#1428 = SURFACE_SIDE_STYLE ('',( #487 ) ) ;
#1429 =( NAMED_UNIT ( * ) PLANE_ANGLE_UNIT ( ) SI_UNIT ( $, .RADIAN. ) );
#1430 = CIRCLE ( 'NONE', #1684, 1.025308930455000000 ) ;
#1431 = PRESENTATION_STYLE_ASSIGNMENT (( #2006 ) ) ;
#1432 = ADVANCED_FACE ( 'NONE', ( #521 ), #583, .T. ) ;
#1433 = ORIENTED_EDGE ( 'NONE', *, *, #593, .F. ) ;
#1434 = SURFACE_STYLE_FILL_AREA ( #948 ) ;
#1435 = VERTEX_POINT ( 'NONE', #1976 ) ;
#1436 = CARTESIAN_POINT ( 'NONE',  ( 7.070000000000001200, -2.399987624168096200, 0.007707388661284875700 ) ) ;
#1437 = FILL_AREA_STYLE_COLOUR ( '', #1524 ) ;
#1438 = UNCERTAINTY_MEASURE_WITH_UNIT (LENGTH_MEASURE( 1.000000000000000100E-005 ), #2211, 'distance_accuracy_value', 'NONE');
#1439 = ORIENTED_EDGE ( 'NONE', *, *, #1352, .T. ) ;
#1440 = LINE ( 'NONE', #262, #2329 ) ;
#1441 = ORIENTED_EDGE ( 'NONE', *, *, #593, .T. ) ;
#1442 = APPLICATION_PROTOCOL_DEFINITION ( 'draft international standard', 'automotive_design', 1998, #174 ) ;
#1443 = FILL_AREA_STYLE ('',( #709 ) ) ;
#1444 = ORIENTED_EDGE ( 'NONE', *, *, #1249, .F. ) ;
#1445 = CIRCLE ( 'NONE', #1584, 2.399999999999999900 ) ;
#1446 = MECHANICAL_DESIGN_GEOMETRIC_PRESENTATION_REPRESENTATION (  '', ( #1198 ), #1567 ) ;
#1447 = EDGE_CURVE ( 'NONE', #588, #1776, #343, .T. ) ;
#1448 =( GEOMETRIC_REPRESENTATION_CONTEXT ( 3 ) GLOBAL_UNCERTAINTY_ASSIGNED_CONTEXT ( ( #2257 ) ) GLOBAL_UNIT_ASSIGNED_CONTEXT ( ( #2112, #2296, #1236 ) ) REPRESENTATION_CONTEXT ( 'NONE', 'WORKASPACE' ) );
#1449 = CARTESIAN_POINT ( 'NONE',  ( 0.0000000000000000000, 0.0000000000000000000, 0.0000000000000000000 ) ) ;
#1450 = SURFACE_STYLE_USAGE ( .BOTH. , #178 ) ;
#1451 = ADVANCED_FACE ( 'NONE', ( #998 ), #2152, .T. ) ;
#1452 =( REPRESENTATION_RELATIONSHIP ('NONE','NONE', #2260, #123 ) REPRESENTATION_RELATIONSHIP_WITH_TRANSFORMATION ( #298 )SHAPE_REPRESENTATION_RELATIONSHIP( ) );
#1453 = SURFACE_SIDE_STYLE ('',( #134 ) ) ;
#1454 = CARTESIAN_POINT ( 'NONE',  ( 6.970000000000000600, -2.299999999999999400, 5.748530268699184600E-016 ) ) ;
#1455 =( NAMED_UNIT ( * ) SI_UNIT ( $, .STERADIAN. ) SOLID_ANGLE_UNIT ( ) );
#1456 =( NAMED_UNIT ( * ) PLANE_ANGLE_UNIT ( ) SI_UNIT ( $, .RADIAN. ) );
#1457 = ADVANCED_FACE ( 'NONE', ( #639 ), #1786, .T. ) ;
#1458 = EDGE_CURVE ( 'NONE', #897, #1346, #1600, .T. ) ;
#1459 = DIRECTION ( 'NONE',  ( 0.0000000000000000000, -0.7071067811865479100, 0.7071067811865472400 ) ) ;
#1460 = CARTESIAN_POINT ( 'NONE',  ( 6.969445897163278200, -2.358057946997896600, 0.007572734500930632300 ) ) ;
#1461 = CARTESIAN_POINT ( 'NONE',  ( 6.750000000000000000, 0.0000000000000000000, -1.025308930455000000 ) ) ;
#1462 = AXIS2_PLACEMENT_3D ( 'NONE', #2199, #117, #1563 ) ;
#1463 = STYLED_ITEM ( 'NONE', ( #267 ), #380 ) ;
#1464 =( GEOMETRIC_REPRESENTATION_CONTEXT ( 3 ) GLOBAL_UNCERTAINTY_ASSIGNED_CONTEXT ( ( #1213 ) ) GLOBAL_UNIT_ASSIGNED_CONTEXT ( ( #300, #1569, #474 ) ) REPRESENTATION_CONTEXT ( 'NONE', 'WORKASPACE' ) );
#1465 = DIRECTION ( 'NONE',  ( 1.000000000000000000, 0.0000000000000000000, 0.0000000000000000000 ) ) ;
#1466 = PRESENTATION_STYLE_ASSIGNMENT (( #1418 ) ) ;
#1467 = ORIENTED_EDGE ( 'NONE', *, *, #1568, .F. ) ;
#1468 = ORIENTED_EDGE ( 'NONE', *, *, #988, .F. ) ;
#1469 = FACE_OUTER_BOUND ( 'NONE', #2183, .T. ) ;
#1470 = ORIENTED_EDGE ( 'NONE', *, *, #1162, .T. ) ;
#1471 = CARTESIAN_POINT ( 'NONE',  ( 0.5300000000000001400, 0.0000000000000000000, 0.0000000000000000000 ) ) ;
#1472 = CARTESIAN_POINT ( 'NONE',  ( 7.400000000000000400, 0.0000000000000000000, 0.0000000000000000000 ) ) ;
#1473 = CARTESIAN_POINT ( 'NONE',  ( 0.0000000000000000000, 2.939152317953647100E-016, 2.399999999999999900 ) ) ;
#1474 = DIRECTION ( 'NONE',  ( 0.0000000000000000000, 0.0000000000000000000, -1.000000000000000000 ) ) ;
#1475 = LINE ( 'NONE', #1791, #1532 ) ;
#1476 = FACE_OUTER_BOUND ( 'NONE', #1529, .T. ) ;
#1477 = CYLINDRICAL_SURFACE ( 'NONE', #608, 2.399999999999999900 ) ;
#1478 = CARTESIAN_POINT ( 'NONE',  ( 7.500000000000000000, 0.0000000000000000000, -1.025308930455000000 ) ) ;
#1479 =( GEOMETRIC_REPRESENTATION_CONTEXT ( 3 ) GLOBAL_UNCERTAINTY_ASSIGNED_CONTEXT ( ( #85 ) ) GLOBAL_UNIT_ASSIGNED_CONTEXT ( ( #1372, #1429, #1388 ) ) REPRESENTATION_CONTEXT ( 'NONE', 'WORKASPACE' ) );
#1480 = EDGE_CURVE ( 'NONE', #2068, #1892, #1530, .T. ) ;
#1481 = CARTESIAN_POINT ( 'NONE',  ( 6.970000000000000600, 2.299987770539992900, -0.007386246155123866800 ) ) ;
#1482 = DIRECTION ( 'NONE',  ( 0.0000000000000000000, 1.000000000000000000, 0.0000000000000000000 ) ) ;
#1483 = CARTESIAN_POINT ( 'NONE',  ( 7.500000000000000000, 0.0000000000000000000, 0.0000000000000000000 ) ) ;
#1484 = SURFACE_SIDE_STYLE ('',( #2331 ) ) ;
#1485 = DIRECTION ( 'NONE',  ( -0.0000000000000000000, -1.000000000000000000, -0.0000000000000000000 ) ) ;
#1486 = SURFACE_STYLE_USAGE ( .BOTH. , #404 ) ;
#1487 = COLOUR_RGB ( '',0.8313725490196077800, 0.8313725490196077800, 0.8313725490196077800 ) ;
#1488 = LINE ( 'NONE', #1510, #269 ) ;
#1489 =( NAMED_UNIT ( * ) PLANE_ANGLE_UNIT ( ) SI_UNIT ( $, .RADIAN. ) );
#1490 = EDGE_CURVE ( 'NONE', #523, #2000, #810, .T. ) ;
#1491 = EDGE_LOOP ( 'NONE', ( #1999, #2022 ) ) ;
#1492 = LINE ( 'NONE', #296, #2043 ) ;
#1493 = DIRECTION ( 'NONE',  ( 0.0000000000000000000, 0.0000000000000000000, -1.000000000000000000 ) ) ;
#1494 = DIRECTION ( 'NONE',  ( -1.000000000000000000, 0.0000000000000000000, -0.0000000000000000000 ) ) ;
#1495 = VERTEX_POINT ( 'NONE', #1769 ) ;
#1496 = PRODUCT_DEFINITION_FORMATION_WITH_SPECIFIED_SOURCE ( 'ANY', '', #1398, .NOT_KNOWN. ) ;
#1497 = CARTESIAN_POINT ( 'NONE',  ( 7.500000000000000000, -2.299988851323851800, 0.007046409575130352200 ) ) ;
#1498 = SHAPE_REPRESENTATION ( '3', ( #851 ), #1464 ) ;
#1499 = EDGE_LOOP ( 'NONE', ( #414, #1962, #280, #2046 ) ) ;
#1500 =( NAMED_UNIT ( * ) SI_UNIT ( $, .STERADIAN. ) SOLID_ANGLE_UNIT ( ) );
#1501 = CIRCLE ( 'NONE', #1336, 1.025308930455000000 ) ;
#1502 = SHAPE_REPRESENTATION ( '2', ( #851 ), #936 ) ;
#1503 = CARTESIAN_POINT ( 'NONE',  ( 0.5300000000000001400, 2.399999999999999900, 2.100000000000001000 ) ) ;
#1504 =( NAMED_UNIT ( * ) SI_UNIT ( $, .STERADIAN. ) SOLID_ANGLE_UNIT ( ) );
#1505 = CARTESIAN_POINT ( 'NONE',  ( 0.0000000000000000000, 0.0000000000000000000, 0.0000000000000000000 ) ) ;
#1506 = EDGE_CURVE ( 'NONE', #2051, #128, #529, .T. ) ;
#1507 = SURFACE_STYLE_FILL_AREA ( #150 ) ;
#1508 = AXIS2_PLACEMENT_3D ( 'NONE', #2135, #2311, #1253 ) ;
#1509 = STYLED_ITEM ( 'NONE', ( #1915 ), #2314 ) ;
#1510 = CARTESIAN_POINT ( 'NONE',  ( 6.969999999999999800, -2.299988139827760000, 0.007386247467064052700 ) ) ;
#1511 = CARTESIAN_POINT ( 'NONE',  ( 0.5300000000000001400, -2.400000000000000400, 2.100000000000000500 ) ) ;
#1512 = STYLED_ITEM ( 'NONE', ( #2095 ), #1110 ) ;
#1513 = DIRECTION ( 'NONE',  ( 1.000000000000000000, 0.0000000000000000000, 0.0000000000000000000 ) ) ;
#1514 = VECTOR ( 'NONE', #589, 1000.000000000000000 ) ;
#1515 = SURFACE_SIDE_STYLE ('',( #215 ) ) ;
#1516 = CIRCLE ( 'NONE', #607, 2.399999999999999900 ) ;
#1517 = VECTOR ( 'NONE', #5, 1000.000000000000000 ) ;
#1518 = SURFACE_STYLE_FILL_AREA ( #65 ) ;
#1519 = SURFACE_STYLE_USAGE ( .BOTH. , #1334 ) ;
#1520 = COLOUR_RGB ( '',0.8313725490196077800, 0.8313725490196077800, 0.8313725490196077800 ) ;
#1521 = ORIENTED_EDGE ( 'NONE', *, *, #964, .T. ) ;
#1522 = SURFACE_STYLE_USAGE ( .BOTH. , #258 ) ;
#1523 = EDGE_CURVE ( 'NONE', #1155, #1495, #762, .T. ) ;
#1524 = COLOUR_RGB ( '',0.8313725490196077800, 0.8313725490196077800, 0.8313725490196077800 ) ;
#1525 = AXIS2_PLACEMENT_3D ( 'NONE', #505, #1594, #2099 ) ;
#1526 = SHAPE_REPRESENTATION_RELATIONSHIP ( 'NONE' , 'NONE' ,  #123, #1631 ) ;
#1527 = VERTEX_POINT ( 'NONE', #685 ) ;
#1528 = DIRECTION ( 'NONE',  ( 0.0000000000000000000, 0.0000000000000000000, -1.000000000000000000 ) ) ;
#1529 = EDGE_LOOP ( 'NONE', ( #582, #1721, #2190, #707 ) ) ;
#1530 = LINE ( 'NONE', #514, #1004 ) ;
#1531 = CARTESIAN_POINT ( 'NONE',  ( 7.400000000000000400, 0.0000000000000000000, 0.0000000000000000000 ) ) ;
#1532 = VECTOR ( 'NONE', #2138, 1000.000000000000000 ) ;
#1533 =( BOUNDED_CURVE ( )  B_SPLINE_CURVE ( 3, ( #1454, #1100, #1777, #1481 ),
 .UNSPECIFIED., .F., .F. ) 
 B_SPLINE_CURVE_WITH_KNOTS ( ( 4, 4 ),
 ( 0.0000000000000000000, 0.4997443128376159400 ),
 .UNSPECIFIED. ) 
 CURVE ( )  GEOMETRIC_REPRESENTATION_ITEM ( )  RATIONAL_B_SPLINE_CURVE ( ( 1.000000000000000000, 0.3344038053516021900, 0.3344038053516021900, 1.000000000000000000 ) ) 
 REPRESENTATION_ITEM ( '' )  );
#1534 = CARTESIAN_POINT ( 'NONE',  ( 6.960000000000000000, -3.001145510649000100, -2.399999999999999900 ) ) ;
#1535 = PRODUCT_DEFINITION_SHAPE ( 'NONE', 'NONE',  #765 ) ;
#1536 = DIRECTION ( 'NONE',  ( -0.0000000000000000000, 1.000000000000000000, 0.0000000000000000000 ) ) ;
#1537 = MECHANICAL_DESIGN_GEOMETRIC_PRESENTATION_REPRESENTATION (  '', ( #1168 ), #1653 ) ;
#1538 = FILL_AREA_STYLE_COLOUR ( '', #1862 ) ;
#1539 = MECHANICAL_DESIGN_GEOMETRIC_PRESENTATION_REPRESENTATION (  '', ( #1052 ), #1658 ) ;
#1540 = FILL_AREA_STYLE_COLOUR ( '', #1064 ) ;
#1541 = UNCERTAINTY_MEASURE_WITH_UNIT (LENGTH_MEASURE( 1.000000000000000100E-005 ), #1319, 'distance_accuracy_value', 'NONE');
#1542 = CARTESIAN_POINT ( 'NONE',  ( 7.400000000000000400, 2.404295893517619300, 1.398528076022165000 ) ) ;
#1543 = CIRCLE ( 'NONE', #1525, 2.399999999999999900 ) ;
#1544 = ADVANCED_BREP_SHAPE_REPRESENTATION ( '', ( #625, #851 ), #936 ) ;
#1545 = COLOUR_RGB ( '',0.8313725490196077800, 0.8313725490196077800, 0.8313725490196077800 ) ;
#1546 = FACE_OUTER_BOUND ( 'NONE', #1278, .T. ) ;
#1547 = CARTESIAN_POINT ( 'NONE',  ( 0.0000000000000000000, 0.0000000000000000000, 0.0000000000000000000 ) ) ;
#1548 = PRESENTATION_STYLE_ASSIGNMENT (( #1818 ) ) ;
#1549 = ORIENTED_EDGE ( 'NONE', *, *, #1362, .T. ) ;
#1550 = CARTESIAN_POINT ( 'NONE',  ( 7.500000000000000900, 0.007225875586102346900, 2.358567574935148200 ) ) ;
#1551 = CARTESIAN_POINT ( 'NONE',  ( 0.4299999999999999900, -2.500000000000000000, -2.649999999999999900 ) ) ;
#1552 = VERTEX_POINT ( 'NONE', #2285 ) ;
#1553 = ORIENTED_EDGE ( 'NONE', *, *, #398, .T. ) ;
#1554 =( GEOMETRIC_REPRESENTATION_CONTEXT ( 3 ) GLOBAL_UNCERTAINTY_ASSIGNED_CONTEXT ( ( #684 ) ) GLOBAL_UNIT_ASSIGNED_CONTEXT ( ( #1666, #1116, #1092 ) ) REPRESENTATION_CONTEXT ( 'NONE', 'WORKASPACE' ) );
#1555 = VECTOR ( 'NONE', #1057, 1000.000000000000000 ) ;
#1556 = SURFACE_STYLE_USAGE ( .BOTH. , #287 ) ;
#1557 =( GEOMETRIC_REPRESENTATION_CONTEXT ( 3 ) GLOBAL_UNCERTAINTY_ASSIGNED_CONTEXT ( ( #875 ) ) GLOBAL_UNIT_ASSIGNED_CONTEXT ( ( #950, #2025, #767 ) ) REPRESENTATION_CONTEXT ( 'NONE', 'WORKASPACE' ) );
#1558 =( LENGTH_UNIT ( ) NAMED_UNIT ( * ) SI_UNIT ( .MILLI., .METRE. ) );
#1559 = CLOSED_SHELL ( 'NONE', ( #1279, #713, #1082, #1451, #188, #1293, #164, #2141, #925, #2, #544, #355, #1814, #723, #2314, #2169, #176, #1457 ) ) ;
#1560 =( NAMED_UNIT ( * ) PLANE_ANGLE_UNIT ( ) SI_UNIT ( $, .RADIAN. ) );
#1561 = SURFACE_STYLE_USAGE ( .BOTH. , #460 ) ;
#1562 = FILL_AREA_STYLE_COLOUR ( '', #804 ) ;
#1563 = DIRECTION ( 'NONE',  ( 0.0000000000000000000, 0.0000000000000000000, -1.000000000000000000 ) ) ;
#1564 = CARTESIAN_POINT ( 'NONE',  ( 7.499999999999998200, -0.3690099418128541300, -2.278640049734642400 ) ) ;
#1565 =( NAMED_UNIT ( * ) SI_UNIT ( $, .STERADIAN. ) SOLID_ANGLE_UNIT ( ) );
#1566 = CARTESIAN_POINT ( 'NONE',  ( 6.969445897163278200, 2.353621941869497500, -1.388891098941173100 ) ) ;
#1567 =( GEOMETRIC_REPRESENTATION_CONTEXT ( 3 ) GLOBAL_UNCERTAINTY_ASSIGNED_CONTEXT ( ( #165 ) ) GLOBAL_UNIT_ASSIGNED_CONTEXT ( ( #553, #1641, #375 ) ) REPRESENTATION_CONTEXT ( 'NONE', 'WORKASPACE' ) );
#1568 = EDGE_CURVE ( 'NONE', #421, #1435, #449, .T. ) ;
#1569 =( NAMED_UNIT ( * ) PLANE_ANGLE_UNIT ( ) SI_UNIT ( $, .RADIAN. ) );
#1570 = SURFACE_SIDE_STYLE ('',( #1357 ) ) ;
#1571 = CIRCLE ( 'NONE', #2230, 2.500000000000000000 ) ;
#1572 = DIRECTION ( 'NONE',  ( 0.0000000000000000000, -0.7071067811865474600, 0.7071067811865474600 ) ) ;
#1573 = CARTESIAN_POINT ( 'NONE',  ( 6.970004478851023100, 1.339364241691837000, -2.303366687058146800 ) ) ;
#1574 = COLOUR_RGB ( '',0.8313725490196077800, 0.8313725490196077800, 0.8313725490196077800 ) ;
#1575 = ITEM_DEFINED_TRANSFORMATION ( 'NONE', 'NONE', #2131,  #851 ) ;
#1576 = VERTEX_POINT ( 'NONE', #1221 ) ;
#1577 =( NAMED_UNIT ( * ) SI_UNIT ( $, .STERADIAN. ) SOLID_ANGLE_UNIT ( ) );
#1578 = ORIENTED_EDGE ( 'NONE', *, *, #2189, .F. ) ;
#1579 = SURFACE_STYLE_USAGE ( .BOTH. , #1593 ) ;
#1580 = DIRECTION ( 'NONE',  ( 0.0000000000000000000, 0.0000000000000000000, -1.000000000000000000 ) ) ;
#1581 = VERTEX_POINT ( 'NONE', #2101 ) ;
#1582 = FILL_AREA_STYLE_COLOUR ( '', #901 ) ;
#1583 = COLOUR_RGB ( '',0.0000000000000000000, 0.5019607843137254800, 0.0000000000000000000 ) ;
#1584 = AXIS2_PLACEMENT_3D ( 'NONE', #27, #1307, #217 ) ;
#1585 = AXIS2_PLACEMENT_3D ( 'NONE', #486, #1761, #1044 ) ;
#1586 = STYLED_ITEM ( 'NONE', ( #101 ), #2039 ) ;
#1587 = AXIS2_PLACEMENT_3D ( 'NONE', #771, #1854, #591 ) ;
#1588 = CARTESIAN_POINT ( 'NONE',  ( 7.500000000000001800, -2.180636415365708700, 0.7331983517365471300 ) ) ;
#1589 = PRODUCT ( '4', '4', '', ( #1621 ) ) ;
#1590 = SURFACE_SIDE_STYLE ('',( #1996 ) ) ;
#1591 = CARTESIAN_POINT ( 'NONE',  ( 0.5300000000000001400, 0.0000000000000000000, 0.0000000000000000000 ) ) ;
#1592 = FILL_AREA_STYLE_COLOUR ( '', #1122 ) ;
#1593 = SURFACE_SIDE_STYLE ('',( #46 ) ) ;
#1594 = DIRECTION ( 'NONE',  ( -1.000000000000000000, -0.0000000000000000000, -0.0000000000000000000 ) ) ;
#1595 = DIRECTION ( 'NONE',  ( 1.000000000000000000, 0.0000000000000000000, 0.0000000000000000000 ) ) ;
#1596 = PRESENTATION_LAYER_ASSIGNMENT (  '', '', ( #1716 ) ) ;
#1597 = EDGE_CURVE ( 'NONE', #339, #2072, #1179, .T. ) ;
#1598 = DIRECTION ( 'NONE',  ( 1.000000000000000000, 0.0000000000000000000, 0.0000000000000000000 ) ) ;
#1599 = FACE_OUTER_BOUND ( 'NONE', #2026, .T. ) ;
#1600 =( BOUNDED_CURVE ( )  B_SPLINE_CURVE ( 3, ( #508, #1780, #1408, #146 ),
 .UNSPECIFIED., .F., .T. ) 
 B_SPLINE_CURVE_WITH_KNOTS ( ( 4, 4 ),
 ( 4.712388980384689700, 6.283185307179586200 ),
 .UNSPECIFIED. ) 
 CURVE ( )  GEOMETRIC_REPRESENTATION_ITEM ( )  RATIONAL_B_SPLINE_CURVE ( ( 1.000000000000000000, 0.8047378541243649400, 0.8047378541243649400, 1.000000000000000000 ) ) 
 REPRESENTATION_ITEM ( '' )  );
#1601 = FILL_AREA_STYLE ('',( #1038 ) ) ;
#1602 = DIRECTION ( 'NONE',  ( 0.0000000000000000000, 0.0000000000000000000, 1.000000000000000000 ) ) ;
#1603 = VERTEX_POINT ( 'NONE', #1928 ) ;
#1604 = FILL_AREA_STYLE ('',( #1616 ) ) ;
#1605 = PRESENTATION_STYLE_ASSIGNMENT (( #169 ) ) ;
#1606 = EDGE_LOOP ( 'NONE', ( #698, #872, #491, #2325 ) ) ;
#1607 =( LENGTH_UNIT ( ) NAMED_UNIT ( * ) SI_UNIT ( .MILLI., .METRE. ) );
#1608 = ORIENTED_EDGE ( 'NONE', *, *, #14, .F. ) ;
#1609 = PRODUCT_DEFINITION_CONTEXT ( 'detailed design', #1276, 'design' ) ;
#1610 = ORIENTED_EDGE ( 'NONE', *, *, #2002, .F. ) ;
#1611 = EDGE_CURVE ( 'NONE', #128, #277, #2070, .T. ) ;
#1612 = CARTESIAN_POINT ( 'NONE',  ( 6.970000000000000600, 2.314760634761887200, 4.592590032188452300 ) ) ;
#1613 = FILL_AREA_STYLE ('',( #1966 ) ) ;
#1614 = ADVANCED_FACE ( 'NONE', ( #1469 ), #2273, .F. ) ;
#1615 = UNCERTAINTY_MEASURE_WITH_UNIT (LENGTH_MEASURE( 1.000000000000000100E-005 ), #735, 'distance_accuracy_value', 'NONE');
#1616 = FILL_AREA_STYLE_COLOUR ( '', #1176 ) ;
#1617 = APPLICATION_PROTOCOL_DEFINITION ( 'draft international standard', 'automotive_design', 1998, #349 ) ;
#1618 = PRODUCT_RELATED_PRODUCT_CATEGORY ( 'part', '', ( #1398 ) ) ;
#1619 = CARTESIAN_POINT ( 'NONE',  ( 7.500000000000000000, 1.144312456430941000, 2.020171784452977200 ) ) ;
#1620 = CARTESIAN_POINT ( 'NONE',  ( 2.366232917122708000E-016, 2.458578644288814000, 2.041421355711187300 ) ) ;
#1621 = PRODUCT_CONTEXT ( 'NONE', #2313, 'mechanical' ) ;
#1622 = ADVANCED_FACE ( 'NONE', ( #813 ), #1807, .T. ) ;
#1623 = DIRECTION ( 'NONE',  ( 1.000000000000000000, 0.0000000000000000000, 0.0000000000000000000 ) ) ;
#1624 = CARTESIAN_POINT ( 'NONE',  ( 0.1000000011327500100, 2.499999999999999600, -2.000000000000000900 ) ) ;
#1625 = COLOUR_RGB ( '',0.8313725490196077800, 0.8313725490196077800, 0.8313725490196077800 ) ;
#1626 = AXIS2_PLACEMENT_3D ( 'NONE', #354, #1261, #171 ) ;
#1627 = PRESENTATION_LAYER_ASSIGNMENT (  '', '', ( #1509 ) ) ;
#1628 = CARTESIAN_POINT ( 'NONE',  ( 7.400000000000000400, -2.399988736781520700, 0.007352776471670401600 ) ) ;
#1629 = AXIS2_PLACEMENT_3D ( 'NONE', #1384, #1020, #1378 ) ;
#1630 =( REPRESENTATION_RELATIONSHIP ('NONE','NONE', #2260, #1498 ) REPRESENTATION_RELATIONSHIP_WITH_TRANSFORMATION ( #727 )SHAPE_REPRESENTATION_RELATIONSHIP( ) );
#1631 = ADVANCED_BREP_SHAPE_REPRESENTATION ( '', ( #2221, #851 ), #611 ) ;
#1632 = CONTEXT_DEPENDENT_SHAPE_REPRESENTATION ( #1630, #1234 ) ;
#1633 = ORIENTED_EDGE ( 'NONE', *, *, #9, .T. ) ;
#1634 = ORIENTED_EDGE ( 'NONE', *, *, #1028, .T. ) ;
#1635 = FACE_OUTER_BOUND ( 'NONE', #1077, .T. ) ;
#1636 = SURFACE_SIDE_STYLE ('',( #2148 ) ) ;
#1637 = SURFACE_SIDE_STYLE ('',( #1961 ) ) ;
#1638 = SURFACE_STYLE_USAGE ( .BOTH. , #2324 ) ;
#1639 = ADVANCED_FACE ( 'NONE', ( #395 ), #1688, .T. ) ;
#1640 = ORIENTED_EDGE ( 'NONE', *, *, #1083, .T. ) ;
#1641 =( NAMED_UNIT ( * ) PLANE_ANGLE_UNIT ( ) SI_UNIT ( $, .RADIAN. ) );
#1642 = SURFACE_STYLE_FILL_AREA ( #143 ) ;
#1643 = STYLED_ITEM ( 'NONE', ( #465 ), #1614 ) ;
#1644 = EDGE_CURVE ( 'NONE', #366, #759, #159, .T. ) ;
#1645 = AXIS2_PLACEMENT_3D ( 'NONE', #1314, #941, #1811 ) ;
#1646 = DIRECTION ( 'NONE',  ( 0.0000000000000000000, -0.0000000000000000000, -1.000000000000000000 ) ) ;
#1647 = FILL_AREA_STYLE_COLOUR ( '', #1574 ) ;
#1648 = FILL_AREA_STYLE ('',( #2010 ) ) ;
#1649 = ADVANCED_FACE ( 'NONE', ( #861, #11 ), #201, .T. ) ;
#1650 = FILL_AREA_STYLE ('',( #1540 ) ) ;
#1651 = EDGE_CURVE ( 'NONE', #523, #50, #956, .T. ) ;
#1652 = DIRECTION ( 'NONE',  ( -0.0000000000000000000, 1.000000000000000000, 0.0000000000000000000 ) ) ;
#1653 =( GEOMETRIC_REPRESENTATION_CONTEXT ( 3 ) GLOBAL_UNCERTAINTY_ASSIGNED_CONTEXT ( ( #2193 ) ) GLOBAL_UNIT_ASSIGNED_CONTEXT ( ( #264, #623, #975 ) ) REPRESENTATION_CONTEXT ( 'NONE', 'WORKASPACE' ) );
#1654 = SURFACE_STYLE_FILL_AREA ( #1292 ) ;
#1655 =( NAMED_UNIT ( * ) PLANE_ANGLE_UNIT ( ) SI_UNIT ( $, .RADIAN. ) );
#1656 = CARTESIAN_POINT ( 'NONE',  ( 0.5300000000000001400, 1.950000000000000400, -2.549999999999999800 ) ) ;
#1657 = FILL_AREA_STYLE_COLOUR ( '', #1851 ) ;
#1658 =( GEOMETRIC_REPRESENTATION_CONTEXT ( 3 ) GLOBAL_UNCERTAINTY_ASSIGNED_CONTEXT ( ( #616 ) ) GLOBAL_UNIT_ASSIGNED_CONTEXT ( ( #783, #2037, #970 ) ) REPRESENTATION_CONTEXT ( 'NONE', 'WORKASPACE' ) );
#1659 = AXIS2_PLACEMENT_3D ( 'NONE', #2299, #1241, #147 ) ;
#1660 = ORIENTED_EDGE ( 'NONE', *, *, #794, .T. ) ;
#1661 = ORIENTED_EDGE ( 'NONE', *, *, #311, .T. ) ;
#1662 = ORIENTED_EDGE ( 'NONE', *, *, #1644, .F. ) ;
#1663 =( LENGTH_UNIT ( ) NAMED_UNIT ( * ) SI_UNIT ( .MILLI., .METRE. ) );
#1664 = SURFACE_STYLE_FILL_AREA ( #1335 ) ;
#1665 = ORIENTED_EDGE ( 'NONE', *, *, #1390, .F. ) ;
#1666 =( LENGTH_UNIT ( ) NAMED_UNIT ( * ) SI_UNIT ( .MILLI., .METRE. ) );
#1667 = SURFACE_STYLE_USAGE ( .BOTH. , #36 ) ;
#1668 = FILL_AREA_STYLE ('',( #579 ) ) ;
#1669 =( BOUNDED_CURVE ( )  B_SPLINE_CURVE ( 3, ( #396, #1841, #937, #2011 ),
 .UNSPECIFIED., .F., .F. ) 
 B_SPLINE_CURVE_WITH_KNOTS ( ( 4, 4 ),
 ( 0.4997443128376159400, 1.000000000000000000 ),
 .UNSPECIFIED. ) 
 CURVE ( )  GEOMETRIC_REPRESENTATION_ITEM ( )  RATIONAL_B_SPLINE_CURVE ( ( 1.000000000000000000, 0.3333333333424638400, 0.3333333333424638400, 1.000000000000000000 ) ) 
 REPRESENTATION_ITEM ( '' )  );
#1670 = CARTESIAN_POINT ( 'NONE',  ( 6.960000000000000000, 0.0000000000000000000, 0.0000000000000000000 ) ) ;
#1671 = FILL_AREA_STYLE_COLOUR ( '', #751 ) ;
#1672 = DIRECTION ( 'NONE',  ( 0.0000000000000000000, 1.000000000000000000, 0.0000000000000000000 ) ) ;
#1673 = DIRECTION ( 'NONE',  ( 0.0000000000000000000, 0.0000000000000000000, -1.000000000000000000 ) ) ;
#1674 =( NAMED_UNIT ( * ) PLANE_ANGLE_UNIT ( ) SI_UNIT ( $, .RADIAN. ) );
#1675 = CARTESIAN_POINT ( 'NONE',  ( 3.000000000000000000, 0.0000000000000000000, 0.0000000000000000000 ) ) ;
#1676 =( NAMED_UNIT ( * ) SI_UNIT ( $, .STERADIAN. ) SOLID_ANGLE_UNIT ( ) );
#1677 = FACE_OUTER_BOUND ( 'NONE', #1405, .T. ) ;
#1678 = VECTOR ( 'NONE', #979, 1000.000000000000000 ) ;
#1679 = CARTESIAN_POINT ( 'NONE',  ( 0.1000000000000000100, -1.850000000000000500, -2.649999999999999500 ) ) ;
#1680 = PRESENTATION_STYLE_ASSIGNMENT (( #1450 ) ) ;
#1681 = STYLED_ITEM ( 'NONE', ( #270 ), #1451 ) ;
#1682 = FILL_AREA_STYLE ('',( #962 ) ) ;
#1683 = EDGE_CURVE ( 'NONE', #1892, #646, #1180, .T. ) ;
#1684 = AXIS2_PLACEMENT_3D ( 'NONE', #2202, #89, #451 ) ;
#1685 =( NAMED_UNIT ( * ) SI_UNIT ( $, .STERADIAN. ) SOLID_ANGLE_UNIT ( ) );
#1686 = ORIENTED_EDGE ( 'NONE', *, *, #428, .F. ) ;
#1687 = CARTESIAN_POINT ( 'NONE',  ( 0.0000000000000000000, 2.500000000000000000, -2.500000000000000000 ) ) ;
#1688 = CYLINDRICAL_SURFACE ( 'NONE', #1837, 2.399999999999999900 ) ;
#1689 = PRESENTATION_STYLE_ASSIGNMENT (( #849 ) ) ;
#1690 = ORIENTED_EDGE ( 'NONE', *, *, #512, .T. ) ;
#1691 =( NAMED_UNIT ( * ) PLANE_ANGLE_UNIT ( ) SI_UNIT ( $, .RADIAN. ) );
#1692 = LINE ( 'NONE', #1209, #2158 ) ;
#1693 = CARTESIAN_POINT ( 'NONE',  ( 0.0000000000000000000, 0.0000000000000000000, -2.500000000000000000 ) ) ;
#1694 = CIRCLE ( 'NONE', #2093, 2.400000000000000400 ) ;
#1695 = EDGE_LOOP ( 'NONE', ( #448, #1742, #463 ) ) ;
#1696 = ORIENTED_EDGE ( 'NONE', *, *, #311, .F. ) ;
#1697 = DIRECTION ( 'NONE',  ( 1.000000000000000000, 0.0000000000000000000, -0.0000000000000000000 ) ) ;
#1698 = CARTESIAN_POINT ( 'NONE',  ( 7.500000000000000000, 0.0000000000000000000, 0.0000000000000000000 ) ) ;
#1699 = EDGE_CURVE ( 'NONE', #1857, #1158, #757, .T. ) ;
#1700 =( NAMED_UNIT ( * ) PLANE_ANGLE_UNIT ( ) SI_UNIT ( $, .RADIAN. ) );
#1701 = UNCERTAINTY_MEASURE_WITH_UNIT (LENGTH_MEASURE( 1.000000000000000100E-005 ), #231, 'distance_accuracy_value', 'NONE');
#1702 = STYLED_ITEM ( 'NONE', ( #1866 ), #2114 ) ;
#1703 = PRESENTATION_LAYER_ASSIGNMENT (  '', '', ( #1463 ) ) ;
#1704 = PRESENTATION_LAYER_ASSIGNMENT (  '', '', ( #1586 ) ) ;
#1705 = FILL_AREA_STYLE_COLOUR ( '', #353 ) ;
#1706 = AXIS2_PLACEMENT_3D ( 'NONE', #1505, #242, #1320 ) ;
#1707 = CARTESIAN_POINT ( 'NONE',  ( 6.750000000000000000, 0.0000000000000000000, 0.0000000000000000000 ) ) ;
#1708 = DIRECTION ( 'NONE',  ( 0.0000000000000000000, -0.9999953069923001000, 0.003063656863196000000 ) ) ;
#1709 = FILL_AREA_STYLE ('',( #255 ) ) ;
#1710 = CARTESIAN_POINT ( 'NONE',  ( 0.0000000000000000000, 0.0000000000000000000, 0.0000000000000000000 ) ) ;
#1711 = UNCERTAINTY_MEASURE_WITH_UNIT (LENGTH_MEASURE( 1.000000000000000100E-005 ), #506, 'distance_accuracy_value', 'NONE');
#1712 = CARTESIAN_POINT ( 'NONE',  ( 0.5300000000000001400, 2.400000000000000400, -2.100000000000000500 ) ) ;
#1713 = SURFACE_STYLE_FILL_AREA ( #40 ) ;
#1714 = LINE ( 'NONE', #864, #637 ) ;
#1715 = LINE ( 'NONE', #1141, #1994 ) ;
#1716 = STYLED_ITEM ( 'NONE', ( #1605 ), #1649 ) ;
#1717 = VERTEX_POINT ( 'NONE', #510 ) ;
#1718 = FILL_AREA_STYLE ('',( #1538 ) ) ;
#1719 = EDGE_CURVE ( 'NONE', #2266, #732, #1802, .T. ) ;
#1720 = ORIENTED_EDGE ( 'NONE', *, *, #1162, .F. ) ;
#1721 = ORIENTED_EDGE ( 'NONE', *, *, #681, .T. ) ;
#1722 = CARTESIAN_POINT ( 'NONE',  ( 0.1000000022653999400, -2.499999999999999600, -9.018000000000002500 ) ) ;
#1723 =( NAMED_UNIT ( * ) SI_UNIT ( $, .STERADIAN. ) SOLID_ANGLE_UNIT ( ) );
#1724 = CARTESIAN_POINT ( 'NONE',  ( 7.458578643762691300, -2.399988736781915500, 0.007352776342951093800 ) ) ;
#1725 = ORIENTED_EDGE ( 'NONE', *, *, #108, .F. ) ;
#1726 = CARTESIAN_POINT ( 'NONE',  ( 0.0000000000000000000, 0.0000000000000000000, 0.0000000000000000000 ) ) ;
#1727 = CARTESIAN_POINT ( 'NONE',  ( 0.04142135684390874100, -2.500000000663520300, 1.999999999336481000 ) ) ;
#1728 =( LENGTH_UNIT ( ) NAMED_UNIT ( * ) SI_UNIT ( .MILLI., .METRE. ) );
#1729 = CARTESIAN_POINT ( 'NONE',  ( 7.500000000000000000, 2.362800394890412800, 1.374391022003500700 ) ) ;
#1730 = EDGE_CURVE ( 'NONE', #390, #1158, #938, .T. ) ;
#1731 = STYLED_ITEM ( 'NONE', ( #1801 ), #713 ) ;
#1732 =( NAMED_UNIT ( * ) PLANE_ANGLE_UNIT ( ) SI_UNIT ( $, .RADIAN. ) );
#1733 = PRODUCT_DEFINITION_FORMATION_WITH_SPECIFIED_SOURCE ( 'ANY', '', #1229, .NOT_KNOWN. ) ;
#1734 = CARTESIAN_POINT ( 'NONE',  ( 7.500000000000003600, -0.7339225355171664600, -2.180395171187973900 ) ) ;
#1735 = FILL_AREA_STYLE ('',( #1012 ) ) ;
#1736 = LINE ( 'NONE', #984, #1317 ) ;
#1737 = DIRECTION ( 'NONE',  ( 0.0000000000000000000, 0.0000000000000000000, 1.000000000000000000 ) ) ;
#1738 = UNCERTAINTY_MEASURE_WITH_UNIT (LENGTH_MEASURE( 1.000000000000000100E-005 ), #603, 'distance_accuracy_value', 'NONE');
#1739 = SURFACE_STYLE_FILL_AREA ( #1784 ) ;
#1740 = FILL_AREA_STYLE ('',( #1359 ) ) ;
#1741 = SHAPE_DEFINITION_REPRESENTATION ( #502, #2255 ) ;
#1742 = ORIENTED_EDGE ( 'NONE', *, *, #1352, .F. ) ;
#1743 =( LENGTH_UNIT ( ) NAMED_UNIT ( * ) SI_UNIT ( .MILLI., .METRE. ) );
#1744 = DIRECTION ( 'NONE',  ( 1.000000000000000000, -0.0000000000000000000, 0.0000000000000000000 ) ) ;
#1745 = SURFACE_STYLE_FILL_AREA ( #192 ) ;
#1746 = VERTEX_POINT ( 'NONE', #1007 ) ;
#1747 = PRESENTATION_LAYER_ASSIGNMENT (  '', '', ( #1014 ) ) ;
#1748 = AXIS2_PLACEMENT_3D ( 'NONE', #365, #543, #904 ) ;
#1749 = ORIENTED_EDGE ( 'NONE', *, *, #2103, .T. ) ;
#1750 = MECHANICAL_DESIGN_GEOMETRIC_PRESENTATION_REPRESENTATION (  '', ( #1509 ), #1870 ) ;
#1751 = PRESENTATION_STYLE_ASSIGNMENT (( #1242 ) ) ;
#1752 = MECHANICAL_DESIGN_GEOMETRIC_PRESENTATION_REPRESENTATION (  '', ( #1512 ), #1873 ) ;
#1753 = CARTESIAN_POINT ( 'NONE',  ( 0.2650000000000000700, 2.250000000000000400, 2.250000000000000400 ) ) ;
#1754 = CARTESIAN_POINT ( 'NONE',  ( -1.355252715606880500E-017, 1.950000000000000600, 2.549999999999999400 ) ) ;
#1755 =( BOUNDED_CURVE ( )  B_SPLINE_CURVE ( 3, ( #55, #958, #2205, #1858 ),
 .UNSPECIFIED., .F., .T. ) 
 B_SPLINE_CURVE_WITH_KNOTS ( ( 4, 4 ),
 ( 1.570796326794897700, 3.141592653589792700 ),
 .UNSPECIFIED. ) 
 CURVE ( )  GEOMETRIC_REPRESENTATION_ITEM ( )  RATIONAL_B_SPLINE_CURVE ( ( 1.000000000000000000, 0.8047378541243653800, 0.8047378541243653800, 1.000000000000000000 ) ) 
 REPRESENTATION_ITEM ( '' )  );
#1756 = FILL_AREA_STYLE_COLOUR ( '', #301 ) ;
#1757 = EDGE_CURVE ( 'NONE', #1039, #1128, #699, .T. ) ;
#1758 =( NAMED_UNIT ( * ) PLANE_ANGLE_UNIT ( ) SI_UNIT ( $, .RADIAN. ) );
#1759 = CARTESIAN_POINT ( 'NONE',  ( 3.000000000000000000, 0.0000000000000000000, 0.0000000000000000000 ) ) ;
#1760 = CARTESIAN_POINT ( 'NONE',  ( 6.969445897163278200, 2.358057946998104400, -0.007572734436340360800 ) ) ;
#1761 = DIRECTION ( 'NONE',  ( 1.000000000000000000, 0.0000000000000000000, 0.0000000000000000000 ) ) ;
#1762 = EDGE_CURVE ( 'NONE', #1581, #1495, #644, .T. ) ;
#1763 = PRESENTATION_LAYER_ASSIGNMENT (  '', '', ( #1393 ) ) ;
#1764 = FILL_AREA_STYLE ('',( #488 ) ) ;
#1765 = CARTESIAN_POINT ( 'NONE',  ( 7.500000000000000000, -0.8192546804310456600, -2.149235923860303800 ) ) ;
#1766 = CARTESIAN_POINT ( 'NONE',  ( 7.500000000000000000, -2.149537325987143100, 0.8184615049886332400 ) ) ;
#1767 = PRODUCT ( '3', '3', '', ( #1977 ) ) ;
#1768 = FILL_AREA_STYLE ('',( #1437 ) ) ;
#1769 = CARTESIAN_POINT ( 'NONE',  ( 0.4299999988675500300, 2.499999999999999600, -2.000000000000001800 ) ) ;
#1770 = FACE_OUTER_BOUND ( 'NONE', #1402, .T. ) ;
#1771 = SURFACE_SIDE_STYLE ('',( #640 ) ) ;
#1772 = ORIENTED_EDGE ( 'NONE', *, *, #1240, .T. ) ;
#1773 = COLOUR_RGB ( '',0.8313725490196077800, 0.8313725490196077800, 0.8313725490196077800 ) ;
#1774 = UNCERTAINTY_MEASURE_WITH_UNIT (LENGTH_MEASURE( 1.000000000000000100E-005 ), #314, 'distance_accuracy_value', 'NONE');
#1775 = ORIENTED_EDGE ( 'NONE', *, *, #2271, .T. ) ;
#1776 = VERTEX_POINT ( 'NONE', #883 ) ;
#1777 = CARTESIAN_POINT ( 'NONE',  ( 6.969999999999999800, 2.285262952765934500, -4.592631466887648500 ) ) ;
#1778 = CARTESIAN_POINT ( 'NONE',  ( 0.2650000000000000700, -2.250000000000000400, -2.250000000000000400 ) ) ;
#1779 = ORIENTED_EDGE ( 'NONE', *, *, #2103, .F. ) ;
#1780 = CARTESIAN_POINT ( 'NONE',  ( -3.786577659949341200E-017, -1.891421356237310100, 2.608578643762690300 ) ) ;
#1781 = AXIS2_PLACEMENT_3D ( 'NONE', #2224, #1161, #68 ) ;
#1782 = DIRECTION ( 'NONE',  ( 0.0000000000000000000, 0.0000000000000000000, 1.000000000000000000 ) ) ;
#1783 = AXIS2_PLACEMENT_3D ( 'NONE', #1410, #337, #1598 ) ;
#1784 = FILL_AREA_STYLE ('',( #1246 ) ) ;
#1785 =( BOUNDED_CURVE ( )  B_SPLINE_CURVE ( 3, ( #82, #1727, #1230, #1391 ),
 .UNSPECIFIED., .F., .F. ) 
 B_SPLINE_CURVE_WITH_KNOTS ( ( 4, 4 ),
 ( 3.141592642262793300, 4.712388980384689700 ),
 .UNSPECIFIED. ) 
 CURVE ( )  GEOMETRIC_REPRESENTATION_ITEM ( )  RATIONAL_B_SPLINE_CURVE ( ( 1.000000000000000000, 0.8047378514545654400, 0.8047378514545654400, 1.000000000000000000 ) ) 
 REPRESENTATION_ITEM ( '' )  );
#1786 = PLANE ( 'NONE',  #1287 ) ;
#1787 =( NAMED_UNIT ( * ) SI_UNIT ( $, .STERADIAN. ) SOLID_ANGLE_UNIT ( ) );
#1788 = ADVANCED_FACE ( 'NONE', ( #462 ), #151, .T. ) ;
#1789 = UNCERTAINTY_MEASURE_WITH_UNIT (LENGTH_MEASURE( 1.000000000000000100E-005 ), #2102, 'distance_accuracy_value', 'NONE');
#1790 = DIRECTION ( 'NONE',  ( 0.0000000000000000000, 0.0000000000000000000, -1.000000000000000000 ) ) ;
#1791 = CARTESIAN_POINT ( 'NONE',  ( 0.5300000000000000300, 1.250000000000000000, 2.549999999999999800 ) ) ;
#1792 =( NAMED_UNIT ( * ) PLANE_ANGLE_UNIT ( ) SI_UNIT ( $, .RADIAN. ) );
#1793 = STYLED_ITEM ( 'NONE', ( #2232 ), #1814 ) ;
#1794 = STYLED_ITEM ( 'NONE', ( #153 ), #176 ) ;
#1795 = APPLICATION_CONTEXT ( 'automotive_design' ) ;
#1796 = CIRCLE ( 'NONE', #2173, 0.09999999999999993600 ) ;
#1797 = PRESENTATION_STYLE_ASSIGNMENT (( #2251 ) ) ;
#1798 = CARTESIAN_POINT ( 'NONE',  ( 7.499999999999998200, 1.403325222232896200, 1.849820256214590000 ) ) ;
#1799 = ADVANCED_FACE ( 'NONE', ( #1599 ), #1844, .F. ) ;
#1800 = ORIENTED_EDGE ( 'NONE', *, *, #263, .T. ) ;
#1801 = PRESENTATION_STYLE_ASSIGNMENT (( #1816 ) ) ;
#1802 = LINE ( 'NONE', #564, #807 ) ;
#1803 = APPLICATION_PROTOCOL_DEFINITION ( 'draft international standard', 'automotive_design', 1998, #541 ) ;
#1804 = ORIENTED_EDGE ( 'NONE', *, *, #237, .T. ) ;
#1805 = VECTOR ( 'NONE', #828, 1000.000000000000000 ) ;
#1806 = ORIENTED_EDGE ( 'NONE', *, *, #260, .T. ) ;
#1807 = CYLINDRICAL_SURFACE ( 'NONE', #1239, 2.500000000000000000 ) ;
#1808 = EDGE_CURVE ( 'NONE', #700, #1003, #2178, .T. ) ;
#1809 = AXIS2_PLACEMENT_3D ( 'NONE', #332, #1947, #1407 ) ;
#1810 = CARTESIAN_POINT ( 'NONE',  ( 6.970000000000000600, -2.285215644893629200, 4.607362527122581300 ) ) ;
#1811 = DIRECTION ( 'NONE',  ( 0.0000000000000000000, 0.0000000000000000000, -1.000000000000000000 ) ) ;
#1812 = CARTESIAN_POINT ( 'NONE',  ( 7.458578643762691300, -2.414694289724861800, -4.792624697091370400 ) ) ;
#1813 =( REPRESENTATION_RELATIONSHIP ('NONE','NONE', #2260, #2255 ) REPRESENTATION_RELATIONSHIP_WITH_TRANSFORMATION ( #1152 )SHAPE_REPRESENTATION_RELATIONSHIP( ) );
#1814 = ADVANCED_FACE ( 'NONE', ( #214 ), #702, .T. ) ;
#1815 = CARTESIAN_POINT ( 'NONE',  ( 0.04142135684393551800, 2.500000000663549200, -1.999999999336451900 ) ) ;
#1816 = SURFACE_STYLE_USAGE ( .BOTH. , #1637 ) ;
#1817 = FILL_AREA_STYLE_COLOUR ( '', #2282 ) ;
#1818 = SURFACE_STYLE_USAGE ( .BOTH. , #740 ) ;
#1819 = CARTESIAN_POINT ( 'NONE',  ( 0.0000000000000000000, -2.500000000000000000, -2.000000000000000400 ) ) ;
#1820 = ADVANCED_FACE ( 'NONE', ( #2079 ), #1113, .T. ) ;
#1821 = PRESENTATION_LAYER_ASSIGNMENT (  '', '', ( #1702 ) ) ;
#1822 = MECHANICAL_DESIGN_GEOMETRIC_PRESENTATION_REPRESENTATION (  '', ( #1463 ), #1937 ) ;
#1823 = MECHANICAL_DESIGN_GEOMETRIC_PRESENTATION_REPRESENTATION (  '', ( #1586 ), #1939 ) ;
#1824 =( NAMED_UNIT ( * ) PLANE_ANGLE_UNIT ( ) SI_UNIT ( $, .RADIAN. ) );
#1825 = PRESENTATION_STYLE_ASSIGNMENT (( #1638 ) ) ;
#1826 = STYLED_ITEM ( 'NONE', ( #753 ), #1293 ) ;
#1827 = VECTOR ( 'NONE', #1513, 1000.000000000000000 ) ;
#1828 = ORIENTED_EDGE ( 'NONE', *, *, #1288, .F. ) ;
#1829 = CARTESIAN_POINT ( 'NONE',  ( 7.011421356237308400, -2.399987624168096200, 0.007707388661284874900 ) ) ;
#1830 = CARTESIAN_POINT ( 'NONE',  ( 7.499999999999999100, 2.084925004815072900, 0.9728396115251840600 ) ) ;
#1831 = CARTESIAN_POINT ( 'NONE',  ( 0.0000000000000000000, 1.950000000000000000, -2.549999999999999800 ) ) ;
#1832 = EDGE_LOOP ( 'NONE', ( #2127, #1772, #73, #787, #1069, #1662 ) ) ;
#1833 = COLOUR_RGB ( '',0.7921568627450980000, 0.8196078431372548800, 0.9333333333333333500 ) ;
#1834 = ORIENTED_EDGE ( 'NONE', *, *, #384, .T. ) ;
#1835 = ORIENTED_EDGE ( 'NONE', *, *, #1838, .T. ) ;
#1836 = FILL_AREA_STYLE_COLOUR ( '', #963 ) ;
#1837 = AXIS2_PLACEMENT_3D ( 'NONE', #721, #1216, #1474 ) ;
#1838 = EDGE_CURVE ( 'NONE', #2291, #2133, #1533, .T. ) ;
#1839 =( NAMED_UNIT ( * ) SI_UNIT ( $, .STERADIAN. ) SOLID_ANGLE_UNIT ( ) );
#1840 =( NAMED_UNIT ( * ) SI_UNIT ( $, .STERADIAN. ) SOLID_ANGLE_UNIT ( ) );
#1841 = CARTESIAN_POINT ( 'NONE',  ( 6.969999999999999800, 2.314760634635685500, 4.592590032125856100 ) ) ;
#1842 =( NAMED_UNIT ( * ) SI_UNIT ( $, .STERADIAN. ) SOLID_ANGLE_UNIT ( ) );
#1843 = UNCERTAINTY_MEASURE_WITH_UNIT (LENGTH_MEASURE( 1.000000000000000100E-005 ), #1254, 'distance_accuracy_value', 'NONE');
#1844 = PLANE ( 'NONE',  #1909 ) ;
#1845 = DIRECTION ( 'NONE',  ( 0.0000000000000000000, -0.9999948434033735200, 0.003211411942202045100 ) ) ;
#1846 = CARTESIAN_POINT ( 'NONE',  ( 3.000000000000000000, 3.061616997868383100E-016, 2.500000000000000000 ) ) ;
#1847 = EDGE_CURVE ( 'NONE', #1400, #2072, #400, .T. ) ;
#1848 = CARTESIAN_POINT ( 'NONE',  ( 7.500000000000000000, 0.0000000000000000000, 0.0000000000000000000 ) ) ;
#1849 = EDGE_CURVE ( 'NONE', #866, #1217, #1475, .T. ) ;
#1850 = PRESENTATION_LAYER_ASSIGNMENT (  '', '', ( #1731 ) ) ;
#1851 = COLOUR_RGB ( '',0.8313725490196077800, 0.8313725490196077800, 0.8313725490196077800 ) ;
#1852 = LINE ( 'NONE', #1344, #859 ) ;
#1853 = PRODUCT_RELATED_PRODUCT_CATEGORY ( 'part', '', ( #1229 ) ) ;
#1854 = DIRECTION ( 'NONE',  ( 1.000000000000000000, 0.0000000000000000000, 0.0000000000000000000 ) ) ;
#1855 = CYLINDRICAL_SURFACE ( 'NONE', #207, 0.09999999999999982500 ) ;
#1856 = UNCERTAINTY_MEASURE_WITH_UNIT (LENGTH_MEASURE( 1.000000000000000100E-005 ), #820, 'distance_accuracy_value', 'NONE');
#1857 = VERTEX_POINT ( 'NONE', #749 ) ;
#1858 = CARTESIAN_POINT ( 'NONE',  ( 0.4300000000000000500, 1.850000000000000500, 2.649999999999999900 ) ) ;
#1859 = ORIENTED_EDGE ( 'NONE', *, *, #1286, .F. ) ;
#1860 = CARTESIAN_POINT ( 'NONE',  ( 0.4885786437626906100, -1.850000000000000100, 2.649999999999999000 ) ) ;
#1861 = SURFACE_STYLE_FILL_AREA ( #2042 ) ;
#1862 = COLOUR_RGB ( '',0.8313725490196077800, 0.8313725490196077800, 0.8313725490196077800 ) ;
#1863 = VERTEX_POINT ( 'NONE', #1950 ) ;
#1864 = DIRECTION ( 'NONE',  ( -0.0000000000000000000, 0.0000000000000000000, -1.000000000000000000 ) ) ;
#1865 =( LENGTH_UNIT ( ) NAMED_UNIT ( * ) SI_UNIT ( .MILLI., .METRE. ) );
#1866 = PRESENTATION_STYLE_ASSIGNMENT (( #399 ) ) ;
#1867 = PLANE ( 'NONE',  #1911 ) ;
#1868 = SURFACE_STYLE_USAGE ( .BOTH. , #600 ) ;
#1869 = MECHANICAL_DESIGN_GEOMETRIC_PRESENTATION_REPRESENTATION (  '', ( #1014 ), #1982 ) ;
#1870 =( GEOMETRIC_REPRESENTATION_CONTEXT ( 3 ) GLOBAL_UNCERTAINTY_ASSIGNED_CONTEXT ( ( #1877 ) ) GLOBAL_UNIT_ASSIGNED_CONTEXT ( ( #811, #2062, #991 ) ) REPRESENTATION_CONTEXT ( 'NONE', 'WORKASPACE' ) );
#1871 = SURFACE_STYLE_USAGE ( .BOTH. , #1515 ) ;
#1872 = CARTESIAN_POINT ( 'NONE',  ( 0.0000000000000000000, 2.500000000000000000, 2.000000000000000400 ) ) ;
#1873 =( GEOMETRIC_REPRESENTATION_CONTEXT ( 3 ) GLOBAL_UNCERTAINTY_ASSIGNED_CONTEXT ( ( #240 ) ) GLOBAL_UNIT_ASSIGNED_CONTEXT ( ( #289, #1902, #1367 ) ) REPRESENTATION_CONTEXT ( 'NONE', 'WORKASPACE' ) );
#1874 = SURFACE_STYLE_USAGE ( .BOTH. , #788 ) ;
#1875 = DIRECTION ( 'NONE',  ( 0.0000000000000000000, -0.7071067811865479100, 0.7071067811865472400 ) ) ;
#1876 = DIRECTION ( 'NONE',  ( -1.000000000000000000, -0.0000000000000000000, -0.0000000000000000000 ) ) ;
#1877 = UNCERTAINTY_MEASURE_WITH_UNIT (LENGTH_MEASURE( 1.000000000000000100E-005 ), #811, 'distance_accuracy_value', 'NONE');
#1878 = CARTESIAN_POINT ( 'NONE',  ( 0.5300000000000001400, -1.950000000000000400, 2.549999999999999800 ) ) ;
#1879 = DIRECTION ( 'NONE',  ( 0.0000000000000000000, 0.0000000000000000000, -1.000000000000000000 ) ) ;
#1880 = LINE ( 'NONE', #1831, #921 ) ;
#1881 = EDGE_CURVE ( 'NONE', #1321, #1036, #856, .T. ) ;
#1882 = MECHANICAL_DESIGN_GEOMETRIC_PRESENTATION_REPRESENTATION (  '', ( #1393 ), #2004 ) ;
#1883 = VECTOR ( 'NONE', #1465, 1000.000000000000000 ) ;
#1884 = SURFACE_STYLE_FILL_AREA ( #1650 ) ;
#1885 = DIRECTION ( 'NONE',  ( -1.000000000000000000, 0.0000000000000000000, 0.0000000000000000000 ) ) ;
#1886 = CIRCLE ( 'NONE', #79, 1.025308930455000000 ) ;
#1887 = COLOUR_RGB ( '',0.7921568627450980000, 0.8196078431372548800, 0.9333333333333333500 ) ;
#1888 =( BOUNDED_CURVE ( )  B_SPLINE_CURVE ( 3, ( #712, #537, #1620, #2140 ),
 .UNSPECIFIED., .F., .T. ) 
 B_SPLINE_CURVE_WITH_KNOTS ( ( 4, 4 ),
 ( 6.283185295852086400, 7.853981633974478300 ),
 .UNSPECIFIED. ) 
 CURVE ( )  GEOMETRIC_REPRESENTATION_ITEM ( )  RATIONAL_B_SPLINE_CURVE ( ( 1.000000000000000000, 0.8047378514544487600, 0.8047378514544487600, 1.000000000000000000 ) ) 
 REPRESENTATION_ITEM ( '' )  );
#1889 = ORIENTED_EDGE ( 'NONE', *, *, #1762, .F. ) ;
#1890 = CYLINDRICAL_SURFACE ( 'NONE', #1629, 1.025308930455000000 ) ;
#1891 = ORIENTED_EDGE ( 'NONE', *, *, #428, .T. ) ;
#1892 = VERTEX_POINT ( 'NONE', #989 ) ;
#1893 = EDGE_LOOP ( 'NONE', ( #391, #1127, #1370, #102 ) ) ;
#1894 = ORIENTED_EDGE ( 'NONE', *, *, #1199, .F. ) ;
#1895 = CARTESIAN_POINT ( 'NONE',  ( 4.299999999999999800, 0.0000000000000000000, 0.0000000000000000000 ) ) ;
#1896 = CARTESIAN_POINT ( 'NONE',  ( 0.0000000000000000000, 2.500000000000000000, 2.649999999999999900 ) ) ;
#1897 = STYLED_ITEM ( 'NONE', ( #1376 ), #556 ) ;
#1898 = SURFACE_STYLE_USAGE ( .BOTH. , #631 ) ;
#1899 = AXIS2_PLACEMENT_3D ( 'NONE', #606, #1876, #793 ) ;
#1900 = AXIS2_PLACEMENT_3D ( 'NONE', #509, #1782, #694 ) ;
#1901 = SURFACE_SIDE_STYLE ('',( #978 ) ) ;
#1902 =( NAMED_UNIT ( * ) PLANE_ANGLE_UNIT ( ) SI_UNIT ( $, .RADIAN. ) );
#1903 = DIRECTION ( 'NONE',  ( 1.000000000000000000, 0.0000000000000000000, 0.0000000000000000000 ) ) ;
#1904 = PRODUCT_DEFINITION_CONTEXT ( 'detailed design', #541, 'design' ) ;
#1905 = FILL_AREA_STYLE_COLOUR ( '', #1413 ) ;
#1906 = CARTESIAN_POINT ( 'NONE',  ( 7.500000000000000900, -2.299989206082667900, 0.007046410661994795300 ) ) ;
#1907 = CARTESIAN_POINT ( 'NONE',  ( 7.400000000000000400, 2.399988736781520700, -0.007352776471670695700 ) ) ;
#1908 = VECTOR ( 'NONE', #1358, 1000.000000000000000 ) ;
#1909 = AXIS2_PLACEMENT_3D ( 'NONE', #3, #370, #577 ) ;
#1910 = ORIENTED_EDGE ( 'NONE', *, *, #1199, .T. ) ;
#1911 = AXIS2_PLACEMENT_3D ( 'NONE', #1778, #2100, #1027 ) ;
#1912 = LINE ( 'NONE', #1819, #954 ) ;
#1913 = ORIENTED_EDGE ( 'NONE', *, *, #60, .T. ) ;
#1914 = CARTESIAN_POINT ( 'NONE',  ( 4.299999999999999800, 3.061616997868383100E-016, 2.500000000000000000 ) ) ;
#1915 = PRESENTATION_STYLE_ASSIGNMENT (( #1898 ) ) ;
#1916 = EDGE_LOOP ( 'NONE', ( #618, #2094, #309, #1800, #645, #1379, #1828, #225 ) ) ;
#1917 = CARTESIAN_POINT ( 'NONE',  ( 6.969445897163278200, 1.373745630036136800, -2.362493952145525700 ) ) ;
#1918 = VECTOR ( 'NONE', #1652, 1000.000000000000000 ) ;
#1919 = FILL_AREA_STYLE_COLOUR ( '', #1833 ) ;
#1920 = CARTESIAN_POINT ( 'NONE',  ( 7.500000000000000900, 2.149242075175670200, -0.8192427416050928100 ) ) ;
#1921 = SURFACE_STYLE_USAGE ( .BOTH. , #838 ) ;
#1922 = DIRECTION ( 'NONE',  ( 0.0000000000000000000, -0.7071067811865474600, -0.7071067811865474600 ) ) ;
#1923 = EDGE_CURVE ( 'NONE', #2021, #700, #452, .T. ) ;
#1924 = AXIS2_PLACEMENT_3D ( 'NONE', #1895, #601, #2231 ) ;
#1925 = FILL_AREA_STYLE ('',( #663 ) ) ;
#1926 =( LENGTH_UNIT ( ) NAMED_UNIT ( * ) SI_UNIT ( .MILLI., .METRE. ) );
#1927 =( NAMED_UNIT ( * ) SI_UNIT ( $, .STERADIAN. ) SOLID_ANGLE_UNIT ( ) );
#1928 = CARTESIAN_POINT ( 'NONE',  ( 0.0000000000000000000, 1.950000000000000400, -2.549999999999999800 ) ) ;
#1929 = SURFACE_SIDE_STYLE ('',( #2155 ) ) ;
#1930 = CYLINDRICAL_SURFACE ( 'NONE', #1748, 2.399999999999999900 ) ;
#1931 = COLOUR_RGB ( '',0.8313725490196077800, 0.8313725490196077800, 0.8313725490196077800 ) ;
#1932 = ORIENTED_EDGE ( 'NONE', *, *, #697, .F. ) ;
#1933 = CARTESIAN_POINT ( 'NONE',  ( 0.4299999988675500300, 2.499999999999999600, -2.000000000000001800 ) ) ;
#1934 = MECHANICAL_DESIGN_GEOMETRIC_PRESENTATION_REPRESENTATION (  '', ( #1702 ), #2053 ) ;
#1935 = ORIENTED_EDGE ( 'NONE', *, *, #2226, .T. ) ;
#1936 = SURFACE_STYLE_USAGE ( .BOTH. , #678 ) ;
#1937 =( GEOMETRIC_REPRESENTATION_CONTEXT ( 3 ) GLOBAL_UNCERTAINTY_ASSIGNED_CONTEXT ( ( #1541 ) ) GLOBAL_UNIT_ASSIGNED_CONTEXT ( ( #1319, #239, #1504 ) ) REPRESENTATION_CONTEXT ( 'NONE', 'WORKASPACE' ) );
#1938 = VERTEX_POINT ( 'NONE', #1010 ) ;
#1939 =( GEOMETRIC_REPRESENTATION_CONTEXT ( 3 ) GLOBAL_UNCERTAINTY_ASSIGNED_CONTEXT ( ( #968 ) ) GLOBAL_UNIT_ASSIGNED_CONTEXT ( ( #1022, #2274, #1214 ) ) REPRESENTATION_CONTEXT ( 'NONE', 'WORKASPACE' ) );
#1940 = PRESENTATION_LAYER_ASSIGNMENT (  '', '', ( #1826 ) ) ;
#1941 = UNCERTAINTY_MEASURE_WITH_UNIT (LENGTH_MEASURE( 1.000000000000000100E-005 ), #1067, 'distance_accuracy_value', 'NONE');
#1942 = ORIENTED_EDGE ( 'NONE', *, *, #668, .F. ) ;
#1943 = CARTESIAN_POINT ( 'NONE',  ( 7.500000000000000900, 2.143249676347174200, -0.8348022320479396900 ) ) ;
#1944 = VECTOR ( 'NONE', #127, 1000.000000000000000 ) ;
#1945 = CARTESIAN_POINT ( 'NONE',  ( 7.500000000000001800, -2.018371542683441400, 1.147492442030278100 ) ) ;
#1946 = PRODUCT ( '1', '1', '', ( #2334 ) ) ;
#1947 = DIRECTION ( 'NONE',  ( 1.000000000000000000, 0.0000000000000000000, 0.0000000000000000000 ) ) ;
#1948 = FACE_OUTER_BOUND ( 'NONE', #1354, .T. ) ;
#1949 =( LENGTH_UNIT ( ) NAMED_UNIT ( * ) SI_UNIT ( .MILLI., .METRE. ) );
#1950 = CARTESIAN_POINT ( 'NONE',  ( 7.500000000000000000, 2.299999999999999800, -6.956963940115320400E-016 ) ) ;
#1951 = CARTESIAN_POINT ( 'NONE',  ( 7.500000000000000900, -0.8595827730275138500, 2.133416356476855100 ) ) ;
#1952 = UNCERTAINTY_MEASURE_WITH_UNIT (LENGTH_MEASURE( 1.000000000000000100E-005 ), #756, 'distance_accuracy_value', 'NONE');
#1953 = MECHANICAL_DESIGN_GEOMETRIC_PRESENTATION_REPRESENTATION (  '', ( #1716 ), #2061 ) ;
#1954 = EDGE_CURVE ( 'NONE', #2000, #2265, #439, .T. ) ;
#1955 = DIRECTION ( 'NONE',  ( 1.000000000000000000, 0.0000000000000000000, 0.0000000000000000000 ) ) ;
#1956 = CARTESIAN_POINT ( 'NONE',  ( -3.750000000000000000, 0.0000000000000000000, 2.649999999999999900 ) ) ;
#1957 = CARTESIAN_POINT ( 'NONE',  ( 7.500000000000000000, 0.0000000000000000000, -1.025308930455000000 ) ) ;
#1958 = SURFACE_STYLE_FILL_AREA ( #2203 ) ;
#1959 = DIRECTION ( 'NONE',  ( 0.0000000000000000000, 0.0000000000000000000, 1.000000000000000000 ) ) ;
#1960 = EDGE_LOOP ( 'NONE', ( #558, #734, #1244, #755 ) ) ;
#1961 = SURFACE_STYLE_FILL_AREA ( #551 ) ;
#1962 = ORIENTED_EDGE ( 'NONE', *, *, #628, .F. ) ;
#1963 = EDGE_CURVE ( 'NONE', #1003, #1400, #1280, .T. ) ;
#1964 = MECHANICAL_DESIGN_GEOMETRIC_PRESENTATION_REPRESENTATION (  '', ( #1731 ), #2076 ) ;
#1965 = CARTESIAN_POINT ( 'NONE',  ( 6.970000000000000600, -2.299988139827758600, 0.007386247467064671100 ) ) ;
#1966 = FILL_AREA_STYLE_COLOUR ( '', #2177 ) ;
#1967 = COLOUR_RGB ( '',0.8313725490196077800, 0.8313725490196077800, 0.8313725490196077800 ) ;
#1968 = ORIENTED_EDGE ( 'NONE', *, *, #1523, .F. ) ;
#1969 = APPLICATION_PROTOCOL_DEFINITION ( 'draft international standard', 'automotive_design', 1998, #2136 ) ;
#1970 = PRODUCT_DEFINITION_FORMATION_WITH_SPECIFIED_SOURCE ( 'ANY', '', #1589, .NOT_KNOWN. ) ;
#1971 = COLOUR_RGB ( '',0.8313725490196077800, 0.8313725490196077800, 0.8313725490196077800 ) ;
#1972 = ADVANCED_FACE ( 'NONE', ( #1948 ), #2301, .T. ) ;
#1973 = CARTESIAN_POINT ( 'NONE',  ( -1.634433192813441100E-017, 2.458578644288814000, -2.041421355711186900 ) ) ;
#1974 = CARTESIAN_POINT ( 'NONE',  ( 0.1000000011326999800, -2.499999999999999600, -2.000000000000000900 ) ) ;
#1975 =( LENGTH_UNIT ( ) NAMED_UNIT ( * ) SI_UNIT ( .MILLI., .METRE. ) );
#1976 = CARTESIAN_POINT ( 'NONE',  ( 6.960000000000000000, 1.255641299818912100E-016, 1.025308930455000000 ) ) ;
#1977 = PRODUCT_CONTEXT ( 'NONE', #1255, 'mechanical' ) ;
#1978 =( LENGTH_UNIT ( ) NAMED_UNIT ( * ) SI_UNIT ( .MILLI., .METRE. ) );
#1979 =( NAMED_UNIT ( * ) SI_UNIT ( $, .STERADIAN. ) SOLID_ANGLE_UNIT ( ) );
#1980 = DIRECTION ( 'NONE',  ( 0.0000000000000000000, 0.7071067811865474600, 0.7071067811865474600 ) ) ;
#1981 = ADVANCED_FACE ( 'NONE', ( #1476 ), #1477, .T. ) ;
#1982 =( GEOMETRIC_REPRESENTATION_CONTEXT ( 3 ) GLOBAL_UNCERTAINTY_ASSIGNED_CONTEXT ( ( #16 ) ) GLOBAL_UNIT_ASSIGNED_CONTEXT ( ( #1728, #1560, #1723 ) ) REPRESENTATION_CONTEXT ( 'NONE', 'WORKASPACE' ) );
#1983 = AXIS2_PLACEMENT_3D ( 'NONE', #2250, #1188, #99 ) ;
#1984 = CARTESIAN_POINT ( 'NONE',  ( 7.500000000000000900, 2.358567574934954600, -0.007225875649351370100 ) ) ;
#1985 = AXIS2_PLACEMENT_3D ( 'NONE', #1707, #434, #1528 ) ;
#1986 =( REPRESENTATION_RELATIONSHIP ('NONE','NONE', #2260, #715 ) REPRESENTATION_RELATIONSHIP_WITH_TRANSFORMATION ( #1575 )SHAPE_REPRESENTATION_RELATIONSHIP( ) );
#1987 = COLOUR_RGB ( '',0.8313725490196077800, 0.8313725490196077800, 0.8313725490196077800 ) ;
#1988 = COLOUR_RGB ( '',0.0000000000000000000, 0.5019607843137254800, 0.0000000000000000000 ) ;
#1989 = CARTESIAN_POINT ( 'NONE',  ( 0.4885786431560108500, -2.500000000663608300, -1.999999999336393300 ) ) ;
#1990 = DIRECTION ( 'NONE',  ( 1.000000000000000000, 0.0000000000000000000, 0.0000000000000000000 ) ) ;
#1991 = ITEM_DEFINED_TRANSFORMATION ( 'NONE', 'NONE', #2246,  #851 ) ;
#1992 = COLOUR_RGB ( '',0.8313725490196077800, 0.8313725490196077800, 0.8313725490196077800 ) ;
#1993 = FILL_AREA_STYLE ('',( #1107 ) ) ;
#1994 = VECTOR ( 'NONE', #53, 1000.000000000000000 ) ;
#1995 = EDGE_LOOP ( 'NONE', ( #1690, #436, #469, #1889 ) ) ;
#1996 = SURFACE_STYLE_FILL_AREA ( #1768 ) ;
#1997 = ADVANCED_FACE ( 'NONE', ( #940 ), #303, .T. ) ;
#1998 = ORIENTED_EDGE ( 'NONE', *, *, #1683, .F. ) ;
#1999 = ORIENTED_EDGE ( 'NONE', *, *, #1757, .F. ) ;
#2000 = VERTEX_POINT ( 'NONE', #1195 ) ;
#2001 = CYLINDRICAL_SURFACE ( 'NONE', #568, 0.1000000000000000100 ) ;
#2002 = EDGE_CURVE ( 'NONE', #1036, #622, #107, .T. ) ;
#2003 = ORIENTED_EDGE ( 'NONE', *, *, #322, .F. ) ;
#2004 =( GEOMETRIC_REPRESENTATION_CONTEXT ( 3 ) GLOBAL_UNCERTAINTY_ASSIGNED_CONTEXT ( ( #1227 ) ) GLOBAL_UNIT_ASSIGNED_CONTEXT ( ( #316, #136, #2277 ) ) REPRESENTATION_CONTEXT ( 'NONE', 'WORKASPACE' ) );
#2005 = CARTESIAN_POINT ( 'NONE',  ( 0.04142135684390897700, -2.500000000663519900, -1.999999999336481400 ) ) ;
#2006 = SURFACE_STYLE_USAGE ( .BOTH. , #926 ) ;
#2007 = COLOUR_RGB ( '',0.0000000000000000000, 0.5019607843137254800, 0.0000000000000000000 ) ;
#2008 = FILL_AREA_STYLE ('',( #673 ) ) ;
#2009 = CARTESIAN_POINT ( 'NONE',  ( 7.500000000000000000, 2.108659309433163800, 0.9188103443308445200 ) ) ;
#2010 = FILL_AREA_STYLE_COLOUR ( '', #724 ) ;
#2011 = CARTESIAN_POINT ( 'NONE',  ( 6.969999999999999800, -2.299988139827759500, 0.007386247467064425600 ) ) ;
#2012 = FILL_AREA_STYLE_COLOUR ( '', #1971 ) ;
#2013 = AXIS2_PLACEMENT_3D ( 'NONE', #1687, #1189, #2033 ) ;
#2014 = UNCERTAINTY_MEASURE_WITH_UNIT (LENGTH_MEASURE( 1.000000000000000100E-005 ), #1558, 'distance_accuracy_value', 'NONE');
#2015 = CARTESIAN_POINT ( 'NONE',  ( 7.010980809227093300, 1.398172812097001400, -2.404502507896296000 ) ) ;
#2016 = AXIS2_PLACEMENT_3D ( 'NONE', #952, #422, #1151 ) ;
#2017 = AXIS2_PLACEMENT_3D ( 'NONE', #1956, #882, #2128 ) ;
#2018 = SURFACE_STYLE_FILL_AREA ( #2032 ) ;
#2019 = DIRECTION ( 'NONE',  ( 0.0000000000000000000, 0.0000000000000000000, 1.000000000000000000 ) ) ;
#2020 = CIRCLE ( 'NONE', #2290, 1.025308930455000000 ) ;
#2021 = VERTEX_POINT ( 'NONE', #271 ) ;
#2022 = ORIENTED_EDGE ( 'NONE', *, *, #2319, .F. ) ;
#2023 = EDGE_LOOP ( 'NONE', ( #1610, #228, #667, #1806, #336 ) ) ;
#2024 =( BOUNDED_CURVE ( )  B_SPLINE_CURVE ( 3, ( #677, #2088, #394, #1656 ),
 .UNSPECIFIED., .F., .T. ) 
 B_SPLINE_CURVE_WITH_KNOTS ( ( 4, 4 ),
 ( 3.141592653589793100, 4.712388980384689700 ),
 .UNSPECIFIED. ) 
 CURVE ( )  GEOMETRIC_REPRESENTATION_ITEM ( )  RATIONAL_B_SPLINE_CURVE ( ( 1.000000000000000000, 0.8047378541243649400, 0.8047378541243649400, 1.000000000000000000 ) ) 
 REPRESENTATION_ITEM ( '' )  );
#2025 =( NAMED_UNIT ( * ) PLANE_ANGLE_UNIT ( ) SI_UNIT ( $, .RADIAN. ) );
#2026 = EDGE_LOOP ( 'NONE', ( #193, #161 ) ) ;
#2027 = DIRECTION ( 'NONE',  ( 1.000000000000000000, 0.0000000000000000000, 0.0000000000000000000 ) ) ;
#2028 = PRESENTATION_LAYER_ASSIGNMENT (  '', '', ( #1794 ) ) ;
#2029 =( NAMED_UNIT ( * ) SI_UNIT ( $, .STERADIAN. ) SOLID_ANGLE_UNIT ( ) );
#2030 = SURFACE_STYLE_USAGE ( .BOTH. , #770 ) ;
#2031 = CARTESIAN_POINT ( 'NONE',  ( 0.1000000000000000100, -1.250000000000000000, -2.549999999999999800 ) ) ;
#2032 = FILL_AREA_STYLE ('',( #2278 ) ) ;
#2033 = DIRECTION ( 'NONE',  ( 0.0000000000000000000, -0.0000000000000000000, 1.000000000000000000 ) ) ;
#2034 = DIRECTION ( 'NONE',  ( -0.0000000000000000000, -1.000000000000000000, -0.0000000000000000000 ) ) ;
#2035 = SURFACE_SIDE_STYLE ('',( #8 ) ) ;
#2036 = DIRECTION ( 'NONE',  ( 1.000000000000000000, 0.0000000000000000000, 0.0000000000000000000 ) ) ;
#2037 =( NAMED_UNIT ( * ) PLANE_ANGLE_UNIT ( ) SI_UNIT ( $, .RADIAN. ) );
#2038 = EDGE_CURVE ( 'NONE', #1435, #1746, #1501, .T. ) ;
#2039 = ADVANCED_BREP_SHAPE_REPRESENTATION ( '', ( #1389, #851 ), #1464 ) ;
#2040 = STYLED_ITEM ( 'NONE', ( #2064 ), #889 ) ;
#2041 = SURFACE_STYLE_FILL_AREA ( #1219 ) ;
#2042 = FILL_AREA_STYLE ('',( #1582 ) ) ;
#2043 = VECTOR ( 'NONE', #656, 1000.000000000000000 ) ;
#2044 = FILL_AREA_STYLE ('',( #2222 ) ) ;
#2045 = CONTEXT_DEPENDENT_SHAPE_REPRESENTATION ( #1813, #320 ) ;
#2046 = ORIENTED_EDGE ( 'NONE', *, *, #1288, .T. ) ;
#2047 = DIRECTION ( 'NONE',  ( 0.0000000000000000000, 0.0000000000000000000, 1.000000000000000000 ) ) ;
#2048 = PRESENTATION_STYLE_ASSIGNMENT (( #1871 ) ) ;
#2049 = ORIENTED_EDGE ( 'NONE', *, *, #748, .F. ) ;
#2050 = CARTESIAN_POINT ( 'NONE',  ( 6.970000000000000600, -2.299999999999999400, 5.748530268699184600E-016 ) ) ;
#2051 = VERTEX_POINT ( 'NONE', #2117 ) ;
#2052 = CARTESIAN_POINT ( 'NONE',  ( 6.750000000000000000, 0.0000000000000000000, 0.0000000000000000000 ) ) ;
#2053 =( GEOMETRIC_REPRESENTATION_CONTEXT ( 3 ) GLOBAL_UNCERTAINTY_ASSIGNED_CONTEXT ( ( #1295 ) ) GLOBAL_UNIT_ASSIGNED_CONTEXT ( ( #1663, #574, #1842 ) ) REPRESENTATION_CONTEXT ( 'NONE', 'WORKASPACE' ) );
#2054 =( GEOMETRIC_REPRESENTATION_CONTEXT ( 3 ) GLOBAL_UNCERTAINTY_ASSIGNED_CONTEXT ( ( #525 ) ) GLOBAL_UNIT_ASSIGNED_CONTEXT ( ( #1387, #313, #1577 ) ) REPRESENTATION_CONTEXT ( 'NONE', 'WORKASPACE' ) );
#2055 = PLANE ( 'NONE',  #1298 ) ;
#2056 = MECHANICAL_DESIGN_GEOMETRIC_PRESENTATION_REPRESENTATION (  '', ( #1826 ), #2176 ) ;
#2057 = DIRECTION ( 'NONE',  ( 1.000000000000000000, 0.0000000000000000000, 0.0000000000000000000 ) ) ;
#2058 = CARTESIAN_POINT ( 'NONE',  ( 7.400000000000000400, -2.299989206082290800, 0.007046410785350802100 ) ) ;
#2059 = DIRECTION ( 'NONE',  ( -0.0000000000000000000, -0.0000000000000000000, -1.000000000000000000 ) ) ;
#2060 = SURFACE_STYLE_USAGE ( .BOTH. , #1570 ) ;
#2061 =( GEOMETRIC_REPRESENTATION_CONTEXT ( 3 ) GLOBAL_UNCERTAINTY_ASSIGNED_CONTEXT ( ( #1774 ) ) GLOBAL_UNIT_ASSIGNED_CONTEXT ( ( #314, #175, #338 ) ) REPRESENTATION_CONTEXT ( 'NONE', 'WORKASPACE' ) );
#2062 =( NAMED_UNIT ( * ) PLANE_ANGLE_UNIT ( ) SI_UNIT ( $, .RADIAN. ) );
#2063 = EDGE_CURVE ( 'NONE', #2265, #50, #592, .T. ) ;
#2064 = PRESENTATION_STYLE_ASSIGNMENT (( #1329 ) ) ;
#2065 = FILL_AREA_STYLE_COLOUR ( '', #1520 ) ;
#2066 = ORIENTED_EDGE ( 'NONE', *, *, #1142, .T. ) ;
#2067 = CARTESIAN_POINT ( 'NONE',  ( 7.458578643762691300, 0.007352776407310894300, 2.399988736781717900 ) ) ;
#2068 = VERTEX_POINT ( 'NONE', #2269 ) ;
#2069 = EDGE_LOOP ( 'NONE', ( #1634, #2268, #808, #1343 ) ) ;
#2070 = LINE ( 'NONE', #1386, #1944 ) ;
#2071 = COLOUR_RGB ( '',0.8313725490196077800, 0.8313725490196077800, 0.8313725490196077800 ) ;
#2072 = VERTEX_POINT ( 'NONE', #210 ) ;
#2073 = CARTESIAN_POINT ( 'NONE',  ( 0.1000000000000000100, -1.850000000000000500, -2.649999999999999500 ) ) ;
#2074 = CARTESIAN_POINT ( 'NONE',  ( 7.500000000000000900, -1.340256072916363300, 2.304116897918443200 ) ) ;
#2075 = EDGE_CURVE ( 'NONE', #277, #1603, #54, .T. ) ;
#2076 =( GEOMETRIC_REPRESENTATION_CONTEXT ( 3 ) GLOBAL_UNCERTAINTY_ASSIGNED_CONTEXT ( ( #1615 ) ) GLOBAL_UNIT_ASSIGNED_CONTEXT ( ( #735, #2167, #1455 ) ) REPRESENTATION_CONTEXT ( 'NONE', 'WORKASPACE' ) );
#2077 = DIRECTION ( 'NONE',  ( 1.000000000000000000, 0.0000000000000000000, -0.0000000000000000000 ) ) ;
#2078 = PRODUCT_RELATED_PRODUCT_CATEGORY ( 'part', '', ( #1589 ) ) ;
#2079 = FACE_OUTER_BOUND ( 'NONE', #1281, .T. ) ;
#2080 = DIRECTION ( 'NONE',  ( 1.000000000000000000, 0.0000000000000000000, 0.0000000000000000000 ) ) ;
#2081 = CARTESIAN_POINT ( 'NONE',  ( 0.5300000000000001400, -2.399999999999999900, -2.100000000000000100 ) ) ;
#2082 = CARTESIAN_POINT ( 'NONE',  ( 0.2650000000000000700, -2.250000000000000400, 2.250000000000000400 ) ) ;
#2083 = SURFACE_SIDE_STYLE ('',( #1347 ) ) ;
#2084 = FILL_AREA_STYLE ('',( #304 ) ) ;
#2085 = CARTESIAN_POINT ( 'NONE',  ( 0.5300000000000001400, -1.950000000000000400, -2.549999999999999800 ) ) ;
#2086 = FILL_AREA_STYLE_COLOUR ( '', #470 ) ;
#2087 = PRESENTATION_STYLE_ASSIGNMENT (( #1486 ) ) ;
#2088 = CARTESIAN_POINT ( 'NONE',  ( 0.4885786437626906100, 1.850000000000000100, -2.649999999999999000 ) ) ;
#2089 = PRESENTATION_LAYER_ASSIGNMENT (  '', '', ( #2217 ) ) ;
#2090 = ORIENTED_EDGE ( 'NONE', *, *, #917, .T. ) ;
#2091 = SURFACE_STYLE_USAGE ( .BOTH. , #842 ) ;
#2092 = AXIS2_PLACEMENT_3D ( 'NONE', #2168, #212, #560 ) ;
#2093 = AXIS2_PLACEMENT_3D ( 'NONE', #642, #1903, #818 ) ;
#2094 = ORIENTED_EDGE ( 'NONE', *, *, #14, .T. ) ;
#2095 = PRESENTATION_STYLE_ASSIGNMENT (( #1561 ) ) ;
#2096 = DIRECTION ( 'NONE',  ( 0.0000000000000000000, 0.0000000000000000000, -1.000000000000000000 ) ) ;
#2097 =( LENGTH_UNIT ( ) NAMED_UNIT ( * ) SI_UNIT ( .MILLI., .METRE. ) );
#2098 = EDGE_LOOP ( 'NONE', ( #1891, #13, #1159, #985 ) ) ;
#2099 = DIRECTION ( 'NONE',  ( 0.0000000000000000000, 0.0000000000000000000, -1.000000000000000000 ) ) ;
#2100 = DIRECTION ( 'NONE',  ( 0.0000000000000000000, -0.7071067811865475700, -0.7071067811865475700 ) ) ;
#2101 = CARTESIAN_POINT ( 'NONE',  ( 0.4299999988675500300, 2.499999999999999600, 2.000000000000000900 ) ) ;
#2102 =( LENGTH_UNIT ( ) NAMED_UNIT ( * ) SI_UNIT ( .MILLI., .METRE. ) );
#2103 = EDGE_CURVE ( 'NONE', #361, #1746, #534, .T. ) ;
#2104 = UNCERTAINTY_MEASURE_WITH_UNIT (LENGTH_MEASURE( 1.000000000000000100E-005 ), #2315, 'distance_accuracy_value', 'NONE');
#2105 = CARTESIAN_POINT ( 'NONE',  ( -1.355252715606880500E-017, 2.399999999999999500, -2.100000000000001000 ) ) ;
#2106 = DIRECTION ( 'NONE',  ( 0.0000000000000000000, 0.0000000000000000000, -1.000000000000000000 ) ) ;
#2107 = EDGE_CURVE ( 'NONE', #50, #2265, #1445, .T. ) ;
#2108 = DIRECTION ( 'NONE',  ( 1.000000000000000000, 0.0000000000000000000, 0.0000000000000000000 ) ) ;
#2109 =( NAMED_UNIT ( * ) PLANE_ANGLE_UNIT ( ) SI_UNIT ( $, .RADIAN. ) );
#2110 = CARTESIAN_POINT ( 'NONE',  ( 7.500000000000001800, -2.087544919066825600, -0.9671974437283984400 ) ) ;
#2111 = CARTESIAN_POINT ( 'NONE',  ( 7.499999999999999100, -1.509900437788710400, 1.742202357773404500 ) ) ;
#2112 =( LENGTH_UNIT ( ) NAMED_UNIT ( * ) SI_UNIT ( .MILLI., .METRE. ) );
#2113 = DIRECTION ( 'NONE',  ( 0.0000000000000000000, -0.7071067811865479100, -0.7071067811865472400 ) ) ;
#2114 = MANIFOLD_SOLID_BREP ( 'Imported1', #876 ) ;
#2115 = CARTESIAN_POINT ( 'NONE',  ( 0.5300000000000001400, 2.400000000000000400, -2.100000000000000500 ) ) ;
#2116 =( NAMED_UNIT ( * ) SI_UNIT ( $, .STERADIAN. ) SOLID_ANGLE_UNIT ( ) );
#2117 = CARTESIAN_POINT ( 'NONE',  ( -1.355252715606880500E-017, -2.399999999999999500, 2.100000000000001000 ) ) ;
#2118 = COLOUR_RGB ( '',0.8313725490196077800, 0.8313725490196077800, 0.8313725490196077800 ) ;
#2119 = PRESENTATION_STYLE_ASSIGNMENT (( #407 ) ) ;
#2120 = CARTESIAN_POINT ( 'NONE',  ( 7.500000000000000900, -1.407497557262932900, -1.846678394618670400 ) ) ;
#2121 = CARTESIAN_POINT ( 'NONE',  ( 7.500000000000000000, -2.247965240345974000, -0.5675609732836840400 ) ) ;
#2122 = SURFACE_SIDE_STYLE ('',( #1739 ) ) ;
#2123 = DIRECTION ( 'NONE',  ( 0.0000000000000000000, 0.0000000000000000000, -1.000000000000000000 ) ) ;
#2124 = ORIENTED_EDGE ( 'NONE', *, *, #398, .F. ) ;
#2125 = CIRCLE ( 'NONE', #1363, 2.399999999999999900 ) ;
#2126 = STYLED_ITEM ( 'NONE', ( #705 ), #2221 ) ;
#2127 = ORIENTED_EDGE ( 'NONE', *, *, #1286, .T. ) ;
#2128 = DIRECTION ( 'NONE',  ( 1.000000000000000000, 0.0000000000000000000, 0.0000000000000000000 ) ) ;
#2129 = SHAPE_REPRESENTATION_RELATIONSHIP ( 'NONE' , 'NONE' ,  #715, #708 ) ;
#2130 = ORIENTED_EDGE ( 'NONE', *, *, #800, .T. ) ;
#2131 = AXIS2_PLACEMENT_3D ( 'NONE', #1062, #2309, #1248 ) ;
#2132 = CIRCLE ( 'NONE', #1781, 1.025308930455000000 ) ;
#2133 = VERTEX_POINT ( 'NONE', #1118 ) ;
#2134 = PLANE ( 'NONE',  #17 ) ;
#2135 = CARTESIAN_POINT ( 'NONE',  ( 7.400000000000000400, 0.0000000000000000000, 0.0000000000000000000 ) ) ;
#2136 = APPLICATION_CONTEXT ( 'automotive_design' ) ;
#2137 = CARTESIAN_POINT ( 'NONE',  ( 7.500000000000000000, -2.111161065848047100, -0.9130394115418270000 ) ) ;
#2138 = DIRECTION ( 'NONE',  ( 0.0000000000000000000, 1.000000000000000000, 0.0000000000000000000 ) ) ;
#2139 = PLANE ( 'NONE',  #1809 ) ;
#2140 = CARTESIAN_POINT ( 'NONE',  ( -1.355252715606880500E-017, 2.399999999999999900, 2.100000000000001000 ) ) ;
#2141 = ADVANCED_FACE ( 'NONE', ( #471 ), #2001, .T. ) ;
#2142 = MECHANICAL_DESIGN_GEOMETRIC_PRESENTATION_REPRESENTATION (  '', ( #1794 ), #2259 ) ;
#2143 = CARTESIAN_POINT ( 'NONE',  ( 0.4885786437626904500, -1.850000000000000800, -2.649999999999999900 ) ) ;
#2144 = APPLICATION_CONTEXT ( 'automotive_design' ) ;
#2145 = CARTESIAN_POINT ( 'NONE',  ( 7.499999999999999100, -1.743470602545254400, -1.508452562528457100 ) ) ;
#2146 =( BOUNDED_SURFACE ( )  B_SPLINE_SURFACE ( 3, 3, ( 
 ( #112, #1193, #2253, #1001, #2074, #821, #1906 ),
 ( #650, #1729, #454, #1550, #284, #1361, #93 ),
 ( #1184, #2248, #993, #2067, #816, #635, #1724 ),
 ( #453, #1542, #273, #1356, #84, #1174, #2242 ) ),
 .UNSPECIFIED., .F., .F., .F. ) 
 B_SPLINE_SURFACE_WITH_KNOTS ( ( 4, 4 ),
 ( 4, 3, 4 ),
 ( 0.0000000000000000000, 1.000000000000000000 ),
 ( 0.0000000000000000000, 0.5000000000000000000, 1.000000000000000000 ),
 .UNSPECIFIED. ) 
 GEOMETRIC_REPRESENTATION_ITEM ( )  RATIONAL_B_SPLINE_SURFACE ( (
 ( 1.000000000000000000, 0.8047378541180442200, 0.8047378541180442200, 1.000000000000000000, 0.8047378541180442200, 0.8047378541180442200, 1.000000000000000000),
 ( 0.8047378541243628300, 0.6476030138555994900, 0.6476030138555994900, 0.8047378541243628300, 0.6476030138555994900, 0.6476030138555994900, 0.8047378541243628300),
 ( 0.8047378541243628300, 0.6476030138555994900, 0.6476030138555994900, 0.8047378541243628300, 0.6476030138555994900, 0.6476030138555994900, 0.8047378541243628300),
 ( 1.000000000000000000, 0.8047378541180442200, 0.8047378541180442200, 1.000000000000000000, 0.8047378541180442200, 0.8047378541180442200, 1.000000000000000000) ) ) 
 REPRESENTATION_ITEM ( '' )  SURFACE ( )  );
#2147 = VECTOR ( 'NONE', #769, 1000.000000000000000 ) ;
#2148 = SURFACE_STYLE_FILL_AREA ( #1282 ) ;
#2149 = PRESENTATION_STYLE_ASSIGNMENT (( #1874 ) ) ;
#2150 = CARTESIAN_POINT ( 'NONE',  ( 0.5300000000000001400, -1.950000000000000400, -2.549999999999999800 ) ) ;
#2151 = APPLICATION_PROTOCOL_DEFINITION ( 'draft international standard', 'automotive_design', 1998, #910 ) ;
#2152 = CYLINDRICAL_SURFACE ( 'NONE', #666, 0.1000000000000000100 ) ;
#2153 = ADVANCED_FACE ( 'NONE', ( #1109 ), #1351, .F. ) ;
#2154 = ORIENTED_EDGE ( 'NONE', *, *, #2271, .F. ) ;
#2155 = SURFACE_STYLE_FILL_AREA ( #672 ) ;
#2156 = EDGE_LOOP ( 'NONE', ( #166, #959, #1578, #2216 ) ) ;
#2157 = EDGE_CURVE ( 'NONE', #1328, #866, #196, .T. ) ;
#2158 = VECTOR ( 'NONE', #2270, 1000.000000000000000 ) ;
#2159 = PRESENTATION_LAYER_ASSIGNMENT (  '', '', ( #2040 ) ) ;
#2160 = CARTESIAN_POINT ( 'NONE',  ( 7.499999999999998200, 1.887821169071769000, 1.330964492383782400 ) ) ;
#2161 = CARTESIAN_POINT ( 'NONE',  ( 0.2650000000000000700, 2.250000000000000400, -2.250000000000000400 ) ) ;
#2162 = COLOUR_RGB ( '',0.8313725490196077800, 0.8313725490196077800, 0.8313725490196077800 ) ;
#2163 = ORIENTED_EDGE ( 'NONE', *, *, #1597, .T. ) ;
#2164 = CARTESIAN_POINT ( 'NONE',  ( 7.500000000000002700, -2.373019326233656700, -4.709909274220556200 ) ) ;
#2165 =( REPRESENTATION_RELATIONSHIP ('NONE','NONE', #2260, #1502 ) REPRESENTATION_RELATIONSHIP_WITH_TRANSFORMATION ( #1991 )SHAPE_REPRESENTATION_RELATIONSHIP( ) );
#2166 = CARTESIAN_POINT ( 'NONE',  ( -1.355252715606880500E-017, 2.399999999999999500, -2.100000000000001000 ) ) ;
#2167 =( NAMED_UNIT ( * ) PLANE_ANGLE_UNIT ( ) SI_UNIT ( $, .RADIAN. ) );
#2168 = CARTESIAN_POINT ( 'NONE',  ( 7.070000000000001200, 0.0000000000000000000, 0.0000000000000000000 ) ) ;
#2169 = ADVANCED_FACE ( 'NONE', ( #2297 ), #229, .T. ) ;
#2170 = DIRECTION ( 'NONE',  ( 1.000000000000000000, 0.0000000000000000000, 0.0000000000000000000 ) ) ;
#2171 = SURFACE_SIDE_STYLE ('',( #1654 ) ) ;
#2172 = STYLED_ITEM ( 'NONE', ( #310 ), #2141 ) ;
#2173 = AXIS2_PLACEMENT_3D ( 'NONE', #57, #1330, #244 ) ;
#2174 = STYLED_ITEM ( 'NONE', ( #1689 ), #1365 ) ;
#2175 = FILL_AREA_STYLE ('',( #25 ) ) ;
#2176 =( GEOMETRIC_REPRESENTATION_CONTEXT ( 3 ) GLOBAL_UNCERTAINTY_ASSIGNED_CONTEXT ( ( #1421 ) ) GLOBAL_UNIT_ASSIGNED_CONTEXT ( ( #1136, #2197, #949 ) ) REPRESENTATION_CONTEXT ( 'NONE', 'WORKASPACE' ) );
#2177 = COLOUR_RGB ( '',0.8313725490196077800, 0.8313725490196077800, 0.8313725490196077800 ) ;
#2178 =( BOUNDED_CURVE ( )  B_SPLINE_CURVE ( 3, ( #1624, #1815, #1973, #2166 ),
 .UNSPECIFIED., .F., .F. ) 
 B_SPLINE_CURVE_WITH_KNOTS ( ( 4, 4 ),
 ( 3.141592642262293700, 4.712388980384689700 ),
 .UNSPECIFIED. ) 
 CURVE ( )  GEOMETRIC_REPRESENTATION_ITEM ( )  RATIONAL_B_SPLINE_CURVE ( ( 1.000000000000000000, 0.8047378514544477600, 0.8047378514544477600, 1.000000000000000000 ) ) 
 REPRESENTATION_ITEM ( '' )  );
#2179 = CARTESIAN_POINT ( 'NONE',  ( 0.0000000000000000000, 2.399999999999999900, 2.100000000000000100 ) ) ;
#2180 = PLANE ( 'NONE',  #2288 ) ;
#2181 = VECTOR ( 'NONE', #2036, 1000.000000000000000 ) ;
#2182 = CARTESIAN_POINT ( 'NONE',  ( -1.355252715606880500E-017, 2.399999999999999900, 2.100000000000001000 ) ) ;
#2183 = EDGE_LOOP ( 'NONE', ( #528, #609 ) ) ;
#2184 = SURFACE_STYLE_FILL_AREA ( #1735 ) ;
#2185 = CARTESIAN_POINT ( 'NONE',  ( 0.0000000000000000000, 0.0000000000000000000, -2.549999999999999800 ) ) ;
#2186 = ORIENTED_EDGE ( 'NONE', *, *, #203, .T. ) ;
#2187 = ORIENTED_EDGE ( 'NONE', *, *, #184, .F. ) ;
#2188 = FILL_AREA_STYLE ('',( #2012 ) ) ;
#2189 = EDGE_CURVE ( 'NONE', #732, #2239, #1185, .T. ) ;
#2190 = ORIENTED_EDGE ( 'NONE', *, *, #1651, .T. ) ;
#2191 = CARTESIAN_POINT ( 'NONE',  ( 3.000000000000000000, 0.0000000000000000000, 0.0000000000000000000 ) ) ;
#2192 = CARTESIAN_POINT ( 'NONE',  ( 0.1000000000000000200, -1.850000000000000300, 2.649999999999999500 ) ) ;
#2193 = UNCERTAINTY_MEASURE_WITH_UNIT (LENGTH_MEASURE( 1.000000000000000100E-005 ), #264, 'distance_accuracy_value', 'NONE');
#2194 = DIRECTION ( 'NONE',  ( 0.0000000000000000000, 0.0000000000000000000, -1.000000000000000000 ) ) ;
#2195 = CARTESIAN_POINT ( 'NONE',  ( 6.969999999999999800, -2.343417746277607800, 4.724707330671225900 ) ) ;
#2196 = UNCERTAINTY_MEASURE_WITH_UNIT (LENGTH_MEASURE( 1.000000000000000100E-005 ), #858, 'distance_accuracy_value', 'NONE');
#2197 =( NAMED_UNIT ( * ) PLANE_ANGLE_UNIT ( ) SI_UNIT ( $, .RADIAN. ) );
#2198 = SURFACE_STYLE_USAGE ( .BOTH. , #1137 ) ;
#2199 = CARTESIAN_POINT ( 'NONE',  ( 3.000000000000000000, 0.0000000000000000000, 0.0000000000000000000 ) ) ;
#2200 = FILL_AREA_STYLE ('',( #944 ) ) ;
#2201 = EDGE_CURVE ( 'NONE', #1746, #1435, #2132, .T. ) ;
#2202 = CARTESIAN_POINT ( 'NONE',  ( 6.969999999999999800, 0.0000000000000000000, 0.0000000000000000000 ) ) ;
#2203 = FILL_AREA_STYLE ('',( #590 ) ) ;
#2204 = PRODUCT_DEFINITION_FORMATION_WITH_SPECIFIED_SOURCE ( 'ANY', '', #1767, .NOT_KNOWN. ) ;
#2205 = CARTESIAN_POINT ( 'NONE',  ( 0.4885786437626904500, 1.850000000000000800, 2.649999999999999000 ) ) ;
#2206 = VECTOR ( 'NONE', #2057, 1000.000000000000000 ) ;
#2207 = CARTESIAN_POINT ( 'NONE',  ( 0.5300000000000000300, -1.891421356237310100, 2.608578643762690300 ) ) ;
#2208 = SURFACE_STYLE_FILL_AREA ( #2175 ) ;
#2209 = SHAPE_DEFINITION_REPRESENTATION ( #83, #715 ) ;
#2210 = ORIENTED_EDGE ( 'NONE', *, *, #988, .T. ) ;
#2211 =( LENGTH_UNIT ( ) NAMED_UNIT ( * ) SI_UNIT ( .MILLI., .METRE. ) );
#2212 = ORIENTED_EDGE ( 'NONE', *, *, #1447, .F. ) ;
#2213 = PLANE ( 'NONE',  #1706 ) ;
#2214 = PRESENTATION_STYLE_ASSIGNMENT (( #1233 ) ) ;
#2215 = CARTESIAN_POINT ( 'NONE',  ( 3.000000000000000000, 0.0000000000000000000, -2.399999999999999900 ) ) ;
#2216 = ORIENTED_EDGE ( 'NONE', *, *, #1719, .F. ) ;
#2217 = STYLED_ITEM ( 'NONE', ( #939 ), #1981 ) ;
#2218 = AXIS2_PLACEMENT_3D ( 'NONE', #1472, #1990, #386 ) ;
#2219 = AXIS2_PLACEMENT_3D ( 'NONE', #81, #268, #1178 ) ;
#2220 = AXIS2_PLACEMENT_3D ( 'NONE', #2052, #796, #1879 ) ;
#2221 = MANIFOLD_SOLID_BREP ( 'Imported1', #2241 ) ;
#2222 = FILL_AREA_STYLE_COLOUR ( '', #1425 ) ;
#2223 =( NAMED_UNIT ( * ) SI_UNIT ( $, .STERADIAN. ) SOLID_ANGLE_UNIT ( ) );
#2224 = CARTESIAN_POINT ( 'NONE',  ( 6.960000000000000000, 0.0000000000000000000, 0.0000000000000000000 ) ) ;
#2225 = DIRECTION ( 'NONE',  ( 0.0000000000000000000, 0.0000000000000000000, 1.000000000000000000 ) ) ;
#2226 = EDGE_CURVE ( 'NONE', #1863, #1036, #48, .T. ) ;
#2227 = PRESENTATION_LAYER_ASSIGNMENT (  '', '', ( #1643 ) ) ;
#2228 = CARTESIAN_POINT ( 'NONE',  ( 7.500000000000000900, 0.0000000000000000000, 0.0000000000000000000 ) ) ;
#2229 = EDGE_CURVE ( 'NONE', #759, #622, #531, .T. ) ;
#2230 = AXIS2_PLACEMENT_3D ( 'NONE', #1759, #483, #1580 ) ;
#2231 = DIRECTION ( 'NONE',  ( 0.0000000000000000000, 0.0000000000000000000, -1.000000000000000000 ) ) ;
#2232 = PRESENTATION_STYLE_ASSIGNMENT (( #211 ) ) ;
#2233 = CARTESIAN_POINT ( 'NONE',  ( 0.4299999988671500100, -2.499999999999999600, 2.000000000000001800 ) ) ;
#2234 = VECTOR ( 'NONE', #1875, 1000.000000000000000 ) ;
#2235 = ORIENTED_EDGE ( 'NONE', *, *, #1644, .T. ) ;
#2236 = DIRECTION ( 'NONE',  ( 0.0000000000000000000, -0.9999953069923002100, 0.003063656863195999600 ) ) ;
#2237 = SURFACE_STYLE_FILL_AREA ( #2084 ) ;
#2238 = ORIENTED_EDGE ( 'NONE', *, *, #716, .F. ) ;
#2239 = VERTEX_POINT ( 'NONE', #982 ) ;
#2240 = SURFACE_STYLE_USAGE ( .BOTH. , #1901 ) ;
#2241 = CLOSED_SHELL ( 'NONE', ( #1110, #556, #915, #1639, #1649, #1095, #1432, #736, #905, #1820 ) ) ;
#2242 = CARTESIAN_POINT ( 'NONE',  ( 7.400000000000000400, -2.399988736781915500, 0.007352776342951093800 ) ) ;
#2243 = ORIENTED_EDGE ( 'NONE', *, *, #512, .F. ) ;
#2244 = EDGE_CURVE ( 'NONE', #1321, #249, #1006, .T. ) ;
#2245 = PRESENTATION_LAYER_ASSIGNMENT (  '', '', ( #2126 ) ) ;
#2246 = AXIS2_PLACEMENT_3D ( 'NONE', #154, #1419, #345 ) ;
#2247 = FILL_AREA_STYLE ('',( #1905 ) ) ;
#2248 = CARTESIAN_POINT ( 'NONE',  ( 7.458578643762689500, 2.404295893517618900, 1.398528076022165000 ) ) ;
#2249 = UNCERTAINTY_MEASURE_WITH_UNIT (LENGTH_MEASURE( 1.000000000000000100E-005 ), #152, 'distance_accuracy_value', 'NONE');
#2250 = CARTESIAN_POINT ( 'NONE',  ( 4.299999999999999800, 0.0000000000000000000, 0.0000000000000000000 ) ) ;
#2251 = SURFACE_STYLE_USAGE ( .BOTH. , #423 ) ;
#2252 = SURFACE_STYLE_USAGE ( .BOTH. , #2335 ) ;
#2253 = CARTESIAN_POINT ( 'NONE',  ( 7.500000000000000900, 1.354348894363709000, 2.295861514246515100 ) ) ;
#2254 = CARTESIAN_POINT ( 'NONE',  ( 7.070000000000001200, -2.299988139827759100, 0.007386247467064672800 ) ) ;
#2255 = SHAPE_REPRESENTATION ( '4', ( #851 ), #2054 ) ;
#2256 = LINE ( 'NONE', #1872, #1266 ) ;
#2257 = UNCERTAINTY_MEASURE_WITH_UNIT (LENGTH_MEASURE( 1.000000000000000100E-005 ), #2112, 'distance_accuracy_value', 'NONE');
#2258 = PRESENTATION_LAYER_ASSIGNMENT (  '', '', ( #1793 ) ) ;
#2259 =( GEOMETRIC_REPRESENTATION_CONTEXT ( 3 ) GLOBAL_UNCERTAINTY_ASSIGNED_CONTEXT ( ( #1711 ) ) GLOBAL_UNIT_ASSIGNED_CONTEXT ( ( #506, #1051, #31 ) ) REPRESENTATION_CONTEXT ( 'NONE', 'WORKASPACE' ) );
#2260 = SHAPE_REPRESENTATION ( '2038-15-SM-RPLF', ( #281, #1783, #1900, #2017, #2131, #2246 ), #33 ) ;
#2261 =( NAMED_UNIT ( * ) PLANE_ANGLE_UNIT ( ) SI_UNIT ( $, .RADIAN. ) );
#2262 = ORIENTED_EDGE ( 'NONE', *, *, #917, .F. ) ;
#2263 = VECTOR ( 'NONE', #1744, 1000.000000000000000 ) ;
#2264 = CARTESIAN_POINT ( 'NONE',  ( 0.2650000000000000700, 2.500000000000000400, -2.000000000000000000 ) ) ;
#2265 = VERTEX_POINT ( 'NONE', #798 ) ;
#2266 = VERTEX_POINT ( 'NONE', #627 ) ;
#2267 =( LENGTH_UNIT ( ) NAMED_UNIT ( * ) SI_UNIT ( .MILLI., .METRE. ) );
#2268 = ORIENTED_EDGE ( 'NONE', *, *, #464, .T. ) ;
#2269 = CARTESIAN_POINT ( 'NONE',  ( 4.299999999999999800, 0.0000000000000000000, -2.399999999999999900 ) ) ;
#2270 = DIRECTION ( 'NONE',  ( 1.000000000000000000, 0.0000000000000000000, 0.0000000000000000000 ) ) ;
#2271 = EDGE_CURVE ( 'NONE', #897, #2051, #1440, .T. ) ;
#2272 = MECHANICAL_DESIGN_GEOMETRIC_PRESENTATION_REPRESENTATION (  '', ( #2040 ), #61 ) ;
#2273 = PLANE ( 'NONE',  #495 ) ;
#2274 =( NAMED_UNIT ( * ) PLANE_ANGLE_UNIT ( ) SI_UNIT ( $, .RADIAN. ) );
#2275 = UNCERTAINTY_MEASURE_WITH_UNIT (LENGTH_MEASURE( 1.000000000000000100E-005 ), #456, 'distance_accuracy_value', 'NONE');
#2276 = SURFACE_SIDE_STYLE ('',( #2041 ) ) ;
#2277 =( NAMED_UNIT ( * ) SI_UNIT ( $, .STERADIAN. ) SOLID_ANGLE_UNIT ( ) );
#2278 = FILL_AREA_STYLE_COLOUR ( '', #1545 ) ;
#2279 =( NAMED_UNIT ( * ) SI_UNIT ( $, .STERADIAN. ) SOLID_ANGLE_UNIT ( ) );
#2280 = CARTESIAN_POINT ( 'NONE',  ( 6.750000000000000000, 0.0000000000000000000, 0.0000000000000000000 ) ) ;
#2281 = DIRECTION ( 'NONE',  ( 1.000000000000000000, -0.0000000000000000000, 0.0000000000000000000 ) ) ;
#2282 = COLOUR_RGB ( '',0.8313725490196077800, 0.8313725490196077800, 0.8313725490196077800 ) ;
#2283 =( NAMED_UNIT ( * ) SI_UNIT ( $, .STERADIAN. ) SOLID_ANGLE_UNIT ( ) );
#2284 = LINE ( 'NONE', #446, #2292 ) ;
#2285 = CARTESIAN_POINT ( 'NONE',  ( 0.1000000011326999800, -2.499999999999999600, -2.000000000000000900 ) ) ;
#2286 = PRESENTATION_LAYER_ASSIGNMENT (  '', '', ( #2172 ) ) ;
#2287 = LINE ( 'NONE', #605, #2234 ) ;
#2288 = AXIS2_PLACEMENT_3D ( 'NONE', #1675, #598, #1864 ) ;
#2289 = PRESENTATION_LAYER_ASSIGNMENT (  '', '', ( #2174 ) ) ;
#2290 = AXIS2_PLACEMENT_3D ( 'NONE', #1297, #21, #1111 ) ;
#2291 = VERTEX_POINT ( 'NONE', #2050 ) ;
#2292 = VECTOR ( 'NONE', #1536, 1000.000000000000000 ) ;
#2293 = ORIENTED_EDGE ( 'NONE', *, *, #1458, .T. ) ;
#2294 = CARTESIAN_POINT ( 'NONE',  ( 7.500000000000000000, -1.092834753913943600, 2.026849442452822700 ) ) ;
#2295 = EDGE_LOOP ( 'NONE', ( #809, #2066, #1302, #561 ) ) ;
#2296 =( NAMED_UNIT ( * ) PLANE_ANGLE_UNIT ( ) SI_UNIT ( $, .RADIAN. ) );
#2297 = FACE_OUTER_BOUND ( 'NONE', #1499, .T. ) ;
#2298 = ORIENTED_EDGE ( 'NONE', *, *, #604, .F. ) ;
#2299 = CARTESIAN_POINT ( 'NONE',  ( 0.0000000000000000000, 0.0000000000000000000, 0.0000000000000000000 ) ) ;
#2300 = DIRECTION ( 'NONE',  ( 0.0000000000000000000, 0.0000000000000000000, -1.000000000000000000 ) ) ;
#2301 = CYLINDRICAL_SURFACE ( 'NONE', #1032, 2.500000000000000000 ) ;
#2302 = VECTOR ( 'NONE', #999, 1000.000000000000000 ) ;
#2303 = CARTESIAN_POINT ( 'NONE',  ( 7.011421356237310200, -2.384572846845526500, 4.807682636997475900 ) ) ;
#2304 = CARTESIAN_POINT ( 'NONE',  ( 7.400000000000000400, 0.0000000000000000000, -2.400000000000000800 ) ) ;
#2305 = CARTESIAN_POINT ( 'NONE',  ( -1.355252715606880500E-017, -1.950000000000000600, -2.549999999999999400 ) ) ;
#2306 = AXIS2_PLACEMENT_3D ( 'NONE', #555, #475, #843 ) ;
#2307 = STYLED_ITEM ( 'NONE', ( #1033 ), #2 ) ;
#2308 =( NAMED_UNIT ( * ) PLANE_ANGLE_UNIT ( ) SI_UNIT ( $, .RADIAN. ) );
#2309 = DIRECTION ( 'NONE',  ( 0.0000000000000000000, 0.0000000000000000000, 1.000000000000000000 ) ) ;
#2310 = CARTESIAN_POINT ( 'NONE',  ( 7.500000000000000900, 0.1497729813580433400, 2.299743438408242500 ) ) ;
#2311 = DIRECTION ( 'NONE',  ( 1.000000000000000000, 0.0000000000000000000, 0.0000000000000000000 ) ) ;
#2312 =( NAMED_UNIT ( * ) PLANE_ANGLE_UNIT ( ) SI_UNIT ( $, .RADIAN. ) );
#2313 = APPLICATION_CONTEXT ( 'automotive_design' ) ;
#2314 = ADVANCED_FACE ( 'NONE', ( #467 ), #1215, .T. ) ;
#2315 =( LENGTH_UNIT ( ) NAMED_UNIT ( * ) SI_UNIT ( .MILLI., .METRE. ) );
#2316 = EDGE_CURVE ( 'NONE', #622, #1153, #1694, .T. ) ;
#2317 = FACE_OUTER_BOUND ( 'NONE', #1404, .T. ) ;
#2318 = CYLINDRICAL_SURFACE ( 'NONE', #1200, 0.09999999999999982500 ) ;
#2319 = EDGE_CURVE ( 'NONE', #1128, #1039, #784, .T. ) ;
#2320 = STYLED_ITEM ( 'NONE', ( #1373 ), #723 ) ;
#2321 = CARTESIAN_POINT ( 'NONE',  ( 7.500000000000001800, -2.134395864442222700, -0.8571469373808069400 ) ) ;
#2322 = SURFACE_STYLE_FILL_AREA ( #1993 ) ;
#2323 =( LENGTH_UNIT ( ) NAMED_UNIT ( * ) SI_UNIT ( .MILLI., .METRE. ) );
#2324 = SURFACE_SIDE_STYLE ('',( #433 ) ) ;
#2325 = ORIENTED_EDGE ( 'NONE', *, *, #566, .F. ) ;
#2326 = APPLICATION_PROTOCOL_DEFINITION ( 'draft international standard', 'automotive_design', 1998, #1073 ) ;
#2327 = ORIENTED_EDGE ( 'NONE', *, *, #1240, .F. ) ;
#2328 = PRODUCT_RELATED_PRODUCT_CATEGORY ( 'part', '', ( #1767 ) ) ;
#2329 = VECTOR ( 'NONE', #1350, 1000.000000000000000 ) ;
#2330 = ORIENTED_EDGE ( 'NONE', *, *, #1480, .T. ) ;
#2331 = SURFACE_STYLE_FILL_AREA ( #2188 ) ;
#2332 = CARTESIAN_POINT ( 'NONE',  ( 0.4299999988671500100, -2.499999999999999600, -2.000000000000000900 ) ) ;
#2333 = ADVANCED_FACE ( 'NONE', ( #733 ), #995, .T. ) ;
#2334 = PRODUCT_CONTEXT ( 'NONE', #168, 'mechanical' ) ;
#2335 = SURFACE_SIDE_STYLE ('',( #1091 ) ) ;
#2336 = CARTESIAN_POINT ( 'NONE',  ( 7.500000000000000900, 2.299989206082290000, -0.007046410785351081400 ) ) ;
#2337 = NEXT_ASSEMBLY_USAGE_OCCURRENCE ( 'NAUO1', ' ', ' ', #1135, #888, $ ) ;
#2338 = NEXT_ASSEMBLY_USAGE_OCCURRENCE ( 'NAUO2', ' ', ' ', #1135, #765, $ ) ;
#2339 = NEXT_ASSEMBLY_USAGE_OCCURRENCE ( 'NAUO3', ' ', ' ', #1135, #647, $ ) ;
#2340 = NEXT_ASSEMBLY_USAGE_OCCURRENCE ( 'NAUO4', ' ', ' ', #1135, #516, $ ) ;
#2341 = NEXT_ASSEMBLY_USAGE_OCCURRENCE ( 'NAUO5', ' ', ' ', #1135, #403, $ ) ;
ENDSEC;
END-ISO-10303-21;
