ISO-10303-21;
HEADER;
FILE_DESCRIPTION (( 'STEP AP214' ),
    '1' );
FILE_NAME ('18814150.86.STEP',
    '2024-08-13T07:57:03',
    ( 'LENOVO' ),
    ( '' ),
    'SwSTEP 2.0',
    'SolidWorks 2021',
    '' );
FILE_SCHEMA (( 'AUTOMOTIVE_DESIGN' ));
ENDSEC;

DATA;
#1 = EDGE_CURVE ( 'NONE', #653, #1274, #1353, .T. ) ;
#2 = EDGE_LOOP ( 'NONE', ( #1666, #310, #959 ) ) ;
#3 = DIRECTION ( 'NONE',  ( -0.000000000000000000, -0.000000000000000000, -1.000000000000000000 ) ) ;
#4 = VECTOR ( 'NONE', #531, 1000.000000000000000 ) ;
#5 = VERTEX_POINT ( 'NONE', #256 ) ;
#6 = COLOUR_RGB ( '',0.05882352941176470507, 0.5490196078431373028, 0.8235294117647058432 ) ;
#7 = CARTESIAN_POINT ( 'NONE',  ( -8.599999999999999645, 13.60000000000000142, -3.600000000000000089 ) ) ;
#8 = ORIENTED_EDGE ( 'NONE', *, *, #1715, .T. ) ;
#9 = CARTESIAN_POINT ( 'NONE',  ( 5.625000000000000000, 0.6999999999999999556, -4.000000000000000000 ) ) ;
#10 = STYLED_ITEM ( 'NONE', ( #1824 ), #1242 ) ;
#11 = SURFACE_STYLE_FILL_AREA ( #43 ) ;
#12 = VERTEX_POINT ( 'NONE', #1143 ) ;
#13 = FILL_AREA_STYLE_COLOUR ( '', #692 ) ;
#14 = LINE ( 'NONE', #1444, #678 ) ;
#15 = ORIENTED_EDGE ( 'NONE', *, *, #1260, .F. ) ;
#16 = AXIS2_PLACEMENT_3D ( 'NONE', #1062, #1682, #1798 ) ;
#17 = LINE ( 'NONE', #1209, #1929 ) ;
#18 = SURFACE_STYLE_FILL_AREA ( #169 ) ;
#19 = UNCERTAINTY_MEASURE_WITH_UNIT (LENGTH_MEASURE( 1.000000000000000082E-05 ), #1410, 'distance_accuracy_value', 'NONE');
#20 = EDGE_LOOP ( 'NONE', ( #997, #1681, #1383, #713 ) ) ;
#21 = MECHANICAL_DESIGN_GEOMETRIC_PRESENTATION_REPRESENTATION (  '', ( #699 ), #563 ) ;
#22 = LINE ( 'NONE', #1171, #657 ) ;
#23 = CARTESIAN_POINT ( 'NONE',  ( -9.000000000000000000, 0.6999999999999999556, 3.600000000000000089 ) ) ;
#24 = VERTEX_POINT ( 'NONE', #92 ) ;
#25 = EDGE_CURVE ( 'NONE', #282, #1007, #1401, .T. ) ;
#26 = FACE_OUTER_BOUND ( 'NONE', #1567, .T. ) ;
#27 = FACE_OUTER_BOUND ( 'NONE', #903, .T. ) ;
#28 = ORIENTED_EDGE ( 'NONE', *, *, #938, .F. ) ;
#29 = FILL_AREA_STYLE ('',( #380 ) ) ;
#30 = FACE_OUTER_BOUND ( 'NONE', #827, .T. ) ;
#31 = EDGE_CURVE ( 'NONE', #331, #943, #1413, .T. ) ;
#32 = ADVANCED_FACE ( 'NONE', ( #762 ), #1834, .F. ) ;
#33 = EDGE_LOOP ( 'NONE', ( #360, #368, #57, #60 ) ) ;
#34 = COLOUR_RGB ( '',0.05882352941176470507, 0.5490196078431373028, 0.8235294117647058432 ) ;
#35 = VECTOR ( 'NONE', #1048, 1000.000000000000000 ) ;
#36 = ORIENTED_EDGE ( 'NONE', *, *, #877, .T. ) ;
#37 = LINE ( 'NONE', #648, #86 ) ;
#38 = PRODUCT_DEFINITION ( 'UNKNOWN', '', #272, #390 ) ;
#39 = DIRECTION ( 'NONE',  ( -0.4999999999999983347, -0.8660254037844395958, 0.000000000000000000 ) ) ;
#40 = DIRECTION ( 'NONE',  ( 0.000000000000000000, 0.000000000000000000, 1.000000000000000000 ) ) ;
#41 = DIRECTION ( 'NONE',  ( -0.4999999999999983902, 0.8660254037844395958, 0.000000000000000000 ) ) ;
#42 = EDGE_LOOP ( 'NONE', ( #1493, #1638, #354, #63 ) ) ;
#43 = FILL_AREA_STYLE ('',( #181 ) ) ;
#44 = AXIS2_PLACEMENT_3D ( 'NONE', #828, #214, #987 ) ;
#45 = CARTESIAN_POINT ( 'NONE',  ( -5.625000000000000000, 0.6999999999999999556, 4.000000000000000000 ) ) ;
#46 = VECTOR ( 'NONE', #1918, 1000.000000000000000 ) ;
#47 = VERTEX_POINT ( 'NONE', #1592 ) ;
#48 = DIRECTION ( 'NONE',  ( 0.000000000000000000, 1.000000000000000000, 0.000000000000000000 ) ) ;
#49 = PRESENTATION_LAYER_ASSIGNMENT (  '', '', ( #1280 ) ) ;
#50 = PLANE ( 'NONE',  #427 ) ;
#51 = CLOSED_SHELL ( 'NONE', ( #1119, #1229, #1500, #1904 ) ) ;
#52 = EDGE_CURVE ( 'NONE', #213, #1537, #1370, .T. ) ;
#53 =( LENGTH_UNIT ( ) NAMED_UNIT ( * ) SI_UNIT ( .MILLI., .METRE. ) );
#54 = DIRECTION ( 'NONE',  ( 0.000000000000000000, 0.000000000000000000, 1.000000000000000000 ) ) ;
#55 =( NAMED_UNIT ( * ) PLANE_ANGLE_UNIT ( ) SI_UNIT ( $, .RADIAN. ) );
#56 = EDGE_CURVE ( 'NONE', #663, #945, #734, .T. ) ;
#57 = ORIENTED_EDGE ( 'NONE', *, *, #1914, .F. ) ;
#58 = SURFACE_STYLE_USAGE ( .BOTH. , #804 ) ;
#59 = VECTOR ( 'NONE', #1328, 1000.000000000000000 ) ;
#60 = ORIENTED_EDGE ( 'NONE', *, *, #258, .T. ) ;
#61 = VECTOR ( 'NONE', #48, 1000.000000000000000 ) ;
#62 = CARTESIAN_POINT ( 'NONE',  ( -2.279145188432732727, 3.591852423956425707E-16, 4.000000000000000000 ) ) ;
#63 = ORIENTED_EDGE ( 'NONE', *, *, #509, .T. ) ;
#64 = SPHERICAL_SURFACE ( 'NONE', #1006, 0.4000000000000000222 ) ;
#65 = VECTOR ( 'NONE', #1436, 1000.000000000000000 ) ;
#66 = LINE ( 'NONE', #1661, #710 ) ;
#67 = CARTESIAN_POINT ( 'NONE',  ( 7.500000000000001776, -13.13137084989847736, 1.836970198721029983E-15 ) ) ;
#68 = CARTESIAN_POINT ( 'NONE',  ( -8.599999999999999645, 0.6999999999999999556, 4.000000000000000000 ) ) ;
#69 = PLANE ( 'NONE',  #597 ) ;
#70 = ADVANCED_FACE ( 'NONE', ( #1425 ), #781, .T. ) ;
#71 =( NAMED_UNIT ( * ) PLANE_ANGLE_UNIT ( ) SI_UNIT ( $, .RADIAN. ) );
#72 =( GEOMETRIC_REPRESENTATION_CONTEXT ( 3 ) GLOBAL_UNCERTAINTY_ASSIGNED_CONTEXT ( ( #1344 ) ) GLOBAL_UNIT_ASSIGNED_CONTEXT ( ( #53, #1405, #1196 ) ) REPRESENTATION_CONTEXT ( 'NONE', 'WORKASPACE' ) );
#73 =( NAMED_UNIT ( * ) SI_UNIT ( $, .STERADIAN. ) SOLID_ANGLE_UNIT ( ) );
#74 = COLOUR_RGB ( '',0.05882352941176470507, 0.5490196078431373028, 0.8235294117647058432 ) ;
#75 = PRESENTATION_LAYER_ASSIGNMENT (  '', '', ( #171 ) ) ;
#76 = LINE ( 'NONE', #679, #750 ) ;
#77 = SURFACE_SIDE_STYLE ('',( #575 ) ) ;
#78 = SURFACE_STYLE_FILL_AREA ( #788 ) ;
#79 = LINE ( 'NONE', #1828, #61 ) ;
#80 =( GEOMETRIC_REPRESENTATION_CONTEXT ( 3 ) GLOBAL_UNCERTAINTY_ASSIGNED_CONTEXT ( ( #1522 ) ) GLOBAL_UNIT_ASSIGNED_CONTEXT ( ( #1022, #1156, #685 ) ) REPRESENTATION_CONTEXT ( 'NONE', 'WORKASPACE' ) );
#81 = SURFACE_STYLE_FILL_AREA ( #1066 ) ;
#82 = COLOUR_RGB ( '',0.05882352941176470507, 0.5490196078431373028, 0.8235294117647058432 ) ;
#83 = CARTESIAN_POINT ( 'NONE',  ( 1.874999999999996447, 0.7000000000000003997, 4.000000000000000000 ) ) ;
#84 = DIRECTION ( 'NONE',  ( 0.000000000000000000, 1.000000000000000000, 0.000000000000000000 ) ) ;
#85 = PRESENTATION_STYLE_ASSIGNMENT (( #459 ) ) ;
#86 = VECTOR ( 'NONE', #1127, 1000.000000000000000 ) ;
#87 = LINE ( 'NONE', #185, #89 ) ;
#88 = CARTESIAN_POINT ( 'NONE',  ( -5.625000000000000000, 0.6999999999999999556, -3.600000000000000089 ) ) ;
#89 = VECTOR ( 'NONE', #496, 1000.000000000000000 ) ;
#90 = FILL_AREA_STYLE ('',( #1033 ) ) ;
#91 = AXIS2_PLACEMENT_3D ( 'NONE', #1416, #666, #994 ) ;
#92 = CARTESIAN_POINT ( 'NONE',  ( 5.220854811567263276, -1.070285003624417579E-18, 4.000000000000000000 ) ) ;
#93 = FACE_OUTER_BOUND ( 'NONE', #297, .T. ) ;
#94 = DIRECTION ( 'NONE',  ( -0.000000000000000000, -0.000000000000000000, -1.000000000000000000 ) ) ;
#95 = CARTESIAN_POINT ( 'NONE',  ( 8.599999999999999645, 13.60000000000000142, 4.000000000000000000 ) ) ;
#96 = MECHANICAL_DESIGN_GEOMETRIC_PRESENTATION_REPRESENTATION (  '', ( #536 ), #1199 ) ;
#97 = CARTESIAN_POINT ( 'NONE',  ( 8.599999999999997868, 13.60000000000000142, 4.000000000000000000 ) ) ;
#98 = VECTOR ( 'NONE', #1385, 1000.000000000000000 ) ;
#99 = MANIFOLD_SOLID_BREP ( 'Boss-Extrude2[1]', #232 ) ;
#100 = STYLED_ITEM ( 'NONE', ( #108 ), #441 ) ;
#101 = DIRECTION ( 'NONE',  ( -0.000000000000000000, -0.000000000000000000, -1.000000000000000000 ) ) ;
#102 = CARTESIAN_POINT ( 'NONE',  ( -7.500000000000001776, -13.13137084989847736, 0.000000000000000000 ) ) ;
#103 = SURFACE_STYLE_USAGE ( .BOTH. , #1619 ) ;
#104 = EDGE_CURVE ( 'NONE', #382, #731, #1432, .T. ) ;
#105 = ADVANCED_FACE ( 'NONE', ( #1462 ), #69, .F. ) ;
#106 = ORIENTED_EDGE ( 'NONE', *, *, #1374, .F. ) ;
#107 = CARTESIAN_POINT ( 'NONE',  ( 5.220854811567263276, -1.070285003624417579E-18, 4.000000000000000000 ) ) ;
#108 = PRESENTATION_STYLE_ASSIGNMENT (( #1596 ) ) ;
#109 = EDGE_CURVE ( 'NONE', #238, #879, #1476, .T. ) ;
#110 = CIRCLE ( 'NONE', #1711, 0.3999999999999995226 ) ;
#111 = DIRECTION ( 'NONE',  ( 0.000000000000000000, -0.000000000000000000, 1.000000000000000000 ) ) ;
#112 = DIRECTION ( 'NONE',  ( 0.4999999999999983347, -0.8660254037844395958, 0.000000000000000000 ) ) ;
#113 = CARTESIAN_POINT ( 'NONE',  ( -1.874999999999996447, 0.7000000000000003997, 3.600000000000000089 ) ) ;
#114 = VERTEX_POINT ( 'NONE', #396 ) ;
#115 = PRODUCT ( '18814150.86', '18814150.86', '', ( #1276 ) ) ;
#116 = DIRECTION ( 'NONE',  ( 0.000000000000000000, 0.000000000000000000, 1.000000000000000000 ) ) ;
#117 = ORIENTED_EDGE ( 'NONE', *, *, #1832, .T. ) ;
#118 = DIRECTION ( 'NONE',  ( 0.000000000000000000, 0.000000000000000000, 1.000000000000000000 ) ) ;
#119 = FACE_OUTER_BOUND ( 'NONE', #667, .T. ) ;
#120 = ORIENTED_EDGE ( 'NONE', *, *, #1084, .T. ) ;
#121 = MECHANICAL_DESIGN_GEOMETRIC_PRESENTATION_REPRESENTATION (  '', ( #832 ), #1582 ) ;
#122 = CARTESIAN_POINT ( 'NONE',  ( -1.874999999999996447, 0.7000000000000003997, 4.000000000000000000 ) ) ;
#123 = ADVANCED_FACE ( 'NONE', ( #808 ), #812, .T. ) ;
#124 = PRESENTATION_LAYER_ASSIGNMENT (  '', '', ( #925 ) ) ;
#125 = CARTESIAN_POINT ( 'NONE',  ( 1.874999999999996447, 0.7000000000000003997, 3.600000000000000089 ) ) ;
#126 = SURFACE_STYLE_USAGE ( .BOTH. , #555 ) ;
#127 = ORIENTED_EDGE ( 'NONE', *, *, #1539, .T. ) ;
#128 = UNCERTAINTY_MEASURE_WITH_UNIT (LENGTH_MEASURE( 1.000000000000000082E-05 ), #802, 'distance_accuracy_value', 'NONE');
#129 = MECHANICAL_DESIGN_GEOMETRIC_PRESENTATION_REPRESENTATION (  '', ( #373 ), #1815 ) ;
#130 =( NAMED_UNIT ( * ) PLANE_ANGLE_UNIT ( ) SI_UNIT ( $, .RADIAN. ) );
#131 = FACE_OUTER_BOUND ( 'NONE', #1518, .T. ) ;
#132 = EDGE_CURVE ( 'NONE', #213, #936, #1464, .T. ) ;
#133 = CARTESIAN_POINT ( 'NONE',  ( 1.874999999999996447, 0.7000000000000003997, -4.000000000000000000 ) ) ;
#134 = EDGE_CURVE ( 'NONE', #1505, #1527, #786, .T. ) ;
#135 = PRESENTATION_STYLE_ASSIGNMENT (( #126 ) ) ;
#136 = DIRECTION ( 'NONE',  ( 0.000000000000000000, 0.000000000000000000, 1.000000000000000000 ) ) ;
#137 = SURFACE_STYLE_FILL_AREA ( #708 ) ;
#138 = EDGE_CURVE ( 'NONE', #206, #894, #162, .T. ) ;
#139 = SURFACE_STYLE_FILL_AREA ( #356 ) ;
#140 = CARTESIAN_POINT ( 'NONE',  ( 8.599999999999999645, 0.6999999999999999556, -3.600000000000000089 ) ) ;
#141 =( NAMED_UNIT ( * ) PLANE_ANGLE_UNIT ( ) SI_UNIT ( $, .RADIAN. ) );
#142 = ADVANCED_FACE ( 'NONE', ( #821 ), #735, .T. ) ;
#143 = STYLED_ITEM ( 'NONE', ( #1059 ), #1801 ) ;
#144 = SURFACE_STYLE_FILL_AREA ( #1102 ) ;
#145 = CARTESIAN_POINT ( 'NONE',  ( 8.599999999999999645, 0.6999999999999999556, -3.600000000000000089 ) ) ;
#146 =( GEOMETRIC_REPRESENTATION_CONTEXT ( 3 ) GLOBAL_UNCERTAINTY_ASSIGNED_CONTEXT ( ( #1664 ) ) GLOBAL_UNIT_ASSIGNED_CONTEXT ( ( #873, #1657, #543 ) ) REPRESENTATION_CONTEXT ( 'NONE', 'WORKASPACE' ) );
#147 = PLANE ( 'NONE',  #1553 ) ;
#148 = FILL_AREA_STYLE_COLOUR ( '', #675 ) ;
#149 = VECTOR ( 'NONE', #626, 1000.000000000000000 ) ;
#150 =( GEOMETRIC_REPRESENTATION_CONTEXT ( 3 ) GLOBAL_UNCERTAINTY_ASSIGNED_CONTEXT ( ( #1576 ) ) GLOBAL_UNIT_ASSIGNED_CONTEXT ( ( #1163, #130, #1803 ) ) REPRESENTATION_CONTEXT ( 'NONE', 'WORKASPACE' ) );
#151 = FACE_OUTER_BOUND ( 'NONE', #224, .T. ) ;
#152 = CARTESIAN_POINT ( 'NONE',  ( -8.599999999999999645, 0.6999999999999999556, 4.000000000000000000 ) ) ;
#153 = ADVANCED_FACE ( 'NONE', ( #30 ), #841, .T. ) ;
#154 = CARTESIAN_POINT ( 'NONE',  ( 9.000000000000000000, 0.6999999999999999556, 4.000000000000000000 ) ) ;
#155 = APPLICATION_PROTOCOL_DEFINITION ( 'draft international standard', 'automotive_design', 1998, #428 ) ;
#156 = CARTESIAN_POINT ( 'NONE',  ( 1.874999999999996447, 0.7000000000000003997, 4.000000000000000000 ) ) ;
#157 = EDGE_CURVE ( 'NONE', #871, #203, #1897, .T. ) ;
#158 = PRESENTATION_STYLE_ASSIGNMENT (( #1777 ) ) ;
#159 =( NAMED_UNIT ( * ) PLANE_ANGLE_UNIT ( ) SI_UNIT ( $, .RADIAN. ) );
#160 = DIRECTION ( 'NONE',  ( 0.000000000000000000, 0.000000000000000000, 1.000000000000000000 ) ) ;
#161 = DIRECTION ( 'NONE',  ( 1.000000000000000000, 0.000000000000000000, 0.000000000000000000 ) ) ;
#162 = LINE ( 'NONE', #567, #803 ) ;
#163 = STYLED_ITEM ( 'NONE', ( #1052 ), #1837 ) ;
#164 = CYLINDRICAL_SURFACE ( 'NONE', #1228, 0.4000000000000001887 ) ;
#165 = DIRECTION ( 'NONE',  ( 0.000000000000000000, 1.000000000000000000, 0.000000000000000000 ) ) ;
#166 = FILL_AREA_STYLE_COLOUR ( '', #173 ) ;
#167 = AXIS2_PLACEMENT_3D ( 'NONE', #1047, #1744, #1902 ) ;
#168 = COLOUR_RGB ( '',0.05882352941176470507, 0.5490196078431373028, 0.8235294117647058432 ) ;
#169 = FILL_AREA_STYLE ('',( #1571 ) ) ;
#170 = PLANE ( 'NONE',  #1699 ) ;
#171 = STYLED_ITEM ( 'NONE', ( #782 ), #461 ) ;
#172 = VECTOR ( 'NONE', #1288, 1000.000000000000114 ) ;
#173 = COLOUR_RGB ( '',0.05882352941176470507, 0.5490196078431373028, 0.8235294117647058432 ) ;
#174 = UNCERTAINTY_MEASURE_WITH_UNIT (LENGTH_MEASURE( 1.000000000000000082E-05 ), #934, 'distance_accuracy_value', 'NONE');
#175 = EDGE_CURVE ( 'NONE', #1675, #968, #622, .T. ) ;
#176 = FILL_AREA_STYLE_COLOUR ( '', #1614 ) ;
#177 = CARTESIAN_POINT ( 'NONE',  ( -9.000000000000000000, 13.60000000000000142, 4.000000000000000000 ) ) ;
#178 = ORIENTED_EDGE ( 'NONE', *, *, #138, .F. ) ;
#179 = CARTESIAN_POINT ( 'NONE',  ( -1.874999999999996447, 0.7000000000000003997, 4.000000000000000000 ) ) ;
#180 = ORIENTED_EDGE ( 'NONE', *, *, #1713, .T. ) ;
#181 = FILL_AREA_STYLE_COLOUR ( '', #1865 ) ;
#182 = VECTOR ( 'NONE', #1124, 1000.000000000000000 ) ;
#183 = CIRCLE ( 'NONE', #313, 0.4000000000000001887 ) ;
#184 = ORIENTED_EDGE ( 'NONE', *, *, #258, .F. ) ;
#185 = CARTESIAN_POINT ( 'NONE',  ( 5.625000000000000000, 0.6999999999999999556, -4.000000000000000000 ) ) ;
#186 = AXIS2_PLACEMENT_3D ( 'NONE', #727, #1177, #1652 ) ;
#187 = CARTESIAN_POINT ( 'NONE',  ( 5.220854811567264164, 0.000000000000000000, -3.600000000000000089 ) ) ;
#188 = SURFACE_STYLE_FILL_AREA ( #197 ) ;
#189 = STYLED_ITEM ( 'NONE', ( #195 ), #552 ) ;
#190 = EDGE_LOOP ( 'NONE', ( #1479, #839, #442, #1021 ) ) ;
#191 =( LENGTH_UNIT ( ) NAMED_UNIT ( * ) SI_UNIT ( .MILLI., .METRE. ) );
#192 = AXIS2_PLACEMENT_3D ( 'NONE', #102, #545, #118 ) ;
#193 = ORIENTED_EDGE ( 'NONE', *, *, #175, .F. ) ;
#194 =( NAMED_UNIT ( * ) SI_UNIT ( $, .STERADIAN. ) SOLID_ANGLE_UNIT ( ) );
#195 = PRESENTATION_STYLE_ASSIGNMENT (( #1362 ) ) ;
#196 = DIRECTION ( 'NONE',  ( 0.000000000000000000, 0.000000000000000000, 1.000000000000000000 ) ) ;
#197 = FILL_AREA_STYLE ('',( #515 ) ) ;
#198 = SURFACE_SIDE_STYLE ('',( #11 ) ) ;
#199 = ORIENTED_EDGE ( 'NONE', *, *, #580, .T. ) ;
#200 = STYLED_ITEM ( 'NONE', ( #703 ), #32 ) ;
#201 = CARTESIAN_POINT ( 'NONE',  ( 8.599999999999999645, 0.000000000000000000, -4.000000000000000000 ) ) ;
#202 =( NAMED_UNIT ( * ) SI_UNIT ( $, .STERADIAN. ) SOLID_ANGLE_UNIT ( ) );
#203 = VERTEX_POINT ( 'NONE', #456 ) ;
#204 = ORIENTED_EDGE ( 'NONE', *, *, #330, .F. ) ;
#205 = DIRECTION ( 'NONE',  ( -1.000000000000000000, 0.000000000000000000, 0.000000000000000000 ) ) ;
#206 = VERTEX_POINT ( 'NONE', #1909 ) ;
#207 = ORIENTED_EDGE ( 'NONE', *, *, #600, .F. ) ;
#208 = EDGE_LOOP ( 'NONE', ( #293, #1417, #1672, #178 ) ) ;
#209 = STYLED_ITEM ( 'NONE', ( #1126 ), #1888 ) ;
#210 =( NAMED_UNIT ( * ) SI_UNIT ( $, .STERADIAN. ) SOLID_ANGLE_UNIT ( ) );
#211 = LINE ( 'NONE', #640, #221 ) ;
#212 = DIRECTION ( 'NONE',  ( 0.000000000000000000, 1.000000000000000000, 0.000000000000000000 ) ) ;
#213 = VERTEX_POINT ( 'NONE', #1072 ) ;
#214 = DIRECTION ( 'NONE',  ( -0.8660254037844395958, 0.4999999999999983902, 0.000000000000000000 ) ) ;
#215 = STYLED_ITEM ( 'NONE', ( #1910 ), #1488 ) ;
#216 = EDGE_LOOP ( 'NONE', ( #319, #1000, #363, #325 ) ) ;
#217 =( NAMED_UNIT ( * ) PLANE_ANGLE_UNIT ( ) SI_UNIT ( $, .RADIAN. ) );
#218 = ADVANCED_FACE ( 'NONE', ( #1912 ), #335, .T. ) ;
#219 = SURFACE_SIDE_STYLE ('',( #1261 ) ) ;
#220 = ORIENTED_EDGE ( 'NONE', *, *, #1868, .F. ) ;
#221 = VECTOR ( 'NONE', #1861, 1000.000000000000000 ) ;
#222 =( GEOMETRIC_REPRESENTATION_CONTEXT ( 3 ) GLOBAL_UNCERTAINTY_ASSIGNED_CONTEXT ( ( #1099 ) ) GLOBAL_UNIT_ASSIGNED_CONTEXT ( ( #1332, #1543, #493 ) ) REPRESENTATION_CONTEXT ( 'NONE', 'WORKASPACE' ) );
#223 = ORIENTED_EDGE ( 'NONE', *, *, #584, .T. ) ;
#224 = EDGE_LOOP ( 'NONE', ( #921, #972, #947, #1484 ) ) ;
#225 = ORIENTED_EDGE ( 'NONE', *, *, #1186, .T. ) ;
#226 = PRESENTATION_LAYER_ASSIGNMENT (  '', '', ( #486 ) ) ;
#227 = UNCERTAINTY_MEASURE_WITH_UNIT (LENGTH_MEASURE( 1.000000000000000082E-05 ), #1506, 'distance_accuracy_value', 'NONE');
#228 = VERTEX_POINT ( 'NONE', #776 ) ;
#229 = DIRECTION ( 'NONE',  ( 1.000000000000000000, 1.221008489658179441E-16, 0.000000000000000000 ) ) ;
#230 = LINE ( 'NONE', #68, #928 ) ;
#231 = DIRECTION ( 'NONE',  ( 0.000000000000000000, 0.000000000000000000, 1.000000000000000000 ) ) ;
#232 = CLOSED_SHELL ( 'NONE', ( #378, #1758, #1789, #281 ) ) ;
#233 = DIRECTION ( 'NONE',  ( -1.000000000000000000, 1.224646799147353207E-16, 0.000000000000000000 ) ) ;
#234 = EDGE_CURVE ( 'NONE', #621, #1347, #630, .T. ) ;
#235 = CIRCLE ( 'NONE', #1651, 0.4000000000000001887 ) ;
#236 = ORIENTED_EDGE ( 'NONE', *, *, #359, .F. ) ;
#237 = EDGE_CURVE ( 'NONE', #684, #897, #17, .T. ) ;
#238 = VERTEX_POINT ( 'NONE', #187 ) ;
#239 = LINE ( 'NONE', #1625, #892 ) ;
#240 = DIRECTION ( 'NONE',  ( 0.000000000000000000, 1.000000000000000000, 0.000000000000000000 ) ) ;
#241 = VERTEX_POINT ( 'NONE', #606 ) ;
#242 = EDGE_LOOP ( 'NONE', ( #1624, #193, #1561, #659 ) ) ;
#243 = DIRECTION ( 'NONE',  ( -0.000000000000000000, 1.000000000000000000, -0.000000000000000000 ) ) ;
#244 = SURFACE_SIDE_STYLE ('',( #1560 ) ) ;
#245 = DIRECTION ( 'NONE',  ( 1.000000000000000000, 0.000000000000000000, 0.000000000000000000 ) ) ;
#246 = MECHANICAL_DESIGN_GEOMETRIC_PRESENTATION_REPRESENTATION (  '', ( #1478 ), #1724 ) ;
#247 = ORIENTED_EDGE ( 'NONE', *, *, #1774, .T. ) ;
#248 = COLOUR_RGB ( '',0.05882352941176470507, 0.5490196078431373028, 0.8235294117647058432 ) ;
#249 = EDGE_LOOP ( 'NONE', ( #976, #1547, #1633, #641 ) ) ;
#250 = DIRECTION ( 'NONE',  ( 1.000000000000000000, 0.000000000000000000, -0.000000000000000000 ) ) ;
#251 = MECHANICAL_DESIGN_GEOMETRIC_PRESENTATION_REPRESENTATION (  '', ( #189 ), #222 ) ;
#252 = VERTEX_POINT ( 'NONE', #1116 ) ;
#253 = ORIENTED_EDGE ( 'NONE', *, *, #1317, .T. ) ;
#254 = ORIENTED_EDGE ( 'NONE', *, *, #509, .F. ) ;
#255 = UNCERTAINTY_MEASURE_WITH_UNIT (LENGTH_MEASURE( 1.000000000000000082E-05 ), #1319, 'distance_accuracy_value', 'NONE');
#256 = CARTESIAN_POINT ( 'NONE',  ( 8.599999999999997868, 14.00000000000000000, 3.600000000000000089 ) ) ;
#257 = ORIENTED_EDGE ( 'NONE', *, *, #877, .F. ) ;
#258 = EDGE_CURVE ( 'NONE', #312, #684, #1935, .T. ) ;
#259 = CARTESIAN_POINT ( 'NONE',  ( -9.000000000000000000, 13.60000000000000142, 3.600000000000000089 ) ) ;
#260 = VERTEX_POINT ( 'NONE', #634 ) ;
#261 = SURFACE_STYLE_USAGE ( .BOTH. , #1844 ) ;
#262 = ORIENTED_EDGE ( 'NONE', *, *, #52, .T. ) ;
#263 = FACE_OUTER_BOUND ( 'NONE', #1268, .T. ) ;
#264 = ORIENTED_EDGE ( 'NONE', *, *, #1203, .T. ) ;
#265 = FILL_AREA_STYLE_COLOUR ( '', #470 ) ;
#266 =( NAMED_UNIT ( * ) PLANE_ANGLE_UNIT ( ) SI_UNIT ( $, .RADIAN. ) );
#267 = MANIFOLD_SOLID_BREP ( 'Boss-Extrude2[2]', #51 ) ;
#268 = ORIENTED_EDGE ( 'NONE', *, *, #419, .T. ) ;
#269 = SURFACE_STYLE_FILL_AREA ( #455 ) ;
#270 = ORIENTED_EDGE ( 'NONE', *, *, #1823, .T. ) ;
#271 = ORIENTED_EDGE ( 'NONE', *, *, #157, .T. ) ;
#272 = PRODUCT_DEFINITION_FORMATION_WITH_SPECIFIED_SOURCE ( 'ANY', '', #115, .NOT_KNOWN. ) ;
#273 = ORIENTED_EDGE ( 'NONE', *, *, #1685, .F. ) ;
#274 = EDGE_LOOP ( 'NONE', ( #1420, #379, #1643, #722 ) ) ;
#275 = DIRECTION ( 'NONE',  ( -0.000000000000000000, 1.000000000000000000, -0.000000000000000000 ) ) ;
#276 = VECTOR ( 'NONE', #1366, 1000.000000000000000 ) ;
#277 = CARTESIAN_POINT ( 'NONE',  ( -7.500000000000001776, -6.000000000000000000, 0.000000000000000000 ) ) ;
#278 = PRESENTATION_LAYER_ASSIGNMENT (  '', '', ( #1558 ) ) ;
#279 = VERTEX_POINT ( 'NONE', #1730 ) ;
#280 = DIRECTION ( 'NONE',  ( -0.4999999999999983347, -0.8660254037844395958, 0.000000000000000000 ) ) ;
#281 = ADVANCED_FACE ( 'NONE', ( #753 ), #507, .F. ) ;
#282 = VERTEX_POINT ( 'NONE', #1367 ) ;
#283 = DIRECTION ( 'NONE',  ( 1.000000000000000000, 0.000000000000000000, 0.000000000000000000 ) ) ;
#284 = ORIENTED_EDGE ( 'NONE', *, *, #1, .T. ) ;
#285 =( GEOMETRIC_REPRESENTATION_CONTEXT ( 3 ) GLOBAL_UNCERTAINTY_ASSIGNED_CONTEXT ( ( #958 ) ) GLOBAL_UNIT_ASSIGNED_CONTEXT ( ( #426, #542, #415 ) ) REPRESENTATION_CONTEXT ( 'NONE', 'WORKASPACE' ) );
#286 = PLANE ( 'NONE',  #1809 ) ;
#287 = CARTESIAN_POINT ( 'NONE',  ( 7.500000000000001776, 1.100000000000000533, 1.836970198721029983E-15 ) ) ;
#288 = EDGE_LOOP ( 'NONE', ( #1314, #645, #1609, #15 ) ) ;
#289 = VERTEX_POINT ( 'NONE', #1693 ) ;
#290 = EDGE_CURVE ( 'NONE', #909, #1388, #37, .T. ) ;
#291 = UNCERTAINTY_MEASURE_WITH_UNIT (LENGTH_MEASURE( 1.000000000000000082E-05 ), #1631, 'distance_accuracy_value', 'NONE');
#292 = DIRECTION ( 'NONE',  ( 0.000000000000000000, -1.000000000000000000, 0.000000000000000000 ) ) ;
#293 = ORIENTED_EDGE ( 'NONE', *, *, #564, .F. ) ;
#294 = ORIENTED_EDGE ( 'NONE', *, *, #1823, .F. ) ;
#295 = ORIENTED_EDGE ( 'NONE', *, *, #1891, .T. ) ;
#296 = CARTESIAN_POINT ( 'NONE',  ( 5.220854811567263276, -1.070285003624417579E-18, 4.000000000000000000 ) ) ;
#297 = EDGE_LOOP ( 'NONE', ( #1678, #963, #1011, #1003 ) ) ;
#298 = ORIENTED_EDGE ( 'NONE', *, *, #705, .T. ) ;
#299 = ORIENTED_EDGE ( 'NONE', *, *, #1680, .T. ) ;
#300 = DIRECTION ( 'NONE',  ( 0.000000000000000000, -1.000000000000000000, 0.000000000000000000 ) ) ;
#301 = ADVANCED_FACE ( 'NONE', ( #93 ), #1351, .T. ) ;
#302 = SURFACE_SIDE_STYLE ('',( #137 ) ) ;
#303 = EDGE_LOOP ( 'NONE', ( #1335, #374, #1327, #1318 ) ) ;
#304 = LINE ( 'NONE', #296, #960 ) ;
#305 = ORIENTED_EDGE ( 'NONE', *, *, #1685, .T. ) ;
#306 = DIRECTION ( 'NONE',  ( 0.4999999999999983347, -0.8660254037844395958, 0.000000000000000000 ) ) ;
#307 = SURFACE_SIDE_STYLE ('',( #1357 ) ) ;
#308 = MECHANICAL_DESIGN_GEOMETRIC_PRESENTATION_REPRESENTATION (  '', ( #985 ), #146 ) ;
#309 = FILL_AREA_STYLE_COLOUR ( '', #74 ) ;
#310 = ORIENTED_EDGE ( 'NONE', *, *, #1886, .T. ) ;
#311 = VECTOR ( 'NONE', #801, 1000.000000000000000 ) ;
#312 = VERTEX_POINT ( 'NONE', #990 ) ;
#313 = AXIS2_PLACEMENT_3D ( 'NONE', #1717, #655, #532 ) ;
#314 = ORIENTED_EDGE ( 'NONE', *, *, #1257, .F. ) ;
#315 = VECTOR ( 'NONE', #1895, 1000.000000000000000 ) ;
#316 = DIRECTION ( 'NONE',  ( -0.000000000000000000, -1.000000000000000000, -0.000000000000000000 ) ) ;
#317 = ORIENTED_EDGE ( 'NONE', *, *, #1145, .T. ) ;
#318 =( NAMED_UNIT ( * ) SI_UNIT ( $, .STERADIAN. ) SOLID_ANGLE_UNIT ( ) );
#319 = ORIENTED_EDGE ( 'NONE', *, *, #600, .T. ) ;
#320 = MECHANICAL_DESIGN_GEOMETRIC_PRESENTATION_REPRESENTATION (  '', ( #393 ), #540 ) ;
#321 = PRESENTATION_STYLE_ASSIGNMENT (( #1352 ) ) ;
#322 = ORIENTED_EDGE ( 'NONE', *, *, #25, .T. ) ;
#323 = DIRECTION ( 'NONE',  ( 0.000000000000000000, 0.000000000000000000, 1.000000000000000000 ) ) ;
#324 = FILL_AREA_STYLE ('',( #1457 ) ) ;
#325 = ORIENTED_EDGE ( 'NONE', *, *, #652, .F. ) ;
#326 = EDGE_CURVE ( 'NONE', #911, #1350, #700, .T. ) ;
#327 = FACE_OUTER_BOUND ( 'NONE', #2, .T. ) ;
#328 = VERTEX_POINT ( 'NONE', #1838 ) ;
#329 = ORIENTED_EDGE ( 'NONE', *, *, #1886, .F. ) ;
#330 = EDGE_CURVE ( 'NONE', #1917, #388, #1348, .T. ) ;
#331 = VERTEX_POINT ( 'NONE', #1847 ) ;
#332 = ORIENTED_EDGE ( 'NONE', *, *, #1203, .F. ) ;
#333 = CARTESIAN_POINT ( 'NONE',  ( 1.874999999999996447, 0.7000000000000003997, 4.000000000000000000 ) ) ;
#334 = VERTEX_POINT ( 'NONE', #596 ) ;
#335 = PLANE ( 'NONE',  #1655 ) ;
#336 = EDGE_LOOP ( 'NONE', ( #1573, #1621, #1584, #1564 ) ) ;
#337 = PRESENTATION_LAYER_ASSIGNMENT (  '', '', ( #498 ) ) ;
#338 = SURFACE_STYLE_FILL_AREA ( #365 ) ;
#339 = APPLICATION_PROTOCOL_DEFINITION ( 'draft international standard', 'automotive_design', 1998, #1341 ) ;
#340 = CARTESIAN_POINT ( 'NONE',  ( 8.599999999999999645, 0.6999999999999999556, 3.600000000000000089 ) ) ;
#341 = ORIENTED_EDGE ( 'NONE', *, *, #1049, .T. ) ;
#342 = CIRCLE ( 'NONE', #838, 0.4000000000000004663 ) ;
#343 = MECHANICAL_DESIGN_GEOMETRIC_PRESENTATION_REPRESENTATION (  '', ( #446 ), #556 ) ;
#344 =( NAMED_UNIT ( * ) SI_UNIT ( $, .STERADIAN. ) SOLID_ANGLE_UNIT ( ) );
#345 = FILL_AREA_STYLE_COLOUR ( '', #434 ) ;
#346 = ORIENTED_EDGE ( 'NONE', *, *, #132, .T. ) ;
#347 = SPHERICAL_SURFACE ( 'NONE', #16, 0.4000000000000000222 ) ;
#348 = CARTESIAN_POINT ( 'NONE',  ( -5.625000000000000000, 0.6999999999999999556, -4.000000000000000000 ) ) ;
#349 = AXIS2_PLACEMENT_3D ( 'NONE', #1605, #983, #54 ) ;
#350 = ORIENTED_EDGE ( 'NONE', *, *, #1514, .T. ) ;
#351 = CARTESIAN_POINT ( 'NONE',  ( 0.000000000000000000, 0.000000000000000000, -4.000000000000000000 ) ) ;
#352 = FILL_AREA_STYLE_COLOUR ( '', #614 ) ;
#353 = EDGE_CURVE ( 'NONE', #1513, #260, #746, .T. ) ;
#354 = ORIENTED_EDGE ( 'NONE', *, *, #1832, .F. ) ;
#355 = DIRECTION ( 'NONE',  ( -0.000000000000000000, -0.000000000000000000, -1.000000000000000000 ) ) ;
#356 = FILL_AREA_STYLE ('',( #166 ) ) ;
#357 = UNCERTAINTY_MEASURE_WITH_UNIT (LENGTH_MEASURE( 1.000000000000000082E-05 ), #1281, 'distance_accuracy_value', 'NONE');
#358 = ORIENTED_EDGE ( 'NONE', *, *, #584, .F. ) ;
#359 = EDGE_CURVE ( 'NONE', #965, #5, #1381, .T. ) ;
#360 = ORIENTED_EDGE ( 'NONE', *, *, #237, .T. ) ;
#361 = DIRECTION ( 'NONE',  ( 0.000000000000000000, 1.000000000000000000, 0.000000000000000000 ) ) ;
#362 = ORIENTED_EDGE ( 'NONE', *, *, #580, .F. ) ;
#363 = ORIENTED_EDGE ( 'NONE', *, *, #1374, .T. ) ;
#364 = VERTEX_POINT ( 'NONE', #975 ) ;
#365 = FILL_AREA_STYLE ('',( #176 ) ) ;
#366 = FILL_AREA_STYLE ('',( #13 ) ) ;
#367 = CARTESIAN_POINT ( 'NONE',  ( 7.500000000000001776, 1.100000000000000533, 1.836970198721029983E-15 ) ) ;
#368 = ORIENTED_EDGE ( 'NONE', *, *, #1429, .T. ) ;
#369 = AXIS2_PLACEMENT_3D ( 'NONE', #765, #488, #1086 ) ;
#370 = ORIENTED_EDGE ( 'NONE', *, *, #1349, .F. ) ;
#371 = FILL_AREA_STYLE_COLOUR ( '', #1892 ) ;
#372 = SURFACE_STYLE_USAGE ( .BOTH. , #1529 ) ;
#373 = STYLED_ITEM ( 'NONE', ( #1250 ), #153 ) ;
#374 = ORIENTED_EDGE ( 'NONE', *, *, #1542, .F. ) ;
#375 = SURFACE_STYLE_USAGE ( .BOTH. , #198 ) ;
#376 = EDGE_CURVE ( 'NONE', #279, #653, #79, .T. ) ;
#377 = DIRECTION ( 'NONE',  ( 1.000000000000000000, -1.224646799147353207E-16, -0.000000000000000000 ) ) ;
#378 = ADVANCED_FACE ( 'NONE', ( #706 ), #1392, .T. ) ;
#379 = ORIENTED_EDGE ( 'NONE', *, *, #652, .T. ) ;
#380 = FILL_AREA_STYLE_COLOUR ( '', #608 ) ;
#381 = EDGE_CURVE ( 'NONE', #1743, #213, #66, .T. ) ;
#382 = VERTEX_POINT ( 'NONE', #88 ) ;
#383 =( NAMED_UNIT ( * ) PLANE_ANGLE_UNIT ( ) SI_UNIT ( $, .RADIAN. ) );
#384 = FILL_AREA_STYLE ('',( #345 ) ) ;
#385 = FILL_AREA_STYLE_COLOUR ( '', #1480 ) ;
#386 = ORIENTED_EDGE ( 'NONE', *, *, #1570, .F. ) ;
#387 = AXIS2_PLACEMENT_3D ( 'NONE', #658, #1113, #1864 ) ;
#388 = VERTEX_POINT ( 'NONE', #1485 ) ;
#389 = DIRECTION ( 'NONE',  ( 0.000000000000000000, 0.000000000000000000, -1.000000000000000000 ) ) ;
#390 = PRODUCT_DEFINITION_CONTEXT ( 'detailed design', #1341, 'design' ) ;
#391 =( GEOMETRIC_REPRESENTATION_CONTEXT ( 3 ) GLOBAL_UNCERTAINTY_ASSIGNED_CONTEXT ( ( #1430 ) ) GLOBAL_UNIT_ASSIGNED_CONTEXT ( ( #926, #1088, #1212 ) ) REPRESENTATION_CONTEXT ( 'NONE', 'WORKASPACE' ) );
#392 = EDGE_LOOP ( 'NONE', ( #851, #1497, #1339, #855 ) ) ;
#393 = STYLED_ITEM ( 'NONE', ( #1451 ), #105 ) ;
#394 = CARTESIAN_POINT ( 'NONE',  ( 8.599999999999999645, 13.60000000000000142, -3.600000000000000089 ) ) ;
#395 =( NAMED_UNIT ( * ) PLANE_ANGLE_UNIT ( ) SI_UNIT ( $, .RADIAN. ) );
#396 = CARTESIAN_POINT ( 'NONE',  ( -8.599999999999999645, 14.00000000000000000, -3.600000000000000089 ) ) ;
#397 = ORIENTED_EDGE ( 'NONE', *, *, #907, .T. ) ;
#398 =( NAMED_UNIT ( * ) SI_UNIT ( $, .STERADIAN. ) SOLID_ANGLE_UNIT ( ) );
#399 = EDGE_CURVE ( 'NONE', #1274, #241, #683, .T. ) ;
#400 = CARTESIAN_POINT ( 'NONE',  ( -7.500000000000001776, 1.100000000000000533, 0.4000000000000004663 ) ) ;
#401 = ORIENTED_EDGE ( 'NONE', *, *, #760, .F. ) ;
#402 = EDGE_CURVE ( 'NONE', #334, #228, #110, .T. ) ;
#403 = EDGE_LOOP ( 'NONE', ( #682, #625 ) ) ;
#404 = CARTESIAN_POINT ( 'NONE',  ( 7.500000000000001776, -13.13137084989847736, -0.3999999999999976907 ) ) ;
#405 = SURFACE_SIDE_STYLE ('',( #881 ) ) ;
#406 =( LENGTH_UNIT ( ) NAMED_UNIT ( * ) SI_UNIT ( .MILLI., .METRE. ) );
#407 = MECHANICAL_DESIGN_GEOMETRIC_PRESENTATION_REPRESENTATION (  '', ( #1786 ), #72 ) ;
#408 =( NAMED_UNIT ( * ) SI_UNIT ( $, .STERADIAN. ) SOLID_ANGLE_UNIT ( ) );
#409 =( GEOMETRIC_REPRESENTATION_CONTEXT ( 3 ) GLOBAL_UNCERTAINTY_ASSIGNED_CONTEXT ( ( #988 ) ) GLOBAL_UNIT_ASSIGNED_CONTEXT ( ( #1438, #217, #1719 ) ) REPRESENTATION_CONTEXT ( 'NONE', 'WORKASPACE' ) );
#410 = SURFACE_SIDE_STYLE ('',( #767 ) ) ;
#411 = PRESENTATION_LAYER_ASSIGNMENT (  '', '', ( #393 ) ) ;
#412 = CARTESIAN_POINT ( 'NONE',  ( -9.000000000000000000, 0.6999999999999999556, -3.600000000000000089 ) ) ;
#413 =( LENGTH_UNIT ( ) NAMED_UNIT ( * ) SI_UNIT ( .MILLI., .METRE. ) );
#414 = LINE ( 'NONE', #1817, #1747 ) ;
#415 =( NAMED_UNIT ( * ) SI_UNIT ( $, .STERADIAN. ) SOLID_ANGLE_UNIT ( ) );
#416 = UNCERTAINTY_MEASURE_WITH_UNIT (LENGTH_MEASURE( 1.000000000000000082E-05 ), #558, 'distance_accuracy_value', 'NONE');
#417 = DIRECTION ( 'NONE',  ( 0.8660254037844395958, 0.4999999999999983902, -0.000000000000000000 ) ) ;
#418 = FILL_AREA_STYLE_COLOUR ( '', #1389 ) ;
#419 = EDGE_CURVE ( 'NONE', #1540, #847, #714, .T. ) ;
#420 = DIRECTION ( 'NONE',  ( 1.000000000000000000, 0.000000000000000000, 0.000000000000000000 ) ) ;
#421 = CARTESIAN_POINT ( 'NONE',  ( -1.874999999999996447, 0.7000000000000003997, -4.000000000000000000 ) ) ;
#422 = LINE ( 'NONE', #1154, #1105 ) ;
#423 = AXIS2_PLACEMENT_3D ( 'NONE', #745, #1705, #462 ) ;
#424 = ORIENTED_EDGE ( 'NONE', *, *, #1937, .T. ) ;
#425 = CARTESIAN_POINT ( 'NONE',  ( 5.220854811567263276, -1.070285003624417579E-18, -4.000000000000000000 ) ) ;
#426 =( LENGTH_UNIT ( ) NAMED_UNIT ( * ) SI_UNIT ( .MILLI., .METRE. ) );
#427 = AXIS2_PLACEMENT_3D ( 'NONE', #1712, #978, #1840 ) ;
#428 = APPLICATION_CONTEXT ( 'automotive_design' ) ;
#429 = SURFACE_SIDE_STYLE ('',( #1076 ) ) ;
#430 =( GEOMETRIC_REPRESENTATION_CONTEXT ( 3 ) GLOBAL_UNCERTAINTY_ASSIGNED_CONTEXT ( ( #1471 ) ) GLOBAL_UNIT_ASSIGNED_CONTEXT ( ( #1456, #1472, #1174 ) ) REPRESENTATION_CONTEXT ( 'NONE', 'WORKASPACE' ) );
#431 = DIRECTION ( 'NONE',  ( 0.000000000000000000, 0.000000000000000000, 1.000000000000000000 ) ) ;
#432 = PRESENTATION_STYLE_ASSIGNMENT (( #1836 ) ) ;
#433 = EDGE_CURVE ( 'NONE', #894, #885, #76, .T. ) ;
#434 = COLOUR_RGB ( '',0.05882352941176470507, 0.5490196078431373028, 0.8235294117647058432 ) ;
#435 = CARTESIAN_POINT ( 'NONE',  ( 5.625000000000000000, 0.6999999999999999556, 3.600000000000000089 ) ) ;
#436 = FILL_AREA_STYLE_COLOUR ( '', #977 ) ;
#437 = SURFACE_STYLE_FILL_AREA ( #384 ) ;
#438 = PLANE ( 'NONE',  #1454 ) ;
#439 = LINE ( 'NONE', #1020, #1063 ) ;
#440 = CARTESIAN_POINT ( 'NONE',  ( -5.220854811567263276, 0.000000000000000000, -4.000000000000000000 ) ) ;
#441 = ADVANCED_FACE ( 'NONE', ( #719 ), #1294, .F. ) ;
#442 = ORIENTED_EDGE ( 'NONE', *, *, #1937, .F. ) ;
#443 = DIRECTION ( 'NONE',  ( 1.000000000000000000, 0.000000000000000000, 0.000000000000000000 ) ) ;
#444 = SURFACE_STYLE_FILL_AREA ( #770 ) ;
#445 = CARTESIAN_POINT ( 'NONE',  ( 8.599999999999999645, 13.60000000000000142, -4.000000000000000000 ) ) ;
#446 = STYLED_ITEM ( 'NONE', ( #1802 ), #1178 ) ;
#447 =( NAMED_UNIT ( * ) SI_UNIT ( $, .STERADIAN. ) SOLID_ANGLE_UNIT ( ) );
#448 = DIRECTION ( 'NONE',  ( 0.000000000000000000, 0.000000000000000000, 1.000000000000000000 ) ) ;
#449 = AXIS2_PLACEMENT_3D ( 'NONE', #1863, #84, #245 ) ;
#450 = DIRECTION ( 'NONE',  ( -0.8660254037844395958, 0.4999999999999983902, 0.000000000000000000 ) ) ;
#451 = CYLINDRICAL_SURFACE ( 'NONE', #1329, 0.4000000000000004663 ) ;
#452 = AXIS2_PLACEMENT_3D ( 'NONE', #1233, #1112, #233 ) ;
#453 = CARTESIAN_POINT ( 'NONE',  ( 8.599999999999999645, 0.000000000000000000, -3.600000000000000089 ) ) ;
#454 = ORIENTED_EDGE ( 'NONE', *, *, #1733, .T. ) ;
#455 = FILL_AREA_STYLE ('',( #1670 ) ) ;
#456 = CARTESIAN_POINT ( 'NONE',  ( 9.000000000000000000, 13.60000000000000142, -3.600000000000000089 ) ) ;
#457 = PRESENTATION_STYLE_ASSIGNMENT (( #631 ) ) ;
#458 = VECTOR ( 'NONE', #443, 1000.000000000000000 ) ;
#459 = SURFACE_STYLE_USAGE ( .BOTH. , #1421 ) ;
#460 = AXIS2_PLACEMENT_3D ( 'NONE', #1658, #1647, #283 ) ;
#461 = ADVANCED_FACE ( 'NONE', ( #151 ), #809, .T. ) ;
#462 = DIRECTION ( 'NONE',  ( 0.000000000000000000, 0.000000000000000000, -1.000000000000000000 ) ) ;
#463 = MECHANICAL_DESIGN_GEOMETRIC_PRESENTATION_REPRESENTATION (  '', ( #1308 ), #391 ) ;
#464 = VECTOR ( 'NONE', #101, 1000.000000000000000 ) ;
#465 = CARTESIAN_POINT ( 'NONE',  ( -7.500000000000001776, 1.100000000000000533, 0.000000000000000000 ) ) ;
#466 = SURFACE_SIDE_STYLE ('',( #1310 ) ) ;
#467 =( GEOMETRIC_REPRESENTATION_CONTEXT ( 3 ) GLOBAL_UNCERTAINTY_ASSIGNED_CONTEXT ( ( #528 ) ) GLOBAL_UNIT_ASSIGNED_CONTEXT ( ( #559, #1002, #1742 ) ) REPRESENTATION_CONTEXT ( 'NONE', 'WORKASPACE' ) );
#468 = VECTOR ( 'NONE', #1219, 1000.000000000000000 ) ;
#469 = DIRECTION ( 'NONE',  ( -0.000000000000000000, -0.000000000000000000, -1.000000000000000000 ) ) ;
#470 = COLOUR_RGB ( '',0.05882352941176470507, 0.5490196078431373028, 0.8235294117647058432 ) ;
#471 = SURFACE_SIDE_STYLE ('',( #18 ) ) ;
#472 = SURFACE_SIDE_STYLE ('',( #1467 ) ) ;
#473 = UNCERTAINTY_MEASURE_WITH_UNIT (LENGTH_MEASURE( 1.000000000000000082E-05 ), #1333, 'distance_accuracy_value', 'NONE');
#474 =( LENGTH_UNIT ( ) NAMED_UNIT ( * ) SI_UNIT ( .MILLI., .METRE. ) );
#475 = CARTESIAN_POINT ( 'NONE',  ( -8.599999999999999645, 1.100000000000000533, -3.600000000000000089 ) ) ;
#476 = DIRECTION ( 'NONE',  ( 0.000000000000000000, -0.000000000000000000, -1.000000000000000000 ) ) ;
#477 = PRESENTATION_STYLE_ASSIGNMENT (( #544 ) ) ;
#478 = CARTESIAN_POINT ( 'NONE',  ( -9.000000000000000000, 14.00000000000000000, -3.600000000000000089 ) ) ;
#479 = DIRECTION ( 'NONE',  ( 0.000000000000000000, -0.000000000000000000, 1.000000000000000000 ) ) ;
#480 = PRESENTATION_LAYER_ASSIGNMENT (  '', '', ( #810 ) ) ;
#481 = CARTESIAN_POINT ( 'NONE',  ( -8.599999999999999645, 13.60000000000000142, 4.000000000000000000 ) ) ;
#482 = DIRECTION ( 'NONE',  ( -1.000000000000000000, 0.000000000000000000, 0.000000000000000000 ) ) ;
#483 = VECTOR ( 'NONE', #1023, 1000.000000000000000 ) ;
#484 = PRESENTATION_LAYER_ASSIGNMENT (  '', '', ( #1160 ) ) ;
#485 =( NAMED_UNIT ( * ) PLANE_ANGLE_UNIT ( ) SI_UNIT ( $, .RADIAN. ) );
#486 = STYLED_ITEM ( 'NONE', ( #135 ), #142 ) ;
#487 = FACE_OUTER_BOUND ( 'NONE', #688, .T. ) ;
#488 = DIRECTION ( 'NONE',  ( 1.000000000000000000, -0.000000000000000000, -0.000000000000000000 ) ) ;
#489 = ADVANCED_FACE ( 'NONE', ( #131 ), #724, .T. ) ;
#490 = FILL_AREA_STYLE_COLOUR ( '', #1775 ) ;
#491 = FILL_AREA_STYLE ('',( #371 ) ) ;
#492 = UNCERTAINTY_MEASURE_WITH_UNIT (LENGTH_MEASURE( 1.000000000000000082E-05 ), #1234, 'distance_accuracy_value', 'NONE');
#493 =( NAMED_UNIT ( * ) SI_UNIT ( $, .STERADIAN. ) SOLID_ANGLE_UNIT ( ) );
#494 =( NAMED_UNIT ( * ) SI_UNIT ( $, .STERADIAN. ) SOLID_ANGLE_UNIT ( ) );
#495 = SURFACE_STYLE_FILL_AREA ( #1546 ) ;
#496 = DIRECTION ( 'NONE',  ( 0.4999999999999983902, 0.8660254037844395958, -0.000000000000000000 ) ) ;
#497 =( LENGTH_UNIT ( ) NAMED_UNIT ( * ) SI_UNIT ( .MILLI., .METRE. ) );
#498 = STYLED_ITEM ( 'NONE', ( #1144 ), #1916 ) ;
#499 = LINE ( 'NONE', #820, #1132 ) ;
#500 = PRESENTATION_LAYER_ASSIGNMENT (  '', '', ( #1273 ) ) ;
#501 = DIRECTION ( 'NONE',  ( -0.000000000000000000, -1.000000000000000000, -0.000000000000000000 ) ) ;
#502 = STYLED_ITEM ( 'NONE', ( #1486 ), #587 ) ;
#503 = FACE_OUTER_BOUND ( 'NONE', #392, .T. ) ;
#504 = VECTOR ( 'NONE', #738, 1000.000000000000000 ) ;
#505 = FILL_AREA_STYLE ('',( #1115 ) ) ;
#506 = VECTOR ( 'NONE', #1208, 1000.000000000000000 ) ;
#507 = PLANE ( 'NONE',  #898 ) ;
#508 = CIRCLE ( 'NONE', #775, 0.4000000000000001887 ) ;
#509 = EDGE_CURVE ( 'NONE', #328, #847, #790, .T. ) ;
#510 = UNCERTAINTY_MEASURE_WITH_UNIT (LENGTH_MEASURE( 1.000000000000000082E-05 ), #791, 'distance_accuracy_value', 'NONE');
#511 = EDGE_CURVE ( 'NONE', #279, #289, #1463, .T. ) ;
#512 = FILL_AREA_STYLE ('',( #1780 ) ) ;
#513 =( LENGTH_UNIT ( ) NAMED_UNIT ( * ) SI_UNIT ( .MILLI., .METRE. ) );
#514 = CIRCLE ( 'NONE', #955, 0.4000000000000001887 ) ;
#515 = FILL_AREA_STYLE_COLOUR ( '', #1431 ) ;
#516 = ADVANCED_FACE ( 'NONE', ( #1435 ), #164, .T. ) ;
#517 = CARTESIAN_POINT ( 'NONE',  ( -9.000000000000000000, 14.00000000000000000, 4.000000000000000000 ) ) ;
#518 = PRESENTATION_LAYER_ASSIGNMENT (  '', '', ( #163 ) ) ;
#519 = DIRECTION ( 'NONE',  ( -1.000000000000000000, 0.000000000000000000, 0.000000000000000000 ) ) ;
#520 = AXIS2_PLACEMENT_3D ( 'NONE', #67, #275, #1759 ) ;
#521 = LINE ( 'NONE', #693, #504 ) ;
#522 = STYLED_ITEM ( 'NONE', ( #1337 ), #301 ) ;
#523 = CARTESIAN_POINT ( 'NONE',  ( -5.625000000000000000, 0.6999999999999999556, 4.000000000000000000 ) ) ;
#524 = SURFACE_STYLE_FILL_AREA ( #1372 ) ;
#525 = DIRECTION ( 'NONE',  ( 1.000000000000000000, 0.000000000000000000, -0.000000000000000000 ) ) ;
#526 = DIRECTION ( 'NONE',  ( -1.000000000000000000, 0.000000000000000000, 0.000000000000000000 ) ) ;
#527 = COLOUR_RGB ( '',0.05882352941176470507, 0.5490196078431373028, 0.8235294117647058432 ) ;
#528 = UNCERTAINTY_MEASURE_WITH_UNIT (LENGTH_MEASURE( 1.000000000000000082E-05 ), #559, 'distance_accuracy_value', 'NONE');
#529 = SURFACE_STYLE_USAGE ( .BOTH. , #410 ) ;
#530 = PRESENTATION_STYLE_ASSIGNMENT (( #1673 ) ) ;
#531 = DIRECTION ( 'NONE',  ( -0.000000000000000000, -0.000000000000000000, -1.000000000000000000 ) ) ;
#532 = DIRECTION ( 'NONE',  ( -4.336808689942015369E-15, 0.000000000000000000, -1.000000000000000000 ) ) ;
#533 = AXIS2_PLACEMENT_3D ( 'NONE', #1460, #1450, #1794 ) ;
#534 = CARTESIAN_POINT ( 'NONE',  ( 5.625000000000000000, 0.6999999999999999556, 3.600000000000000089 ) ) ;
#535 = CARTESIAN_POINT ( 'NONE',  ( 8.599999999999999645, 0.000000000000000000, 3.600000000000000089 ) ) ;
#536 = STYLED_ITEM ( 'NONE', ( #764 ), #551 ) ;
#537 = CYLINDRICAL_SURFACE ( 'NONE', #1359, 0.3999999999999995226 ) ;
#538 = CARTESIAN_POINT ( 'NONE',  ( -7.500000000000001776, -13.13137084989847736, 0.000000000000000000 ) ) ;
#539 = LINE ( 'NONE', #1551, #1829 ) ;
#540 =( GEOMETRIC_REPRESENTATION_CONTEXT ( 3 ) GLOBAL_UNCERTAINTY_ASSIGNED_CONTEXT ( ( #1637 ) ) GLOBAL_UNIT_ASSIGNED_CONTEXT ( ( #1445, #656, #672 ) ) REPRESENTATION_CONTEXT ( 'NONE', 'WORKASPACE' ) );
#541 = CARTESIAN_POINT ( 'NONE',  ( 8.599999999999999645, 0.000000000000000000, -3.600000000000000089 ) ) ;
#542 =( NAMED_UNIT ( * ) PLANE_ANGLE_UNIT ( ) SI_UNIT ( $, .RADIAN. ) );
#543 =( NAMED_UNIT ( * ) SI_UNIT ( $, .STERADIAN. ) SOLID_ANGLE_UNIT ( ) );
#544 = SURFACE_STYLE_USAGE ( .BOTH. , #429 ) ;
#545 = DIRECTION ( 'NONE',  ( -0.000000000000000000, 1.000000000000000000, -0.000000000000000000 ) ) ;
#546 = DIRECTION ( 'NONE',  ( 0.000000000000000000, 1.000000000000000000, -0.000000000000000000 ) ) ;
#547 = UNCERTAINTY_MEASURE_WITH_UNIT (LENGTH_MEASURE( 1.000000000000000082E-05 ), #406, 'distance_accuracy_value', 'NONE');
#548 = FACE_OUTER_BOUND ( 'NONE', #875, .T. ) ;
#549 = DIRECTION ( 'NONE',  ( 0.000000000000000000, -0.000000000000000000, 1.000000000000000000 ) ) ;
#550 =( GEOMETRIC_REPRESENTATION_CONTEXT ( 3 ) GLOBAL_UNCERTAINTY_ASSIGNED_CONTEXT ( ( #492 ) ) GLOBAL_UNIT_ASSIGNED_CONTEXT ( ( #1234, #71, #398 ) ) REPRESENTATION_CONTEXT ( 'NONE', 'WORKASPACE' ) );
#551 = ADVANCED_FACE ( 'NONE', ( #119 ), #771, .F. ) ;
#552 = MANIFOLD_SOLID_BREP ( 'Cut-Extrude1', #1626 ) ;
#553 = CARTESIAN_POINT ( 'NONE',  ( -1.874999999999996447, 0.7000000000000003997, 3.600000000000000089 ) ) ;
#554 = FILL_AREA_STYLE ('',( #436 ) ) ;
#555 = SURFACE_SIDE_STYLE ('',( #795 ) ) ;
#556 =( GEOMETRIC_REPRESENTATION_CONTEXT ( 3 ) GLOBAL_UNCERTAINTY_ASSIGNED_CONTEXT ( ( #416 ) ) GLOBAL_UNIT_ASSIGNED_CONTEXT ( ( #558, #707, #1660 ) ) REPRESENTATION_CONTEXT ( 'NONE', 'WORKASPACE' ) );
#557 = DIRECTION ( 'NONE',  ( 0.000000000000000000, 0.000000000000000000, 1.000000000000000000 ) ) ;
#558 =( LENGTH_UNIT ( ) NAMED_UNIT ( * ) SI_UNIT ( .MILLI., .METRE. ) );
#559 =( LENGTH_UNIT ( ) NAMED_UNIT ( * ) SI_UNIT ( .MILLI., .METRE. ) );
#560 = STYLED_ITEM ( 'NONE', ( #980 ), #971 ) ;
#561 = PLANE ( 'NONE',  #748 ) ;
#562 = FILL_AREA_STYLE_COLOUR ( '', #1714 ) ;
#563 =( GEOMETRIC_REPRESENTATION_CONTEXT ( 3 ) GLOBAL_UNCERTAINTY_ASSIGNED_CONTEXT ( ( #128 ) ) GLOBAL_UNIT_ASSIGNED_CONTEXT ( ( #802, #984, #1241 ) ) REPRESENTATION_CONTEXT ( 'NONE', 'WORKASPACE' ) );
#564 = EDGE_CURVE ( 'NONE', #47, #206, #235, .T. ) ;
#565 = DIRECTION ( 'NONE',  ( 0.000000000000000000, -1.000000000000000000, 0.000000000000000000 ) ) ;
#566 = LINE ( 'NONE', #1263, #1227 ) ;
#567 = CARTESIAN_POINT ( 'NONE',  ( -8.599999999999999645, 0.000000000000000000, -4.000000000000000000 ) ) ;
#568 = EDGE_CURVE ( 'NONE', #1342, #909, #868, .T. ) ;
#569 = LINE ( 'NONE', #636, #1894 ) ;
#570 = CARTESIAN_POINT ( 'NONE',  ( 5.625000000000000000, 0.6999999999999999556, 4.000000000000000000 ) ) ;
#571 = DIRECTION ( 'NONE',  ( -1.000000000000000000, 1.224646799147353207E-16, 0.000000000000000000 ) ) ;
#572 = PRESENTATION_LAYER_ASSIGNMENT (  '', '', ( #1386 ) ) ;
#573 = DIRECTION ( 'NONE',  ( 0.000000000000000000, -1.000000000000000000, 0.000000000000000000 ) ) ;
#574 = AXIS2_PLACEMENT_3D ( 'NONE', #1489, #1905, #1663 ) ;
#575 = SURFACE_STYLE_FILL_AREA ( #1857 ) ;
#576 = ADVANCED_FACE ( 'NONE', ( #837 ), #861, .T. ) ;
#577 = DIRECTION ( 'NONE',  ( -1.000000000000000000, 0.000000000000000000, 0.000000000000000000 ) ) ;
#578 = AXIS2_PLACEMENT_3D ( 'NONE', #517, #525, #1094 ) ;
#579 = VECTOR ( 'NONE', #205, 1000.000000000000000 ) ;
#580 = EDGE_CURVE ( 'NONE', #1007, #1537, #239, .T. ) ;
#581 = SURFACE_STYLE_USAGE ( .BOTH. , #471 ) ;
#582 = DIRECTION ( 'NONE',  ( -1.000000000000000000, 0.000000000000000000, 0.000000000000000000 ) ) ;
#583 = CIRCLE ( 'NONE', #186, 0.3999999999999993006 ) ;
#584 = EDGE_CURVE ( 'NONE', #5, #621, #183, .T. ) ;
#585 = DIRECTION ( 'NONE',  ( -0.000000000000000000, -0.000000000000000000, -1.000000000000000000 ) ) ;
#586 = UNCERTAINTY_MEASURE_WITH_UNIT (LENGTH_MEASURE( 1.000000000000000082E-05 ), #914, 'distance_accuracy_value', 'NONE');
#587 = ADVANCED_FACE ( 'NONE', ( #1548 ), #1572, .F. ) ;
#588 = PRESENTATION_STYLE_ASSIGNMENT (( #103 ) ) ;
#589 = PLANE ( 'NONE',  #574 ) ;
#590 = AXIS2_PLACEMENT_3D ( 'NONE', #107, #1881, #571 ) ;
#591 = SURFACE_SIDE_STYLE ('',( #437 ) ) ;
#592 =( NAMED_UNIT ( * ) PLANE_ANGLE_UNIT ( ) SI_UNIT ( $, .RADIAN. ) );
#593 = SURFACE_STYLE_FILL_AREA ( #90 ) ;
#594 = MECHANICAL_DESIGN_GEOMETRIC_PRESENTATION_REPRESENTATION (  '', ( #1845 ), #612 ) ;
#595 = CARTESIAN_POINT ( 'NONE',  ( -5.220854811567259723, 0.000000000000000000, 3.600000000000000089 ) ) ;
#596 = CARTESIAN_POINT ( 'NONE',  ( 7.500000000000001776, 1.100000000000000533, -0.3999999999999976907 ) ) ;
#597 = AXIS2_PLACEMENT_3D ( 'NONE', #1545, #1704, #41 ) ;
#598 = SURFACE_STYLE_FILL_AREA ( #491 ) ;
#599 = SURFACE_SIDE_STYLE ('',( #139 ) ) ;
#600 = EDGE_CURVE ( 'NONE', #5, #331, #1507, .T. ) ;
#601 = LINE ( 'NONE', #62, #1224 ) ;
#602 = DIRECTION ( 'NONE',  ( 0.000000000000000000, 0.000000000000000000, 1.000000000000000000 ) ) ;
#603 = PRESENTATION_STYLE_ASSIGNMENT (( #1222 ) ) ;
#604 =( NAMED_UNIT ( * ) SI_UNIT ( $, .STERADIAN. ) SOLID_ANGLE_UNIT ( ) );
#605 = LINE ( 'NONE', #1641, #651 ) ;
#606 = CARTESIAN_POINT ( 'NONE',  ( -8.599999999999999645, 1.100000000000000533, 3.600000000000000089 ) ) ;
#607 = PLANE ( 'NONE',  #1304 ) ;
#608 = COLOUR_RGB ( '',0.7921568627450980005, 0.8196078431372548767, 0.9333333333333333481 ) ;
#609 = CIRCLE ( 'NONE', #1213, 0.4000000000000001887 ) ;
#610 = AXIS2_PLACEMENT_3D ( 'NONE', #7, #361, #602 ) ;
#611 =( NAMED_UNIT ( * ) PLANE_ANGLE_UNIT ( ) SI_UNIT ( $, .RADIAN. ) );
#612 =( GEOMETRIC_REPRESENTATION_CONTEXT ( 3 ) GLOBAL_UNCERTAINTY_ASSIGNED_CONTEXT ( ( #19 ) ) GLOBAL_UNIT_ASSIGNED_CONTEXT ( ( #1410, #1137, #73 ) ) REPRESENTATION_CONTEXT ( 'NONE', 'WORKASPACE' ) );
#613 = EDGE_LOOP ( 'NONE', ( #180, #944, #1075 ) ) ;
#614 = COLOUR_RGB ( '',0.05882352941176470507, 0.5490196078431373028, 0.8235294117647058432 ) ;
#615 =( LENGTH_UNIT ( ) NAMED_UNIT ( * ) SI_UNIT ( .MILLI., .METRE. ) );
#616 = DIRECTION ( 'NONE',  ( 0.000000000000000000, -0.000000000000000000, 1.000000000000000000 ) ) ;
#617 = MECHANICAL_DESIGN_GEOMETRIC_PRESENTATION_REPRESENTATION (  '', ( #1230 ), #1588 ) ;
#618 = EDGE_LOOP ( 'NONE', ( #225, #424, #106 ) ) ;
#619 = CARTESIAN_POINT ( 'NONE',  ( 7.500000000000001776, -6.000000000000000000, 1.836970198721029983E-15 ) ) ;
#620 = EDGE_CURVE ( 'NONE', #1491, #663, #211, .T. ) ;
#621 = VERTEX_POINT ( 'NONE', #95 ) ;
#622 = LINE ( 'NONE', #1508, #627 ) ;
#623 = VECTOR ( 'NONE', #1269, 1000.000000000000000 ) ;
#624 = FILL_AREA_STYLE ('',( #896 ) ) ;
#625 = ORIENTED_EDGE ( 'NONE', *, *, #705, .F. ) ;
#626 = DIRECTION ( 'NONE',  ( 0.4999999999999983902, -0.8660254037844395958, 0.000000000000000000 ) ) ;
#627 = VECTOR ( 'NONE', #1785, 1000.000000000000000 ) ;
#628 = PLANE ( 'NONE',  #44 ) ;
#629 = ORIENTED_EDGE ( 'NONE', *, *, #330, .T. ) ;
#630 = LINE ( 'NONE', #177, #1295 ) ;
#631 = SURFACE_STYLE_USAGE ( .BOTH. , #1855 ) ;
#632 = CYLINDRICAL_SURFACE ( 'NONE', #520, 0.3999999999999995226 ) ;
#633 = UNCERTAINTY_MEASURE_WITH_UNIT (LENGTH_MEASURE( 1.000000000000000082E-05 ), #1343, 'distance_accuracy_value', 'NONE');
#634 = CARTESIAN_POINT ( 'NONE',  ( 7.500000000000001776, -6.000000000000000000, -0.3999999999999976907 ) ) ;
#635 =( GEOMETRIC_REPRESENTATION_CONTEXT ( 3 ) GLOBAL_UNCERTAINTY_ASSIGNED_CONTEXT ( ( #863 ) ) GLOBAL_UNIT_ASSIGNED_CONTEXT ( ( #1188, #1919, #1330 ) ) REPRESENTATION_CONTEXT ( 'NONE', 'WORKASPACE' ) );
#636 = CARTESIAN_POINT ( 'NONE',  ( 5.625000000000000000, 0.6999999999999999556, 4.000000000000000000 ) ) ;
#637 = STYLED_ITEM ( 'NONE', ( #588 ), #1355 ) ;
#638 = VERTEX_POINT ( 'NONE', #1135 ) ;
#639 = CARTESIAN_POINT ( 'NONE',  ( 7.500000000000001776, 1.100000000000000533, 1.836970198721029983E-15 ) ) ;
#640 = CARTESIAN_POINT ( 'NONE',  ( -8.599999999999999645, 0.6999999999999999556, 4.000000000000000000 ) ) ;
#641 = ORIENTED_EDGE ( 'NONE', *, *, #376, .F. ) ;
#642 = AXIS2_PLACEMENT_3D ( 'NONE', #465, #573, #1692 ) ;
#643 = SURFACE_SIDE_STYLE ('',( #188 ) ) ;
#644 = PRESENTATION_STYLE_ASSIGNMENT (( #1549 ) ) ;
#645 = ORIENTED_EDGE ( 'NONE', *, *, #1283, .T. ) ;
#646 =( GEOMETRIC_REPRESENTATION_CONTEXT ( 3 ) GLOBAL_UNCERTAINTY_ASSIGNED_CONTEXT ( ( #923 ) ) GLOBAL_UNIT_ASSIGNED_CONTEXT ( ( #497, #1709, #202 ) ) REPRESENTATION_CONTEXT ( 'NONE', 'WORKASPACE' ) );
#647 = VECTOR ( 'NONE', #229, 1000.000000000000000 ) ;
#648 = CARTESIAN_POINT ( 'NONE',  ( -7.500000000000001776, -13.13137084989847736, -0.4000000000000004663 ) ) ;
#649 = ORIENTED_EDGE ( 'NONE', *, *, #1914, .T. ) ;
#650 = DIRECTION ( 'NONE',  ( 0.000000000000000000, 0.000000000000000000, 1.000000000000000000 ) ) ;
#651 = VECTOR ( 'NONE', #565, 1000.000000000000000 ) ;
#652 = EDGE_CURVE ( 'NONE', #5, #908, #856, .T. ) ;
#653 = VERTEX_POINT ( 'NONE', #1253 ) ;
#654 = VECTOR ( 'NONE', #1735, 1000.000000000000000 ) ;
#655 = DIRECTION ( 'NONE',  ( 1.000000000000000000, 0.000000000000000000, -4.336808689942016158E-15 ) ) ;
#656 =( NAMED_UNIT ( * ) PLANE_ANGLE_UNIT ( ) SI_UNIT ( $, .RADIAN. ) );
#657 = VECTOR ( 'NONE', #1465, 1000.000000000000000 ) ;
#658 = CARTESIAN_POINT ( 'NONE',  ( 0.000000000000000000, 13.60000000000000142, 3.600000000000000089 ) ) ;
#659 = ORIENTED_EDGE ( 'NONE', *, *, #1890, .T. ) ;
#660 = PRESENTATION_LAYER_ASSIGNMENT (  '', '', ( #143 ) ) ;
#661 = FACE_OUTER_BOUND ( 'NONE', #288, .T. ) ;
#662 = FILL_AREA_STYLE ('',( #418 ) ) ;
#663 = VERTEX_POINT ( 'NONE', #1853 ) ;
#664 = CARTESIAN_POINT ( 'NONE',  ( -1.874999999999996447, 0.7000000000000003997, 4.000000000000000000 ) ) ;
#665 = PRESENTATION_LAYER_ASSIGNMENT (  '', '', ( #1478 ) ) ;
#666 = DIRECTION ( 'NONE',  ( -0.8660254037844395958, 0.4999999999999983347, 0.000000000000000000 ) ) ;
#667 = EDGE_LOOP ( 'NONE', ( #1323, #860, #294, #951, #1290, #1550, #649, #1309, #317, #836 ) ) ;
#668 = LINE ( 'NONE', #1025, #647 ) ;
#669 = MECHANICAL_DESIGN_GEOMETRIC_PRESENTATION_REPRESENTATION (  '', ( #100 ), #467 ) ;
#670 = CARTESIAN_POINT ( 'NONE',  ( -8.599999999999999645, 1.100000000000000533, -3.600000000000000089 ) ) ;
#671 = DIRECTION ( 'NONE',  ( 1.000000000000000000, -0.000000000000000000, -0.000000000000000000 ) ) ;
#672 =( NAMED_UNIT ( * ) SI_UNIT ( $, .STERADIAN. ) SOLID_ANGLE_UNIT ( ) );
#673 = SURFACE_STYLE_FILL_AREA ( #870 ) ;
#674 = CIRCLE ( 'NONE', #1114, 0.3999999999999993006 ) ;
#675 = COLOUR_RGB ( '',0.05882352941176470507, 0.5490196078431373028, 0.8235294117647058432 ) ;
#676 = ORIENTED_EDGE ( 'NONE', *, *, #1380, .T. ) ;
#677 = CARTESIAN_POINT ( 'NONE',  ( -1.874999999999996447, 0.7000000000000003997, 4.000000000000000000 ) ) ;
#678 = VECTOR ( 'NONE', #94, 1000.000000000000000 ) ;
#679 = CARTESIAN_POINT ( 'NONE',  ( 0.000000000000000000, 13.60000000000000142, -4.000000000000000000 ) ) ;
#680 = EDGE_CURVE ( 'NONE', #1347, #911, #230, .T. ) ;
#681 = PRESENTATION_STYLE_ASSIGNMENT (( #1665 ) ) ;
#682 = ORIENTED_EDGE ( 'NONE', *, *, #568, .F. ) ;
#683 = LINE ( 'NONE', #1448, #1371 ) ;
#684 = VERTEX_POINT ( 'NONE', #259 ) ;
#685 =( NAMED_UNIT ( * ) SI_UNIT ( $, .STERADIAN. ) SOLID_ANGLE_UNIT ( ) );
#686 = SURFACE_STYLE_FILL_AREA ( #366 ) ;
#687 = FILL_AREA_STYLE ('',( #1270 ) ) ;
#688 = EDGE_LOOP ( 'NONE', ( #755, #120, #1654, #758, #1028, #1595, #314, #295, #1636, #1358 ) ) ;
#689 = VECTOR ( 'NONE', #1412, 1000.000000000000000 ) ;
#690 = MECHANICAL_DESIGN_GEOMETRIC_PRESENTATION_REPRESENTATION (  '', ( #143 ), #635 ) ;
#691 = EDGE_LOOP ( 'NONE', ( #1585, #845, #890, #905 ) ) ;
#692 = COLOUR_RGB ( '',0.05882352941176470507, 0.5490196078431373028, 0.8235294117647058432 ) ;
#693 = CARTESIAN_POINT ( 'NONE',  ( -9.000000000000000000, 0.6999999999999999556, -4.000000000000000000 ) ) ;
#694 = COLOUR_RGB ( '',0.05882352941176470507, 0.5490196078431373028, 0.8235294117647058432 ) ;
#695 = VERTEX_POINT ( 'NONE', #425 ) ;
#696 = AXIS2_PLACEMENT_3D ( 'NONE', #45, #417, #1384 ) ;
#697 = LINE ( 'NONE', #1677, #59 ) ;
#698 = VECTOR ( 'NONE', #1601, 1000.000000000000000 ) ;
#699 = STYLED_ITEM ( 'NONE', ( #1473 ), #123 ) ;
#700 = LINE ( 'NONE', #1237, #689 ) ;
#701 = DIRECTION ( 'NONE',  ( -1.000000000000000000, -1.221008489658179441E-16, 0.000000000000000000 ) ) ;
#702 = SURFACE_STYLE_USAGE ( .BOTH. , #244 ) ;
#703 = PRESENTATION_STYLE_ASSIGNMENT (( #529 ) ) ;
#704 =( NAMED_UNIT ( * ) SI_UNIT ( $, .STERADIAN. ) SOLID_ANGLE_UNIT ( ) );
#705 = EDGE_CURVE ( 'NONE', #909, #1342, #342, .T. ) ;
#706 = FACE_OUTER_BOUND ( 'NONE', #336, .T. ) ;
#707 =( NAMED_UNIT ( * ) PLANE_ANGLE_UNIT ( ) SI_UNIT ( $, .RADIAN. ) );
#708 = FILL_AREA_STYLE ('',( #1325 ) ) ;
#709 = DIRECTION ( 'NONE',  ( 0.000000000000000000, -0.000000000000000000, 1.000000000000000000 ) ) ;
#710 = VECTOR ( 'NONE', #250, 1000.000000000000000 ) ;
#711 = FILL_AREA_STYLE ('',( #562 ) ) ;
#712 = VECTOR ( 'NONE', #742, 1000.000000000000000 ) ;
#713 = ORIENTED_EDGE ( 'NONE', *, *, #1084, .F. ) ;
#714 = LINE ( 'NONE', #535, #1397 ) ;
#715 = FILL_AREA_STYLE ('',( #1883 ) ) ;
#716 = CARTESIAN_POINT ( 'NONE',  ( 2.279145188432734503, 0.000000000000000000, -3.600000000000000089 ) ) ;
#717 = LINE ( 'NONE', #1205, #46 ) ;
#718 = ORIENTED_EDGE ( 'NONE', *, *, #680, .T. ) ;
#719 = FACE_OUTER_BOUND ( 'NONE', #895, .T. ) ;
#720 =( GEOMETRIC_REPRESENTATION_CONTEXT ( 3 ) GLOBAL_UNCERTAINTY_ASSIGNED_CONTEXT ( ( #787 ) ) GLOBAL_UNIT_ASSIGNED_CONTEXT ( ( #741, #1501, #768 ) ) REPRESENTATION_CONTEXT ( 'NONE', 'WORKASPACE' ) );
#721 = LINE ( 'NONE', #453, #35 ) ;
#722 = ORIENTED_EDGE ( 'NONE', *, *, #1403, .T. ) ;
#723 = FILL_AREA_STYLE_COLOUR ( '', #1783 ) ;
#724 = PLANE ( 'NONE',  #1510 ) ;
#725 = AXIS2_PLACEMENT_3D ( 'NONE', #1498, #1483, #1887 ) ;
#726 = PRESENTATION_STYLE_ASSIGNMENT (( #826 ) ) ;
#727 = CARTESIAN_POINT ( 'NONE',  ( -8.599999999999999645, 13.60000000000000142, -3.600000000000000089 ) ) ;
#728 = DIRECTION ( 'NONE',  ( -1.000000000000000000, 0.000000000000000000, 0.000000000000000000 ) ) ;
#729 = PLANE ( 'NONE',  #1841 ) ;
#730 = MECHANICAL_DESIGN_GEOMETRIC_PRESENTATION_REPRESENTATION (  '', ( #1043 ), #646 ) ;
#731 = VERTEX_POINT ( 'NONE', #1884 ) ;
#732 = EDGE_CURVE ( 'NONE', #936, #238, #918, .T. ) ;
#733 = CIRCLE ( 'NONE', #610, 0.4000000000000001887 ) ;
#734 = LINE ( 'NONE', #1873, #1379 ) ;
#735 = PLANE ( 'NONE',  #1849 ) ;
#736 = FACE_OUTER_BOUND ( 'NONE', #1046, .T. ) ;
#737 = CARTESIAN_POINT ( 'NONE',  ( 8.599999999999999645, 13.60000000000000142, -3.600000000000000089 ) ) ;
#738 = DIRECTION ( 'NONE',  ( 1.000000000000000000, 0.000000000000000000, 0.000000000000000000 ) ) ;
#739 = SURFACE_STYLE_FILL_AREA ( #1427 ) ;
#740 = ORIENTED_EDGE ( 'NONE', *, *, #1122, .F. ) ;
#741 =( LENGTH_UNIT ( ) NAMED_UNIT ( * ) SI_UNIT ( .MILLI., .METRE. ) );
#742 = DIRECTION ( 'NONE',  ( 1.000000000000000000, 0.000000000000000000, -0.000000000000000000 ) ) ;
#743 = FILL_AREA_STYLE_COLOUR ( '', #806 ) ;
#744 =( GEOMETRIC_REPRESENTATION_CONTEXT ( 3 ) GLOBAL_UNCERTAINTY_ASSIGNED_CONTEXT ( ( #357 ) ) GLOBAL_UNIT_ASSIGNED_CONTEXT ( ( #1281, #1653, #1313 ) ) REPRESENTATION_CONTEXT ( 'NONE', 'WORKASPACE' ) );
#745 = CARTESIAN_POINT ( 'NONE',  ( -8.599999999999999645, 14.00000000000000000, -3.600000000000000089 ) ) ;
#746 = CIRCLE ( 'NONE', #1340, 0.3999999999999995226 ) ;
#747 = CARTESIAN_POINT ( 'NONE',  ( -2.279145188432729174, 0.000000000000000000, -3.600000000000000089 ) ) ;
#748 = AXIS2_PLACEMENT_3D ( 'NONE', #1141, #240, #709 ) ;
#749 = CARTESIAN_POINT ( 'NONE',  ( 0.000000000000000000, 0.000000000000000000, 4.000000000000000000 ) ) ;
#750 = VECTOR ( 'NONE', #1259, 1000.000000000000000 ) ;
#751 = VECTOR ( 'NONE', #1748, 1000.000000000000114 ) ;
#752 = AXIS2_PLACEMENT_3D ( 'NONE', #1101, #1833, #40 ) ;
#753 = FACE_OUTER_BOUND ( 'NONE', #403, .T. ) ;
#754 = CARTESIAN_POINT ( 'NONE',  ( -9.000000000000000000, 13.60000000000000142, -3.600000000000000089 ) ) ;
#755 = ORIENTED_EDGE ( 'NONE', *, *, #1732, .F. ) ;
#756 = EDGE_CURVE ( 'NONE', #943, #871, #1566, .T. ) ;
#757 = DIRECTION ( 'NONE',  ( -0.8660254037844395958, 0.4999999999999983347, 0.000000000000000000 ) ) ;
#758 = ORIENTED_EDGE ( 'NONE', *, *, #843, .T. ) ;
#759 =( NAMED_UNIT ( * ) PLANE_ANGLE_UNIT ( ) SI_UNIT ( $, .RADIAN. ) );
#760 = EDGE_CURVE ( 'NONE', #919, #328, #904, .T. ) ;
#761 = SURFACE_SIDE_STYLE ('',( #269 ) ) ;
#762 = FACE_OUTER_BOUND ( 'NONE', #42, .T. ) ;
#763 = DIRECTION ( 'NONE',  ( 0.000000000000000000, 1.000000000000000000, 0.000000000000000000 ) ) ;
#764 = PRESENTATION_STYLE_ASSIGNMENT (( #1067 ) ) ;
#765 = CARTESIAN_POINT ( 'NONE',  ( -8.599999999999999645, 13.60000000000000142, -3.600000000000000089 ) ) ;
#766 = SURFACE_STYLE_USAGE ( .BOTH. , #599 ) ;
#767 = SURFACE_STYLE_FILL_AREA ( #1869 ) ;
#768 =( NAMED_UNIT ( * ) SI_UNIT ( $, .STERADIAN. ) SOLID_ANGLE_UNIT ( ) );
#769 = UNCERTAINTY_MEASURE_WITH_UNIT (LENGTH_MEASURE( 1.000000000000000082E-05 ), #846, 'distance_accuracy_value', 'NONE');
#770 = FILL_AREA_STYLE ('',( #1216 ) ) ;
#771 = PLANE ( 'NONE',  #893 ) ;
#772 = VECTOR ( 'NONE', #280, 1000.000000000000114 ) ;
#773 = DIRECTION ( 'NONE',  ( -4.336808689942025625E-15, 1.000000000000000000, 0.000000000000000000 ) ) ;
#774 = COLOUR_RGB ( '',0.05882352941176470507, 0.5490196078431373028, 0.8235294117647058432 ) ;
#775 = AXIS2_PLACEMENT_3D ( 'NONE', #340, #1630, #1613 ) ;
#776 = CARTESIAN_POINT ( 'NONE',  ( 7.500000000000001776, 1.100000000000000533, 0.4000000000000013545 ) ) ;
#777 = PRESENTATION_LAYER_ASSIGNMENT (  '', '', ( #522 ) ) ;
#778 =( NAMED_UNIT ( * ) PLANE_ANGLE_UNIT ( ) SI_UNIT ( $, .RADIAN. ) );
#779 = SURFACE_STYLE_FILL_AREA ( #1407 ) ;
#780 = VECTOR ( 'NONE', #3, 1000.000000000000000 ) ;
#781 = CYLINDRICAL_SURFACE ( 'NONE', #1482, 0.3999999999999993006 ) ;
#782 = PRESENTATION_STYLE_ASSIGNMENT (( #1615 ) ) ;
#783 = DIRECTION ( 'NONE',  ( 0.4999999999999983902, 0.8660254037844395958, -0.000000000000000000 ) ) ;
#784 = DIRECTION ( 'NONE',  ( 0.000000000000000000, -0.000000000000000000, 1.000000000000000000 ) ) ;
#785 = CARTESIAN_POINT ( 'NONE',  ( 8.599999999999999645, 0.000000000000000000, 3.600000000000000089 ) ) ;
#786 = LINE ( 'NONE', #113, #772 ) ;
#787 = UNCERTAINTY_MEASURE_WITH_UNIT (LENGTH_MEASURE( 1.000000000000000082E-05 ), #741, 'distance_accuracy_value', 'NONE');
#788 = FILL_AREA_STYLE ('',( #1574 ) ) ;
#789 = PRESENTATION_LAYER_ASSIGNMENT (  '', '', ( #502 ) ) ;
#790 = LINE ( 'NONE', #1814, #780 ) ;
#791 =( LENGTH_UNIT ( ) NAMED_UNIT ( * ) SI_UNIT ( .MILLI., .METRE. ) );
#792 = PRESENTATION_STYLE_ASSIGNMENT (( #766 ) ) ;
#793 =( GEOMETRIC_REPRESENTATION_CONTEXT ( 3 ) GLOBAL_UNCERTAINTY_ASSIGNED_CONTEXT ( ( #291 ) ) GLOBAL_UNIT_ASSIGNED_CONTEXT ( ( #1631, #1017, #1790 ) ) REPRESENTATION_CONTEXT ( 'NONE', 'WORKASPACE' ) );
#794 = FILL_AREA_STYLE_COLOUR ( '', #1150 ) ;
#795 = SURFACE_STYLE_FILL_AREA ( #1173 ) ;
#796 = PRODUCT_DEFINITION_SHAPE ( 'NONE', 'NONE',  #38 ) ;
#797 = ADVANCED_FACE ( 'NONE', ( #263 ), #1071, .F. ) ;
#798 = SURFACE_STYLE_FILL_AREA ( #324 ) ;
#799 = EDGE_CURVE ( 'NONE', #1491, #241, #1555, .T. ) ;
#800 = DIRECTION ( 'NONE',  ( -0.000000000000000000, -1.000000000000000000, -0.000000000000000000 ) ) ;
#801 = DIRECTION ( 'NONE',  ( -0.000000000000000000, -0.000000000000000000, -1.000000000000000000 ) ) ;
#802 =( LENGTH_UNIT ( ) NAMED_UNIT ( * ) SI_UNIT ( .MILLI., .METRE. ) );
#803 = VECTOR ( 'NONE', #1305, 1000.000000000000000 ) ;
#804 = SURFACE_SIDE_STYLE ('',( #1764 ) ) ;
#805 = SURFACE_STYLE_USAGE ( .BOTH. , #1245 ) ;
#806 = COLOUR_RGB ( '',0.05882352941176470507, 0.5490196078431373028, 0.8235294117647058432 ) ;
#807 = SURFACE_STYLE_USAGE ( .BOTH. , #1722 ) ;
#808 = FACE_OUTER_BOUND ( 'NONE', #1934, .T. ) ;
#809 = CYLINDRICAL_SURFACE ( 'NONE', #1933, 0.4000000000000001887 ) ;
#810 = STYLED_ITEM ( 'NONE', ( #85 ), #1700 ) ;
#811 = UNCERTAINTY_MEASURE_WITH_UNIT (LENGTH_MEASURE( 1.000000000000000082E-05 ), #1468, 'distance_accuracy_value', 'NONE');
#812 = SPHERICAL_SURFACE ( 'NONE', #449, 0.4000000000000000222 ) ;
#813 = CARTESIAN_POINT ( 'NONE',  ( -2.279145188432729174, 0.000000000000000000, 3.600000000000000089 ) ) ;
#814 = PRESENTATION_LAYER_ASSIGNMENT (  '', '', ( #1036 ) ) ;
#815 = PRESENTATION_LAYER_ASSIGNMENT (  '', '', ( #1866 ) ) ;
#816 = CARTESIAN_POINT ( 'NONE',  ( -1.874999999999996447, 0.7000000000000003997, -4.000000000000000000 ) ) ;
#817 = COLOUR_RGB ( '',0.05882352941176470507, 0.5490196078431373028, 0.8235294117647058432 ) ;
#818 = ORIENTED_EDGE ( 'NONE', *, *, #326, .T. ) ;
#819 = ORIENTED_EDGE ( 'NONE', *, *, #1676, .T. ) ;
#820 = CARTESIAN_POINT ( 'NONE',  ( 5.625000000000000000, 0.6999999999999999556, 4.000000000000000000 ) ) ;
#821 = FACE_OUTER_BOUND ( 'NONE', #1616, .T. ) ;
#822 = EDGE_CURVE ( 'NONE', #968, #252, #1603, .T. ) ;
#823 = COLOUR_RGB ( '',0.05882352941176470507, 0.5490196078431373028, 0.8235294117647058432 ) ;
#824 =( NAMED_UNIT ( * ) PLANE_ANGLE_UNIT ( ) SI_UNIT ( $, .RADIAN. ) );
#825 =( NAMED_UNIT ( * ) PLANE_ANGLE_UNIT ( ) SI_UNIT ( $, .RADIAN. ) );
#826 = SURFACE_STYLE_USAGE ( .BOTH. , #969 ) ;
#827 = EDGE_LOOP ( 'NONE', ( #1739, #264, #284, #1618 ) ) ;
#828 = CARTESIAN_POINT ( 'NONE',  ( 5.625000000000000000, 0.6999999999999999556, 4.000000000000000000 ) ) ;
#829 = DIRECTION ( 'NONE',  ( 0.4999999999999983347, 0.8660254037844395958, -0.000000000000000000 ) ) ;
#830 = ORIENTED_EDGE ( 'NONE', *, *, #1145, .F. ) ;
#831 = ORIENTED_EDGE ( 'NONE', *, *, #1755, .T. ) ;
#832 = STYLED_ITEM ( 'NONE', ( #1322 ), #1593 ) ;
#833 = UNCERTAINTY_MEASURE_WITH_UNIT (LENGTH_MEASURE( 1.000000000000000082E-05 ), #513, 'distance_accuracy_value', 'NONE');
#834 = DIRECTION ( 'NONE',  ( 0.000000000000000000, 0.000000000000000000, -1.000000000000000000 ) ) ;
#835 = DIRECTION ( 'NONE',  ( -0.000000000000000000, -1.000000000000000000, -0.000000000000000000 ) ) ;
#836 = ORIENTED_EDGE ( 'NONE', *, *, #1492, .F. ) ;
#837 = FACE_OUTER_BOUND ( 'NONE', #613, .T. ) ;
#838 = AXIS2_PLACEMENT_3D ( 'NONE', #277, #1760, #231 ) ;
#839 = ORIENTED_EDGE ( 'NONE', *, *, #1255, .F. ) ;
#840 =( NAMED_UNIT ( * ) PLANE_ANGLE_UNIT ( ) SI_UNIT ( $, .RADIAN. ) );
#841 = PLANE ( 'NONE',  #1251 ) ;
#842 = ORIENTED_EDGE ( 'NONE', *, *, #52, .F. ) ;
#843 = EDGE_CURVE ( 'NONE', #12, #871, #973, .T. ) ;
#844 = SURFACE_STYLE_USAGE ( .BOTH. , #1899 ) ;
#845 = ORIENTED_EDGE ( 'NONE', *, *, #56, .T. ) ;
#846 =( LENGTH_UNIT ( ) NAMED_UNIT ( * ) SI_UNIT ( .MILLI., .METRE. ) );
#847 = VERTEX_POINT ( 'NONE', #1477 ) ;
#848 = SURFACE_STYLE_FILL_AREA ( #1667 ) ;
#849 = CARTESIAN_POINT ( 'NONE',  ( -8.599999999999999645, 13.60000000000000142, 3.600000000000000089 ) ) ;
#850 = EDGE_CURVE ( 'NONE', #1388, #1035, #900, .T. ) ;
#851 = ORIENTED_EDGE ( 'NONE', *, *, #353, .T. ) ;
#852 = ORIENTED_EDGE ( 'NONE', *, *, #1285, .T. ) ;
#853 = CARTESIAN_POINT ( 'NONE',  ( 8.599999999999999645, 0.000000000000000000, 3.600000000000000089 ) ) ;
#854 = DIRECTION ( 'NONE',  ( 0.000000000000000000, 1.000000000000000000, 0.000000000000000000 ) ) ;
#855 = ORIENTED_EDGE ( 'NONE', *, *, #1715, .F. ) ;
#856 = LINE ( 'NONE', #1111, #1519 ) ;
#857 = ORIENTED_EDGE ( 'NONE', *, *, #1087, .T. ) ;
#858 = AXIS2_PLACEMENT_3D ( 'NONE', #1691, #1826, #773 ) ;
#859 = DIRECTION ( 'NONE',  ( 0.000000000000000000, -0.000000000000000000, -1.000000000000000000 ) ) ;
#860 = ORIENTED_EDGE ( 'NONE', *, *, #620, .F. ) ;
#861 = SPHERICAL_SURFACE ( 'NONE', #349, 0.4000000000000000222 ) ;
#862 = PRESENTATION_LAYER_ASSIGNMENT (  '', '', ( #1786 ) ) ;
#863 = UNCERTAINTY_MEASURE_WITH_UNIT (LENGTH_MEASURE( 1.000000000000000082E-05 ), #1188, 'distance_accuracy_value', 'NONE');
#864 =( NAMED_UNIT ( * ) PLANE_ANGLE_UNIT ( ) SI_UNIT ( $, .RADIAN. ) );
#865 = ORIENTED_EDGE ( 'NONE', *, *, #732, .F. ) ;
#866 = ORIENTED_EDGE ( 'NONE', *, *, #234, .F. ) ;
#867 =( GEOMETRIC_REPRESENTATION_CONTEXT ( 3 ) GLOBAL_UNCERTAINTY_ASSIGNED_CONTEXT ( ( #547 ) ) GLOBAL_UNIT_ASSIGNED_CONTEXT ( ( #406, #55, #1607 ) ) REPRESENTATION_CONTEXT ( 'NONE', 'WORKASPACE' ) );
#868 = CIRCLE ( 'NONE', #752, 0.4000000000000004663 ) ;
#869 =( NAMED_UNIT ( * ) PLANE_ANGLE_UNIT ( ) SI_UNIT ( $, .RADIAN. ) );
#870 = FILL_AREA_STYLE ('',( #1896 ) ) ;
#871 = VERTEX_POINT ( 'NONE', #1303 ) ;
#872 = MECHANICAL_DESIGN_GEOMETRIC_PRESENTATION_REPRESENTATION (  '', ( #200 ), #80 ) ;
#873 =( LENGTH_UNIT ( ) NAMED_UNIT ( * ) SI_UNIT ( .MILLI., .METRE. ) );
#874 = FILL_AREA_STYLE ('',( #723 ) ) ;
#875 = EDGE_LOOP ( 'NONE', ( #1511, #262, #676, #257 ) ) ;
#876 = CARTESIAN_POINT ( 'NONE',  ( 8.599999999999999645, 0.000000000000000000, -3.600000000000000089 ) ) ;
#877 = EDGE_CURVE ( 'NONE', #936, #364, #1575, .T. ) ;
#878 = ORIENTED_EDGE ( 'NONE', *, *, #1487, .T. ) ;
#879 = VERTEX_POINT ( 'NONE', #1819 ) ;
#880 = DIRECTION ( 'NONE',  ( 0.4999999999999983902, -0.8660254037844395958, 0.000000000000000000 ) ) ;
#881 = SURFACE_STYLE_FILL_AREA ( #624 ) ;
#882 = SURFACE_SIDE_STYLE ('',( #1701 ) ) ;
#883 = ORIENTED_EDGE ( 'NONE', *, *, #104, .T. ) ;
#884 = ORIENTED_EDGE ( 'NONE', *, *, #381, .T. ) ;
#885 = VERTEX_POINT ( 'NONE', #445 ) ;
#886 = FILL_AREA_STYLE_COLOUR ( '', #1470 ) ;
#887 = ORIENTED_EDGE ( 'NONE', *, *, #1514, .F. ) ;
#888 = ADVANCED_FACE ( 'NONE', ( #327 ), #347, .T. ) ;
#889 = MECHANICAL_DESIGN_GEOMETRIC_PRESENTATION_REPRESENTATION (  '', ( #1806 ), #1030 ) ;
#890 = ORIENTED_EDGE ( 'NONE', *, *, #1446, .F. ) ;
#891 = ORIENTED_EDGE ( 'NONE', *, *, #1125, .T. ) ;
#892 = VECTOR ( 'NONE', #1147, 1000.000000000000000 ) ;
#893 = AXIS2_PLACEMENT_3D ( 'NONE', #1395, #935, #784 ) ;
#894 = VERTEX_POINT ( 'NONE', #901 ) ;
#895 = EDGE_LOOP ( 'NONE', ( #28, #254, #401, #891 ) ) ;
#896 = FILL_AREA_STYLE_COLOUR ( '', #817 ) ;
#897 = VERTEX_POINT ( 'NONE', #1191 ) ;
#898 = AXIS2_PLACEMENT_3D ( 'NONE', #1696, #1097, #616 ) ;
#899 = ORIENTED_EDGE ( 'NONE', *, *, #1492, .T. ) ;
#900 = CIRCLE ( 'NONE', #642, 0.4000000000000004663 ) ;
#901 = CARTESIAN_POINT ( 'NONE',  ( -8.599999999999999645, 13.60000000000000142, -4.000000000000000000 ) ) ;
#902 = DIRECTION ( 'NONE',  ( -0.000000000000000000, 0.000000000000000000, 1.000000000000000000 ) ) ;
#903 = EDGE_LOOP ( 'NONE', ( #931, #1509, #1526, #941 ) ) ;
#904 = LINE ( 'NONE', #83, #1586 ) ;
#905 = ORIENTED_EDGE ( 'NONE', *, *, #799, .F. ) ;
#906 = SURFACE_SIDE_STYLE ('',( #1792 ) ) ;
#907 = EDGE_CURVE ( 'NONE', #24, #1540, #304, .T. ) ;
#908 = VERTEX_POINT ( 'NONE', #1921 ) ;
#909 = VERTEX_POINT ( 'NONE', #1466 ) ;
#910 = CARTESIAN_POINT ( 'NONE',  ( 1.874999999999996447, 0.7000000000000003997, 4.000000000000000000 ) ) ;
#911 = VERTEX_POINT ( 'NONE', #152 ) ;
#912 = DIRECTION ( 'NONE',  ( 0.000000000000000000, 0.000000000000000000, -1.000000000000000000 ) ) ;
#913 = VECTOR ( 'NONE', #671, 1000.000000000000000 ) ;
#914 =( LENGTH_UNIT ( ) NAMED_UNIT ( * ) SI_UNIT ( .MILLI., .METRE. ) );
#915 =( LENGTH_UNIT ( ) NAMED_UNIT ( * ) SI_UNIT ( .MILLI., .METRE. ) );
#916 = EDGE_LOOP ( 'NONE', ( #1650, #271, #127, #1640 ) ) ;
#917 = ORIENTED_EDGE ( 'NONE', *, *, #1424, .T. ) ;
#918 = LINE ( 'NONE', #541, #913 ) ;
#919 = VERTEX_POINT ( 'NONE', #333 ) ;
#920 = PRESENTATION_LAYER_ASSIGNMENT (  '', '', ( #832 ) ) ;
#921 = ORIENTED_EDGE ( 'NONE', *, *, #843, .F. ) ;
#922 = VECTOR ( 'NONE', #854, 1000.000000000000000 ) ;
#923 = UNCERTAINTY_MEASURE_WITH_UNIT (LENGTH_MEASURE( 1.000000000000000082E-05 ), #497, 'distance_accuracy_value', 'NONE');
#924 = VERTEX_POINT ( 'NONE', #747 ) ;
#925 = STYLED_ITEM ( 'NONE', ( #432 ), #1042 ) ;
#926 =( LENGTH_UNIT ( ) NAMED_UNIT ( * ) SI_UNIT ( .MILLI., .METRE. ) );
#927 = EDGE_LOOP ( 'NONE', ( #1095, #298, #979, #247 ) ) ;
#928 = VECTOR ( 'NONE', #1434, 1000.000000000000000 ) ;
#929 = ORIENTED_EDGE ( 'NONE', *, *, #381, .F. ) ;
#930 = DIRECTION ( 'NONE',  ( 0.8660254037844395958, 0.4999999999999983347, -0.000000000000000000 ) ) ;
#931 = ORIENTED_EDGE ( 'NONE', *, *, #1376, .F. ) ;
#932 = PRESENTATION_LAYER_ASSIGNMENT (  '', '', ( #699 ) ) ;
#933 = CARTESIAN_POINT ( 'NONE',  ( 7.500000000000001776, -13.13137084989847736, 0.4000000000000013545 ) ) ;
#934 =( LENGTH_UNIT ( ) NAMED_UNIT ( * ) SI_UNIT ( .MILLI., .METRE. ) );
#935 = DIRECTION ( 'NONE',  ( 0.000000000000000000, 1.000000000000000000, 0.000000000000000000 ) ) ;
#936 = VERTEX_POINT ( 'NONE', #716 ) ;
#937 = ORIENTED_EDGE ( 'NONE', *, *, #1257, .T. ) ;
#938 = EDGE_CURVE ( 'NONE', #847, #638, #1608, .T. ) ;
#939 = VECTOR ( 'NONE', #585, 1000.000000000000000 ) ;
#940 =( NAMED_UNIT ( * ) SI_UNIT ( $, .STERADIAN. ) SOLID_ANGLE_UNIT ( ) );
#941 = ORIENTED_EDGE ( 'NONE', *, *, #1403, .F. ) ;
#942 = VECTOR ( 'NONE', #1808, 1000.000000000000114 ) ;
#943 = VERTEX_POINT ( 'NONE', #1938 ) ;
#944 = ORIENTED_EDGE ( 'NONE', *, *, #1376, .T. ) ;
#945 = VERTEX_POINT ( 'NONE', #475 ) ;
#946 = SURFACE_SIDE_STYLE ('',( #598 ) ) ;
#947 = ORIENTED_EDGE ( 'NONE', *, *, #1186, .F. ) ;
#948 = MECHANICAL_DESIGN_GEOMETRIC_PRESENTATION_REPRESENTATION (  '', ( #209 ), #550 ) ;
#949 = SURFACE_STYLE_USAGE ( .BOTH. , #591 ) ;
#950 = CARTESIAN_POINT ( 'NONE',  ( -8.599999999999999645, 0.6999999999999992895, -3.600000000000000089 ) ) ;
#951 = ORIENTED_EDGE ( 'NONE', *, *, #1890, .F. ) ;
#952 = DIRECTION ( 'NONE',  ( 0.000000000000000000, 0.000000000000000000, -1.000000000000000000 ) ) ;
#953 = FILL_AREA_STYLE_COLOUR ( '', #1787 ) ;
#954 = ORIENTED_EDGE ( 'NONE', *, *, #1169, .T. ) ;
#955 = AXIS2_PLACEMENT_3D ( 'NONE', #737, #1481, #448 ) ;
#956 = ORIENTED_EDGE ( 'NONE', *, *, #1283, .F. ) ;
#957 = FILL_AREA_STYLE_COLOUR ( '', #1399 ) ;
#958 = UNCERTAINTY_MEASURE_WITH_UNIT (LENGTH_MEASURE( 1.000000000000000082E-05 ), #426, 'distance_accuracy_value', 'NONE');
#959 = ORIENTED_EDGE ( 'NONE', *, *, #1752, .F. ) ;
#960 = VECTOR ( 'NONE', #1338, 1000.000000000000000 ) ;
#961 = ORIENTED_EDGE ( 'NONE', *, *, #109, .T. ) ;
#962 = PRESENTATION_LAYER_ASSIGNMENT (  '', '', ( #536 ) ) ;
#963 = ORIENTED_EDGE ( 'NONE', *, *, #31, .F. ) ;
#964 = LINE ( 'NONE', #9, #276 ) ;
#965 = VERTEX_POINT ( 'NONE', #1521 ) ;
#966 = ORIENTED_EDGE ( 'NONE', *, *, #680, .F. ) ;
#967 = SURFACE_SIDE_STYLE ('',( #1490 ) ) ;
#968 = VERTEX_POINT ( 'NONE', #595 ) ;
#969 = SURFACE_SIDE_STYLE ('',( #78 ) ) ;
#970 = EDGE_CURVE ( 'NONE', #1331, #12, #964, .T. ) ;
#971 = ADVANCED_FACE ( 'NONE', ( #1620 ), #1001, .F. ) ;
#972 = ORIENTED_EDGE ( 'NONE', *, *, #1049, .F. ) ;
#973 = CIRCLE ( 'NONE', #1441, 0.4000000000000001887 ) ;
#974 =( NAMED_UNIT ( * ) PLANE_ANGLE_UNIT ( ) SI_UNIT ( $, .RADIAN. ) );
#975 = CARTESIAN_POINT ( 'NONE',  ( 2.279145188432732727, 3.591852423956425707E-16, -4.000000000000000000 ) ) ;
#976 = ORIENTED_EDGE ( 'NONE', *, *, #511, .T. ) ;
#977 = COLOUR_RGB ( '',0.05882352941176470507, 0.5490196078431373028, 0.8235294117647058432 ) ;
#978 = DIRECTION ( 'NONE',  ( -1.221008489658179441E-16, 1.000000000000000000, 0.000000000000000000 ) ) ;
#979 = ORIENTED_EDGE ( 'NONE', *, *, #1461, .T. ) ;
#980 = PRESENTATION_STYLE_ASSIGNMENT (( #1772 ) ) ;
#981 = EDGE_LOOP ( 'NONE', ( #1662, #718, #818, #819, #917, #954, #1015, #1365, #117, #1512, #937, #852 ) ) ;
#982 = DIRECTION ( 'NONE',  ( 0.000000000000000000, 0.000000000000000000, 1.000000000000000000 ) ) ;
#983 = DIRECTION ( 'NONE',  ( 0.000000000000000000, 1.000000000000000000, -0.000000000000000000 ) ) ;
#984 =( NAMED_UNIT ( * ) PLANE_ANGLE_UNIT ( ) SI_UNIT ( $, .RADIAN. ) );
#985 = STYLED_ITEM ( 'NONE', ( #530 ), #1189 ) ;
#986 = ORIENTED_EDGE ( 'NONE', *, *, #1680, .F. ) ;
#987 = DIRECTION ( 'NONE',  ( -0.4999999999999983902, -0.8660254037844395958, 0.000000000000000000 ) ) ;
#988 = UNCERTAINTY_MEASURE_WITH_UNIT (LENGTH_MEASURE( 1.000000000000000082E-05 ), #1438, 'distance_accuracy_value', 'NONE');
#989 = CARTESIAN_POINT ( 'NONE',  ( 5.220854811567263276, -1.070285003624417579E-18, -4.000000000000000000 ) ) ;
#990 = CARTESIAN_POINT ( 'NONE',  ( -9.000000000000000000, 0.6999999999999999556, 3.600000000000000089 ) ) ;
#991 = ORIENTED_EDGE ( 'NONE', *, *, #799, .T. ) ;
#992 =( GEOMETRIC_REPRESENTATION_CONTEXT ( 3 ) GLOBAL_UNCERTAINTY_ASSIGNED_CONTEXT ( ( #1014 ) ) GLOBAL_UNIT_ASSIGNED_CONTEXT ( ( #1754, #266, #1763 ) ) REPRESENTATION_CONTEXT ( 'NONE', 'WORKASPACE' ) );
#993 = ORIENTED_EDGE ( 'NONE', *, *, #996, .F. ) ;
#994 = DIRECTION ( 'NONE',  ( -0.4999999999999983347, -0.8660254037844395958, 0.000000000000000000 ) ) ;
#995 = ORIENTED_EDGE ( 'NONE', *, *, #1565, .T. ) ;
#996 = EDGE_CURVE ( 'NONE', #364, #695, #1393, .T. ) ;
#997 = ORIENTED_EDGE ( 'NONE', *, *, #109, .F. ) ;
#998 = CARTESIAN_POINT ( 'NONE',  ( -2.279145188432732727, 3.591852423956425707E-16, 4.000000000000000000 ) ) ;
#999 = DIRECTION ( 'NONE',  ( -0.000000000000000000, 0.000000000000000000, -1.000000000000000000 ) ) ;
#1000 = ORIENTED_EDGE ( 'NONE', *, *, #1539, .F. ) ;
#1001 = PLANE ( 'NONE',  #578 ) ;
#1002 =( NAMED_UNIT ( * ) PLANE_ANGLE_UNIT ( ) SI_UNIT ( $, .RADIAN. ) );
#1003 = ORIENTED_EDGE ( 'NONE', *, *, #1285, .F. ) ;
#1004 = SURFACE_STYLE_USAGE ( .BOTH. , #77 ) ;
#1005 = DIRECTION ( 'NONE',  ( 0.000000000000000000, 1.000000000000000000, -0.000000000000000000 ) ) ;
#1006 = AXIS2_PLACEMENT_3D ( 'NONE', #394, #1556, #728 ) ;
#1007 = VERTEX_POINT ( 'NONE', #816 ) ;
#1008 = CARTESIAN_POINT ( 'NONE',  ( 8.599999999999999645, 1.100000000000000533, -3.600000000000000089 ) ) ;
#1009 = CARTESIAN_POINT ( 'NONE',  ( 7.500000000000001776, -6.000000000000000000, 0.4000000000000013545 ) ) ;
#1010 = DIRECTION ( 'NONE',  ( 1.000000000000000000, 0.000000000000000000, 0.000000000000000000 ) ) ;
#1011 = ORIENTED_EDGE ( 'NONE', *, *, #1087, .F. ) ;
#1012 = AXIS2_PLACEMENT_3D ( 'NONE', #570, #1293, #1152 ) ;
#1013 = CARTESIAN_POINT ( 'NONE',  ( 5.625000000000000000, 0.6999999999999999556, -3.600000000000000089 ) ) ;
#1014 = UNCERTAINTY_MEASURE_WITH_UNIT (LENGTH_MEASURE( 1.000000000000000082E-05 ), #1754, 'distance_accuracy_value', 'NONE');
#1015 = ORIENTED_EDGE ( 'NONE', *, *, #1797, .T. ) ;
#1016 = AXIS2_PLACEMENT_3D ( 'NONE', #785, #1220, #389 ) ;
#1017 =( NAMED_UNIT ( * ) PLANE_ANGLE_UNIT ( ) SI_UNIT ( $, .RADIAN. ) );
#1018 = EDGE_LOOP ( 'NONE', ( #1612, #866, #358, #236 ) ) ;
#1019 = CARTESIAN_POINT ( 'NONE',  ( -5.220854811567263276, 0.000000000000000000, 4.000000000000000000 ) ) ;
#1020 = CARTESIAN_POINT ( 'NONE',  ( 5.625000000000000000, 0.6999999999999999556, 4.000000000000000000 ) ) ;
#1021 = ORIENTED_EDGE ( 'NONE', *, *, #433, .F. ) ;
#1022 =( LENGTH_UNIT ( ) NAMED_UNIT ( * ) SI_UNIT ( .MILLI., .METRE. ) );
#1023 = DIRECTION ( 'NONE',  ( -0.000000000000000000, -0.000000000000000000, -1.000000000000000000 ) ) ;
#1024 = EDGE_CURVE ( 'NONE', #695, #1331, #87, .T. ) ;
#1025 = CARTESIAN_POINT ( 'NONE',  ( -5.220854811567263276, 0.000000000000000000, 4.000000000000000000 ) ) ;
#1026 =( NAMED_UNIT ( * ) SI_UNIT ( $, .STERADIAN. ) SOLID_ANGLE_UNIT ( ) );
#1027 = SURFACE_STYLE_USAGE ( .BOTH. , #1453 ) ;
#1028 = ORIENTED_EDGE ( 'NONE', *, *, #756, .F. ) ;
#1029 = DIRECTION ( 'NONE',  ( -0.4999999999999983902, -0.8660254037844395958, 0.000000000000000000 ) ) ;
#1030 =( GEOMETRIC_REPRESENTATION_CONTEXT ( 3 ) GLOBAL_UNCERTAINTY_ASSIGNED_CONTEXT ( ( #586 ) ) GLOBAL_UNIT_ASSIGNED_CONTEXT ( ( #914, #1206, #1223 ) ) REPRESENTATION_CONTEXT ( 'NONE', 'WORKASPACE' ) );
#1031 = DIRECTION ( 'NONE',  ( 0.000000000000000000, -1.000000000000000000, 0.000000000000000000 ) ) ;
#1032 = ORIENTED_EDGE ( 'NONE', *, *, #1024, .F. ) ;
#1033 = FILL_AREA_STYLE_COLOUR ( '', #1854 ) ;
#1034 = MECHANICAL_DESIGN_GEOMETRIC_PRESENTATION_REPRESENTATION (  '', ( #637 ), #1136 ) ;
#1035 = VERTEX_POINT ( 'NONE', #400 ) ;
#1036 = STYLED_ITEM ( 'NONE', ( #1541 ), #576 ) ;
#1037 = CARTESIAN_POINT ( 'NONE',  ( 5.220854811567264164, 0.000000000000000000, 3.600000000000000089 ) ) ;
#1038 = CARTESIAN_POINT ( 'NONE',  ( -5.625000000000000000, 0.6999999999999999556, 3.600000000000000089 ) ) ;
#1039 = ORIENTED_EDGE ( 'NONE', *, *, #138, .T. ) ;
#1040 = UNCERTAINTY_MEASURE_WITH_UNIT (LENGTH_MEASURE( 1.000000000000000082E-05 ), #413, 'distance_accuracy_value', 'NONE');
#1041 = CARTESIAN_POINT ( 'NONE',  ( 1.874999999999996447, 0.7000000000000003997, -3.600000000000000089 ) ) ;
#1042 = ADVANCED_FACE ( 'NONE', ( #736 ), #1236, .F. ) ;
#1043 = STYLED_ITEM ( 'NONE', ( #644 ), #267 ) ;
#1044 = DIRECTION ( 'NONE',  ( 1.000000000000000000, 1.221008489658179441E-16, 0.000000000000000000 ) ) ;
#1045 = EDGE_CURVE ( 'NONE', #289, #1503, #1142, .T. ) ;
#1046 = EDGE_LOOP ( 'NONE', ( #1922, #899, #629, #956 ) ) ;
#1047 = CARTESIAN_POINT ( 'NONE',  ( 8.599999999999997868, 13.60000000000000142, -3.600000000000000089 ) ) ;
#1048 = DIRECTION ( 'NONE',  ( 1.000000000000000000, -0.000000000000000000, -0.000000000000000000 ) ) ;
#1049 = EDGE_CURVE ( 'NONE', #885, #12, #1079, .T. ) ;
#1050 = DIRECTION ( 'NONE',  ( 1.000000000000000000, 0.000000000000000000, -0.000000000000000000 ) ) ;
#1051 =( NAMED_UNIT ( * ) SI_UNIT ( $, .STERADIAN. ) SOLID_ANGLE_UNIT ( ) );
#1052 = PRESENTATION_STYLE_ASSIGNMENT (( #949 ) ) ;
#1053 = AXIS2_PLACEMENT_3D ( 'NONE', #619, #1130, #1249 ) ;
#1054 = FILL_AREA_STYLE ('',( #265 ) ) ;
#1055 = ADVANCED_FACE ( 'NONE', ( #1770 ), #1740, .F. ) ;
#1056 = DIRECTION ( 'NONE',  ( -0.4999999999999983347, 0.8660254037844395958, 0.000000000000000000 ) ) ;
#1057 = PRESENTATION_LAYER_ASSIGNMENT (  '', '', ( #637 ) ) ;
#1058 = FILL_AREA_STYLE ('',( #148 ) ) ;
#1059 = PRESENTATION_STYLE_ASSIGNMENT (( #1906 ) ) ;
#1060 = EDGE_LOOP ( 'NONE', ( #386, #966, #329, #184 ) ) ;
#1061 = PRESENTATION_LAYER_ASSIGNMENT (  '', '', ( #1183 ) ) ;
#1062 = CARTESIAN_POINT ( 'NONE',  ( -8.599999999999999645, 13.60000000000000142, 3.600000000000000089 ) ) ;
#1063 = VECTOR ( 'NONE', #783, 1000.000000000000000 ) ;
#1064 = VECTOR ( 'NONE', #1533, 1000.000000000000000 ) ;
#1065 = PRESENTATION_STYLE_ASSIGNMENT (( #372 ) ) ;
#1066 = FILL_AREA_STYLE ('',( #309 ) ) ;
#1067 = SURFACE_STYLE_USAGE ( .BOTH. , #472 ) ;
#1068 = FACE_OUTER_BOUND ( 'NONE', #691, .T. ) ;
#1069 =( NAMED_UNIT ( * ) SI_UNIT ( $, .STERADIAN. ) SOLID_ANGLE_UNIT ( ) );
#1070 = FACE_OUTER_BOUND ( 'NONE', #303, .T. ) ;
#1071 = PLANE ( 'NONE',  #1862 ) ;
#1072 = CARTESIAN_POINT ( 'NONE',  ( 1.874999999999996447, 0.7000000000000003997, -3.600000000000000089 ) ) ;
#1073 = MECHANICAL_DESIGN_GEOMETRIC_PRESENTATION_REPRESENTATION (  '', ( #1668 ), #1720 ) ;
#1074 =( NAMED_UNIT ( * ) SI_UNIT ( $, .STERADIAN. ) SOLID_ANGLE_UNIT ( ) );
#1075 = ORIENTED_EDGE ( 'NONE', *, *, #1207, .F. ) ;
#1076 = SURFACE_STYLE_FILL_AREA ( #1054 ) ;
#1077 = ADVANCED_BREP_SHAPE_REPRESENTATION ( '18814150.86', ( #552, #99, #267, #460 ), #1825 ) ;
#1078 = MECHANICAL_DESIGN_GEOMETRIC_PRESENTATION_REPRESENTATION (  '', ( #502 ), #1882 ) ;
#1079 = LINE ( 'NONE', #201, #1064 ) ;
#1080 = DIRECTION ( 'NONE',  ( -0.4999999999999983347, 0.8660254037844395958, 0.000000000000000000 ) ) ;
#1081 = MECHANICAL_DESIGN_GEOMETRIC_PRESENTATION_REPRESENTATION (  '', ( #1866 ), #867 ) ;
#1082 = ORIENTED_EDGE ( 'NONE', *, *, #1218, .F. ) ;
#1083 = LINE ( 'NONE', #122, #458 ) ;
#1084 = EDGE_CURVE ( 'NONE', #879, #1331, #1779, .T. ) ;
#1085 = COLOUR_RGB ( '',0.05882352941176470507, 0.5490196078431373028, 0.8235294117647058432 ) ;
#1086 = DIRECTION ( 'NONE',  ( 0.000000000000000000, 0.000000000000000000, 1.000000000000000000 ) ) ;
#1087 = EDGE_CURVE ( 'NONE', #621, #331, #1104, .T. ) ;
#1088 =( NAMED_UNIT ( * ) PLANE_ANGLE_UNIT ( ) SI_UNIT ( $, .RADIAN. ) );
#1089 = DIRECTION ( 'NONE',  ( -0.000000000000000000, 1.000000000000000000, -0.000000000000000000 ) ) ;
#1090 = PLANE ( 'NONE',  #91 ) ;
#1091 = SURFACE_SIDE_STYLE ('',( #848 ) ) ;
#1092 = LINE ( 'NONE', #23, #1697 ) ;
#1093 = ADVANCED_FACE ( 'NONE', ( #487 ), #1447, .F. ) ;
#1094 = DIRECTION ( 'NONE',  ( -0.000000000000000000, 0.000000000000000000, -1.000000000000000000 ) ) ;
#1095 = ORIENTED_EDGE ( 'NONE', *, *, #290, .F. ) ;
#1096 = AXIS2_PLACEMENT_3D ( 'NONE', #481, #912, #1816 ) ;
#1097 = DIRECTION ( 'NONE',  ( 0.000000000000000000, 1.000000000000000000, 0.000000000000000000 ) ) ;
#1098 =( GEOMETRIC_REPRESENTATION_CONTEXT ( 3 ) GLOBAL_UNCERTAINTY_ASSIGNED_CONTEXT ( ( #833 ) ) GLOBAL_UNIT_ASSIGNED_CONTEXT ( ( #513, #395, #1557 ) ) REPRESENTATION_CONTEXT ( 'NONE', 'WORKASPACE' ) );
#1099 = UNCERTAINTY_MEASURE_WITH_UNIT (LENGTH_MEASURE( 1.000000000000000082E-05 ), #1332, 'distance_accuracy_value', 'NONE');
#1100 = MECHANICAL_DESIGN_GEOMETRIC_PRESENTATION_REPRESENTATION (  '', ( #1183 ), #285 ) ;
#1101 = CARTESIAN_POINT ( 'NONE',  ( -7.500000000000001776, -6.000000000000000000, 0.000000000000000000 ) ) ;
#1102 = FILL_AREA_STYLE ('',( #1149 ) ) ;
#1103 = SURFACE_SIDE_STYLE ('',( #495 ) ) ;
#1104 = CIRCLE ( 'NONE', #725, 0.4000000000000001887 ) ;
#1105 = VECTOR ( 'NONE', #1475, 1000.000000000000114 ) ;
#1106 = ADVANCED_FACE ( 'NONE', ( #1128 ), #286, .F. ) ;
#1107 = CARTESIAN_POINT ( 'NONE',  ( 7.500000000000001776, -6.000000000000000000, 1.836970198721029983E-15 ) ) ;
#1108 = COLOUR_RGB ( '',0.05882352941176470507, 0.5490196078431373028, 0.8235294117647058432 ) ;
#1109 = PRESENTATION_STYLE_ASSIGNMENT (( #844 ) ) ;
#1110 = AXIS2_PLACEMENT_3D ( 'NONE', #1284, #1639, #549 ) ;
#1111 = CARTESIAN_POINT ( 'NONE',  ( 8.599999999999997868, 14.00000000000000000, 4.000000000000000000 ) ) ;
#1112 = DIRECTION ( 'NONE',  ( 1.224646799147353207E-16, 1.000000000000000000, -0.000000000000000000 ) ) ;
#1113 = DIRECTION ( 'NONE',  ( 1.000000000000000000, 0.000000000000000000, 0.000000000000000000 ) ) ;
#1114 = AXIS2_PLACEMENT_3D ( 'NONE', #1860, #111, #1159 ) ;
#1115 = FILL_AREA_STYLE_COLOUR ( '', #1108 ) ;
#1116 = CARTESIAN_POINT ( 'NONE',  ( -5.625000000000000000, 0.6999999999999999556, 3.600000000000000089 ) ) ;
#1117 = CIRCLE ( 'NONE', #1267, 0.4000000000000001887 ) ;
#1118 = AXIS2_PLACEMENT_3D ( 'NONE', #1422, #999, #1010 ) ;
#1119 = ADVANCED_FACE ( 'NONE', ( #503 ), #537, .T. ) ;
#1120 = UNCERTAINTY_MEASURE_WITH_UNIT (LENGTH_MEASURE( 1.000000000000000082E-05 ), #1843, 'distance_accuracy_value', 'NONE');
#1121 = CIRCLE ( 'NONE', #1053, 0.3999999999999995226 ) ;
#1122 = EDGE_CURVE ( 'NONE', #388, #282, #1158, .T. ) ;
#1123 = DIRECTION ( 'NONE',  ( 0.000000000000000000, 0.000000000000000000, 1.000000000000000000 ) ) ;
#1124 = DIRECTION ( 'NONE',  ( 0.4999999999999983902, 0.8660254037844395958, 0.000000000000000000 ) ) ;
#1125 = EDGE_CURVE ( 'NONE', #919, #638, #1166, .T. ) ;
#1126 = PRESENTATION_STYLE_ASSIGNMENT (( #58 ) ) ;
#1127 = DIRECTION ( 'NONE',  ( -0.000000000000000000, 1.000000000000000000, -0.000000000000000000 ) ) ;
#1128 = FACE_OUTER_BOUND ( 'NONE', #274, .T. ) ;
#1129 = CARTESIAN_POINT ( 'NONE',  ( -8.599999999999999645, 13.60000000000000142, 4.000000000000000000 ) ) ;
#1130 = DIRECTION ( 'NONE',  ( 0.000000000000000000, 1.000000000000000000, 0.000000000000000000 ) ) ;
#1131 = SURFACE_STYLE_FILL_AREA ( #505 ) ;
#1132 = VECTOR ( 'NONE', #1316, 1000.000000000000000 ) ;
#1133 = PRESENTATION_LAYER_ASSIGNMENT (  '', '', ( #209 ) ) ;
#1134 = CARTESIAN_POINT ( 'NONE',  ( 1.874999999999996447, 0.7000000000000003997, -4.000000000000000000 ) ) ;
#1135 = CARTESIAN_POINT ( 'NONE',  ( 1.874999999999996447, 0.7000000000000003997, 3.600000000000000089 ) ) ;
#1136 =( GEOMETRIC_REPRESENTATION_CONTEXT ( 3 ) GLOBAL_UNCERTAINTY_ASSIGNED_CONTEXT ( ( #769 ) ) GLOBAL_UNIT_ASSIGNED_CONTEXT ( ( #846, #864, #1634 ) ) REPRESENTATION_CONTEXT ( 'NONE', 'WORKASPACE' ) );
#1137 =( NAMED_UNIT ( * ) PLANE_ANGLE_UNIT ( ) SI_UNIT ( $, .RADIAN. ) );
#1138 = DIRECTION ( 'NONE',  ( -1.000000000000000000, 0.000000000000000000, 0.000000000000000000 ) ) ;
#1139 = PRESENTATION_LAYER_ASSIGNMENT (  '', '', ( #100 ) ) ;
#1140 = FACE_OUTER_BOUND ( 'NONE', #1581, .T. ) ;
#1141 = CARTESIAN_POINT ( 'NONE',  ( -1.874999999999996447, 0.7000000000000003997, 4.000000000000000000 ) ) ;
#1142 = LINE ( 'NONE', #534, #468 ) ;
#1143 = CARTESIAN_POINT ( 'NONE',  ( 8.599999999999999645, 0.6999999999999999556, -4.000000000000000000 ) ) ;
#1144 = PRESENTATION_STYLE_ASSIGNMENT (( #1225 ) ) ;
#1145 = EDGE_CURVE ( 'NONE', #206, #1917, #521, .T. ) ;
#1146 = DIRECTION ( 'NONE',  ( -1.000000000000000000, 0.000000000000000000, 0.000000000000000000 ) ) ;
#1147 = DIRECTION ( 'NONE',  ( 1.000000000000000000, 0.000000000000000000, 0.000000000000000000 ) ) ;
#1148 = LINE ( 'NONE', #1408, #483 ) ;
#1149 = FILL_AREA_STYLE_COLOUR ( '', #1440 ) ;
#1150 = COLOUR_RGB ( '',0.05882352941176470507, 0.5490196078431373028, 0.8235294117647058432 ) ;
#1151 = LINE ( 'NONE', #1622, #506 ) ;
#1152 = DIRECTION ( 'NONE',  ( 0.000000000000000000, -0.000000000000000000, 1.000000000000000000 ) ) ;
#1153 = CARTESIAN_POINT ( 'NONE',  ( 5.625000000000000000, 0.6999999999999999556, -4.000000000000000000 ) ) ;
#1154 = CARTESIAN_POINT ( 'NONE',  ( -1.874999999999996447, 0.7000000000000003997, -3.600000000000000089 ) ) ;
#1155 = SURFACE_STYLE_FILL_AREA ( #1649 ) ;
#1156 =( NAMED_UNIT ( * ) PLANE_ANGLE_UNIT ( ) SI_UNIT ( $, .RADIAN. ) );
#1157 = PLANE ( 'NONE',  #1110 ) ;
#1158 = LINE ( 'NONE', #440, #1170 ) ;
#1159 = DIRECTION ( 'NONE',  ( 1.000000000000000000, 0.000000000000000000, 0.000000000000000000 ) ) ;
#1160 = STYLED_ITEM ( 'NONE', ( #321 ), #888 ) ;
#1161 = CARTESIAN_POINT ( 'NONE',  ( -8.599999999999999645, 0.000000000000000000, 3.600000000000000089 ) ) ;
#1162 = PRESENTATION_LAYER_ASSIGNMENT (  '', '', ( #1769 ) ) ;
#1163 =( LENGTH_UNIT ( ) NAMED_UNIT ( * ) SI_UNIT ( .MILLI., .METRE. ) );
#1164 = UNCERTAINTY_MEASURE_WITH_UNIT (LENGTH_MEASURE( 1.000000000000000082E-05 ), #474, 'distance_accuracy_value', 'NONE');
#1165 = DIRECTION ( 'NONE',  ( 0.000000000000000000, 0.000000000000000000, 1.000000000000000000 ) ) ;
#1166 = LINE ( 'NONE', #156, #1804 ) ;
#1167 = EDGE_CURVE ( 'NONE', #943, #1279, #508, .T. ) ;
#1168 = FACE_OUTER_BOUND ( 'NONE', #1060, .T. ) ;
#1169 = EDGE_CURVE ( 'NONE', #1535, #1577, #1800, .T. ) ;
#1170 = VECTOR ( 'NONE', #1044, 1000.000000000000000 ) ;
#1171 = CARTESIAN_POINT ( 'NONE',  ( -1.874999999999996447, 0.7000000000000003997, 3.600000000000000089 ) ) ;
#1172 = DIRECTION ( 'NONE',  ( -0.000000000000000000, 0.000000000000000000, 1.000000000000000000 ) ) ;
#1173 = FILL_AREA_STYLE ('',( #886 ) ) ;
#1174 =( NAMED_UNIT ( * ) SI_UNIT ( $, .STERADIAN. ) SOLID_ANGLE_UNIT ( ) );
#1175 = DIRECTION ( 'NONE',  ( 0.8660254037844395958, 0.4999999999999983347, -0.000000000000000000 ) ) ;
#1176 = FACE_OUTER_BOUND ( 'NONE', #916, .T. ) ;
#1177 = DIRECTION ( 'NONE',  ( 0.000000000000000000, 0.000000000000000000, -1.000000000000000000 ) ) ;
#1178 = ADVANCED_FACE ( 'NONE', ( #1176 ), #438, .F. ) ;
#1179 =( GEOMETRIC_REPRESENTATION_CONTEXT ( 3 ) GLOBAL_UNCERTAINTY_ASSIGNED_CONTEXT ( ( #1846 ) ) GLOBAL_UNIT_ASSIGNED_CONTEXT ( ( #1930, #159, #344 ) ) REPRESENTATION_CONTEXT ( 'NONE', 'WORKASPACE' ) );
#1180 =( GEOMETRIC_REPRESENTATION_CONTEXT ( 3 ) GLOBAL_UNCERTAINTY_ASSIGNED_CONTEXT ( ( #227 ) ) GLOBAL_UNIT_ASSIGNED_CONTEXT ( ( #1506, #869, #1051 ) ) REPRESENTATION_CONTEXT ( 'NONE', 'WORKASPACE' ) );
#1181 = SURFACE_SIDE_STYLE ('',( #1296 ) ) ;
#1182 = CARTESIAN_POINT ( 'NONE',  ( 0.000000000000000000, 1.100000000000000533, 0.000000000000000000 ) ) ;
#1183 = STYLED_ITEM ( 'NONE', ( #1455 ), #99 ) ;
#1184 = CARTESIAN_POINT ( 'NONE',  ( -9.000000000000000000, 14.00000000000000000, 4.000000000000000000 ) ) ;
#1185 = CIRCLE ( 'NONE', #369, 0.4000000000000001887 ) ;
#1186 = EDGE_CURVE ( 'NONE', #203, #885, #514, .T. ) ;
#1187 =( NAMED_UNIT ( * ) PLANE_ANGLE_UNIT ( ) SI_UNIT ( $, .RADIAN. ) );
#1188 =( LENGTH_UNIT ( ) NAMED_UNIT ( * ) SI_UNIT ( .MILLI., .METRE. ) );
#1189 = ADVANCED_FACE ( 'NONE', ( #1168 ), #1190, .T. ) ;
#1190 = CYLINDRICAL_SURFACE ( 'NONE', #1528, 0.4000000000000001887 ) ;
#1191 = CARTESIAN_POINT ( 'NONE',  ( -9.000000000000000000, 13.60000000000000142, -3.600000000000000089 ) ) ;
#1192 = CARTESIAN_POINT ( 'NONE',  ( 8.599999999999999645, 0.000000000000000000, 3.600000000000000089 ) ) ;
#1193 = PRODUCT_RELATED_PRODUCT_CATEGORY ( 'part', '', ( #115 ) ) ;
#1194 = FACE_OUTER_BOUND ( 'NONE', #1646, .T. ) ;
#1195 = PRESENTATION_LAYER_ASSIGNMENT (  '', '', ( #985 ) ) ;
#1196 =( NAMED_UNIT ( * ) SI_UNIT ( $, .STERADIAN. ) SOLID_ANGLE_UNIT ( ) );
#1197 = SURFACE_SIDE_STYLE ('',( #81 ) ) ;
#1198 = LINE ( 'NONE', #1414, #1818 ) ;
#1199 =( GEOMETRIC_REPRESENTATION_CONTEXT ( 3 ) GLOBAL_UNCERTAINTY_ASSIGNED_CONTEXT ( ( #1723 ) ) GLOBAL_UNIT_ASSIGNED_CONTEXT ( ( #915, #592, #1703 ) ) REPRESENTATION_CONTEXT ( 'NONE', 'WORKASPACE' ) );
#1200 = DIRECTION ( 'NONE',  ( 1.000000000000000000, 0.000000000000000000, 0.000000000000000000 ) ) ;
#1201 = DIRECTION ( 'NONE',  ( 0.000000000000000000, -1.000000000000000000, 0.000000000000000000 ) ) ;
#1202 = CARTESIAN_POINT ( 'NONE',  ( 8.599999999999999645, 1.100000000000000533, 3.600000000000000089 ) ) ;
#1203 = EDGE_CURVE ( 'NONE', #945, #653, #1198, .T. ) ;
#1204 = COLOUR_RGB ( '',0.05882352941176470507, 0.5490196078431373028, 0.8235294117647058432 ) ;
#1205 = CARTESIAN_POINT ( 'NONE',  ( -2.279145188432732727, 3.591852423956425707E-16, 4.000000000000000000 ) ) ;
#1206 =( NAMED_UNIT ( * ) PLANE_ANGLE_UNIT ( ) SI_UNIT ( $, .RADIAN. ) );
#1207 = EDGE_CURVE ( 'NONE', #894, #114, #1185, .T. ) ;
#1208 = DIRECTION ( 'NONE',  ( -0.000000000000000000, -0.000000000000000000, -1.000000000000000000 ) ) ;
#1209 = CARTESIAN_POINT ( 'NONE',  ( -9.000000000000000000, 13.60000000000000142, 4.000000000000000000 ) ) ;
#1210 = MECHANICAL_DESIGN_GEOMETRIC_PRESENTATION_REPRESENTATION (  '', ( #1386 ), #744 ) ;
#1211 = LINE ( 'NONE', #1778, #1848 ) ;
#1212 =( NAMED_UNIT ( * ) SI_UNIT ( $, .STERADIAN. ) SOLID_ANGLE_UNIT ( ) );
#1213 = AXIS2_PLACEMENT_3D ( 'NONE', #1716, #800, #1123 ) ;
#1214 = PRESENTATION_STYLE_ASSIGNMENT (( #1004 ) ) ;
#1215 = CARTESIAN_POINT ( 'NONE',  ( -8.599999999999999645, 14.00000000000000000, 4.000000000000000000 ) ) ;
#1216 = FILL_AREA_STYLE_COLOUR ( '', #1085 ) ;
#1217 = PRESENTATION_LAYER_ASSIGNMENT (  '', '', ( #373 ) ) ;
#1218 = EDGE_CURVE ( 'NONE', #289, #1274, #539, .T. ) ;
#1219 = DIRECTION ( 'NONE',  ( -1.000000000000000000, 0.000000000000000000, 0.000000000000000000 ) ) ;
#1220 = DIRECTION ( 'NONE',  ( 0.000000000000000000, -1.000000000000000000, 0.000000000000000000 ) ) ;
#1221 = LINE ( 'NONE', #133, #1878 ) ;
#1222 = SURFACE_STYLE_USAGE ( .BOTH. , #946 ) ;
#1223 =( NAMED_UNIT ( * ) SI_UNIT ( $, .STERADIAN. ) SOLID_ANGLE_UNIT ( ) );
#1224 = VECTOR ( 'NONE', #355, 1000.000000000000000 ) ;
#1225 = SURFACE_STYLE_USAGE ( .BOTH. , #1103 ) ;
#1226 =( GEOMETRIC_REPRESENTATION_CONTEXT ( 3 ) GLOBAL_UNCERTAINTY_ASSIGNED_CONTEXT ( ( #1842 ) ) GLOBAL_UNIT_ASSIGNED_CONTEXT ( ( #1530, #1807, #1679 ) ) REPRESENTATION_CONTEXT ( 'NONE', 'WORKASPACE' ) );
#1227 = VECTOR ( 'NONE', #1459, 1000.000000000000000 ) ;
#1228 = AXIS2_PLACEMENT_3D ( 'NONE', #754, #582, #196 ) ;
#1229 = ADVANCED_FACE ( 'NONE', ( #1822 ), #607, .T. ) ;
#1230 = STYLED_ITEM ( 'NONE', ( #1900 ), #218 ) ;
#1231 = CARTESIAN_POINT ( 'NONE',  ( 5.625000000000000000, 0.6999999999999999556, -3.600000000000000089 ) ) ;
#1232 = CIRCLE ( 'NONE', #167, 0.3999999999999993006 ) ;
#1233 = CARTESIAN_POINT ( 'NONE',  ( 5.220854811567263276, -1.070285003624417579E-18, 4.000000000000000000 ) ) ;
#1234 =( LENGTH_UNIT ( ) NAMED_UNIT ( * ) SI_UNIT ( .MILLI., .METRE. ) );
#1235 = VECTOR ( 'NONE', #1360, 1000.000000000000000 ) ;
#1236 = PLANE ( 'NONE',  #696 ) ;
#1237 = CARTESIAN_POINT ( 'NONE',  ( -9.000000000000000000, 0.6999999999999999556, 4.000000000000000000 ) ) ;
#1238 = VECTOR ( 'NONE', #1756, 1000.000000000000000 ) ;
#1239 = DIRECTION ( 'NONE',  ( 1.000000000000000000, 0.000000000000000000, 0.000000000000000000 ) ) ;
#1240 = CARTESIAN_POINT ( 'NONE',  ( -1.874999999999996447, 0.7000000000000003997, 4.000000000000000000 ) ) ;
#1241 =( NAMED_UNIT ( * ) SI_UNIT ( $, .STERADIAN. ) SOLID_ANGLE_UNIT ( ) );
#1242 = ADVANCED_FACE ( 'NONE', ( #1194 ), #50, .F. ) ;
#1243 = AXIS2_PLACEMENT_3D ( 'NONE', #639, #1793, #982 ) ;
#1244 = LINE ( 'NONE', #664, #1246 ) ;
#1245 = SURFACE_SIDE_STYLE ('',( #686 ) ) ;
#1246 = VECTOR ( 'NONE', #1311, 1000.000000000000000 ) ;
#1247 = PRESENTATION_LAYER_ASSIGNMENT (  '', '', ( #1845 ) ) ;
#1248 = CARTESIAN_POINT ( 'NONE',  ( -7.500000000000001776, 1.100000000000000533, -0.4000000000000004663 ) ) ;
#1249 = DIRECTION ( 'NONE',  ( 0.000000000000000000, 0.000000000000000000, 1.000000000000000000 ) ) ;
#1250 = PRESENTATION_STYLE_ASSIGNMENT (( #1027 ) ) ;
#1251 = AXIS2_PLACEMENT_3D ( 'NONE', #1182, #1201, #476 ) ;
#1252 = CARTESIAN_POINT ( 'NONE',  ( 9.000000000000000000, 13.60000000000000142, 4.000000000000000000 ) ) ;
#1253 = CARTESIAN_POINT ( 'NONE',  ( 8.599999999999999645, 1.100000000000000533, -3.600000000000000089 ) ) ;
#1254 = CARTESIAN_POINT ( 'NONE',  ( 1.874999999999996447, 0.7000000000000003997, 4.000000000000000000 ) ) ;
#1255 = EDGE_CURVE ( 'NONE', #908, #114, #1870, .T. ) ;
#1256 = UNCERTAINTY_MEASURE_WITH_UNIT (LENGTH_MEASURE( 1.000000000000000082E-05 ), #191, 'distance_accuracy_value', 'NONE');
#1257 = EDGE_CURVE ( 'NONE', #1265, #1279, #569, .T. ) ;
#1258 = FACE_OUTER_BOUND ( 'NONE', #618, .T. ) ;
#1259 = DIRECTION ( 'NONE',  ( 1.000000000000000000, -0.000000000000000000, 0.000000000000000000 ) ) ;
#1260 = EDGE_CURVE ( 'NONE', #924, #282, #601, .T. ) ;
#1261 = SURFACE_STYLE_FILL_AREA ( #29 ) ;
#1262 = VECTOR ( 'NONE', #1050, 1000.000000000000000 ) ;
#1263 = CARTESIAN_POINT ( 'NONE',  ( 5.220854811567263276, -1.070285003624417579E-18, 4.000000000000000000 ) ) ;
#1264 = DIRECTION ( 'NONE',  ( 0.000000000000000000, 0.000000000000000000, 1.000000000000000000 ) ) ;
#1265 = VERTEX_POINT ( 'NONE', #1811 ) ;
#1266 = CARTESIAN_POINT ( 'NONE',  ( 9.000000000000000000, 0.6999999999999999556, 3.600000000000000089 ) ) ;
#1267 = AXIS2_PLACEMENT_3D ( 'NONE', #1583, #1005, #1264 ) ;
#1268 = EDGE_LOOP ( 'NONE', ( #830, #1039, #1524, #341, #1598, #1032, #993, #1656, #362, #1669, #740, #204 ) ) ;
#1269 = DIRECTION ( 'NONE',  ( -0.000000000000000000, -0.000000000000000000, -1.000000000000000000 ) ) ;
#1270 = FILL_AREA_STYLE_COLOUR ( '', #823 ) ;
#1271 = DIRECTION ( 'NONE',  ( 0.000000000000000000, 1.000000000000000000, 0.000000000000000000 ) ) ;
#1272 = FILL_AREA_STYLE ('',( #490 ) ) ;
#1273 = STYLED_ITEM ( 'NONE', ( #1214 ), #1400 ) ;
#1274 = VERTEX_POINT ( 'NONE', #1202 ) ;
#1275 = VECTOR ( 'NONE', #1589, 1000.000000000000000 ) ;
#1276 = PRODUCT_CONTEXT ( 'NONE', #428, 'mechanical' ) ;
#1277 = CARTESIAN_POINT ( 'NONE',  ( 5.625000000000000000, 0.6999999999999999556, 4.000000000000000000 ) ) ;
#1278 = DIRECTION ( 'NONE',  ( 0.000000000000000000, 1.000000000000000000, 0.000000000000000000 ) ) ;
#1279 = VERTEX_POINT ( 'NONE', #1942 ) ;
#1280 = STYLED_ITEM ( 'NONE', ( #477 ), #1106 ) ;
#1281 =( LENGTH_UNIT ( ) NAMED_UNIT ( * ) SI_UNIT ( .MILLI., .METRE. ) );
#1282 = ORIENTED_EDGE ( 'NONE', *, *, #1565, .F. ) ;
#1283 = EDGE_CURVE ( 'NONE', #731, #388, #1859, .T. ) ;
#1284 = CARTESIAN_POINT ( 'NONE',  ( 0.000000000000000000, -6.000000000000000000, 0.000000000000000000 ) ) ;
#1285 = EDGE_CURVE ( 'NONE', #1279, #621, #1211, .T. ) ;
#1286 = LINE ( 'NONE', #1252, #654 ) ;
#1287 = SURFACE_STYLE_USAGE ( .BOTH. , #967 ) ;
#1288 = DIRECTION ( 'NONE',  ( 0.4999999999999983347, -0.8660254037844395958, 0.000000000000000000 ) ) ;
#1289 = SHAPE_DEFINITION_REPRESENTATION ( #796, #1077 ) ;
#1290 = ORIENTED_EDGE ( 'NONE', *, *, #326, .F. ) ;
#1291 = DIRECTION ( 'NONE',  ( 0.000000000000000000, 1.000000000000000000, 0.000000000000000000 ) ) ;
#1292 = LINE ( 'NONE', #523, #4 ) ;
#1293 = DIRECTION ( 'NONE',  ( 0.000000000000000000, 1.000000000000000000, 0.000000000000000000 ) ) ;
#1294 = PLANE ( 'NONE',  #1623 ) ;
#1295 = VECTOR ( 'NONE', #519, 1000.000000000000000 ) ;
#1296 = SURFACE_STYLE_FILL_AREA ( #715 ) ;
#1297 = CARTESIAN_POINT ( 'NONE',  ( -7.500000000000001776, -6.000000000000000000, 0.4000000000000004663 ) ) ;
#1298 = ORIENTED_EDGE ( 'NONE', *, *, #1317, .F. ) ;
#1299 = VECTOR ( 'NONE', #1146, 1000.000000000000000 ) ;
#1300 = EDGE_LOOP ( 'NONE', ( #929, #253, #199, #842 ) ) ;
#1301 = PLANE ( 'NONE',  #1858 ) ;
#1302 = LINE ( 'NONE', #670, #623 ) ;
#1303 = CARTESIAN_POINT ( 'NONE',  ( 9.000000000000000000, 0.6999999999999999556, -3.600000000000000089 ) ) ;
#1304 = AXIS2_PLACEMENT_3D ( 'NONE', #367, #1695, #650 ) ;
#1305 = DIRECTION ( 'NONE',  ( -0.000000000000000000, 1.000000000000000000, -0.000000000000000000 ) ) ;
#1306 = ORIENTED_EDGE ( 'NONE', *, *, #175, .T. ) ;
#1307 = LINE ( 'NONE', #853, #1299 ) ;
#1308 = STYLED_ITEM ( 'NONE', ( #792 ), #516 ) ;
#1309 = ORIENTED_EDGE ( 'NONE', *, *, #564, .T. ) ;
#1310 = SURFACE_STYLE_FILL_AREA ( #1941 ) ;
#1311 = DIRECTION ( 'NONE',  ( -0.000000000000000000, -0.000000000000000000, -1.000000000000000000 ) ) ;
#1312 = PRESENTATION_LAYER_ASSIGNMENT (  '', '', ( #200 ) ) ;
#1313 =( NAMED_UNIT ( * ) SI_UNIT ( $, .STERADIAN. ) SOLID_ANGLE_UNIT ( ) );
#1314 = ORIENTED_EDGE ( 'NONE', *, *, #1733, .F. ) ;
#1315 = FACE_OUTER_BOUND ( 'NONE', #249, .T. ) ;
#1316 = DIRECTION ( 'NONE',  ( -0.000000000000000000, -0.000000000000000000, -1.000000000000000000 ) ) ;
#1317 = EDGE_CURVE ( 'NONE', #1743, #1007, #1244, .T. ) ;
#1318 = ORIENTED_EDGE ( 'NONE', *, *, #1659, .T. ) ;
#1319 =( LENGTH_UNIT ( ) NAMED_UNIT ( * ) SI_UNIT ( .MILLI., .METRE. ) );
#1320 = LINE ( 'NONE', #412, #1262 ) ;
#1321 = CARTESIAN_POINT ( 'NONE',  ( 9.000000000000000000, 0.6999999999999999556, -3.600000000000000089 ) ) ;
#1322 = PRESENTATION_STYLE_ASSIGNMENT (( #1688 ) ) ;
#1323 = ORIENTED_EDGE ( 'NONE', *, *, #1487, .F. ) ;
#1324 = SURFACE_SIDE_STYLE ('',( #1155 ) ) ;
#1325 = FILL_AREA_STYLE_COLOUR ( '', #774 ) ;
#1326 = VECTOR ( 'NONE', #880, 1000.000000000000000 ) ;
#1327 = ORIENTED_EDGE ( 'NONE', *, *, #1169, .F. ) ;
#1328 = DIRECTION ( 'NONE',  ( -0.4999999999999983902, -0.8660254037844395958, 0.000000000000000000 ) ) ;
#1329 = AXIS2_PLACEMENT_3D ( 'NONE', #538, #1635, #136 ) ;
#1330 =( NAMED_UNIT ( * ) SI_UNIT ( $, .STERADIAN. ) SOLID_ANGLE_UNIT ( ) );
#1331 = VERTEX_POINT ( 'NONE', #1153 ) ;
#1332 =( LENGTH_UNIT ( ) NAMED_UNIT ( * ) SI_UNIT ( .MILLI., .METRE. ) );
#1333 =( LENGTH_UNIT ( ) NAMED_UNIT ( * ) SI_UNIT ( .MILLI., .METRE. ) );
#1334 = VECTOR ( 'NONE', #1089, 1000.000000000000000 ) ;
#1335 = ORIENTED_EDGE ( 'NONE', *, *, #134, .F. ) ;
#1336 = AXIS2_PLACEMENT_3D ( 'NONE', #1736, #212, #1751 ) ;
#1337 = PRESENTATION_STYLE_ASSIGNMENT (( #805 ) ) ;
#1338 = DIRECTION ( 'NONE',  ( -0.000000000000000000, -0.000000000000000000, -1.000000000000000000 ) ) ;
#1339 = ORIENTED_EDGE ( 'NONE', *, *, #402, .T. ) ;
#1340 = AXIS2_PLACEMENT_3D ( 'NONE', #1107, #763, #1821 ) ;
#1341 = APPLICATION_CONTEXT ( 'automotive_design' ) ;
#1342 = VERTEX_POINT ( 'NONE', #1297 ) ;
#1343 =( LENGTH_UNIT ( ) NAMED_UNIT ( * ) SI_UNIT ( .MILLI., .METRE. ) );
#1344 = UNCERTAINTY_MEASURE_WITH_UNIT (LENGTH_MEASURE( 1.000000000000000082E-05 ), #53, 'distance_accuracy_value', 'NONE');
#1345 = DIRECTION ( 'NONE',  ( 1.000000000000000000, -0.000000000000000000, -0.000000000000000000 ) ) ;
#1346 = LINE ( 'NONE', #933, #1334 ) ;
#1347 = VERTEX_POINT ( 'NONE', #1129 ) ;
#1348 = LINE ( 'NONE', #1428, #98 ) ;
#1349 = EDGE_CURVE ( 'NONE', #238, #695, #566, .T. ) ;
#1350 = VERTEX_POINT ( 'NONE', #1474 ) ;
#1351 = CYLINDRICAL_SURFACE ( 'NONE', #1016, 0.4000000000000001887 ) ;
#1352 = SURFACE_STYLE_USAGE ( .BOTH. , #761 ) ;
#1353 = LINE ( 'NONE', #1008, #698 ) ;
#1354 =( GEOMETRIC_REPRESENTATION_CONTEXT ( 3 ) GLOBAL_UNCERTAINTY_ASSIGNED_CONTEXT ( ( #174 ) ) GLOBAL_UNIT_ASSIGNED_CONTEXT ( ( #934, #1516, #194 ) ) REPRESENTATION_CONTEXT ( 'NONE', 'WORKASPACE' ) );
#1355 = ADVANCED_FACE ( 'NONE', ( #1856 ), #561, .F. ) ;
#1356 = CARTESIAN_POINT ( 'NONE',  ( 8.599999999999999645, 0.6999999999999999556, 4.000000000000000000 ) ) ;
#1357 = SURFACE_STYLE_FILL_AREA ( #512 ) ;
#1358 = ORIENTED_EDGE ( 'NONE', *, *, #511, .F. ) ;
#1359 = AXIS2_PLACEMENT_3D ( 'NONE', #1788, #1753, #323 ) ;
#1360 = DIRECTION ( 'NONE',  ( -0.000000000000000000, -0.000000000000000000, 1.000000000000000000 ) ) ;
#1361 = LINE ( 'NONE', #1502, #1326 ) ;
#1362 = SURFACE_STYLE_USAGE ( .BOTH. , #1091 ) ;
#1363 = VECTOR ( 'NONE', #1534, 1000.000000000000000 ) ;
#1364 = MECHANICAL_DESIGN_GEOMETRIC_PRESENTATION_REPRESENTATION (  '', ( #1558 ), #1458 ) ;
#1365 = ORIENTED_EDGE ( 'NONE', *, *, #760, .T. ) ;
#1366 = DIRECTION ( 'NONE',  ( 1.000000000000000000, 0.000000000000000000, 0.000000000000000000 ) ) ;
#1367 = CARTESIAN_POINT ( 'NONE',  ( -2.279145188432732727, 3.591852423956425707E-16, -4.000000000000000000 ) ) ;
#1368 = MECHANICAL_DESIGN_GEOMETRIC_PRESENTATION_REPRESENTATION (  '', ( #171 ), #793 ) ;
#1369 = SURFACE_STYLE_FILL_AREA ( #1058 ) ;
#1370 = LINE ( 'NONE', #1254, #65 ) ;
#1371 = VECTOR ( 'NONE', #526, 1000.000000000000000 ) ;
#1372 = FILL_AREA_STYLE ('',( #794 ) ) ;
#1373 = DIRECTION ( 'NONE',  ( 0.000000000000000000, -0.000000000000000000, 1.000000000000000000 ) ) ;
#1374 = EDGE_CURVE ( 'NONE', #203, #908, #1232, .T. ) ;
#1375 = EDGE_LOOP ( 'NONE', ( #1520, #1632, #322, #1298 ) ) ;
#1376 = EDGE_CURVE ( 'NONE', #897, #114, #583, .T. ) ;
#1377 = UNCERTAINTY_MEASURE_WITH_UNIT (LENGTH_MEASURE( 1.000000000000000082E-05 ), #1495, 'distance_accuracy_value', 'NONE');
#1378 = CYLINDRICAL_SURFACE ( 'NONE', #1096, 0.3999999999999993006 ) ;
#1379 = VECTOR ( 'NONE', #1271, 1000.000000000000000 ) ;
#1380 = EDGE_CURVE ( 'NONE', #1537, #364, #1221, .T. ) ;
#1381 = LINE ( 'NONE', #1562, #1363 ) ;
#1382 = FACE_OUTER_BOUND ( 'NONE', #1597, .T. ) ;
#1383 = ORIENTED_EDGE ( 'NONE', *, *, #1024, .T. ) ;
#1384 = DIRECTION ( 'NONE',  ( -0.4999999999999983902, 0.8660254037844395958, 0.000000000000000000 ) ) ;
#1385 = DIRECTION ( 'NONE',  ( 0.4999999999999983902, -0.8660254037844395958, 0.000000000000000000 ) ) ;
#1386 = STYLED_ITEM ( 'NONE', ( #681 ), #1745 ) ;
#1387 = CIRCLE ( 'NONE', #1243, 0.3999999999999995226 ) ;
#1388 = VERTEX_POINT ( 'NONE', #1248 ) ;
#1389 = COLOUR_RGB ( '',0.05882352941176470507, 0.5490196078431373028, 0.8235294117647058432 ) ;
#1390 = VECTOR ( 'NONE', #377, 1000.000000000000000 ) ;
#1391 = PRESENTATION_LAYER_ASSIGNMENT (  '', '', ( #215 ) ) ;
#1392 = CYLINDRICAL_SURFACE ( 'NONE', #192, 0.4000000000000004663 ) ;
#1393 = LINE ( 'NONE', #989, #1390 ) ;
#1394 = LINE ( 'NONE', #1231, #712 ) ;
#1395 = CARTESIAN_POINT ( 'NONE',  ( -9.000000000000000000, 0.6999999999999999556, 4.000000000000000000 ) ) ;
#1396 =( GEOMETRIC_REPRESENTATION_CONTEXT ( 3 ) GLOBAL_UNCERTAINTY_ASSIGNED_CONTEXT ( ( #1687 ) ) GLOBAL_UNIT_ASSIGNED_CONTEXT ( ( #615, #974, #940 ) ) REPRESENTATION_CONTEXT ( 'NONE', 'WORKASPACE' ) );
#1397 = VECTOR ( 'NONE', #1138, 1000.000000000000000 ) ;
#1398 = SURFACE_STYLE_USAGE ( .BOTH. , #1728 ) ;
#1399 = COLOUR_RGB ( '',0.05882352941176470507, 0.5490196078431373028, 0.8235294117647058432 ) ;
#1400 = ADVANCED_FACE ( 'NONE', ( #548 ), #147, .F. ) ;
#1401 = LINE ( 'NONE', #421, #751 ) ;
#1402 = DIRECTION ( 'NONE',  ( -0.000000000000000000, 1.000000000000000000, -0.000000000000000000 ) ) ;
#1403 = EDGE_CURVE ( 'NONE', #114, #965, #1880, .T. ) ;
#1404 = COLOUR_RGB ( '',0.05882352941176470507, 0.5490196078431373028, 0.8235294117647058432 ) ;
#1405 =( NAMED_UNIT ( * ) PLANE_ANGLE_UNIT ( ) SI_UNIT ( $, .RADIAN. ) );
#1406 = SURFACE_STYLE_FILL_AREA ( #662 ) ;
#1407 = FILL_AREA_STYLE ('',( #385 ) ) ;
#1408 = CARTESIAN_POINT ( 'NONE',  ( -5.625000000000000000, 0.6999999999999999556, 4.000000000000000000 ) ) ;
#1409 = VECTOR ( 'NONE', #835, 1000.000000000000000 ) ;
#1410 =( LENGTH_UNIT ( ) NAMED_UNIT ( * ) SI_UNIT ( .MILLI., .METRE. ) );
#1411 = ADVANCED_FACE ( 'NONE', ( #1889 ), #628, .F. ) ;
#1412 = DIRECTION ( 'NONE',  ( 1.000000000000000000, 0.000000000000000000, 0.000000000000000000 ) ) ;
#1413 = LINE ( 'NONE', #1266, #1409 ) ;
#1414 = CARTESIAN_POINT ( 'NONE',  ( 8.599999999999999645, 1.100000000000000533, -3.600000000000000089 ) ) ;
#1415 = PRESENTATION_LAYER_ASSIGNMENT (  '', '', ( #1674 ) ) ;
#1416 = CARTESIAN_POINT ( 'NONE',  ( -1.874999999999996447, 0.7000000000000003997, 4.000000000000000000 ) ) ;
#1417 = ORIENTED_EDGE ( 'NONE', *, *, #1429, .F. ) ;
#1418 =( NAMED_UNIT ( * ) SI_UNIT ( $, .STERADIAN. ) SOLID_ANGLE_UNIT ( ) );
#1419 =( GEOMETRIC_REPRESENTATION_CONTEXT ( 3 ) GLOBAL_UNCERTAINTY_ASSIGNED_CONTEXT ( ( #811 ) ) GLOBAL_UNIT_ASSIGNED_CONTEXT ( ( #1468, #1644, #447 ) ) REPRESENTATION_CONTEXT ( 'NONE', 'WORKASPACE' ) );
#1420 = ORIENTED_EDGE ( 'NONE', *, *, #359, .T. ) ;
#1421 = SURFACE_SIDE_STYLE ('',( #1369 ) ) ;
#1422 = CARTESIAN_POINT ( 'NONE',  ( 8.599999999999999645, 13.60000000000000142, 3.600000000000000089 ) ) ;
#1423 = DIRECTION ( 'NONE',  ( -1.000000000000000000, 0.000000000000000000, 0.000000000000000000 ) ) ;
#1424 = EDGE_CURVE ( 'NONE', #1675, #1535, #668, .T. ) ;
#1425 = FACE_OUTER_BOUND ( 'NONE', #216, .T. ) ;
#1426 = VECTOR ( 'NONE', #1373, 1000.000000000000000 ) ;
#1427 = FILL_AREA_STYLE ('',( #957 ) ) ;
#1428 = CARTESIAN_POINT ( 'NONE',  ( -5.625000000000000000, 0.6999999999999999556, -4.000000000000000000 ) ) ;
#1429 = EDGE_CURVE ( 'NONE', #897, #47, #605, .T. ) ;
#1430 = UNCERTAINTY_MEASURE_WITH_UNIT (LENGTH_MEASURE( 1.000000000000000082E-05 ), #926, 'distance_accuracy_value', 'NONE');
#1431 = COLOUR_RGB ( '',0.05882352941176470507, 0.5490196078431373028, 0.8235294117647058432 ) ;
#1432 = LINE ( 'NONE', #1718, #149 ) ;
#1433 = CARTESIAN_POINT ( 'NONE',  ( -5.220854811567263276, 0.000000000000000000, 4.000000000000000000 ) ) ;
#1434 = DIRECTION ( 'NONE',  ( 0.000000000000000000, -1.000000000000000000, 0.000000000000000000 ) ) ;
#1435 = FACE_OUTER_BOUND ( 'NONE', #190, .T. ) ;
#1436 = DIRECTION ( 'NONE',  ( -0.000000000000000000, -0.000000000000000000, -1.000000000000000000 ) ) ;
#1437 = MECHANICAL_DESIGN_GEOMETRIC_PRESENTATION_REPRESENTATION (  '', ( #10 ), #1901 ) ;
#1438 =( LENGTH_UNIT ( ) NAMED_UNIT ( * ) SI_UNIT ( .MILLI., .METRE. ) );
#1439 = DIRECTION ( 'NONE',  ( 0.000000000000000000, 0.000000000000000000, 1.000000000000000000 ) ) ;
#1440 = COLOUR_RGB ( '',0.05882352941176470507, 0.5490196078431373028, 0.8235294117647058432 ) ;
#1441 = AXIS2_PLACEMENT_3D ( 'NONE', #140, #316, #160 ) ;
#1442 = FILL_AREA_STYLE_COLOUR ( '', #1404 ) ;
#1443 = PRESENTATION_LAYER_ASSIGNMENT (  '', '', ( #1230 ) ) ;
#1444 = CARTESIAN_POINT ( 'NONE',  ( -1.874999999999996447, 0.7000000000000003997, 4.000000000000000000 ) ) ;
#1445 =( LENGTH_UNIT ( ) NAMED_UNIT ( * ) SI_UNIT ( .MILLI., .METRE. ) );
#1446 = EDGE_CURVE ( 'NONE', #241, #945, #1302, .T. ) ;
#1447 = PLANE ( 'NONE',  #1012 ) ;
#1448 = CARTESIAN_POINT ( 'NONE',  ( 8.599999999999999645, 1.100000000000000533, 3.600000000000000089 ) ) ;
#1449 = EDGE_CURVE ( 'NONE', #965, #684, #674, .T. ) ;
#1450 = DIRECTION ( 'NONE',  ( 0.000000000000000000, -1.000000000000000000, 0.000000000000000000 ) ) ;
#1451 = PRESENTATION_STYLE_ASSIGNMENT (( #1398 ) ) ;
#1452 = SURFACE_STYLE_USAGE ( .BOTH. , #1181 ) ;
#1453 = SURFACE_SIDE_STYLE ('',( #673 ) ) ;
#1454 = AXIS2_PLACEMENT_3D ( 'NONE', #154, #577, #557 ) ;
#1455 = PRESENTATION_STYLE_ASSIGNMENT (( #261 ) ) ;
#1456 =( LENGTH_UNIT ( ) NAMED_UNIT ( * ) SI_UNIT ( .MILLI., .METRE. ) );
#1457 = FILL_AREA_STYLE_COLOUR ( '', #168 ) ;
#1458 =( GEOMETRIC_REPRESENTATION_CONTEXT ( 3 ) GLOBAL_UNCERTAINTY_ASSIGNED_CONTEXT ( ( #1040 ) ) GLOBAL_UNIT_ASSIGNED_CONTEXT ( ( #413, #825, #604 ) ) REPRESENTATION_CONTEXT ( 'NONE', 'WORKASPACE' ) );
#1459 = DIRECTION ( 'NONE',  ( -0.000000000000000000, -0.000000000000000000, -1.000000000000000000 ) ) ;
#1460 = CARTESIAN_POINT ( 'NONE',  ( -7.500000000000001776, 1.100000000000000533, 0.000000000000000000 ) ) ;
#1461 = EDGE_CURVE ( 'NONE', #1342, #1035, #1915, .T. ) ;
#1462 = FACE_OUTER_BOUND ( 'NONE', #242, .T. ) ;
#1463 = LINE ( 'NONE', #1356, #1426 ) ;
#1464 = LINE ( 'NONE', #1041, #172 ) ;
#1465 = DIRECTION ( 'NONE',  ( -1.000000000000000000, 0.000000000000000000, 0.000000000000000000 ) ) ;
#1466 = CARTESIAN_POINT ( 'NONE',  ( -7.500000000000001776, -6.000000000000000000, -0.4000000000000004663 ) ) ;
#1467 = SURFACE_STYLE_FILL_AREA ( #1517 ) ;
#1468 =( LENGTH_UNIT ( ) NAMED_UNIT ( * ) SI_UNIT ( .MILLI., .METRE. ) );
#1469 = EDGE_CURVE ( 'NONE', #260, #334, #1924, .T. ) ;
#1470 = COLOUR_RGB ( '',0.05882352941176470507, 0.5490196078431373028, 0.8235294117647058432 ) ;
#1471 = UNCERTAINTY_MEASURE_WITH_UNIT (LENGTH_MEASURE( 1.000000000000000082E-05 ), #1456, 'distance_accuracy_value', 'NONE');
#1472 =( NAMED_UNIT ( * ) PLANE_ANGLE_UNIT ( ) SI_UNIT ( $, .RADIAN. ) );
#1473 = PRESENTATION_STYLE_ASSIGNMENT (( #1737 ) ) ;
#1474 = CARTESIAN_POINT ( 'NONE',  ( -5.625000000000000000, 0.6999999999999999556, 4.000000000000000000 ) ) ;
#1475 = DIRECTION ( 'NONE',  ( 0.4999999999999983347, 0.8660254037844395958, 0.000000000000000000 ) ) ;
#1476 = LINE ( 'NONE', #1013, #182 ) ;
#1477 = CARTESIAN_POINT ( 'NONE',  ( 2.279145188432734503, 0.000000000000000000, 3.600000000000000089 ) ) ;
#1478 = STYLED_ITEM ( 'NONE', ( #603 ), #1411 ) ;
#1479 = ORIENTED_EDGE ( 'NONE', *, *, #1207, .T. ) ;
#1480 = COLOUR_RGB ( '',0.7921568627450980005, 0.8196078431372548767, 0.9333333333333333481 ) ;
#1481 = DIRECTION ( 'NONE',  ( -0.000000000000000000, 1.000000000000000000, 0.000000000000000000 ) ) ;
#1482 = AXIS2_PLACEMENT_3D ( 'NONE', #97, #952, #1423 ) ;
#1483 = DIRECTION ( 'NONE',  ( 0.000000000000000000, 1.000000000000000000, 0.000000000000000000 ) ) ;
#1484 = ORIENTED_EDGE ( 'NONE', *, *, #157, .F. ) ;
#1485 = CARTESIAN_POINT ( 'NONE',  ( -5.220854811567263276, 0.000000000000000000, -4.000000000000000000 ) ) ;
#1486 = PRESENTATION_STYLE_ASSIGNMENT (( #1287 ) ) ;
#1487 = EDGE_CURVE ( 'NONE', #663, #382, #1320, .T. ) ;
#1488 = ADVANCED_FACE ( 'NONE', ( #661 ), #1301, .F. ) ;
#1489 = CARTESIAN_POINT ( 'NONE',  ( 8.599999999999999645, 0.000000000000000000, -3.600000000000000089 ) ) ;
#1490 = SURFACE_STYLE_FILL_AREA ( #687 ) ;
#1491 = VERTEX_POINT ( 'NONE', #1852 ) ;
#1492 = EDGE_CURVE ( 'NONE', #382, #1917, #1292, .T. ) ;
#1493 = ORIENTED_EDGE ( 'NONE', *, *, #419, .F. ) ;
#1494 = CARTESIAN_POINT ( 'NONE',  ( 2.279145188432732727, 3.591852423956425707E-16, 4.000000000000000000 ) ) ;
#1495 =( LENGTH_UNIT ( ) NAMED_UNIT ( * ) SI_UNIT ( .MILLI., .METRE. ) );
#1496 = UNCERTAINTY_MEASURE_WITH_UNIT (LENGTH_MEASURE( 1.000000000000000082E-05 ), #1538, 'distance_accuracy_value', 'NONE');
#1497 = ORIENTED_EDGE ( 'NONE', *, *, #1469, .T. ) ;
#1498 = CARTESIAN_POINT ( 'NONE',  ( 8.599999999999999645, 13.60000000000000142, 3.600000000000000089 ) ) ;
#1499 = ORIENTED_EDGE ( 'NONE', *, *, #1424, .F. ) ;
#1500 = ADVANCED_FACE ( 'NONE', ( #26 ), #632, .T. ) ;
#1501 =( NAMED_UNIT ( * ) PLANE_ANGLE_UNIT ( ) SI_UNIT ( $, .RADIAN. ) );
#1502 = CARTESIAN_POINT ( 'NONE',  ( -5.625000000000000000, 0.6999999999999999556, 4.000000000000000000 ) ) ;
#1503 = VERTEX_POINT ( 'NONE', #435 ) ;
#1504 = MECHANICAL_DESIGN_GEOMETRIC_PRESENTATION_REPRESENTATION (  '', ( #1160 ), #1180 ) ;
#1505 = VERTEX_POINT ( 'NONE', #553 ) ;
#1506 =( LENGTH_UNIT ( ) NAMED_UNIT ( * ) SI_UNIT ( .MILLI., .METRE. ) );
#1507 = CIRCLE ( 'NONE', #1118, 0.3999999999999993006 ) ;
#1508 = CARTESIAN_POINT ( 'NONE',  ( -5.220854811567263276, 0.000000000000000000, 4.000000000000000000 ) ) ;
#1509 = ORIENTED_EDGE ( 'NONE', *, *, #237, .F. ) ;
#1510 = AXIS2_PLACEMENT_3D ( 'NONE', #876, #479, #1686 ) ;
#1511 = ORIENTED_EDGE ( 'NONE', *, *, #132, .F. ) ;
#1512 = ORIENTED_EDGE ( 'NONE', *, *, #1820, .T. ) ;
#1513 = VERTEX_POINT ( 'NONE', #1009 ) ;
#1514 = EDGE_CURVE ( 'NONE', #1527, #968, #1307, .T. ) ;
#1515 = CARTESIAN_POINT ( 'NONE',  ( -5.220854811567263276, 0.000000000000000000, 4.000000000000000000 ) ) ;
#1516 =( NAMED_UNIT ( * ) PLANE_ANGLE_UNIT ( ) SI_UNIT ( $, .RADIAN. ) );
#1517 = FILL_AREA_STYLE ('',( #743 ) ) ;
#1518 = EDGE_LOOP ( 'NONE', ( #878, #883, #454, #831, #884, #346, #1928, #961, #1721, #1606, #332, #1554 ) ) ;
#1519 = VECTOR ( 'NONE', #1726, 1000.000000000000000 ) ;
#1520 = ORIENTED_EDGE ( 'NONE', *, *, #1755, .F. ) ;
#1521 = CARTESIAN_POINT ( 'NONE',  ( -8.599999999999999645, 14.00000000000000000, 3.600000000000000089 ) ) ;
#1522 = UNCERTAINTY_MEASURE_WITH_UNIT (LENGTH_MEASURE( 1.000000000000000082E-05 ), #1022, 'distance_accuracy_value', 'NONE');
#1523 = CARTESIAN_POINT ( 'NONE',  ( -9.000000000000000000, 14.00000000000000000, 3.600000000000000089 ) ) ;
#1524 = ORIENTED_EDGE ( 'NONE', *, *, #433, .T. ) ;
#1525 = ORIENTED_EDGE ( 'NONE', *, *, #1125, .F. ) ;
#1526 = ORIENTED_EDGE ( 'NONE', *, *, #1449, .F. ) ;
#1527 = VERTEX_POINT ( 'NONE', #813 ) ;
#1528 = AXIS2_PLACEMENT_3D ( 'NONE', #1161, #1291, #116 ) ;
#1529 = SURFACE_SIDE_STYLE ('',( #444 ) ) ;
#1530 =( LENGTH_UNIT ( ) NAMED_UNIT ( * ) SI_UNIT ( .MILLI., .METRE. ) );
#1531 = AXIS2_PLACEMENT_3D ( 'NONE', #1277, #450, #1029 ) ;
#1532 = EDGE_LOOP ( 'NONE', ( #1734, #1629 ) ) ;
#1533 = DIRECTION ( 'NONE',  ( -0.000000000000000000, -1.000000000000000000, -0.000000000000000000 ) ) ;
#1534 = DIRECTION ( 'NONE',  ( 1.000000000000000000, -0.000000000000000000, -0.000000000000000000 ) ) ;
#1535 = VERTEX_POINT ( 'NONE', #998 ) ;
#1536 = PRESENTATION_LAYER_ASSIGNMENT (  '', '', ( #1043 ) ) ;
#1537 = VERTEX_POINT ( 'NONE', #1134 ) ;
#1538 =( LENGTH_UNIT ( ) NAMED_UNIT ( * ) SI_UNIT ( .MILLI., .METRE. ) );
#1539 = EDGE_CURVE ( 'NONE', #203, #331, #1286, .T. ) ;
#1540 = VERTEX_POINT ( 'NONE', #1037 ) ;
#1541 = PRESENTATION_STYLE_ASSIGNMENT (( #1872 ) ) ;
#1542 = EDGE_CURVE ( 'NONE', #1577, #1505, #14, .T. ) ;
#1543 =( NAMED_UNIT ( * ) PLANE_ANGLE_UNIT ( ) SI_UNIT ( $, .RADIAN. ) );
#1544 = ORIENTED_EDGE ( 'NONE', *, *, #1820, .F. ) ;
#1545 = CARTESIAN_POINT ( 'NONE',  ( -5.625000000000000000, 0.6999999999999999556, 4.000000000000000000 ) ) ;
#1546 = FILL_AREA_STYLE ('',( #953 ) ) ;
#1547 = ORIENTED_EDGE ( 'NONE', *, *, #1218, .T. ) ;
#1548 = FACE_OUTER_BOUND ( 'NONE', #1300, .T. ) ;
#1549 = SURFACE_STYLE_USAGE ( .BOTH. , #219 ) ;
#1550 = ORIENTED_EDGE ( 'NONE', *, *, #1570, .T. ) ;
#1551 = CARTESIAN_POINT ( 'NONE',  ( 8.599999999999999645, 0.000000000000000000, 3.600000000000000089 ) ) ;
#1552 = ORIENTED_EDGE ( 'NONE', *, *, #399, .F. ) ;
#1553 = AXIS2_PLACEMENT_3D ( 'NONE', #910, #930, #1080 ) ;
#1554 = ORIENTED_EDGE ( 'NONE', *, *, #56, .F. ) ;
#1555 = LINE ( 'NONE', #1908, #922 ) ;
#1556 = DIRECTION ( 'NONE',  ( 0.000000000000000000, 1.000000000000000000, 0.000000000000000000 ) ) ;
#1557 =( NAMED_UNIT ( * ) SI_UNIT ( $, .STERADIAN. ) SOLID_ANGLE_UNIT ( ) );
#1558 = STYLED_ITEM ( 'NONE', ( #1568 ), #797 ) ;
#1559 = EDGE_LOOP ( 'NONE', ( #273, #1594 ) ) ;
#1560 = SURFACE_STYLE_FILL_AREA ( #554 ) ;
#1561 = ORIENTED_EDGE ( 'NONE', *, *, #1676, .F. ) ;
#1562 = CARTESIAN_POINT ( 'NONE',  ( 9.000000000000000000, 14.00000000000000000, 3.600000000000000089 ) ) ;
#1563 = ORIENTED_EDGE ( 'NONE', *, *, #822, .T. ) ;
#1564 = ORIENTED_EDGE ( 'NONE', *, *, #1461, .F. ) ;
#1565 = EDGE_CURVE ( 'NONE', #638, #1505, #22, .T. ) ;
#1566 = LINE ( 'NONE', #1590, #311 ) ;
#1567 = EDGE_LOOP ( 'NONE', ( #1925, #1604, #8, #305 ) ) ;
#1568 = PRESENTATION_STYLE_ASSIGNMENT (( #702 ) ) ;
#1569 = ADVANCED_FACE ( 'NONE', ( #1315 ), #589, .T. ) ;
#1570 = EDGE_CURVE ( 'NONE', #911, #312, #609, .T. ) ;
#1571 = FILL_AREA_STYLE_COLOUR ( '', #34 ) ;
#1572 = PLANE ( 'NONE',  #1336 ) ;
#1573 = ORIENTED_EDGE ( 'NONE', *, *, #568, .T. ) ;
#1574 = FILL_AREA_STYLE_COLOUR ( '', #82 ) ;
#1575 = LINE ( 'NONE', #1494, #939 ) ;
#1576 = UNCERTAINTY_MEASURE_WITH_UNIT (LENGTH_MEASURE( 1.000000000000000082E-05 ), #1163, 'distance_accuracy_value', 'NONE');
#1577 = VERTEX_POINT ( 'NONE', #1240 ) ;
#1578 = EDGE_LOOP ( 'NONE', ( #986, #1591, #1544, #397 ) ) ;
#1579 = DIRECTION ( 'NONE',  ( 0.000000000000000000, 0.000000000000000000, -1.000000000000000000 ) ) ;
#1580 = ORIENTED_EDGE ( 'NONE', *, *, #134, .T. ) ;
#1581 = EDGE_LOOP ( 'NONE', ( #1587, #220 ) ) ;
#1582 =( GEOMETRIC_REPRESENTATION_CONTEXT ( 3 ) GLOBAL_UNCERTAINTY_ASSIGNED_CONTEXT ( ( #633 ) ) GLOBAL_UNIT_ASSIGNED_CONTEXT ( ( #1343, #1187, #210 ) ) REPRESENTATION_CONTEXT ( 'NONE', 'WORKASPACE' ) );
#1583 = CARTESIAN_POINT ( 'NONE',  ( -8.599999999999999645, 13.60000000000000142, 3.600000000000000089 ) ) ;
#1584 = ORIENTED_EDGE ( 'NONE', *, *, #850, .T. ) ;
#1585 = ORIENTED_EDGE ( 'NONE', *, *, #620, .T. ) ;
#1586 = VECTOR ( 'NONE', #112, 1000.000000000000114 ) ;
#1587 = ORIENTED_EDGE ( 'NONE', *, *, #353, .F. ) ;
#1588 =( GEOMETRIC_REPRESENTATION_CONTEXT ( 3 ) GLOBAL_UNCERTAINTY_ASSIGNED_CONTEXT ( ( #1377 ) ) GLOBAL_UNIT_ASSIGNED_CONTEXT ( ( #1495, #141, #318 ) ) REPRESENTATION_CONTEXT ( 'NONE', 'WORKASPACE' ) );
#1589 = DIRECTION ( 'NONE',  ( -0.000000000000000000, 1.000000000000000000, -0.000000000000000000 ) ) ;
#1590 = CARTESIAN_POINT ( 'NONE',  ( 9.000000000000000000, 0.6999999999999999556, 4.000000000000000000 ) ) ;
#1591 = ORIENTED_EDGE ( 'NONE', *, *, #1891, .F. ) ;
#1592 = CARTESIAN_POINT ( 'NONE',  ( -9.000000000000000000, 0.6999999999999999556, -3.600000000000000089 ) ) ;
#1593 = ADVANCED_FACE ( 'NONE', ( #1258 ), #64, .T. ) ;
#1594 = ORIENTED_EDGE ( 'NONE', *, *, #402, .F. ) ;
#1595 = ORIENTED_EDGE ( 'NONE', *, *, #1167, .T. ) ;
#1596 = SURFACE_STYLE_USAGE ( .BOTH. , #1913 ) ;
#1597 = EDGE_LOOP ( 'NONE', ( #865, #36, #1628, #370 ) ) ;
#1598 = ORIENTED_EDGE ( 'NONE', *, *, #970, .F. ) ;
#1599 = COLOUR_RGB ( '',0.05882352941176470507, 0.5490196078431373028, 0.8235294117647058432 ) ;
#1600 = ORIENTED_EDGE ( 'NONE', *, *, #1659, .F. ) ;
#1601 = DIRECTION ( 'NONE',  ( 0.000000000000000000, 0.000000000000000000, 1.000000000000000000 ) ) ;
#1602 = ORIENTED_EDGE ( 'NONE', *, *, #1045, .T. ) ;
#1603 = LINE ( 'NONE', #1038, #315 ) ;
#1604 = ORIENTED_EDGE ( 'NONE', *, *, #1868, .T. ) ;
#1605 = CARTESIAN_POINT ( 'NONE',  ( -8.599999999999999645, 13.60000000000000142, -3.600000000000000089 ) ) ;
#1606 = ORIENTED_EDGE ( 'NONE', *, *, #376, .T. ) ;
#1607 =( NAMED_UNIT ( * ) SI_UNIT ( $, .STERADIAN. ) SOLID_ANGLE_UNIT ( ) );
#1608 = LINE ( 'NONE', #125, #942 ) ;
#1609 = ORIENTED_EDGE ( 'NONE', *, *, #1122, .T. ) ;
#1610 = FILL_AREA_STYLE_COLOUR ( '', #1813 ) ;
#1611 = PRESENTATION_LAYER_ASSIGNMENT (  '', '', ( #1668 ) ) ;
#1612 = ORIENTED_EDGE ( 'NONE', *, *, #1752, .T. ) ;
#1613 = DIRECTION ( 'NONE',  ( 0.000000000000000000, 0.000000000000000000, 1.000000000000000000 ) ) ;
#1614 = COLOUR_RGB ( '',0.05882352941176470507, 0.5490196078431373028, 0.8235294117647058432 ) ;
#1615 = SURFACE_STYLE_USAGE ( .BOTH. , #302 ) ;
#1616 = EDGE_LOOP ( 'NONE', ( #270, #991, #1552, #1082, #1602, #299, #268, #1648, #995, #1580, #350, #1563 ) ) ;
#1617 = MECHANICAL_DESIGN_GEOMETRIC_PRESENTATION_REPRESENTATION (  '', ( #1036 ), #1098 ) ;
#1618 = ORIENTED_EDGE ( 'NONE', *, *, #399, .T. ) ;
#1619 = SURFACE_SIDE_STYLE ('',( #593 ) ) ;
#1620 = FACE_OUTER_BOUND ( 'NONE', #33, .T. ) ;
#1621 = ORIENTED_EDGE ( 'NONE', *, *, #290, .T. ) ;
#1622 = CARTESIAN_POINT ( 'NONE',  ( -9.000000000000000000, 0.6999999999999999556, 4.000000000000000000 ) ) ;
#1623 = AXIS2_PLACEMENT_3D ( 'NONE', #1867, #1175, #1056 ) ;
#1624 = ORIENTED_EDGE ( 'NONE', *, *, #822, .F. ) ;
#1625 = CARTESIAN_POINT ( 'NONE',  ( -1.874999999999996447, 0.7000000000000003997, -4.000000000000000000 ) ) ;
#1626 = CLOSED_SHELL ( 'NONE', ( #551, #1042, #105, #1488, #1242, #1850, #1837, #587, #1355, #1400, #441, #1745, #32, #1055, #1411, #1093, #971, #1178, #1106, #218, #797, #1189, #1700, #1916, #888, #576, #301, #1888, #516, #461, #123, #1593, #70, #1801, #489, #1569, #142, #153 ) ) ;
#1627 = SURFACE_STYLE_USAGE ( .BOTH. , #466 ) ;
#1628 = ORIENTED_EDGE ( 'NONE', *, *, #996, .T. ) ;
#1629 = ORIENTED_EDGE ( 'NONE', *, *, #850, .F. ) ;
#1630 = DIRECTION ( 'NONE',  ( -0.000000000000000000, -1.000000000000000000, -0.000000000000000000 ) ) ;
#1631 =( LENGTH_UNIT ( ) NAMED_UNIT ( * ) SI_UNIT ( .MILLI., .METRE. ) );
#1632 = ORIENTED_EDGE ( 'NONE', *, *, #1260, .T. ) ;
#1633 = ORIENTED_EDGE ( 'NONE', *, *, #1, .F. ) ;
#1634 =( NAMED_UNIT ( * ) SI_UNIT ( $, .STERADIAN. ) SOLID_ANGLE_UNIT ( ) );
#1635 = DIRECTION ( 'NONE',  ( -0.000000000000000000, 1.000000000000000000, -0.000000000000000000 ) ) ;
#1636 = ORIENTED_EDGE ( 'NONE', *, *, #1045, .F. ) ;
#1637 = UNCERTAINTY_MEASURE_WITH_UNIT (LENGTH_MEASURE( 1.000000000000000082E-05 ), #1445, 'distance_accuracy_value', 'NONE');
#1638 = ORIENTED_EDGE ( 'NONE', *, *, #907, .F. ) ;
#1639 = DIRECTION ( 'NONE',  ( 0.000000000000000000, 1.000000000000000000, 0.000000000000000000 ) ) ;
#1640 = ORIENTED_EDGE ( 'NONE', *, *, #31, .T. ) ;
#1641 = CARTESIAN_POINT ( 'NONE',  ( -9.000000000000000000, 14.00000000000000000, -3.600000000000000089 ) ) ;
#1642 = SURFACE_SIDE_STYLE ('',( #338 ) ) ;
#1643 = ORIENTED_EDGE ( 'NONE', *, *, #1255, .T. ) ;
#1644 =( NAMED_UNIT ( * ) PLANE_ANGLE_UNIT ( ) SI_UNIT ( $, .RADIAN. ) );
#1645 = MECHANICAL_DESIGN_GEOMETRIC_PRESENTATION_REPRESENTATION (  '', ( #810 ), #1179 ) ;
#1646 = EDGE_LOOP ( 'NONE', ( #887, #1600, #1499, #1306 ) ) ;
#1647 = DIRECTION ( 'NONE',  ( 0.000000000000000000, 0.000000000000000000, 1.000000000000000000 ) ) ;
#1648 = ORIENTED_EDGE ( 'NONE', *, *, #938, .T. ) ;
#1649 = FILL_AREA_STYLE ('',( #1875 ) ) ;
#1650 = ORIENTED_EDGE ( 'NONE', *, *, #756, .T. ) ;
#1651 = AXIS2_PLACEMENT_3D ( 'NONE', #950, #501, #1795 ) ;
#1652 = DIRECTION ( 'NONE',  ( -1.000000000000000000, 0.000000000000000000, 0.000000000000000000 ) ) ;
#1653 =( NAMED_UNIT ( * ) PLANE_ANGLE_UNIT ( ) SI_UNIT ( $, .RADIAN. ) );
#1654 = ORIENTED_EDGE ( 'NONE', *, *, #970, .T. ) ;
#1655 = AXIS2_PLACEMENT_3D ( 'NONE', #749, #902, #161 ) ;
#1656 = ORIENTED_EDGE ( 'NONE', *, *, #1380, .F. ) ;
#1657 =( NAMED_UNIT ( * ) PLANE_ANGLE_UNIT ( ) SI_UNIT ( $, .RADIAN. ) );
#1658 = CARTESIAN_POINT ( 'NONE',  ( 0.000000000000000000, 0.000000000000000000, 0.000000000000000000 ) ) ;
#1659 = EDGE_CURVE ( 'NONE', #1535, #1527, #717, .T. ) ;
#1660 =( NAMED_UNIT ( * ) SI_UNIT ( $, .STERADIAN. ) SOLID_ANGLE_UNIT ( ) );
#1661 = CARTESIAN_POINT ( 'NONE',  ( -1.874999999999996447, 0.7000000000000003997, -3.600000000000000089 ) ) ;
#1662 = ORIENTED_EDGE ( 'NONE', *, *, #234, .T. ) ;
#1663 = DIRECTION ( 'NONE',  ( 0.000000000000000000, 0.000000000000000000, 1.000000000000000000 ) ) ;
#1664 = UNCERTAINTY_MEASURE_WITH_UNIT (LENGTH_MEASURE( 1.000000000000000082E-05 ), #873, 'distance_accuracy_value', 'NONE');
#1665 = SURFACE_STYLE_USAGE ( .BOTH. , #1197 ) ;
#1666 = ORIENTED_EDGE ( 'NONE', *, *, #1449, .T. ) ;
#1667 = FILL_AREA_STYLE ('',( #1690 ) ) ;
#1668 = STYLED_ITEM ( 'NONE', ( #1939 ), #1077 ) ;
#1669 = ORIENTED_EDGE ( 'NONE', *, *, #25, .F. ) ;
#1670 = FILL_AREA_STYLE_COLOUR ( '', #1599 ) ;
#1671 =( GEOMETRIC_REPRESENTATION_CONTEXT ( 3 ) GLOBAL_UNCERTAINTY_ASSIGNED_CONTEXT ( ( #255 ) ) GLOBAL_UNIT_ASSIGNED_CONTEXT ( ( #1319, #824, #1871 ) ) REPRESENTATION_CONTEXT ( 'NONE', 'WORKASPACE' ) );
#1672 = ORIENTED_EDGE ( 'NONE', *, *, #1713, .F. ) ;
#1673 = SURFACE_STYLE_USAGE ( .BOTH. , #906 ) ;
#1674 = STYLED_ITEM ( 'NONE', ( #1109 ), #1093 ) ;
#1675 = VERTEX_POINT ( 'NONE', #1515 ) ;
#1676 = EDGE_CURVE ( 'NONE', #1350, #1675, #1361, .T. ) ;
#1677 = CARTESIAN_POINT ( 'NONE',  ( 5.625000000000000000, 0.6999999999999999556, 3.600000000000000089 ) ) ;
#1678 = ORIENTED_EDGE ( 'NONE', *, *, #1167, .F. ) ;
#1679 =( NAMED_UNIT ( * ) SI_UNIT ( $, .STERADIAN. ) SOLID_ANGLE_UNIT ( ) );
#1680 = EDGE_CURVE ( 'NONE', #1503, #1540, #697, .T. ) ;
#1681 = ORIENTED_EDGE ( 'NONE', *, *, #1349, .T. ) ;
#1682 = DIRECTION ( 'NONE',  ( 0.000000000000000000, 1.000000000000000000, -0.000000000000000000 ) ) ;
#1683 = DIRECTION ( 'NONE',  ( 0.000000000000000000, 1.000000000000000000, 0.000000000000000000 ) ) ;
#1684 = ORIENTED_EDGE ( 'NONE', *, *, #1542, .T. ) ;
#1685 = EDGE_CURVE ( 'NONE', #228, #334, #1387, .T. ) ;
#1686 = DIRECTION ( 'NONE',  ( 1.000000000000000000, 0.000000000000000000, -0.000000000000000000 ) ) ;
#1687 = UNCERTAINTY_MEASURE_WITH_UNIT (LENGTH_MEASURE( 1.000000000000000082E-05 ), #615, 'distance_accuracy_value', 'NONE');
#1688 = SURFACE_STYLE_USAGE ( .BOTH. , #307 ) ;
#1689 = MECHANICAL_DESIGN_GEOMETRIC_PRESENTATION_REPRESENTATION (  '', ( #163 ), #1354 ) ;
#1690 = FILL_AREA_STYLE_COLOUR ( '', #248 ) ;
#1691 = CARTESIAN_POINT ( 'NONE',  ( 8.599999999999999645, 13.60000000000000142, -3.600000000000000089 ) ) ;
#1692 = DIRECTION ( 'NONE',  ( 0.000000000000000000, 0.000000000000000000, -1.000000000000000000 ) ) ;
#1693 = CARTESIAN_POINT ( 'NONE',  ( 8.599999999999999645, 0.6999999999999999556, 3.600000000000000089 ) ) ;
#1694 = PRESENTATION_LAYER_ASSIGNMENT (  '', '', ( #1308 ) ) ;
#1695 = DIRECTION ( 'NONE',  ( -0.000000000000000000, 1.000000000000000000, 0.000000000000000000 ) ) ;
#1696 = CARTESIAN_POINT ( 'NONE',  ( 0.000000000000000000, -6.000000000000000000, 0.000000000000000000 ) ) ;
#1697 = VECTOR ( 'NONE', #482, 1000.000000000000000 ) ;
#1698 = FACE_OUTER_BOUND ( 'NONE', #927, .T. ) ;
#1699 = AXIS2_PLACEMENT_3D ( 'NONE', #179, #757, #39 ) ;
#1700 = ADVANCED_FACE ( 'NONE', ( #27 ), #1378, .T. ) ;
#1701 = SURFACE_STYLE_FILL_AREA ( #711 ) ;
#1702 = DIRECTION ( 'NONE',  ( 1.000000000000000000, -1.224646799147353207E-16, -0.000000000000000000 ) ) ;
#1703 =( NAMED_UNIT ( * ) SI_UNIT ( $, .STERADIAN. ) SOLID_ANGLE_UNIT ( ) );
#1704 = DIRECTION ( 'NONE',  ( 0.8660254037844395958, 0.4999999999999983902, -0.000000000000000000 ) ) ;
#1705 = DIRECTION ( 'NONE',  ( 0.000000000000000000, -1.000000000000000000, 0.000000000000000000 ) ) ;
#1706 = MECHANICAL_DESIGN_GEOMETRIC_PRESENTATION_REPRESENTATION (  '', ( #1280 ), #430 ) ;
#1707 = FACE_OUTER_BOUND ( 'NONE', #1375, .T. ) ;
#1708 = SURFACE_SIDE_STYLE ('',( #739 ) ) ;
#1709 =( NAMED_UNIT ( * ) PLANE_ANGLE_UNIT ( ) SI_UNIT ( $, .RADIAN. ) );
#1710 = CIRCLE ( 'NONE', #1898, 0.4000000000000001887 ) ;
#1711 = AXIS2_PLACEMENT_3D ( 'NONE', #287, #1031, #1439 ) ;
#1712 = CARTESIAN_POINT ( 'NONE',  ( -5.220854811567263276, 0.000000000000000000, 4.000000000000000000 ) ) ;
#1713 = EDGE_CURVE ( 'NONE', #894, #897, #733, .T. ) ;
#1714 = COLOUR_RGB ( '',0.05882352941176470507, 0.5490196078431373028, 0.8235294117647058432 ) ;
#1715 = EDGE_CURVE ( 'NONE', #1513, #228, #1346, .T. ) ;
#1716 = CARTESIAN_POINT ( 'NONE',  ( -8.599999999999999645, 0.6999999999999999556, 3.600000000000000089 ) ) ;
#1717 = CARTESIAN_POINT ( 'NONE',  ( 8.599999999999997868, 13.60000000000000142, 3.600000000000000089 ) ) ;
#1718 = CARTESIAN_POINT ( 'NONE',  ( -5.625000000000000000, 0.6999999999999999556, -3.600000000000000089 ) ) ;
#1719 =( NAMED_UNIT ( * ) SI_UNIT ( $, .STERADIAN. ) SOLID_ANGLE_UNIT ( ) );
#1720 =( GEOMETRIC_REPRESENTATION_CONTEXT ( 3 ) GLOBAL_UNCERTAINTY_ASSIGNED_CONTEXT ( ( #473 ) ) GLOBAL_UNIT_ASSIGNED_CONTEXT ( ( #1333, #611, #1069 ) ) REPRESENTATION_CONTEXT ( 'NONE', 'WORKASPACE' ) );
#1721 = ORIENTED_EDGE ( 'NONE', *, *, #1732, .T. ) ;
#1722 = SURFACE_SIDE_STYLE ('',( #524 ) ) ;
#1723 = UNCERTAINTY_MEASURE_WITH_UNIT (LENGTH_MEASURE( 1.000000000000000082E-05 ), #915, 'distance_accuracy_value', 'NONE');
#1724 =( GEOMETRIC_REPRESENTATION_CONTEXT ( 3 ) GLOBAL_UNCERTAINTY_ASSIGNED_CONTEXT ( ( #1256 ) ) GLOBAL_UNIT_ASSIGNED_CONTEXT ( ( #191, #383, #1418 ) ) REPRESENTATION_CONTEXT ( 'NONE', 'WORKASPACE' ) );
#1725 = DIRECTION ( 'NONE',  ( -1.221008489658179441E-16, 1.000000000000000000, 0.000000000000000000 ) ) ;
#1726 = DIRECTION ( 'NONE',  ( 0.000000000000000000, 0.000000000000000000, -1.000000000000000000 ) ) ;
#1727 = PRESENTATION_LAYER_ASSIGNMENT (  '', '', ( #560 ) ) ;
#1728 = SURFACE_SIDE_STYLE ('',( #144 ) ) ;
#1729 = MECHANICAL_DESIGN_GEOMETRIC_PRESENTATION_REPRESENTATION (  '', ( #1769 ), #992 ) ;
#1730 = CARTESIAN_POINT ( 'NONE',  ( 8.599999999999999645, 0.6999999999999999556, -3.600000000000000089 ) ) ;
#1731 = FILL_AREA_STYLE_COLOUR ( '', #1204 ) ;
#1732 = EDGE_CURVE ( 'NONE', #879, #279, #1394, .T. ) ;
#1733 = EDGE_CURVE ( 'NONE', #731, #924, #721, .T. ) ;
#1734 = ORIENTED_EDGE ( 'NONE', *, *, #1774, .F. ) ;
#1735 = DIRECTION ( 'NONE',  ( -0.000000000000000000, -0.000000000000000000, 1.000000000000000000 ) ) ;
#1736 = CARTESIAN_POINT ( 'NONE',  ( -1.874999999999996447, 0.7000000000000003997, 4.000000000000000000 ) ) ;
#1737 = SURFACE_STYLE_USAGE ( .BOTH. , #643 ) ;
#1738 = FACE_OUTER_BOUND ( 'NONE', #1532, .T. ) ;
#1739 = ORIENTED_EDGE ( 'NONE', *, *, #1446, .T. ) ;
#1740 = PLANE ( 'NONE',  #1531 ) ;
#1741 = MECHANICAL_DESIGN_GEOMETRIC_PRESENTATION_REPRESENTATION (  '', ( #498 ), #1226 ) ;
#1742 =( NAMED_UNIT ( * ) SI_UNIT ( $, .STERADIAN. ) SOLID_ANGLE_UNIT ( ) );
#1743 = VERTEX_POINT ( 'NONE', #1757 ) ;
#1744 = DIRECTION ( 'NONE',  ( -0.000000000000000000, -0.000000000000000000, 1.000000000000000000 ) ) ;
#1745 = ADVANCED_FACE ( 'NONE', ( #1382 ), #1893, .F. ) ;
#1746 = PRESENTATION_LAYER_ASSIGNMENT (  '', '', ( #446 ) ) ;
#1747 = VECTOR ( 'NONE', #1702, 1000.000000000000000 ) ;
#1748 = DIRECTION ( 'NONE',  ( 0.4999999999999983347, 0.8660254037844395958, -0.000000000000000000 ) ) ;
#1749 = CIRCLE ( 'NONE', #533, 0.4000000000000004663 ) ;
#1750 = PRESENTATION_LAYER_ASSIGNMENT (  '', '', ( #189 ) ) ;
#1751 = DIRECTION ( 'NONE',  ( 0.000000000000000000, -0.000000000000000000, 1.000000000000000000 ) ) ;
#1752 = EDGE_CURVE ( 'NONE', #965, #1347, #1710, .T. ) ;
#1753 = DIRECTION ( 'NONE',  ( -0.000000000000000000, 1.000000000000000000, -0.000000000000000000 ) ) ;
#1754 =( LENGTH_UNIT ( ) NAMED_UNIT ( * ) SI_UNIT ( .MILLI., .METRE. ) );
#1755 = EDGE_CURVE ( 'NONE', #924, #1743, #422, .T. ) ;
#1756 = DIRECTION ( 'NONE',  ( -0.000000000000000000, -0.000000000000000000, -1.000000000000000000 ) ) ;
#1757 = CARTESIAN_POINT ( 'NONE',  ( -1.874999999999996447, 0.7000000000000003997, -3.600000000000000089 ) ) ;
#1758 = ADVANCED_FACE ( 'NONE', ( #1738 ), #729, .F. ) ;
#1759 = DIRECTION ( 'NONE',  ( 0.000000000000000000, 0.000000000000000000, 1.000000000000000000 ) ) ;
#1760 = DIRECTION ( 'NONE',  ( 0.000000000000000000, 1.000000000000000000, 0.000000000000000000 ) ) ;
#1761 = AXIS2_PLACEMENT_3D ( 'NONE', #1932, #420, #834 ) ;
#1762 = SURFACE_STYLE_USAGE ( .BOTH. , #1324 ) ;
#1763 =( NAMED_UNIT ( * ) SI_UNIT ( $, .STERADIAN. ) SOLID_ANGLE_UNIT ( ) );
#1764 = SURFACE_STYLE_FILL_AREA ( #1272 ) ;
#1765 = MECHANICAL_DESIGN_GEOMETRIC_PRESENTATION_REPRESENTATION (  '', ( #215 ), #1671 ) ;
#1766 = SURFACE_STYLE_FILL_AREA ( #874 ) ;
#1767 = CARTESIAN_POINT ( 'NONE',  ( -7.500000000000001776, 1.100000000000000533, 0.000000000000000000 ) ) ;
#1768 = CYLINDRICAL_SURFACE ( 'NONE', #387, 0.4000000000000001887 ) ;
#1769 = STYLED_ITEM ( 'NONE', ( #158 ), #489 ) ;
#1770 = FACE_OUTER_BOUND ( 'NONE', #20, .T. ) ;
#1771 = CARTESIAN_POINT ( 'NONE',  ( -7.500000000000001776, -13.13137084989847736, 0.4000000000000004663 ) ) ;
#1772 = SURFACE_STYLE_USAGE ( .BOTH. , #1642 ) ;
#1773 = DIRECTION ( 'NONE',  ( 0.000000000000000000, 0.000000000000000000, -1.000000000000000000 ) ) ;
#1774 = EDGE_CURVE ( 'NONE', #1035, #1388, #1749, .T. ) ;
#1775 = COLOUR_RGB ( '',0.05882352941176470507, 0.5490196078431373028, 0.8235294117647058432 ) ;
#1776 = CARTESIAN_POINT ( 'NONE',  ( 5.625000000000000000, 0.6999999999999999556, 4.000000000000000000 ) ) ;
#1777 = SURFACE_STYLE_USAGE ( .BOTH. , #1877 ) ;
#1778 = CARTESIAN_POINT ( 'NONE',  ( 8.599999999999999645, 14.00000000000000000, 4.000000000000000000 ) ) ;
#1779 = LINE ( 'NONE', #1776, #464 ) ;
#1780 = FILL_AREA_STYLE_COLOUR ( '', #694 ) ;
#1781 = DIRECTION ( 'NONE',  ( 0.000000000000000000, -0.000000000000000000, -1.000000000000000000 ) ) ;
#1782 = FACE_OUTER_BOUND ( 'NONE', #1018, .T. ) ;
#1783 = COLOUR_RGB ( '',0.05882352941176470507, 0.5490196078431373028, 0.8235294117647058432 ) ;
#1784 = FACE_OUTER_BOUND ( 'NONE', #208, .T. ) ;
#1785 = DIRECTION ( 'NONE',  ( -0.000000000000000000, -0.000000000000000000, -1.000000000000000000 ) ) ;
#1786 = STYLED_ITEM ( 'NONE', ( #1931 ), #1569 ) ;
#1787 = COLOUR_RGB ( '',0.05882352941176470507, 0.5490196078431373028, 0.8235294117647058432 ) ;
#1788 = CARTESIAN_POINT ( 'NONE',  ( 7.500000000000001776, -13.13137084989847736, 1.836970198721029983E-15 ) ) ;
#1789 = ADVANCED_FACE ( 'NONE', ( #1698 ), #451, .T. ) ;
#1790 =( NAMED_UNIT ( * ) SI_UNIT ( $, .STERADIAN. ) SOLID_ANGLE_UNIT ( ) );
#1791 = MECHANICAL_DESIGN_GEOMETRIC_PRESENTATION_REPRESENTATION (  '', ( #1674 ), #150 ) ;
#1792 = SURFACE_STYLE_FILL_AREA ( #1874 ) ;
#1793 = DIRECTION ( 'NONE',  ( 0.000000000000000000, -1.000000000000000000, 0.000000000000000000 ) ) ;
#1794 = DIRECTION ( 'NONE',  ( 0.000000000000000000, 0.000000000000000000, -1.000000000000000000 ) ) ;
#1795 = DIRECTION ( 'NONE',  ( 0.000000000000000000, 0.000000000000000000, 1.000000000000000000 ) ) ;
#1796 = MECHANICAL_DESIGN_GEOMETRIC_PRESENTATION_REPRESENTATION (  '', ( #522 ), #1907 ) ;
#1797 = EDGE_CURVE ( 'NONE', #1577, #919, #1083, .T. ) ;
#1798 = DIRECTION ( 'NONE',  ( 0.000000000000000000, 0.000000000000000000, 1.000000000000000000 ) ) ;
#1799 =( LENGTH_UNIT ( ) NAMED_UNIT ( * ) SI_UNIT ( .MILLI., .METRE. ) );
#1800 = LINE ( 'NONE', #677, #1835 ) ;
#1801 = ADVANCED_FACE ( 'NONE', ( #1068 ), #1805, .T. ) ;
#1802 = PRESENTATION_STYLE_ASSIGNMENT (( #1762 ) ) ;
#1803 =( NAMED_UNIT ( * ) SI_UNIT ( $, .STERADIAN. ) SOLID_ANGLE_UNIT ( ) );
#1804 = VECTOR ( 'NONE', #469, 1000.000000000000000 ) ;
#1805 = PLANE ( 'NONE',  #1761 ) ;
#1806 = STYLED_ITEM ( 'NONE', ( #1065 ), #1850 ) ;
#1807 =( NAMED_UNIT ( * ) PLANE_ANGLE_UNIT ( ) SI_UNIT ( $, .RADIAN. ) );
#1808 = DIRECTION ( 'NONE',  ( -0.4999999999999983347, 0.8660254037844395958, 0.000000000000000000 ) ) ;
#1809 = AXIS2_PLACEMENT_3D ( 'NONE', #1184, #300, #859 ) ;
#1810 = UNCERTAINTY_MEASURE_WITH_UNIT (LENGTH_MEASURE( 1.000000000000000082E-05 ), #1799, 'distance_accuracy_value', 'NONE');
#1811 = CARTESIAN_POINT ( 'NONE',  ( 5.625000000000000000, 0.6999999999999999556, 4.000000000000000000 ) ) ;
#1812 = MECHANICAL_DESIGN_GEOMETRIC_PRESENTATION_REPRESENTATION (  '', ( #560 ), #1396 ) ;
#1813 = COLOUR_RGB ( '',0.05882352941176470507, 0.5490196078431373028, 0.8235294117647058432 ) ;
#1814 = CARTESIAN_POINT ( 'NONE',  ( 2.279145188432732727, 3.591852423956425707E-16, 4.000000000000000000 ) ) ;
#1815 =( GEOMETRIC_REPRESENTATION_CONTEXT ( 3 ) GLOBAL_UNCERTAINTY_ASSIGNED_CONTEXT ( ( #1810 ) ) GLOBAL_UNIT_ASSIGNED_CONTEXT ( ( #1799, #1923, #704 ) ) REPRESENTATION_CONTEXT ( 'NONE', 'WORKASPACE' ) );
#1816 = DIRECTION ( 'NONE',  ( -1.000000000000000000, 0.000000000000000000, 0.000000000000000000 ) ) ;
#1817 = CARTESIAN_POINT ( 'NONE',  ( 5.220854811567263276, -1.070285003624417579E-18, 4.000000000000000000 ) ) ;
#1818 = VECTOR ( 'NONE', #1831, 1000.000000000000000 ) ;
#1819 = CARTESIAN_POINT ( 'NONE',  ( 5.625000000000000000, 0.6999999999999999556, -3.600000000000000089 ) ) ;
#1820 = EDGE_CURVE ( 'NONE', #24, #1265, #439, .T. ) ;
#1821 = DIRECTION ( 'NONE',  ( 0.000000000000000000, 0.000000000000000000, 1.000000000000000000 ) ) ;
#1822 = FACE_OUTER_BOUND ( 'NONE', #1559, .T. ) ;
#1823 = EDGE_CURVE ( 'NONE', #252, #1491, #1092, .T. ) ;
#1824 = PRESENTATION_STYLE_ASSIGNMENT (( #807 ) ) ;
#1825 =( GEOMETRIC_REPRESENTATION_CONTEXT ( 3 ) GLOBAL_UNCERTAINTY_ASSIGNED_CONTEXT ( ( #1164 ) ) GLOBAL_UNIT_ASSIGNED_CONTEXT ( ( #474, #759, #494 ) ) REPRESENTATION_CONTEXT ( 'NONE', 'WORKASPACE' ) );
#1826 = DIRECTION ( 'NONE',  ( 1.000000000000000000, 4.336808689942025625E-15, 0.000000000000000000 ) ) ;
#1827 = PRESENTATION_LAYER_ASSIGNMENT (  '', '', ( #10 ) ) ;
#1828 = CARTESIAN_POINT ( 'NONE',  ( 8.599999999999999645, 0.000000000000000000, -3.600000000000000089 ) ) ;
#1829 = VECTOR ( 'NONE', #165, 1000.000000000000000 ) ;
#1830 = MECHANICAL_DESIGN_GEOMETRIC_PRESENTATION_REPRESENTATION (  '', ( #486 ), #1419 ) ;
#1831 = DIRECTION ( 'NONE',  ( 1.000000000000000000, -0.000000000000000000, -0.000000000000000000 ) ) ;
#1832 = EDGE_CURVE ( 'NONE', #328, #24, #414, .T. ) ;
#1833 = DIRECTION ( 'NONE',  ( 0.000000000000000000, 1.000000000000000000, 0.000000000000000000 ) ) ;
#1834 = PLANE ( 'NONE',  #452 ) ;
#1835 = VECTOR ( 'NONE', #829, 1000.000000000000114 ) ;
#1836 = SURFACE_STYLE_USAGE ( .BOTH. , #1708 ) ;
#1837 = ADVANCED_FACE ( 'NONE', ( #1070 ), #170, .F. ) ;
#1838 = CARTESIAN_POINT ( 'NONE',  ( 2.279145188432732727, 3.591852423956425707E-16, 4.000000000000000000 ) ) ;
#1839 = CIRCLE ( 'NONE', #858, 0.3999999999999993006 ) ;
#1840 = DIRECTION ( 'NONE',  ( -1.000000000000000000, -1.221008489658179441E-16, 0.000000000000000000 ) ) ;
#1841 = AXIS2_PLACEMENT_3D ( 'NONE', #1767, #292, #1781 ) ;
#1842 = UNCERTAINTY_MEASURE_WITH_UNIT (LENGTH_MEASURE( 1.000000000000000082E-05 ), #1530, 'distance_accuracy_value', 'NONE');
#1843 =( LENGTH_UNIT ( ) NAMED_UNIT ( * ) SI_UNIT ( .MILLI., .METRE. ) );
#1844 = SURFACE_SIDE_STYLE ('',( #779 ) ) ;
#1845 = STYLED_ITEM ( 'NONE', ( #457 ), #1055 ) ;
#1846 = UNCERTAINTY_MEASURE_WITH_UNIT (LENGTH_MEASURE( 1.000000000000000082E-05 ), #1930, 'distance_accuracy_value', 'NONE');
#1847 = CARTESIAN_POINT ( 'NONE',  ( 9.000000000000000000, 13.60000000000000142, 3.600000000000000089 ) ) ;
#1848 = VECTOR ( 'NONE', #546, 1000.000000000000000 ) ;
#1849 = AXIS2_PLACEMENT_3D ( 'NONE', #1192, #1773, #1885 ) ;
#1850 = ADVANCED_FACE ( 'NONE', ( #1707 ), #1090, .F. ) ;
#1851 = CYLINDRICAL_SURFACE ( 'NONE', #423, 0.4000000000000001887 ) ;
#1852 = CARTESIAN_POINT ( 'NONE',  ( -8.599999999999999645, 0.6999999999999999556, 3.600000000000000089 ) ) ;
#1853 = CARTESIAN_POINT ( 'NONE',  ( -8.599999999999999645, 0.6999999999999999556, -3.600000000000000089 ) ) ;
#1854 = COLOUR_RGB ( '',0.05882352941176470507, 0.5490196078431373028, 0.8235294117647058432 ) ;
#1855 = SURFACE_SIDE_STYLE ('',( #1131 ) ) ;
#1856 = FACE_OUTER_BOUND ( 'NONE', #1911, .T. ) ;
#1857 = FILL_AREA_STYLE ('',( #1731 ) ) ;
#1858 = AXIS2_PLACEMENT_3D ( 'NONE', #1433, #1725, #701 ) ;
#1859 = LINE ( 'NONE', #1019, #1238 ) ;
#1860 = CARTESIAN_POINT ( 'NONE',  ( -8.599999999999999645, 13.60000000000000142, 3.600000000000000089 ) ) ;
#1861 = DIRECTION ( 'NONE',  ( 0.000000000000000000, 0.000000000000000000, -1.000000000000000000 ) ) ;
#1862 = AXIS2_PLACEMENT_3D ( 'NONE', #351, #1172, #1200 ) ;
#1863 = CARTESIAN_POINT ( 'NONE',  ( 8.599999999999999645, 13.60000000000000142, 3.600000000000000089 ) ) ;
#1864 = DIRECTION ( 'NONE',  ( 0.000000000000000000, 0.000000000000000000, -1.000000000000000000 ) ) ;
#1865 = COLOUR_RGB ( '',0.7921568627450980005, 0.8196078431372548767, 0.9333333333333333481 ) ;
#1866 = STYLED_ITEM ( 'NONE', ( #726 ), #70 ) ;
#1867 = CARTESIAN_POINT ( 'NONE',  ( 1.874999999999996447, 0.7000000000000003997, 4.000000000000000000 ) ) ;
#1868 = EDGE_CURVE ( 'NONE', #260, #1513, #1121, .T. ) ;
#1869 = FILL_AREA_STYLE ('',( #1442 ) ) ;
#1870 = LINE ( 'NONE', #478, #579 ) ;
#1871 =( NAMED_UNIT ( * ) SI_UNIT ( $, .STERADIAN. ) SOLID_ANGLE_UNIT ( ) );
#1872 = SURFACE_STYLE_USAGE ( .BOTH. , #405 ) ;
#1873 = CARTESIAN_POINT ( 'NONE',  ( -8.599999999999999645, 0.000000000000000000, -3.600000000000000089 ) ) ;
#1874 = FILL_AREA_STYLE ('',( #1610 ) ) ;
#1875 = FILL_AREA_STYLE_COLOUR ( '', #527 ) ;
#1876 = PRESENTATION_LAYER_ASSIGNMENT (  '', '', ( #1806 ) ) ;
#1877 = SURFACE_SIDE_STYLE ('',( #798 ) ) ;
#1878 = VECTOR ( 'NONE', #306, 1000.000000000000114 ) ;
#1879 = MECHANICAL_DESIGN_GEOMETRIC_PRESENTATION_REPRESENTATION (  '', ( #1273 ), #720 ) ;
#1880 = LINE ( 'NONE', #1215, #1235 ) ;
#1881 = DIRECTION ( 'NONE',  ( 1.224646799147353207E-16, 1.000000000000000000, -0.000000000000000000 ) ) ;
#1882 =( GEOMETRIC_REPRESENTATION_CONTEXT ( 3 ) GLOBAL_UNCERTAINTY_ASSIGNED_CONTEXT ( ( #1120 ) ) GLOBAL_UNIT_ASSIGNED_CONTEXT ( ( #1843, #840, #1026 ) ) REPRESENTATION_CONTEXT ( 'NONE', 'WORKASPACE' ) );
#1883 = FILL_AREA_STYLE_COLOUR ( '', #1926 ) ;
#1884 = CARTESIAN_POINT ( 'NONE',  ( -5.220854811567259723, 0.000000000000000000, -3.600000000000000089 ) ) ;
#1885 = DIRECTION ( 'NONE',  ( -1.000000000000000000, 0.000000000000000000, -0.000000000000000000 ) ) ;
#1886 = EDGE_CURVE ( 'NONE', #684, #1347, #1117, .T. ) ;
#1887 = DIRECTION ( 'NONE',  ( 0.000000000000000000, 0.000000000000000000, 1.000000000000000000 ) ) ;
#1888 = ADVANCED_FACE ( 'NONE', ( #1782 ), #1768, .T. ) ;
#1889 = FACE_OUTER_BOUND ( 'NONE', #1578, .T. ) ;
#1890 = EDGE_CURVE ( 'NONE', #1350, #252, #1148, .T. ) ;
#1891 = EDGE_CURVE ( 'NONE', #1265, #1503, #499, .T. ) ;
#1892 = COLOUR_RGB ( '',0.05882352941176470507, 0.5490196078431373028, 0.8235294117647058432 ) ;
#1893 = PLANE ( 'NONE',  #590 ) ;
#1894 = VECTOR ( 'NONE', #1239, 1000.000000000000000 ) ;
#1895 = DIRECTION ( 'NONE',  ( -0.4999999999999983902, 0.8660254037844395958, 0.000000000000000000 ) ) ;
#1896 = FILL_AREA_STYLE_COLOUR ( '', #6 ) ;
#1897 = LINE ( 'NONE', #1321, #1920 ) ;
#1898 = AXIS2_PLACEMENT_3D ( 'NONE', #849, #1345, #431 ) ;
#1899 = SURFACE_SIDE_STYLE ('',( #1766 ) ) ;
#1900 = PRESENTATION_STYLE_ASSIGNMENT (( #1627 ) ) ;
#1901 =( GEOMETRIC_REPRESENTATION_CONTEXT ( 3 ) GLOBAL_UNCERTAINTY_ASSIGNED_CONTEXT ( ( #1496 ) ) GLOBAL_UNIT_ASSIGNED_CONTEXT ( ( #1538, #778, #1074 ) ) REPRESENTATION_CONTEXT ( 'NONE', 'WORKASPACE' ) );
#1902 = DIRECTION ( 'NONE',  ( -1.000000000000000000, 0.000000000000000000, 0.000000000000000000 ) ) ;
#1903 = VECTOR ( 'NONE', #1402, 1000.000000000000000 ) ;
#1904 = ADVANCED_FACE ( 'NONE', ( #1140 ), #1157, .F. ) ;
#1905 = DIRECTION ( 'NONE',  ( -1.000000000000000000, 0.000000000000000000, 0.000000000000000000 ) ) ;
#1906 = SURFACE_STYLE_USAGE ( .BOTH. , #882 ) ;
#1907 =( GEOMETRIC_REPRESENTATION_CONTEXT ( 3 ) GLOBAL_UNCERTAINTY_ASSIGNED_CONTEXT ( ( #510 ) ) GLOBAL_UNIT_ASSIGNED_CONTEXT ( ( #791, #485, #408 ) ) REPRESENTATION_CONTEXT ( 'NONE', 'WORKASPACE' ) );
#1908 = CARTESIAN_POINT ( 'NONE',  ( -8.599999999999999645, 0.000000000000000000, 3.600000000000000089 ) ) ;
#1909 = CARTESIAN_POINT ( 'NONE',  ( -8.599999999999999645, 0.6999999999999999556, -4.000000000000000000 ) ) ;
#1910 = PRESENTATION_STYLE_ASSIGNMENT (( #1452 ) ) ;
#1911 = EDGE_LOOP ( 'NONE', ( #1282, #1525, #1940, #1684 ) ) ;
#1912 = FACE_OUTER_BOUND ( 'NONE', #981, .T. ) ;
#1913 = SURFACE_SIDE_STYLE ('',( #1406 ) ) ;
#1914 = EDGE_CURVE ( 'NONE', #312, #47, #1151, .T. ) ;
#1915 = LINE ( 'NONE', #1771, #1275 ) ;
#1916 = ADVANCED_FACE ( 'NONE', ( #1784 ), #1851, .T. ) ;
#1917 = VERTEX_POINT ( 'NONE', #348 ) ;
#1918 = DIRECTION ( 'NONE',  ( -0.000000000000000000, -0.000000000000000000, -1.000000000000000000 ) ) ;
#1919 =( NAMED_UNIT ( * ) PLANE_ANGLE_UNIT ( ) SI_UNIT ( $, .RADIAN. ) );
#1920 = VECTOR ( 'NONE', #1683, 1000.000000000000000 ) ;
#1921 = CARTESIAN_POINT ( 'NONE',  ( 8.599999999999997868, 14.00000000000000000, -3.600000000000000089 ) ) ;
#1922 = ORIENTED_EDGE ( 'NONE', *, *, #104, .F. ) ;
#1923 =( NAMED_UNIT ( * ) PLANE_ANGLE_UNIT ( ) SI_UNIT ( $, .RADIAN. ) );
#1924 = LINE ( 'NONE', #404, #1936 ) ;
#1925 = ORIENTED_EDGE ( 'NONE', *, *, #1469, .F. ) ;
#1926 = COLOUR_RGB ( '',0.05882352941176470507, 0.5490196078431373028, 0.8235294117647058432 ) ;
#1927 = MECHANICAL_DESIGN_GEOMETRIC_PRESENTATION_REPRESENTATION (  '', ( #925 ), #409 ) ;
#1928 = ORIENTED_EDGE ( 'NONE', *, *, #732, .T. ) ;
#1929 = VECTOR ( 'NONE', #1579, 1000.000000000000000 ) ;
#1930 =( LENGTH_UNIT ( ) NAMED_UNIT ( * ) SI_UNIT ( .MILLI., .METRE. ) );
#1931 = PRESENTATION_STYLE_ASSIGNMENT (( #581 ) ) ;
#1932 = CARTESIAN_POINT ( 'NONE',  ( -8.599999999999999645, 0.000000000000000000, -3.600000000000000089 ) ) ;
#1933 = AXIS2_PLACEMENT_3D ( 'NONE', #145, #1278, #1165 ) ;
#1934 = EDGE_LOOP ( 'NONE', ( #223, #857, #207 ) ) ;
#1935 = LINE ( 'NONE', #1523, #1903 ) ;
#1936 = VECTOR ( 'NONE', #243, 1000.000000000000000 ) ;
#1937 = EDGE_CURVE ( 'NONE', #885, #908, #1839, .T. ) ;
#1938 = CARTESIAN_POINT ( 'NONE',  ( 9.000000000000000000, 0.6999999999999999556, 3.600000000000000089 ) ) ;
#1939 = PRESENTATION_STYLE_ASSIGNMENT (( #375 ) ) ;
#1940 = ORIENTED_EDGE ( 'NONE', *, *, #1797, .F. ) ;
#1941 = FILL_AREA_STYLE ('',( #352 ) ) ;
#1942 = CARTESIAN_POINT ( 'NONE',  ( 8.599999999999999645, 0.6999999999999999556, 4.000000000000000000 ) ) ;
ENDSEC;
END-ISO-10303-21;
