ISO-10303-21;
HEADER;
FILE_DESCRIPTION (( 'STEP AP214' ),
    '1' );
FILE_NAME ('Nexperia_TSSOP6 (SOT363).STEP',
    '2026-04-22T10:46:24',
    ( '' ),
    ( '' ),
    'SwSTEP 2.0',
    'SolidWorks 2021',
    '' );
FILE_SCHEMA (( 'AUTOMOTIVE_DESIGN' ));
ENDSEC;

DATA;
#1 = ADVANCED_FACE ( 'NONE', ( #1569 ), #2127, .T. ) ;
#2 = VERTEX_POINT ( 'NONE', #1197 ) ;
#3 = CARTESIAN_POINT ( 'NONE',  ( -0.8025556125326023249, 0.7571535015568399141, 0.1250000000000004441 ) ) ;
#4 = CYLINDRICAL_SURFACE ( 'NONE', #886, 0.2133150144477371224 ) ;
#5 = DIRECTION ( 'NONE',  ( 0.000000000000000000, -1.000000000000000000, -0.000000000000000000 ) ) ;
#6 = FACE_OUTER_BOUND ( 'NONE', #2323, .T. ) ;
#7 = ORIENTED_EDGE ( 'NONE', *, *, #1920, .T. ) ;
#8 = VERTEX_POINT ( 'NONE', #1029 ) ;
#9 = CARTESIAN_POINT ( 'NONE',  ( 0.7500000000000001110, 0.1770408062811900385, 0.5250000000000003553 ) ) ;
#10 = EDGE_CURVE ( 'NONE', #433, #218, #2320, .T. ) ;
#11 = CARTESIAN_POINT ( 'NONE',  ( 0.5941427783760182546, 0.9250000000000000444, -0.5249999999999995781 ) ) ;
#12 = VERTEX_POINT ( 'NONE', #1383 ) ;
#13 = UNCERTAINTY_MEASURE_WITH_UNIT (LENGTH_MEASURE( 1.000000000000000082E-05 ), #1066, 'distance_accuracy_value', 'NONE');
#14 = CARTESIAN_POINT ( 'NONE',  ( 0.7500000000000001110, 0.1770408062811900385, 0.1250000000000004441 ) ) ;
#15 = ORIENTED_EDGE ( 'NONE', *, *, #2100, .T. ) ;
#16 = CARTESIAN_POINT ( 'NONE',  ( -0.3553857855023278556, 1.100000000000000089, -0.7657701508415083458 ) ) ;
#17 = CARTESIAN_POINT ( 'NONE',  ( -1.050000000000000044, 0.000000000000000000, -0.5249999999999995781 ) ) ;
#18 = CARTESIAN_POINT ( 'NONE',  ( 1.050000000000000044, 0.1749999999999999889, 0.7750000000000003553 ) ) ;
#19 = SURFACE_SIDE_STYLE ('',( #401 ) ) ;
#20 = DIRECTION ( 'NONE',  ( 1.000000000000000000, 3.380917237732666365E-16, 0.000000000000000000 ) ) ;
#21 = FACE_OUTER_BOUND ( 'NONE', #1141, .T. ) ;
#22 = VERTEX_POINT ( 'NONE', #848 ) ;
#23 = EDGE_CURVE ( 'NONE', #675, #842, #441, .T. ) ;
#24 = CARTESIAN_POINT ( 'NONE',  ( 0.9698292877162679737, 0.2250000000000000056, 0.7750000000000003553 ) ) ;
#25 = FACE_OUTER_BOUND ( 'NONE', #535, .T. ) ;
#26 = DIRECTION ( 'NONE',  ( -1.000000000000000000, 0.000000000000000000, 0.000000000000000000 ) ) ;
#27 = VECTOR ( 'NONE', #1249, 1000.000000000000000 ) ;
#28 = CARTESIAN_POINT ( 'NONE',  ( -0.6249999999999996669, 0.7500000000000000000, -0.1249999999999995698 ) ) ;
#29 = ORIENTED_EDGE ( 'NONE', *, *, #626, .T. ) ;
#31 = VERTEX_POINT ( 'NONE', #214 ) ;
#30 = VECTOR ( 'NONE', #2229, 1000.000000000000000 ) ;
#32 = VECTOR ( 'NONE', #325, 1000.000000000000000 ) ;
#33 = AXIS2_PLACEMENT_3D ( 'NONE', #1590, #1978, #1004 ) ;
#34 = AXIS2_PLACEMENT_3D ( 'NONE', #568, #1501, #552 ) ;
#35 = DIRECTION ( 'NONE',  ( -0.1736481776669307475, 0.9848077530122080203, 0.000000000000000000 ) ) ;
#36 = ORIENTED_EDGE ( 'NONE', *, *, #801, .T. ) ;
#37 = VECTOR ( 'NONE', #1734, 1000.000000000000000 ) ;
#38 =( LENGTH_UNIT ( ) NAMED_UNIT ( * ) SI_UNIT ( .MILLI., .METRE. ) );
#39 = EDGE_CURVE ( 'NONE', #218, #1255, #237, .T. ) ;
#40 = LINE ( 'NONE', #17, #526 ) ;
#41 = DIRECTION ( 'NONE',  ( 0.000000000000000000, -0.000000000000000000, 1.000000000000000000 ) ) ;
#42 = CARTESIAN_POINT ( 'NONE',  ( -0.9698292877162679737, 0.000000000000000000, 0.7750000000000003553 ) ) ;
#43 = FACE_OUTER_BOUND ( 'NONE', #361, .T. ) ;
#44 = ORIENTED_EDGE ( 'NONE', *, *, #328, .F. ) ;
#45 = ORIENTED_EDGE ( 'NONE', *, *, #2279, .T. ) ;
#46 = ORIENTED_EDGE ( 'NONE', *, *, #1074, .F. ) ;
#47 =( NAMED_UNIT ( * ) PLANE_ANGLE_UNIT ( ) SI_UNIT ( $, .RADIAN. ) );
#48 = EDGE_LOOP ( 'NONE', ( #1989, #1965, #398, #7 ) ) ;
#49 = DIRECTION ( 'NONE',  ( -1.000000000000000000, 0.000000000000000000, 0.000000000000000000 ) ) ;
#50 = CARTESIAN_POINT ( 'NONE',  ( -0.6249999999999996669, 0.7500000000000000000, 0.1250000000000004441 ) ) ;
#51 = ORIENTED_EDGE ( 'NONE', *, *, #1219, .F. ) ;
#52 = LINE ( 'NONE', #990, #656 ) ;
#53 = ORIENTED_EDGE ( 'NONE', *, *, #2219, .F. ) ;
#54 = FACE_OUTER_BOUND ( 'NONE', #1831, .T. ) ;
#55 = DIRECTION ( 'NONE',  ( 0.000000000000000000, 1.000000000000000000, 0.000000000000000000 ) ) ;
#56 = ORIENTED_EDGE ( 'NONE', *, *, #2219, .T. ) ;
#57 = EDGE_CURVE ( 'NONE', #1535, #384, #52, .T. ) ;
#58 = PRESENTATION_LAYER_ASSIGNMENT (  '', '', ( #840 ) ) ;
#59 = ADVANCED_FACE ( 'NONE', ( #100 ), #1611, .F. ) ;
#60 = ADVANCED_FACE ( 'NONE', ( #114 ), #1274, .F. ) ;
#61 = CARTESIAN_POINT ( 'NONE',  ( -0.9698292877162679737, 0.000000000000000000, -0.1249999999999995698 ) ) ;
#62 = EDGE_CURVE ( 'NONE', #1419, #1589, #1081, .T. ) ;
#63 = EDGE_LOOP ( 'NONE', ( #1414, #2375, #1656, #2028 ) ) ;
#64 = DIRECTION ( 'NONE',  ( 0.9848077530122080203, 0.1736481776669307198, -1.067730705296404815E-16 ) ) ;
#65 = VECTOR ( 'NONE', #1140, 1000.000000000000000 ) ;
#66 = EDGE_CURVE ( 'NONE', #1686, #1479, #1263, .T. ) ;
#67 = AXIS2_PLACEMENT_3D ( 'NONE', #24, #810, #1559 ) ;
#68 = ORIENTED_EDGE ( 'NONE', *, *, #1184, .F. ) ;
#69 = CARTESIAN_POINT ( 'NONE',  ( -0.6249999999999996669, 0.7500000000000000000, -0.5249999999999995781 ) ) ;
#70 = AXIS2_PLACEMENT_3D ( 'NONE', #1032, #82, #649 ) ;
#71 = VECTOR ( 'NONE', #1898, 1000.000000000000114 ) ;
#72 = CARTESIAN_POINT ( 'NONE',  ( 0.9698292877162679737, 0.2250000000000000056, 0.1250000000000004441 ) ) ;
#73 = ADVANCED_FACE ( 'NONE', ( #952 ), #157, .F. ) ;
#74 = AXIS2_PLACEMENT_3D ( 'NONE', #2232, #1252, #324 ) ;
#75 = ORIENTED_EDGE ( 'NONE', *, *, #480, .T. ) ;
#76 = AXIS2_PLACEMENT_3D ( 'NONE', #225, #1747, #407 ) ;
#77 = DIRECTION ( 'NONE',  ( -0.1736481776669307475, 0.9848077530122080203, -0.000000000000000000 ) ) ;
#78 = LINE ( 'NONE', #490, #1794 ) ;
#79 = CARTESIAN_POINT ( 'NONE',  ( 0.5103874625394977382, 0.1000000000000004774, 0.9999999999999988898 ) ) ;
#80 = ORIENTED_EDGE ( 'NONE', *, *, #345, .T. ) ;
#81 = ORIENTED_EDGE ( 'NONE', *, *, #1217, .T. ) ;
#82 = DIRECTION ( 'NONE',  ( 3.380917237732666365E-16, -1.000000000000000000, 0.000000000000000000 ) ) ;
#83 = CARTESIAN_POINT ( 'NONE',  ( -1.050000000000000044, 0.000000000000000000, -0.5249999999999995781 ) ) ;
#84 = UNCERTAINTY_MEASURE_WITH_UNIT (LENGTH_MEASURE( 1.000000000000000082E-05 ), #1742, 'distance_accuracy_value', 'NONE');
#85 = FACE_OUTER_BOUND ( 'NONE', #1799, .T. ) ;
#86 = DIRECTION ( 'NONE',  ( -0.2131519720835998999, -0.9770190565167459207, 0.000000000000000000 ) ) ;
#87 = EDGE_CURVE ( 'NONE', #267, #2355, #1114, .T. ) ;
#88 = CARTESIAN_POINT ( 'NONE',  ( -0.9698292877162679737, 0.1749999999999999611, -0.5249999999999995781 ) ) ;
#89 = PLANE ( 'NONE',  #1631 ) ;
#90 = ADVANCED_FACE ( 'NONE', ( #590 ), #745, .T. ) ;
#91 = ORIENTED_EDGE ( 'NONE', *, *, #2033, .T. ) ;
#92 = VERTEX_POINT ( 'NONE', #1902 ) ;
#93 = CARTESIAN_POINT ( 'NONE',  ( -1.050000000000000044, 0.1749999999999999889, -0.1249999999999995698 ) ) ;
#94 = CARTESIAN_POINT ( 'NONE',  ( 1.050000000000000044, 0.000000000000000000, -0.7749999999999995781 ) ) ;
#95 = EDGE_CURVE ( 'NONE', #1098, #1350, #973, .T. ) ;
#96 = VERTEX_POINT ( 'NONE', #373 ) ;
#97 = PLANE ( 'NONE',  #356 ) ;
#98 = LINE ( 'NONE', #703, #695 ) ;
#99 = EDGE_CURVE ( 'NONE', #919, #1287, #2253, .T. ) ;
#100 = FACE_OUTER_BOUND ( 'NONE', #945, .T. ) ;
#101 = LINE ( 'NONE', #2369, #2022 ) ;
#102 = CARTESIAN_POINT ( 'NONE',  ( -0.9698292877162679737, 0.000000000000000000, -0.5249999999999995781 ) ) ;
#103 = ORIENTED_EDGE ( 'NONE', *, *, #717, .T. ) ;
#104 = ORIENTED_EDGE ( 'NONE', *, *, #1758, .T. ) ;
#105 = COLOUR_RGB ( '',0.7921568627450980005, 0.8196078431372548767, 0.9333333333333333481 ) ;
#106 = STYLED_ITEM ( 'NONE', ( #1218 ), #1146 ) ;
#107 = DIRECTION ( 'NONE',  ( 0.000000000000000000, -0.000000000000000000, -1.000000000000000000 ) ) ;
#108 = VECTOR ( 'NONE', #1256, 1000.000000000000000 ) ;
#109 = AXIS2_PLACEMENT_3D ( 'NONE', #860, #453, #1610 ) ;
#110 = VERTEX_POINT ( 'NONE', #1102 ) ;
#111 = VECTOR ( 'NONE', #1829, 1000.000000000000000 ) ;
#112 = CARTESIAN_POINT ( 'NONE',  ( -1.050000000000000044, 0.000000000000000000, 0.5250000000000003553 ) ) ;
#113 = DIRECTION ( 'NONE',  ( -0.2131519720835995946, 0.9770190565167460317, 0.000000000000000000 ) ) ;
#114 = FACE_OUTER_BOUND ( 'NONE', #1675, .T. ) ;
#115 = EDGE_LOOP ( 'NONE', ( #1556, #1613, #1580, #132 ) ) ;
#116 = ORIENTED_EDGE ( 'NONE', *, *, #245, .T. ) ;
#117 = CARTESIAN_POINT ( 'NONE',  ( -0.9209783348904306832, 0.2143424013958200036, -0.1249999999999995698 ) ) ;
#118 = ORIENTED_EDGE ( 'NONE', *, *, #646, .F. ) ;
#119 =( LENGTH_UNIT ( ) NAMED_UNIT ( * ) SI_UNIT ( .MILLI., .METRE. ) );
#120 = CARTESIAN_POINT ( 'NONE',  ( -0.7500000000000002220, 0.1770408062811899830, 0.5250000000000003553 ) ) ;
#121 = CARTESIAN_POINT ( 'NONE',  ( 1.050000000000000044, 0.000000000000000000, -0.1249999999999995698 ) ) ;
#122 = EDGE_CURVE ( 'NONE', #2428, #256, #1880, .T. ) ;
#123 = DIRECTION ( 'NONE',  ( 1.000000000000000000, 0.000000000000000000, 0.000000000000000000 ) ) ;
#124 = EDGE_LOOP ( 'NONE', ( #889, #901, #665, #2293 ) ) ;
#125 = ORIENTED_EDGE ( 'NONE', *, *, #1925, .T. ) ;
#126 = DIRECTION ( 'NONE',  ( 0.2131519720835998721, 0.9770190565167459207, 0.000000000000000000 ) ) ;
#127 =( LENGTH_UNIT ( ) NAMED_UNIT ( * ) SI_UNIT ( .MILLI., .METRE. ) );
#128 = DIRECTION ( 'NONE',  ( 1.000000000000000000, -0.000000000000000000, -0.000000000000000000 ) ) ;
#129 = EDGE_LOOP ( 'NONE', ( #1856, #1958, #1950, #1955, #926, #1700, #1134, #907, #1192 ) ) ;
#130 = CARTESIAN_POINT ( 'NONE',  ( -0.9698292877162679737, 0.2250000000000000056, 0.1250000000000004441 ) ) ;
#131 = DIRECTION ( 'NONE',  ( -1.000000000000000000, 0.000000000000000000, 0.000000000000000000 ) ) ;
#132 = ORIENTED_EDGE ( 'NONE', *, *, #769, .F. ) ;
#133 = CARTESIAN_POINT ( 'NONE',  ( 0.9209783348904306832, 0.2143424013958200036, -0.7749999999999995781 ) ) ;
#134 = LINE ( 'NONE', #171, #2114 ) ;
#135 = EDGE_CURVE ( 'NONE', #2014, #2428, #1319, .T. ) ;
#136 = EDGE_CURVE ( 'NONE', #565, #814, #134, .T. ) ;
#137 = EDGE_CURVE ( 'NONE', #1858, #1971, #767, .T. ) ;
#138 =( NAMED_UNIT ( * ) PLANE_ANGLE_UNIT ( ) SI_UNIT ( $, .RADIAN. ) );
#139 = ORIENTED_EDGE ( 'NONE', *, *, #220, .T. ) ;
#140 = ORIENTED_EDGE ( 'NONE', *, *, #2136, .T. ) ;
#141 =( LENGTH_UNIT ( ) NAMED_UNIT ( * ) SI_UNIT ( .MILLI., .METRE. ) );
#142 = ADVANCED_FACE ( 'NONE', ( #25 ), #1377, .T. ) ;
#143 = VERTEX_POINT ( 'NONE', #1942 ) ;
#144 = ORIENTED_EDGE ( 'NONE', *, *, #2415, .T. ) ;
#145 = AXIS2_PLACEMENT_3D ( 'NONE', #2297, #1354, #385 ) ;
#146 = DIRECTION ( 'NONE',  ( -1.000000000000000000, 3.380917237732666365E-16, -0.000000000000000000 ) ) ;
#147 = CLOSED_SHELL ( 'NONE', ( #503, #971, #705, #430, #827, #247, #90, #890, #761, #461, #1919 ) ) ;
#148 = ORIENTED_EDGE ( 'NONE', *, *, #2353, .T. ) ;
#149 = CIRCLE ( 'NONE', #2066, 0.1191403028739743825 ) ;
#150 = FILL_AREA_STYLE_COLOUR ( '', #152 ) ;
#151 = ORIENTED_EDGE ( 'NONE', *, *, #646, .T. ) ;
#152 = COLOUR_RGB ( '',1.000000000000000000, 1.000000000000000000, 1.000000000000000000 ) ;
#153 = VECTOR ( 'NONE', #263, 1000.000000000000000 ) ;
#154 = PLANE ( 'NONE',  #1043 ) ;
#155 = EDGE_CURVE ( 'NONE', #1353, #1766, #835, .T. ) ;
#157 = PLANE ( 'NONE',  #1205 ) ;
#156 = AXIS2_PLACEMENT_3D ( 'NONE', #959, #1142, #2051 ) ;
#158 = DIRECTION ( 'NONE',  ( -1.000000000000000000, 0.000000000000000000, 0.000000000000000000 ) ) ;
#159 = LINE ( 'NONE', #102, #2120 ) ;
#160 =( NAMED_UNIT ( * ) SI_UNIT ( $, .STERADIAN. ) SOLID_ANGLE_UNIT ( ) );
#161 = EDGE_LOOP ( 'NONE', ( #377, #2443, #56, #2290 ) ) ;
#162 = CARTESIAN_POINT ( 'NONE',  ( 0.9209783348904306832, 0.2143424013958200036, 0.1250000000000004441 ) ) ;
#163 = SURFACE_STYLE_USAGE ( .BOTH. , #1088 ) ;
#164 = PLANE ( 'NONE',  #239 ) ;
#165 = ORIENTED_EDGE ( 'NONE', *, *, #946, .T. ) ;
#166 = CARTESIAN_POINT ( 'NONE',  ( -0.9209783348904306832, 0.2143424013958200036, 0.1250000000000004441 ) ) ;
#167 = VERTEX_POINT ( 'NONE', #2123 ) ;
#168 = FILL_AREA_STYLE ('',( #150 ) ) ;
#169 = VERTEX_POINT ( 'NONE', #450 ) ;
#170 = DIRECTION ( 'NONE',  ( 0.2131519720835998721, 0.9770190565167459207, 0.000000000000000000 ) ) ;
#171 = CARTESIAN_POINT ( 'NONE',  ( -0.5941427783760182546, 0.9250000000000000444, 0.5250000000000003553 ) ) ;
#172 = PLANE ( 'NONE',  #2311 ) ;
#173 = LINE ( 'NONE', #943, #2155 ) ;
#174 = LINE ( 'NONE', #1182, #1324 ) ;
#175 = ORIENTED_EDGE ( 'NONE', *, *, #472, .T. ) ;
#176 = ORIENTED_EDGE ( 'NONE', *, *, #2102, .F. ) ;
#177 =( NAMED_UNIT ( * ) PLANE_ANGLE_UNIT ( ) SI_UNIT ( $, .RADIAN. ) );
#178 = EDGE_CURVE ( 'NONE', #1996, #1686, #194, .T. ) ;
#179 = DIRECTION ( 'NONE',  ( -1.000000000000000000, 0.000000000000000000, 0.000000000000000000 ) ) ;
#180 = EDGE_CURVE ( 'NONE', #2461, #504, #40, .T. ) ;
#181 = CARTESIAN_POINT ( 'NONE',  ( -0.9698292877162679737, 0.2250000000000000056, 0.7750000000000003553 ) ) ;
#182 = DIRECTION ( 'NONE',  ( 0.000000000000000000, 0.000000000000000000, 1.000000000000000000 ) ) ;
#183 = CARTESIAN_POINT ( 'NONE',  ( -0.5941427783760182546, 0.7116849855522630053, -0.5249999999999995781 ) ) ;
#184 =( LENGTH_UNIT ( ) NAMED_UNIT ( * ) SI_UNIT ( .MILLI., .METRE. ) );
#185 = DIRECTION ( 'NONE',  ( -0.000000000000000000, -1.000000000000000000, -0.000000000000000000 ) ) ;
#186 = VERTEX_POINT ( 'NONE', #2326 ) ;
#187 = ORIENTED_EDGE ( 'NONE', *, *, #2201, .T. ) ;
#188 = CARTESIAN_POINT ( 'NONE',  ( 0.8025556125326023249, 0.7571535015568399141, -0.5249999999999995781 ) ) ;
#189 = PLANE ( 'NONE',  #1442 ) ;
#190 = ORIENTED_EDGE ( 'NONE', *, *, #488, .F. ) ;
#191 = CYLINDRICAL_SURFACE ( 'NONE', #2184, 0.2133150144477371224 ) ;
#192 = AXIS2_PLACEMENT_3D ( 'NONE', #2125, #200, #226 ) ;
#193 = ORIENTED_EDGE ( 'NONE', *, *, #2201, .F. ) ;
#194 = CIRCLE ( 'NONE', #917, 0.2133150144477371224 ) ;
#195 =( GEOMETRIC_REPRESENTATION_CONTEXT ( 3 ) GLOBAL_UNCERTAINTY_ASSIGNED_CONTEXT ( ( #1006 ) ) GLOBAL_UNIT_ASSIGNED_CONTEXT ( ( #127, #1855, #513 ) ) REPRESENTATION_CONTEXT ( 'NONE', 'WORKASPACE' ) );
#196 = CARTESIAN_POINT ( 'NONE',  ( 0.000000000000000000, 1.100000000000000089, 0.000000000000000000 ) ) ;
#197 = EDGE_CURVE ( 'NONE', #549, #2138, #2317, .T. ) ;
#198 = CIRCLE ( 'NONE', #1478, 0.05000000000000002359 ) ;
#199 = VECTOR ( 'NONE', #35, 1000.000000000000000 ) ;
#200 = DIRECTION ( 'NONE',  ( 0.000000000000000000, 1.000000000000000000, 0.000000000000000000 ) ) ;
#201 = LINE ( 'NONE', #1545, #2020 ) ;
#202 = CIRCLE ( 'NONE', #623, 0.2250000000000000611 ) ;
#203 = AXIS2_PLACEMENT_3D ( 'NONE', #130, #382, #1338 ) ;
#204 = ORIENTED_EDGE ( 'NONE', *, *, #328, .T. ) ;
#205 = VERTEX_POINT ( 'NONE', #1745 ) ;
#206 = CARTESIAN_POINT ( 'NONE',  ( -0.6249999999999996669, 0.7500000000000000000, 0.1250000000000004441 ) ) ;
#207 = VECTOR ( 'NONE', #469, 1000.000000000000000 ) ;
#208 = DIRECTION ( 'NONE',  ( -0.000000000000000000, -0.000000000000000000, -1.000000000000000000 ) ) ;
#209 = ORIENTED_EDGE ( 'NONE', *, *, #2449, .F. ) ;
#210 = VERTEX_POINT ( 'NONE', #3 ) ;
#211 = CARTESIAN_POINT ( 'NONE',  ( -1.050000000000000044, 0.000000000000000000, 0.5250000000000003553 ) ) ;
#212 = FACE_OUTER_BOUND ( 'NONE', #1900, .T. ) ;
#213 = CARTESIAN_POINT ( 'NONE',  ( -0.9698292877162679737, 0.2250000000000000056, -0.7749999999999995781 ) ) ;
#214 = CARTESIAN_POINT ( 'NONE',  ( 0.9698292877162679737, 0.1749999999999999611, -0.7749999999999995781 ) ) ;
#215 = DIRECTION ( 'NONE',  ( 0.1736481776669307475, 0.9848077530122080203, -0.000000000000000000 ) ) ;
#216 = SURFACE_STYLE_USAGE ( .BOTH. , #1910 ) ;
#217 = DIRECTION ( 'NONE',  ( 0.000000000000000000, -1.000000000000000000, -0.000000000000000000 ) ) ;
#218 = VERTEX_POINT ( 'NONE', #997 ) ;
#219 = DIRECTION ( 'NONE',  ( -1.000000000000000000, 0.000000000000000000, 0.000000000000000000 ) ) ;
#220 = EDGE_CURVE ( 'NONE', #2162, #2428, #2107, .T. ) ;
#221 = ORIENTED_EDGE ( 'NONE', *, *, #1662, .T. ) ;
#222 = LINE ( 'NONE', #2156, #1748 ) ;
#223 = FACE_OUTER_BOUND ( 'NONE', #1444, .T. ) ;
#224 = CARTESIAN_POINT ( 'NONE',  ( 0.5941427783760182546, 0.9250000000000000444, -0.5249999999999995781 ) ) ;
#225 = CARTESIAN_POINT ( 'NONE',  ( -0.9698292877162679737, 0.2250000000000000056, 0.1250000000000004441 ) ) ;
#226 = DIRECTION ( 'NONE',  ( 0.000000000000000000, -0.000000000000000000, 1.000000000000000000 ) ) ;
#227 = CARTESIAN_POINT ( 'NONE',  ( -0.3553857855023278556, 1.100000000000000089, -0.7657701508415083458 ) ) ;
#228 = CYLINDRICAL_SURFACE ( 'NONE', #1280, 0.2133150144477371224 ) ;
#229 = ORIENTED_EDGE ( 'NONE', *, *, #1135, .T. ) ;
#230 = DIRECTION ( 'NONE',  ( -1.000000000000000000, 0.000000000000000000, 0.000000000000000000 ) ) ;
#231 = ORIENTED_EDGE ( 'NONE', *, *, #1538, .F. ) ;
#232 = CARTESIAN_POINT ( 'NONE',  ( 0.5941427783760182546, 0.9250000000000000444, 0.5250000000000003553 ) ) ;
#233 = DIRECTION ( 'NONE',  ( -1.000000000000000000, 0.000000000000000000, 0.000000000000000000 ) ) ;
#234 = VECTOR ( 'NONE', #1010, 1000.000000000000000 ) ;
#235 = CARTESIAN_POINT ( 'NONE',  ( 0.9698292877162679737, 0.2250000000000000056, -0.5249999999999995781 ) ) ;
#236 = ORIENTED_EDGE ( 'NONE', *, *, #1413, .F. ) ;
#237 = LINE ( 'NONE', #1040, #2065 ) ;
#238 = STYLED_ITEM ( 'NONE', ( #780 ), #358 ) ;
#239 = AXIS2_PLACEMENT_3D ( 'NONE', #765, #735, #2075 ) ;
#240 = DIRECTION ( 'NONE',  ( 0.2131519720835995946, -0.9770190565167459207, -0.000000000000000000 ) ) ;
#241 = ORIENTED_EDGE ( 'NONE', *, *, #180, .F. ) ;
#242 = ORIENTED_EDGE ( 'NONE', *, *, #2012, .F. ) ;
#243 = SURFACE_STYLE_USAGE ( .BOTH. , #1573 ) ;
#244 = VECTOR ( 'NONE', #1310, 1000.000000000000000 ) ;
#245 = EDGE_CURVE ( 'NONE', #753, #842, #1543, .T. ) ;
#246 = UNCERTAINTY_MEASURE_WITH_UNIT (LENGTH_MEASURE( 1.000000000000000082E-05 ), #574, 'distance_accuracy_value', 'NONE');
#247 = ADVANCED_FACE ( 'NONE', ( #602 ), #1921, .T. ) ;
#248 = ORIENTED_EDGE ( 'NONE', *, *, #2129, .T. ) ;
#249 = EDGE_LOOP ( 'NONE', ( #45, #241, #1726, #803 ) ) ;
#250 = DIRECTION ( 'NONE',  ( -0.1736481776669307475, 0.9848077530122080203, 0.000000000000000000 ) ) ;
#251 = VERTEX_POINT ( 'NONE', #1733 ) ;
#252 = VERTEX_POINT ( 'NONE', #618 ) ;
#253 = VERTEX_POINT ( 'NONE', #1369 ) ;
#254 = CARTESIAN_POINT ( 'NONE',  ( -0.3553857855023278556, 1.000000000000000000, -0.7657701508415083458 ) ) ;
#255 = FACE_OUTER_BOUND ( 'NONE', #63, .T. ) ;
#256 = VERTEX_POINT ( 'NONE', #1180 ) ;
#257 = ADVANCED_FACE ( 'NONE', ( #223 ), #1415, .F. ) ;
#258 = EDGE_CURVE ( 'NONE', #753, #462, #1437, .T. ) ;
#259 = EDGE_CURVE ( 'NONE', #1589, #2461, #1626, .T. ) ;
#260 = LINE ( 'NONE', #1387, #447 ) ;
#261 = CARTESIAN_POINT ( 'NONE',  ( 0.5941427783760182546, 0.7116849855522630053, -0.1249999999999995698 ) ) ;
#262 = CARTESIAN_POINT ( 'NONE',  ( 1.050000000000000044, 0.000000000000000000, -0.5249999999999995781 ) ) ;
#263 = DIRECTION ( 'NONE',  ( 0.000000000000000000, -0.000000000000000000, -1.000000000000000000 ) ) ;
#264 = CARTESIAN_POINT ( 'NONE',  ( 0.8025556125326023249, 0.7571535015568399141, 0.7750000000000003553 ) ) ;
#265 = CARTESIAN_POINT ( 'NONE',  ( -0.7500000000000002220, 0.1770408062811899830, 0.1250000000000004441 ) ) ;
#266 = LINE ( 'NONE', #995, #1899 ) ;
#267 = VERTEX_POINT ( 'NONE', #282 ) ;
#268 = DIRECTION ( 'NONE',  ( -1.000000000000000000, 0.000000000000000000, 0.000000000000000000 ) ) ;
#269 = DIRECTION ( 'NONE',  ( 0.2131519720835995946, 0.9770190565167460317, 0.000000000000000000 ) ) ;
#270 = FACE_OUTER_BOUND ( 'NONE', #787, .T. ) ;
#271 = VECTOR ( 'NONE', #601, 1000.000000000000000 ) ;
#272 = VECTOR ( 'NONE', #1776, 1000.000000000000000 ) ;
#273 = AXIS2_PLACEMENT_3D ( 'NONE', #213, #637, #1380 ) ;
#274 = ORIENTED_EDGE ( 'NONE', *, *, #411, .T. ) ;
#275 = CARTESIAN_POINT ( 'NONE',  ( 1.050000000000000044, 0.1749999999999999889, -0.5249999999999995781 ) ) ;
#276 = PRESENTATION_LAYER_ASSIGNMENT (  '', '', ( #238 ) ) ;
#277 = CIRCLE ( 'NONE', #1761, 0.2133150144477371224 ) ;
#278 = VECTOR ( 'NONE', #1392, 1000.000000000000000 ) ;
#279 = AXIS2_PLACEMENT_3D ( 'NONE', #235, #1059, #1016 ) ;
#280 = DIRECTION ( 'NONE',  ( 1.000000000000000000, 0.000000000000000000, 0.000000000000000000 ) ) ;
#281 = PLANE ( 'NONE',  #2216 ) ;
#282 = CARTESIAN_POINT ( 'NONE',  ( -0.8025556125326023249, 0.7571535015568399141, -0.7749999999999995781 ) ) ;
#283 = DIRECTION ( 'NONE',  ( -0.000000000000000000, -0.000000000000000000, -1.000000000000000000 ) ) ;
#284 = CARTESIAN_POINT ( 'NONE',  ( 0.6249999999999996669, 0.7500000000000000000, 0.5250000000000003553 ) ) ;
#285 = EDGE_CURVE ( 'NONE', #299, #2214, #2381, .T. ) ;
#286 = ORIENTED_EDGE ( 'NONE', *, *, #1352, .T. ) ;
#287 = DIRECTION ( 'NONE',  ( -0.000000000000000000, -0.000000000000000000, -1.000000000000000000 ) ) ;
#288 = PLANE ( 'NONE',  #2266 ) ;
#289 = ORIENTED_EDGE ( 'NONE', *, *, #634, .F. ) ;
#290 = SURFACE_STYLE_FILL_AREA ( #2207 ) ;
#291 = DIRECTION ( 'NONE',  ( -0.1736481776669307475, -0.9848077530122080203, 0.000000000000000000 ) ) ;
#292 = FILL_AREA_STYLE ('',( #2197 ) ) ;
#293 = FACE_OUTER_BOUND ( 'NONE', #1153, .T. ) ;
#294 = CARTESIAN_POINT ( 'NONE',  ( 0.9698292877162679737, 0.2250000000000000056, 0.7750000000000003553 ) ) ;
#295 = CARTESIAN_POINT ( 'NONE',  ( 1.050000000000000044, 0.000000000000000000, -0.5249999999999995781 ) ) ;
#296 = CARTESIAN_POINT ( 'NONE',  ( -0.7500000000000002220, 0.1770408062811899830, 0.7750000000000003553 ) ) ;
#297 = FACE_OUTER_BOUND ( 'NONE', #1313, .T. ) ;
#298 = ORIENTED_EDGE ( 'NONE', *, *, #616, .F. ) ;
#299 = VERTEX_POINT ( 'NONE', #1058 ) ;
#300 = CARTESIAN_POINT ( 'NONE',  ( -0.9698292877162679737, 0.2250000000000000056, -0.1249999999999995698 ) ) ;
#301 = DIRECTION ( 'NONE',  ( -1.000000000000000000, 0.000000000000000000, 0.000000000000000000 ) ) ;
#302 = EDGE_LOOP ( 'NONE', ( #1981, #2360, #355, #1200, #231, #1323, #514, #1680, #46 ) ) ;
#303 = CARTESIAN_POINT ( 'NONE',  ( -0.5941427783760182546, 0.9250000000000000444, 0.7750000000000003553 ) ) ;
#304 = DIRECTION ( 'NONE',  ( 1.000000000000000000, 0.000000000000000000, 0.000000000000000000 ) ) ;
#305 = CARTESIAN_POINT ( 'NONE',  ( 0.9698292877162679737, 0.000000000000000000, -0.5249999999999995781 ) ) ;
#306 = CIRCLE ( 'NONE', #566, 0.05000000000000002359 ) ;
#307 = DIRECTION ( 'NONE',  ( -0.000000000000000000, -0.000000000000000000, -1.000000000000000000 ) ) ;
#308 =( NAMED_UNIT ( * ) SI_UNIT ( $, .STERADIAN. ) SOLID_ANGLE_UNIT ( ) );
#309 = ORIENTED_EDGE ( 'NONE', *, *, #1931, .T. ) ;
#310 = CARTESIAN_POINT ( 'NONE',  ( -0.5941427783760182546, 0.7116849855522630053, -0.7749999999999995781 ) ) ;
#311 = MANIFOLD_SOLID_BREP ( 'LPattern1[2]', #2452 ) ;
#312 = CARTESIAN_POINT ( 'NONE',  ( 0.8025556125326023249, 0.7571535015568399141, 0.1250000000000004441 ) ) ;
#313 = VECTOR ( 'NONE', #250, 1000.000000000000000 ) ;
#314 = VERTEX_POINT ( 'NONE', #2413 ) ;
#315 = AXIS2_PLACEMENT_3D ( 'NONE', #2060, #2398, #131 ) ;
#316 = PRESENTATION_LAYER_ASSIGNMENT (  '', '', ( #106 ) ) ;
#317 = PLANE ( 'NONE',  #2333 ) ;
#318 = EDGE_CURVE ( 'NONE', #1021, #1287, #1452, .T. ) ;
#319 = AXIS2_PLACEMENT_3D ( 'NONE', #357, #391, #1688 ) ;
#320 = VECTOR ( 'NONE', #2243, 1000.000000000000000 ) ;
#321 = AXIS2_PLACEMENT_3D ( 'NONE', #183, #603, #770 ) ;
#322 = FACE_OUTER_BOUND ( 'NONE', #129, .T. ) ;
#323 = PLANE ( 'NONE',  #497 ) ;
#324 = DIRECTION ( 'NONE',  ( 0.000000000000000000, 0.000000000000000000, -1.000000000000000000 ) ) ;
#325 = DIRECTION ( 'NONE',  ( -0.1736481776669307475, 0.9848077530122080203, 0.000000000000000000 ) ) ;
#326 = ORIENTED_EDGE ( 'NONE', *, *, #1538, .T. ) ;
#327 = ORIENTED_EDGE ( 'NONE', *, *, #677, .F. ) ;
#328 = EDGE_CURVE ( 'NONE', #2295, #267, #2031, .T. ) ;
#329 = ORIENTED_EDGE ( 'NONE', *, *, #66, .F. ) ;
#330 = ADVANCED_FACE ( 'NONE', ( #1491 ), #1099, .F. ) ;
#331 = EDGE_CURVE ( 'NONE', #1715, #916, #1525, .T. ) ;
#332 = DIRECTION ( 'NONE',  ( -1.000000000000000000, 0.000000000000000000, 0.000000000000000000 ) ) ;
#333 = EDGE_CURVE ( 'NONE', #1977, #675, #1468, .T. ) ;
#334 = LINE ( 'NONE', #908, #410 ) ;
#335 = DIRECTION ( 'NONE',  ( -0.000000000000000000, -0.000000000000000000, -1.000000000000000000 ) ) ;
#336 = LINE ( 'NONE', #79, #1825 ) ;
#337 = EDGE_CURVE ( 'NONE', #1467, #1137, #2045, .T. ) ;
#338 = DIRECTION ( 'NONE',  ( 0.1736481776669306920, 0.9848077530122080203, -0.000000000000000000 ) ) ;
#339 = ORIENTED_EDGE ( 'NONE', *, *, #1217, .F. ) ;
#340 = ORIENTED_EDGE ( 'NONE', *, *, #1410, .T. ) ;
#341 = DIRECTION ( 'NONE',  ( -0.000000000000000000, -0.000000000000000000, -1.000000000000000000 ) ) ;
#342 = PLANE ( 'NONE',  #847 ) ;
#343 = CYLINDRICAL_SURFACE ( 'NONE', #621, 0.2250000000000000611 ) ;
#344 = EDGE_LOOP ( 'NONE', ( #1173, #444, #2404, #446 ) ) ;
#345 = EDGE_CURVE ( 'NONE', #8, #753, #1288, .T. ) ;
#346 = ORIENTED_EDGE ( 'NONE', *, *, #843, .F. ) ;
#347 = EDGE_LOOP ( 'NONE', ( #402, #826, #1257, #2143 ) ) ;
#348 = CARTESIAN_POINT ( 'NONE',  ( 0.7500000000000002220, 0.1770408062811899830, -0.1249999999999995698 ) ) ;
#349 = CARTESIAN_POINT ( 'NONE',  ( 0.9209783348904306832, 0.2143424013958200036, -0.1249999999999995698 ) ) ;
#350 = DIRECTION ( 'NONE',  ( 0.000000000000000000, 0.000000000000000000, 1.000000000000000000 ) ) ;
#351 = DIRECTION ( 'NONE',  ( -0.1736481776669307475, -0.9848077530122080203, 0.000000000000000000 ) ) ;
#352 = SURFACE_STYLE_FILL_AREA ( #1497 ) ;
#353 = EDGE_CURVE ( 'NONE', #2147, #31, #1401, .T. ) ;
#354 = ORIENTED_EDGE ( 'NONE', *, *, #155, .T. ) ;
#355 = ORIENTED_EDGE ( 'NONE', *, *, #838, .F. ) ;
#356 = AXIS2_PLACEMENT_3D ( 'NONE', #1057, #2221, #690 ) ;
#357 = CARTESIAN_POINT ( 'NONE',  ( 0.5941427783760182546, 0.7116849855522630053, 0.7750000000000003553 ) ) ;
#358 = MANIFOLD_SOLID_BREP ( 'Boss-Extrude5', #1711 ) ;
#359 = LINE ( 'NONE', #312, #1084 ) ;
#360 = FACE_OUTER_BOUND ( 'NONE', #1347, .T. ) ;
#361 = EDGE_LOOP ( 'NONE', ( #1512, #515, #2302, #248 ) ) ;
#362 = EDGE_LOOP ( 'NONE', ( #698, #346, #2171, #1659 ) ) ;
#363 = VECTOR ( 'NONE', #558, 1000.000000000000114 ) ;
#364 = CARTESIAN_POINT ( 'NONE',  ( -0.9698292877162679737, 0.2250000000000000056, -0.5249999999999995781 ) ) ;
#365 = MANIFOLD_SOLID_BREP ( 'Boss-Extrude4', #881 ) ;
#366 = VECTOR ( 'NONE', #859, 1000.000000000000000 ) ;
#367 = ORIENTED_EDGE ( 'NONE', *, *, #560, .F. ) ;
#368 = PRESENTATION_LAYER_ASSIGNMENT (  '', '', ( #1012 ) ) ;
#369 = AXIS2_PLACEMENT_3D ( 'NONE', #1968, #2163, #825 ) ;
#370 = CIRCLE ( 'NONE', #529, 0.2133150144477371224 ) ;
#371 = CARTESIAN_POINT ( 'NONE',  ( 0.9698292877162679737, 0.2250000000000000056, 0.1250000000000004441 ) ) ;
#373 = CARTESIAN_POINT ( 'NONE',  ( 1.050000000000000044, 0.1749999999999999889, -0.5249999999999995781 ) ) ;
#372 = AXIS2_PLACEMENT_3D ( 'NONE', #1418, #648, #457 ) ;
#374 = DIRECTION ( 'NONE',  ( 1.000000000000000000, 0.000000000000000000, 0.000000000000000000 ) ) ;
#375 = PRESENTATION_STYLE_ASSIGNMENT (( #2026 ) ) ;
#376 = EDGE_LOOP ( 'NONE', ( #2018, #1949, #1869, #1176 ) ) ;
#377 = ORIENTED_EDGE ( 'NONE', *, *, #1225, .F. ) ;
#378 = LINE ( 'NONE', #1336, #1632 ) ;
#379 = EDGE_CURVE ( 'NONE', #2002, #731, #1162, .T. ) ;
#380 = CARTESIAN_POINT ( 'NONE',  ( -0.3553857855023278556, 1.100000000000000089, -0.7657701508415083458 ) ) ;
#381 = ORIENTED_EDGE ( 'NONE', *, *, #795, .F. ) ;
#382 = DIRECTION ( 'NONE',  ( -0.000000000000000000, -0.000000000000000000, -1.000000000000000000 ) ) ;
#383 = ORIENTED_EDGE ( 'NONE', *, *, #1937, .F. ) ;
#384 = VERTEX_POINT ( 'NONE', #1961 ) ;
#385 = DIRECTION ( 'NONE',  ( 0.2131519720835998999, -0.9770190565167459207, 0.000000000000000000 ) ) ;
#386 = CARTESIAN_POINT ( 'NONE',  ( 0.7500000000000001110, 0.1770408062811900385, -0.5249999999999995781 ) ) ;
#387 = DIRECTION ( 'NONE',  ( -0.2131519720835995946, -0.9770190565167459207, -0.000000000000000000 ) ) ;
#388 = CARTESIAN_POINT ( 'NONE',  ( 0.000000000000000000, 0.000000000000000000, -0.9999999999999995559 ) ) ;
#389 = CARTESIAN_POINT ( 'NONE',  ( 0.5941427783760182546, 0.7116849855522630053, -0.7749999999999995781 ) ) ;
#390 = ORIENTED_EDGE ( 'NONE', *, *, #1798, .T. ) ;
#391 = DIRECTION ( 'NONE',  ( -0.000000000000000000, -0.000000000000000000, -1.000000000000000000 ) ) ;
#392 = ORIENTED_EDGE ( 'NONE', *, *, #769, .T. ) ;
#393 = ORIENTED_EDGE ( 'NONE', *, *, #259, .T. ) ;
#394 = DIRECTION ( 'NONE',  ( -0.000000000000000000, -0.000000000000000000, -1.000000000000000000 ) ) ;
#395 = LINE ( 'NONE', #1702, #2230 ) ;
#396 = ADVANCED_FACE ( 'NONE', ( #1605 ), #2357, .F. ) ;
#397 = DIRECTION ( 'NONE',  ( 1.000000000000000000, 3.380917237732666365E-16, 0.000000000000000000 ) ) ;
#398 = ORIENTED_EDGE ( 'NONE', *, *, #1080, .T. ) ;
#399 = DIRECTION ( 'NONE',  ( 0.000000000000000000, -0.000000000000000000, 1.000000000000000000 ) ) ;
#400 = CARTESIAN_POINT ( 'NONE',  ( -0.3553857855023278556, 1.000000000000000000, -0.7657701508415083458 ) ) ;
#401 = SURFACE_STYLE_FILL_AREA ( #786 ) ;
#402 = ORIENTED_EDGE ( 'NONE', *, *, #2449, .T. ) ;
#403 = ADVANCED_FACE ( 'NONE', ( #54 ), #1615, .T. ) ;
#404 = ORIENTED_EDGE ( 'NONE', *, *, #10, .T. ) ;
#405 = DIRECTION ( 'NONE',  ( 0.2131519720835998721, 0.9770190565167459207, 0.000000000000000000 ) ) ;
#406 = DIRECTION ( 'NONE',  ( -1.000000000000000000, -0.000000000000000000, -0.000000000000000000 ) ) ;
#407 = DIRECTION ( 'NONE',  ( 1.000000000000000000, 0.000000000000000000, -0.000000000000000000 ) ) ;
#408 = DIRECTION ( 'NONE',  ( -0.000000000000000000, -0.000000000000000000, -1.000000000000000000 ) ) ;
#409 = ORIENTED_EDGE ( 'NONE', *, *, #459, .F. ) ;
#410 = VECTOR ( 'NONE', #123, 1000.000000000000000 ) ;
#411 = EDGE_CURVE ( 'NONE', #1269, #1853, #198, .T. ) ;
#412 = VECTOR ( 'NONE', #2273, 1000.000000000000114 ) ;
#413 = AXIS2_PLACEMENT_3D ( 'NONE', #227, #2301, #820 ) ;
#414 = DIRECTION ( 'NONE',  ( -0.000000000000000000, -0.000000000000000000, -1.000000000000000000 ) ) ;
#415 = VECTOR ( 'NONE', #2406, 1000.000000000000000 ) ;
#416 = LINE ( 'NONE', #655, #1917 ) ;
#417 = CARTESIAN_POINT ( 'NONE',  ( 0.7500000000000002220, 0.1770408062811899830, 0.7750000000000003553 ) ) ;
#418 = VECTOR ( 'NONE', #977, 1000.000000000000000 ) ;
#419 = CIRCLE ( 'NONE', #1754, 0.2250000000000000611 ) ;
#420 = VERTEX_POINT ( 'NONE', #1149 ) ;
#421 = DIRECTION ( 'NONE',  ( 0.000000000000000000, -0.000000000000000000, -1.000000000000000000 ) ) ;
#422 = PLANE ( 'NONE',  #741 ) ;
#423 = CIRCLE ( 'NONE', #465, 0.05000000000000002359 ) ;
#424 = EDGE_CURVE ( 'NONE', #755, #1835, #1822, .T. ) ;
#425 = LINE ( 'NONE', #2292, #1984 ) ;
#426 = ORIENTED_EDGE ( 'NONE', *, *, #900, .F. ) ;
#427 = ORIENTED_EDGE ( 'NONE', *, *, #135, .F. ) ;
#428 = EDGE_CURVE ( 'NONE', #1930, #1021, #684, .T. ) ;
#429 = DIRECTION ( 'NONE',  ( 0.000000000000000000, 1.000000000000000000, 0.000000000000000000 ) ) ;
#430 = ADVANCED_FACE ( 'NONE', ( #666 ), #1412, .T. ) ;
#431 = ADVANCED_FACE ( 'NONE', ( #473 ), #1226, .F. ) ;
#432 = DIRECTION ( 'NONE',  ( -0.000000000000000000, -0.000000000000000000, -1.000000000000000000 ) ) ;
#433 = VERTEX_POINT ( 'NONE', #265 ) ;
#434 = DIRECTION ( 'NONE',  ( 0.000000000000000000, -0.000000000000000000, -1.000000000000000000 ) ) ;
#435 = VERTEX_POINT ( 'NONE', #69 ) ;
#436 = EDGE_LOOP ( 'NONE', ( #1267, #1071, #647, #409, #209, #519, #2185, #1878, #1108 ) ) ;
#437 = CARTESIAN_POINT ( 'NONE',  ( -0.7500000000000001110, 0.1770408062811900385, 0.1250000000000004441 ) ) ;
#438 = CARTESIAN_POINT ( 'NONE',  ( 0.000000000000000000, 0.1000000000000004774, 0.000000000000000000 ) ) ;
#439 = PLANE ( 'NONE',  #617 ) ;
#440 = ORIENTED_EDGE ( 'NONE', *, *, #1230, .F. ) ;
#441 = LINE ( 'NONE', #1018, #1820 ) ;
#442 = DIRECTION ( 'NONE',  ( -1.000000000000000000, 0.000000000000000000, 0.000000000000000000 ) ) ;
#443 = CARTESIAN_POINT ( 'NONE',  ( 0.9209783348904306832, 0.2143424013958200036, -0.5249999999999995781 ) ) ;
#444 = ORIENTED_EDGE ( 'NONE', *, *, #2170, .F. ) ;
#445 = ORIENTED_EDGE ( 'NONE', *, *, #2254, .F. ) ;
#446 = ORIENTED_EDGE ( 'NONE', *, *, #1490, .T. ) ;
#447 = VECTOR ( 'NONE', #1035, 1000.000000000000000 ) ;
#448 = EDGE_LOOP ( 'NONE', ( #854, #1731, #144, #624 ) ) ;
#449 = EDGE_CURVE ( 'NONE', #1309, #96, #855, .T. ) ;
#450 = CARTESIAN_POINT ( 'NONE',  ( 0.6249999999999996669, 0.7500000000000000000, 0.1250000000000004441 ) ) ;
#451 = PLANE ( 'NONE',  #1795 ) ;
#452 = DIRECTION ( 'NONE',  ( -0.000000000000000000, -0.000000000000000000, -1.000000000000000000 ) ) ;
#453 = DIRECTION ( 'NONE',  ( -0.9770190565167460317, -0.2131519720835995946, 0.000000000000000000 ) ) ;
#454 = ORIENTED_EDGE ( 'NONE', *, *, #946, .F. ) ;
#455 = ORIENTED_EDGE ( 'NONE', *, *, #1767, .F. ) ;
#456 = MECHANICAL_DESIGN_GEOMETRIC_PRESENTATION_REPRESENTATION (  '', ( #2263 ), #2305 ) ;
#457 = DIRECTION ( 'NONE',  ( 1.000000000000000000, -3.380917237732666365E-16, 0.000000000000000000 ) ) ;
#458 = CIRCLE ( 'NONE', #2345, 0.05000000000000002359 ) ;
#459 = EDGE_CURVE ( 'NONE', #1756, #1269, #750, .T. ) ;
#460 = AXIS2_PLACEMENT_3D ( 'NONE', #1689, #904, #2052 ) ;
#461 = ADVANCED_FACE ( 'NONE', ( #2217 ), #1840, .F. ) ;
#462 = VERTEX_POINT ( 'NONE', #1279 ) ;
#463 = DIRECTION ( 'NONE',  ( 0.000000000000000000, -0.000000000000000000, -1.000000000000000000 ) ) ;
#464 = EDGE_CURVE ( 'NONE', #731, #948, #1991, .T. ) ;
#465 = AXIS2_PLACEMENT_3D ( 'NONE', #2121, #394, #1953 ) ;
#466 = SURFACE_STYLE_USAGE ( .BOTH. , #1999 ) ;
#467 = ORIENTED_EDGE ( 'NONE', *, *, #2353, .F. ) ;
#468 = DIRECTION ( 'NONE',  ( 0.000000000000000000, -0.000000000000000000, -1.000000000000000000 ) ) ;
#469 = DIRECTION ( 'NONE',  ( 0.000000000000000000, -0.000000000000000000, -1.000000000000000000 ) ) ;
#470 = CARTESIAN_POINT ( 'NONE',  ( 0.9209783348904306832, 0.2143424013958200036, -0.5249999999999995781 ) ) ;
#471 = ORIENTED_EDGE ( 'NONE', *, *, #1410, .F. ) ;
#472 = EDGE_CURVE ( 'NONE', #1838, #2076, #903, .T. ) ;
#473 = FACE_OUTER_BOUND ( 'NONE', #1138, .T. ) ;
#474 = DIRECTION ( 'NONE',  ( -0.000000000000000000, -0.000000000000000000, -1.000000000000000000 ) ) ;
#475 = DIRECTION ( 'NONE',  ( -0.000000000000000000, -1.000000000000000000, -0.000000000000000000 ) ) ;
#476 = ORIENTED_EDGE ( 'NONE', *, *, #2354, .T. ) ;
#477 = EDGE_CURVE ( 'NONE', #1350, #218, #738, .T. ) ;
#478 = DIRECTION ( 'NONE',  ( -0.000000000000000000, -0.000000000000000000, -1.000000000000000000 ) ) ;
#479 = CARTESIAN_POINT ( 'NONE',  ( -0.5941427783760182546, 0.9250000000000000444, -0.1249999999999995698 ) ) ;
#480 = EDGE_CURVE ( 'NONE', #2138, #267, #1441, .T. ) ;
#481 = ORIENTED_EDGE ( 'NONE', *, *, #867, .T. ) ;
#482 = ORIENTED_EDGE ( 'NONE', *, *, #2209, .T. ) ;
#483 = DIRECTION ( 'NONE',  ( 0.000000000000000000, 1.000000000000000000, 0.000000000000000000 ) ) ;
#484 = LINE ( 'NONE', #83, #1276 ) ;
#485 = ORIENTED_EDGE ( 'NONE', *, *, #1229, .T. ) ;
#486 = VECTOR ( 'NONE', #1090, 1000.000000000000000 ) ;
#487 = CARTESIAN_POINT ( 'NONE',  ( -0.5941427783760182546, 0.9250000000000000444, -0.5249999999999995781 ) ) ;
#488 = EDGE_CURVE ( 'NONE', #8, #675, #894, .T. ) ;
#489 = DIRECTION ( 'NONE',  ( -1.000000000000000000, 0.000000000000000000, 0.000000000000000000 ) ) ;
#490 = CARTESIAN_POINT ( 'NONE',  ( 0.9209783348904306832, 0.2143424013958200036, -0.5249999999999995781 ) ) ;
#491 = CARTESIAN_POINT ( 'NONE',  ( -0.9698292877162679737, 0.2250000000000000056, 0.7750000000000003553 ) ) ;
#492 = MECHANICAL_DESIGN_GEOMETRIC_PRESENTATION_REPRESENTATION (  '', ( #1117 ), #532 ) ;
#493 = AXIS2_PLACEMENT_3D ( 'NONE', #487, #713, #1240 ) ;
#494 = COLOUR_RGB ( '',0.7921568627450980005, 0.8196078431372548767, 0.9333333333333333481 ) ;
#495 = ORIENTED_EDGE ( 'NONE', *, *, #1834, .T. ) ;
#496 = ORIENTED_EDGE ( 'NONE', *, *, #1925, .F. ) ;
#497 = AXIS2_PLACEMENT_3D ( 'NONE', #2063, #927, #1303 ) ;
#498 = AXIS2_PLACEMENT_3D ( 'NONE', #1612, #2200, #1082 ) ;
#499 = DIRECTION ( 'NONE',  ( 1.000000000000000000, 0.000000000000000000, 0.000000000000000000 ) ) ;
#500 = DIRECTION ( 'NONE',  ( 1.000000000000000000, 3.380917237732666365E-16, 0.000000000000000000 ) ) ;
#501 = PLANE ( 'NONE',  #74 ) ;
#502 = DIRECTION ( 'NONE',  ( 0.000000000000000000, -0.000000000000000000, -1.000000000000000000 ) ) ;
#503 = ADVANCED_FACE ( 'NONE', ( #1446 ), #2194, .F. ) ;
#504 = VERTEX_POINT ( 'NONE', #2236 ) ;
#505 = DIRECTION ( 'NONE',  ( 0.000000000000000000, 0.000000000000000000, 1.000000000000000000 ) ) ;
#506 = FILL_AREA_STYLE ('',( #1969 ) ) ;
#507 = ORIENTED_EDGE ( 'NONE', *, *, #180, .T. ) ;
#508 = DIRECTION ( 'NONE',  ( 1.000000000000000000, -3.380917237732666365E-16, 0.000000000000000000 ) ) ;
#509 = CARTESIAN_POINT ( 'NONE',  ( -1.050000000000000044, 0.1749999999999999889, -0.1249999999999995698 ) ) ;
#510 = SURFACE_SIDE_STYLE ('',( #352 ) ) ;
#511 = ORIENTED_EDGE ( 'NONE', *, *, #1307, .F. ) ;
#512 = ORIENTED_EDGE ( 'NONE', *, *, #2274, .F. ) ;
#513 =( NAMED_UNIT ( * ) SI_UNIT ( $, .STERADIAN. ) SOLID_ANGLE_UNIT ( ) );
#514 = ORIENTED_EDGE ( 'NONE', *, *, #137, .F. ) ;
#515 = ORIENTED_EDGE ( 'NONE', *, *, #2176, .F. ) ;
#516 = DIRECTION ( 'NONE',  ( 0.000000000000000000, -0.000000000000000000, -1.000000000000000000 ) ) ;
#517 = VECTOR ( 'NONE', #230, 1000.000000000000000 ) ;
#518 = CARTESIAN_POINT ( 'NONE',  ( -0.5941427783760182546, 0.9250000000000000444, -0.1249999999999995698 ) ) ;
#519 = ORIENTED_EDGE ( 'NONE', *, *, #1382, .F. ) ;
#521 = VERTEX_POINT ( 'NONE', #542 ) ;
#520 = VECTOR ( 'NONE', #2046, 1000.000000000000114 ) ;
#522 = DIRECTION ( 'NONE',  ( 0.000000000000000000, 0.000000000000000000, 1.000000000000000000 ) ) ;
#523 = EDGE_CURVE ( 'NONE', #772, #749, #1295, .T. ) ;
#524 = DIRECTION ( 'NONE',  ( -0.000000000000000000, -0.000000000000000000, -1.000000000000000000 ) ) ;
#525 = EDGE_CURVE ( 'NONE', #924, #1350, #1997, .T. ) ;
#526 = VECTOR ( 'NONE', #414, 1000.000000000000000 ) ;
#527 = AXIS2_PLACEMENT_3D ( 'NONE', #380, #1132, #1484 ) ;
#528 = VECTOR ( 'NONE', #397, 1000.000000000000000 ) ;
#529 = AXIS2_PLACEMENT_3D ( 'NONE', #776, #2260, #937 ) ;
#530 = FILL_AREA_STYLE_COLOUR ( '', #2103 ) ;
#531 = AXIS2_PLACEMENT_3D ( 'NONE', #1570, #1768, #442 ) ;
#532 =( GEOMETRIC_REPRESENTATION_CONTEXT ( 3 ) GLOBAL_UNCERTAINTY_ASSIGNED_CONTEXT ( ( #1771 ) ) GLOBAL_UNIT_ASSIGNED_CONTEXT ( ( #184, #1749, #581 ) ) REPRESENTATION_CONTEXT ( 'NONE', 'WORKASPACE' ) );
#533 = ORIENTED_EDGE ( 'NONE', *, *, #2321, .T. ) ;
#534 = DIRECTION ( 'NONE',  ( -1.000000000000000000, 0.000000000000000000, 0.000000000000000000 ) ) ;
#535 = EDGE_LOOP ( 'NONE', ( #1780, #1023, #326, #660 ) ) ;
#536 = CIRCLE ( 'NONE', #1488, 0.2133150144477371224 ) ;
#537 = LINE ( 'NONE', #1289, #520 ) ;
#538 = CARTESIAN_POINT ( 'NONE',  ( -0.9698292877162679737, 0.1749999999999999611, -0.5249999999999995781 ) ) ;
#539 = EDGE_CURVE ( 'NONE', #682, #143, #1107, .T. ) ;
#540 = DIRECTION ( 'NONE',  ( -0.2131519720835995946, 0.9770190565167460317, 0.000000000000000000 ) ) ;
#541 = ORIENTED_EDGE ( 'NONE', *, *, #99, .T. ) ;
#542 = CARTESIAN_POINT ( 'NONE',  ( -0.8025556125326023249, 0.7571535015568399141, 0.5250000000000003553 ) ) ;
#543 = ORIENTED_EDGE ( 'NONE', *, *, #612, .F. ) ;
#544 = CARTESIAN_POINT ( 'NONE',  ( 0.7500000000000002220, 0.1770408062811899830, 0.5250000000000003553 ) ) ;
#545 = FACE_OUTER_BOUND ( 'NONE', #1216, .T. ) ;
#546 = ORIENTED_EDGE ( 'NONE', *, *, #737, .F. ) ;
#547 = LINE ( 'NONE', #724, #1368 ) ;
#548 = DIRECTION ( 'NONE',  ( -0.000000000000000000, 0.000000000000000000, 1.000000000000000000 ) ) ;
#549 = VERTEX_POINT ( 'NONE', #763 ) ;
#550 = DIRECTION ( 'NONE',  ( -0.000000000000000000, -0.000000000000000000, -1.000000000000000000 ) ) ;
#551 = EDGE_CURVE ( 'NONE', #2467, #1479, #2444, .T. ) ;
#552 = DIRECTION ( 'NONE',  ( -1.000000000000000000, 0.000000000000000000, 0.000000000000000000 ) ) ;
#553 = ORIENTED_EDGE ( 'NONE', *, *, #843, .T. ) ;
#554 = ORIENTED_EDGE ( 'NONE', *, *, #680, .T. ) ;
#555 = DIRECTION ( 'NONE',  ( -0.000000000000000000, -0.000000000000000000, -1.000000000000000000 ) ) ;
#556 = ORIENTED_EDGE ( 'NONE', *, *, #2175, .T. ) ;
#557 = DIRECTION ( 'NONE',  ( -0.000000000000000000, -0.000000000000000000, -1.000000000000000000 ) ) ;
#558 = DIRECTION ( 'NONE',  ( -0.2131519720835995946, -0.9770190565167459207, -0.000000000000000000 ) ) ;
#559 = DIRECTION ( 'NONE',  ( -0.000000000000000000, -1.000000000000000000, -0.000000000000000000 ) ) ;
#560 = EDGE_CURVE ( 'NONE', #435, #549, #1701, .T. ) ;
#561 = CARTESIAN_POINT ( 'NONE',  ( 0.9698292877162679737, 0.000000000000000000, 0.7750000000000003553 ) ) ;
#562 = PRESENTATION_STYLE_ASSIGNMENT (( #1697 ) ) ;
#563 = CARTESIAN_POINT ( 'NONE',  ( -0.9209783348904306832, 0.2143424013958200036, 0.7750000000000003553 ) ) ;
#564 = ORIENTED_EDGE ( 'NONE', *, *, #1988, .T. ) ;
#565 = VERTEX_POINT ( 'NONE', #1894 ) ;
#566 = AXIS2_PLACEMENT_3D ( 'NONE', #72, #2313, #1757 ) ;
#567 = CARTESIAN_POINT ( 'NONE',  ( 0.9698292877162679737, 0.2250000000000000056, 0.5250000000000003553 ) ) ;
#568 = CARTESIAN_POINT ( 'NONE',  ( 0.9698292877162679737, 0.2250000000000000056, -0.1249999999999995698 ) ) ;
#569 = ORIENTED_EDGE ( 'NONE', *, *, #1640, .F. ) ;
#570 = ADVANCED_FACE ( 'NONE', ( #933 ), #1909, .F. ) ;
#571 = VECTOR ( 'NONE', #1400, 1000.000000000000000 ) ;
#572 = CARTESIAN_POINT ( 'NONE',  ( 0.9209783348904306832, 0.2143424013958200036, 0.5250000000000003553 ) ) ;
#573 = CLOSED_SHELL ( 'NONE', ( #570, #858, #1693, #2202, #2294, #1, #1447, #2199, #396, #1407, #1561 ) ) ;
#574 =( LENGTH_UNIT ( ) NAMED_UNIT ( * ) SI_UNIT ( .MILLI., .METRE. ) );
#575 =( GEOMETRIC_REPRESENTATION_CONTEXT ( 3 ) GLOBAL_UNCERTAINTY_ASSIGNED_CONTEXT ( ( #246 ) ) GLOBAL_UNIT_ASSIGNED_CONTEXT ( ( #574, #1127, #2078 ) ) REPRESENTATION_CONTEXT ( 'NONE', 'WORKASPACE' ) );
#576 = VECTOR ( 'NONE', #146, 1000.000000000000000 ) ;
#577 = CARTESIAN_POINT ( 'NONE',  ( 1.050000000000000044, 0.000000000000000000, -0.5249999999999995781 ) ) ;
#579 = CARTESIAN_POINT ( 'NONE',  ( -0.6249999999999998890, 0.7500000000000000000, 0.9999999999999988898 ) ) ;
#578 = AXIS2_PLACEMENT_3D ( 'NONE', #491, #1061, #1454 ) ;
#580 = CARTESIAN_POINT ( 'NONE',  ( -0.8025556125326023249, 0.7571535015568399141, 0.7750000000000003553 ) ) ;
#581 =( NAMED_UNIT ( * ) SI_UNIT ( $, .STERADIAN. ) SOLID_ANGLE_UNIT ( ) );
#582 = ORIENTED_EDGE ( 'NONE', *, *, #464, .F. ) ;
#583 = VERTEX_POINT ( 'NONE', #2257 ) ;
#584 = DIRECTION ( 'NONE',  ( -0.1736481776669307475, 0.9848077530122080203, 0.000000000000000000 ) ) ;
#585 = EDGE_CURVE ( 'NONE', #2195, #314, #2281, .T. ) ;
#586 = ORIENTED_EDGE ( 'NONE', *, *, #178, .T. ) ;
#587 = ORIENTED_EDGE ( 'NONE', *, *, #801, .F. ) ;
#588 = CARTESIAN_POINT ( 'NONE',  ( -0.9209783348904306832, 0.2143424013958200036, 0.1250000000000004441 ) ) ;
#589 = EDGE_CURVE ( 'NONE', #1287, #1755, #1531, .T. ) ;
#590 = FACE_OUTER_BOUND ( 'NONE', #1691, .T. ) ;
#591 = DIRECTION ( 'NONE',  ( 0.000000000000000000, 0.000000000000000000, 1.000000000000000000 ) ) ;
#592 = CARTESIAN_POINT ( 'NONE',  ( -0.6249999999999996669, 0.7500000000000000000, 0.7750000000000003553 ) ) ;
#593 = CARTESIAN_POINT ( 'NONE',  ( -0.5941427783760182546, 0.7116849855522630053, 0.5250000000000003553 ) ) ;
#594 = CARTESIAN_POINT ( 'NONE',  ( -0.9209783348904306832, 0.2143424013958200036, -0.1249999999999995698 ) ) ;
#595 = VERTEX_POINT ( 'NONE', #991 ) ;
#596 = VERTEX_POINT ( 'NONE', #1325 ) ;
#597 = CARTESIAN_POINT ( 'NONE',  ( -0.5941427783760182546, 0.9250000000000000444, -0.5249999999999995781 ) ) ;
#598 = CARTESIAN_POINT ( 'NONE',  ( 0.8025556125326023249, 0.7571535015568399141, -0.1249999999999995698 ) ) ;
#599 = ORIENTED_EDGE ( 'NONE', *, *, #1548, .F. ) ;
#600 = ORIENTED_EDGE ( 'NONE', *, *, #1627, .T. ) ;
#601 = DIRECTION ( 'NONE',  ( -0.000000000000000000, -0.000000000000000000, -1.000000000000000000 ) ) ;
#602 = FACE_OUTER_BOUND ( 'NONE', #1966, .T. ) ;
#603 = DIRECTION ( 'NONE',  ( 0.000000000000000000, 0.000000000000000000, 1.000000000000000000 ) ) ;
#604 = DIRECTION ( 'NONE',  ( -1.000000000000000000, 0.000000000000000000, 0.000000000000000000 ) ) ;
#605 = DIRECTION ( 'NONE',  ( 1.000000000000000000, 0.000000000000000000, 0.000000000000000000 ) ) ;
#606 = ORIENTED_EDGE ( 'NONE', *, *, #258, .T. ) ;
#607 = ORIENTED_EDGE ( 'NONE', *, *, #1116, .F. ) ;
#608 = CARTESIAN_POINT ( 'NONE',  ( 0.9698292877162679737, 0.2250000000000000056, -0.5249999999999995781 ) ) ;
#609 = ORIENTED_EDGE ( 'NONE', *, *, #1998, .F. ) ;
#610 = EDGE_CURVE ( 'NONE', #1408, #1255, #2097, .T. ) ;
#611 = ADVANCED_FACE ( 'NONE', ( #1524 ), #422, .F. ) ;
#612 = EDGE_CURVE ( 'NONE', #2295, #22, #1499, .T. ) ;
#613 = LINE ( 'NONE', #1929, #739 ) ;
#614 = VECTOR ( 'NONE', #2093, 1000.000000000000000 ) ;
#615 = DIRECTION ( 'NONE',  ( -0.000000000000000000, -1.000000000000000000, -0.000000000000000000 ) ) ;
#616 = EDGE_CURVE ( 'NONE', #1992, #682, #1529, .T. ) ;
#617 = AXIS2_PLACEMENT_3D ( 'NONE', #1944, #2179, #1440 ) ;
#618 = CARTESIAN_POINT ( 'NONE',  ( -0.9698292877162679737, 0.1749999999999999611, -0.7749999999999995781 ) ) ;
#619 = DIRECTION ( 'NONE',  ( -0.000000000000000000, -0.000000000000000000, -1.000000000000000000 ) ) ;
#620 = AXIS2_PLACEMENT_3D ( 'NONE', #254, #483, #2149 ) ;
#621 = AXIS2_PLACEMENT_3D ( 'NONE', #2029, #208, #1175 ) ;
#622 = CARTESIAN_POINT ( 'NONE',  ( 1.050000000000000044, 0.000000000000000000, 0.5250000000000003553 ) ) ;
#623 = AXIS2_PLACEMENT_3D ( 'NONE', #953, #182, #374 ) ;
#624 = ORIENTED_EDGE ( 'NONE', *, *, #2451, .T. ) ;
#625 = LINE ( 'NONE', #850, #923 ) ;
#626 = EDGE_CURVE ( 'NONE', #2296, #565, #2433, .T. ) ;
#627 = CARTESIAN_POINT ( 'NONE',  ( 0.9698292877162679737, 0.000000000000000000, -0.5249999999999995781 ) ) ;
#628 = ORIENTED_EDGE ( 'NONE', *, *, #1487, .T. ) ;
#629 = ORIENTED_EDGE ( 'NONE', *, *, #2089, .F. ) ;
#630 = ORIENTED_EDGE ( 'NONE', *, *, #1436, .F. ) ;
#631 = DIRECTION ( 'NONE',  ( 0.000000000000000000, -0.000000000000000000, -1.000000000000000000 ) ) ;
#632 = CARTESIAN_POINT ( 'NONE',  ( 0.6250000000000001110, 0.7500000000000000000, -0.9999999999999997780 ) ) ;
#633 = FACE_OUTER_BOUND ( 'NONE', #115, .T. ) ;
#634 = EDGE_CURVE ( 'NONE', #595, #1335, #378, .T. ) ;
#635 = PLANE ( 'NONE',  #1167 ) ;
#636 = LINE ( 'NONE', #1379, #2015 ) ;
#637 = DIRECTION ( 'NONE',  ( -0.000000000000000000, -0.000000000000000000, -1.000000000000000000 ) ) ;
#638 = ORIENTED_EDGE ( 'NONE', *, *, #1775, .F. ) ;
#639 = DIRECTION ( 'NONE',  ( -0.000000000000000000, -0.000000000000000000, -1.000000000000000000 ) ) ;
#640 = CARTESIAN_POINT ( 'NONE',  ( 0.7500000000000001110, 0.1770408062811900385, 0.7750000000000003553 ) ) ;
#641 = EDGE_LOOP ( 'NONE', ( #2042, #2203 ) ) ;
#642 =( NAMED_UNIT ( * ) PLANE_ANGLE_UNIT ( ) SI_UNIT ( $, .RADIAN. ) );
#643 = ORIENTED_EDGE ( 'NONE', *, *, #2011, .F. ) ;
#644 = EDGE_CURVE ( 'NONE', #22, #1419, #458, .T. ) ;
#645 = DIRECTION ( 'NONE',  ( 0.000000000000000000, 0.000000000000000000, 1.000000000000000000 ) ) ;
#646 = EDGE_CURVE ( 'NONE', #2304, #1396, #821, .T. ) ;
#647 = ORIENTED_EDGE ( 'NONE', *, *, #411, .F. ) ;
#648 = DIRECTION ( 'NONE',  ( -3.380917237732666365E-16, -1.000000000000000000, 0.000000000000000000 ) ) ;
#649 = DIRECTION ( 'NONE',  ( -1.000000000000000000, -3.380917237732666365E-16, 0.000000000000000000 ) ) ;
#650 =( GEOMETRIC_REPRESENTATION_CONTEXT ( 3 ) GLOBAL_UNCERTAINTY_ASSIGNED_CONTEXT ( ( #2135 ) ) GLOBAL_UNIT_ASSIGNED_CONTEXT ( ( #119, #2377, #1648 ) ) REPRESENTATION_CONTEXT ( 'NONE', 'WORKASPACE' ) );
#651 = ORIENTED_EDGE ( 'NONE', *, *, #285, .F. ) ;
#652 = CARTESIAN_POINT ( 'NONE',  ( -0.5941427783760182546, 0.9250000000000000444, 0.7750000000000003553 ) ) ;
#653 = COLOUR_RGB ( '',0.7921568627450980005, 0.8196078431372548767, 0.9333333333333333481 ) ;
#654 = CARTESIAN_POINT ( 'NONE',  ( 0.5941427783760182546, 0.7116849855522630053, -0.5249999999999995781 ) ) ;
#655 = CARTESIAN_POINT ( 'NONE',  ( 0.9698292877162679737, 0.1749999999999999611, 0.1250000000000004441 ) ) ;
#656 = VECTOR ( 'NONE', #20, 1000.000000000000000 ) ;
#657 = LINE ( 'NONE', #2160, #2110 ) ;
#658 = DIRECTION ( 'NONE',  ( 0.000000000000000000, -0.000000000000000000, -1.000000000000000000 ) ) ;
#659 = EDGE_LOOP ( 'NONE', ( #329, #1781, #1886, #1008 ) ) ;
#660 = ORIENTED_EDGE ( 'NONE', *, *, #585, .T. ) ;
#661 = VECTOR ( 'NONE', #2036, 1000.000000000000000 ) ;
#662 = CARTESIAN_POINT ( 'NONE',  ( 0.5941427783760182546, 0.9250000000000000444, 0.7750000000000003553 ) ) ;
#663 = VECTOR ( 'NONE', #2071, 1000.000000000000114 ) ;
#664 = CIRCLE ( 'NONE', #885, 0.2250000000000000611 ) ;
#665 = ORIENTED_EDGE ( 'NONE', *, *, #2106, .T. ) ;
#666 = FACE_OUTER_BOUND ( 'NONE', #1800, .T. ) ;
#667 = CIRCLE ( 'NONE', #972, 0.1191403028739743825 ) ;
#668 = EDGE_CURVE ( 'NONE', #1755, #1353, #1727, .T. ) ;
#669 = UNCERTAINTY_MEASURE_WITH_UNIT (LENGTH_MEASURE( 1.000000000000000082E-05 ), #141, 'distance_accuracy_value', 'NONE');
#670 = CARTESIAN_POINT ( 'NONE',  ( 0.9698292877162679737, 0.2250000000000000056, 0.7750000000000003553 ) ) ;
#671 = CARTESIAN_POINT ( 'NONE',  ( -0.3553857855023278556, 1.000000000000000000, -0.7657701508415083458 ) ) ;
#672 = DIRECTION ( 'NONE',  ( 0.9770190565167460317, -0.2131519720835995946, 0.000000000000000000 ) ) ;
#673 = ORIENTED_EDGE ( 'NONE', *, *, #1067, .T. ) ;
#674 = ORIENTED_EDGE ( 'NONE', *, *, #1583, .F. ) ;
#675 = VERTEX_POINT ( 'NONE', #2291 ) ;
#676 = PRODUCT_CONTEXT ( 'NONE', #1048, 'mechanical' ) ;
#677 = EDGE_CURVE ( 'NONE', #766, #2014, #807, .T. ) ;
#678 = VERTEX_POINT ( 'NONE', #1936 ) ;
#679 = DIRECTION ( 'NONE',  ( 0.2131519720835995946, -0.9770190565167459207, -0.000000000000000000 ) ) ;
#680 = EDGE_CURVE ( 'NONE', #2162, #2371, #1215, .T. ) ;
#681 = DIRECTION ( 'NONE',  ( -1.000000000000000000, 0.000000000000000000, 0.000000000000000000 ) ) ;
#682 = VERTEX_POINT ( 'NONE', #264 ) ;
#683 = ORIENTED_EDGE ( 'NONE', *, *, #2102, .T. ) ;
#684 = LINE ( 'NONE', #2341, #1983 ) ;
#685 = DIRECTION ( 'NONE',  ( 1.000000000000000000, 0.000000000000000000, 0.000000000000000000 ) ) ;
#686 = ORIENTED_EDGE ( 'NONE', *, *, #1373, .T. ) ;
#687 = EDGE_CURVE ( 'NONE', #205, #2002, #625, .T. ) ;
#688 = ADVANCED_FACE ( 'NONE', ( #270 ), #228, .T. ) ;
#689 = DIRECTION ( 'NONE',  ( 0.000000000000000000, 0.000000000000000000, 1.000000000000000000 ) ) ;
#690 = DIRECTION ( 'NONE',  ( 0.1736481776669307475, -0.9848077530122080203, 0.000000000000000000 ) ) ;
#691 = EDGE_CURVE ( 'NONE', #110, #1992, #2337, .T. ) ;
#692 = DIRECTION ( 'NONE',  ( -0.000000000000000000, -0.000000000000000000, -1.000000000000000000 ) ) ;
#693 = FACE_OUTER_BOUND ( 'NONE', #2224, .T. ) ;
#694 = DIRECTION ( 'NONE',  ( 0.000000000000000000, -0.000000000000000000, -1.000000000000000000 ) ) ;
#695 = VECTOR ( 'NONE', #500, 1000.000000000000000 ) ;
#696 = CIRCLE ( 'NONE', #273, 0.05000000000000002359 ) ;
#697 = ORIENTED_EDGE ( 'NONE', *, *, #2132, .F. ) ;
#698 = ORIENTED_EDGE ( 'NONE', *, *, #797, .T. ) ;
#699 = DIRECTION ( 'NONE',  ( 1.000000000000000000, 0.000000000000000000, 0.000000000000000000 ) ) ;
#700 = VECTOR ( 'NONE', #2204, 1000.000000000000000 ) ;
#701 = VECTOR ( 'NONE', #2446, 1000.000000000000000 ) ;
#702 = CARTESIAN_POINT ( 'NONE',  ( -0.9698292877162679737, 0.2250000000000000056, -0.5249999999999995781 ) ) ;
#703 = CARTESIAN_POINT ( 'NONE',  ( 1.050000000000000044, 0.1749999999999999889, -0.7749999999999995781 ) ) ;
#704 = FACE_OUTER_BOUND ( 'NONE', #809, .T. ) ;
#705 = ADVANCED_FACE ( 'NONE', ( #1553 ), #1409, .T. ) ;
#706 = DIRECTION ( 'NONE',  ( -0.000000000000000000, 0.000000000000000000, 1.000000000000000000 ) ) ;
#707 = ORIENTED_EDGE ( 'NONE', *, *, #1699, .T. ) ;
#708 = EDGE_LOOP ( 'NONE', ( #1769, #1031, #1941, #2148, #354, #1431, #2395, #1582, #2166 ) ) ;
#709 = CARTESIAN_POINT ( 'NONE',  ( -0.3553857855023278556, 1.000000000000000000, -0.7657701508415083458 ) ) ;
#710 = DIRECTION ( 'NONE',  ( 0.000000000000000000, -0.000000000000000000, 1.000000000000000000 ) ) ;
#711 = ADVANCED_FACE ( 'NONE', ( #1186 ), #2352, .F. ) ;
#712 = CARTESIAN_POINT ( 'NONE',  ( -0.9698292877162679737, 0.1749999999999999611, 0.7750000000000003553 ) ) ;
#713 = DIRECTION ( 'NONE',  ( -0.9848077530122080203, 0.1736481776669307475, 0.000000000000000000 ) ) ;
#714 = ADVANCED_FACE ( 'NONE', ( #1198 ), #2329, .F. ) ;
#715 = CARTESIAN_POINT ( 'NONE',  ( 0.6249999999999996669, 0.7500000000000000000, 0.7750000000000003553 ) ) ;
#716 = CARTESIAN_POINT ( 'NONE',  ( 0.9209783348904306832, 0.2143424013958200036, 0.7750000000000003553 ) ) ;
#717 = EDGE_CURVE ( 'NONE', #462, #2104, #101, .T. ) ;
#718 = CARTESIAN_POINT ( 'NONE',  ( -0.3553857855023278556, 1.000000000000000000, -0.6466298479675339772 ) ) ;
#719 = ADVANCED_FACE ( 'NONE', ( #1473 ), #2180, .T. ) ;
#720 = CARTESIAN_POINT ( 'NONE',  ( 0.6249999999999996669, 0.7500000000000000000, -0.5249999999999995781 ) ) ;
#721 = ADVANCED_FACE ( 'NONE', ( #2006 ), #501, .F. ) ;
#722 = DIRECTION ( 'NONE',  ( 0.2131519720835998721, 0.9770190565167459207, 0.000000000000000000 ) ) ;
#723 = ORIENTED_EDGE ( 'NONE', *, *, #2165, .F. ) ;
#724 = CARTESIAN_POINT ( 'NONE',  ( -1.050000000000000044, 0.1749999999999999889, 0.1250000000000004441 ) ) ;
#725 = CIRCLE ( 'NONE', #1393, 0.2133150144477371224 ) ;
#726 = DIRECTION ( 'NONE',  ( 0.000000000000000000, -0.000000000000000000, -1.000000000000000000 ) ) ;
#727 = DIRECTION ( 'NONE',  ( -0.000000000000000000, 0.000000000000000000, -1.000000000000000000 ) ) ;
#728 = CARTESIAN_POINT ( 'NONE',  ( -0.9698292877162679737, 0.1749999999999999611, -0.1249999999999995698 ) ) ;
#729 = ORIENTED_EDGE ( 'NONE', *, *, #62, .F. ) ;
#731 = VERTEX_POINT ( 'NONE', #296 ) ;
#730 = VECTOR ( 'NONE', #1341, 1000.000000000000000 ) ;
#732 = CARTESIAN_POINT ( 'NONE',  ( 1.050000000000000044, 0.000000000000000000, 0.1250000000000004441 ) ) ;
#733 = FILL_AREA_STYLE_COLOUR ( '', #734 ) ;
#734 = COLOUR_RGB ( '',0.7921568627450980005, 0.8196078431372548767, 0.9333333333333333481 ) ;
#735 = DIRECTION ( 'NONE',  ( -1.000000000000000000, 0.000000000000000000, 0.000000000000000000 ) ) ;
#736 = ORIENTED_EDGE ( 'NONE', *, *, #1044, .T. ) ;
#737 = EDGE_CURVE ( 'NONE', #1427, #1535, #967, .T. ) ;
#738 = CIRCLE ( 'NONE', #1243, 0.2250000000000000611 ) ;
#739 = VECTOR ( 'NONE', #1268, 1000.000000000000000 ) ;
#740 = FACE_OUTER_BOUND ( 'NONE', #1540, .T. ) ;
#741 = AXIS2_PLACEMENT_3D ( 'NONE', #2086, #1740, #2268 ) ;
#742 = AXIS2_PLACEMENT_3D ( 'NONE', #796, #1130, #2083 ) ;
#743 = CARTESIAN_POINT ( 'NONE',  ( -0.8025556125326023249, 0.7571535015568399141, -0.5249999999999995781 ) ) ;
#744 = PLANE ( 'NONE',  #1792 ) ;
#745 = PLANE ( 'NONE',  #775 ) ;
#746 = CARTESIAN_POINT ( 'NONE',  ( 1.050000000000000044, 0.1749999999999999889, -0.7749999999999995781 ) ) ;
#747 = PLANE ( 'NONE',  #742 ) ;
#748 = DIRECTION ( 'NONE',  ( 0.9770190565167460317, -0.2131519720835995946, 0.000000000000000000 ) ) ;
#749 = VERTEX_POINT ( 'NONE', #518 ) ;
#750 = LINE ( 'NONE', #117, #1911 ) ;
#751 = FACE_OUTER_BOUND ( 'NONE', #436, .T. ) ;
#752 = ADVANCED_FACE ( 'NONE', ( #1807 ), #1070, .F. ) ;
#753 = VERTEX_POINT ( 'NONE', #2401 ) ;
#754 = CARTESIAN_POINT ( 'NONE',  ( 1.050000000000000044, 0.000000000000000000, 0.5250000000000003553 ) ) ;
#755 = VERTEX_POINT ( 'NONE', #718 ) ;
#756 = APPLICATION_CONTEXT ( 'automotive_design' ) ;
#757 = CARTESIAN_POINT ( 'NONE',  ( -0.3553857855023278556, 1.100000000000000089, -0.7657701508415083458 ) ) ;
#758 = DIRECTION ( 'NONE',  ( 0.1736481776669307475, 0.9848077530122080203, -0.000000000000000000 ) ) ;
#759 = DIRECTION ( 'NONE',  ( -1.000000000000000000, 0.000000000000000000, 0.000000000000000000 ) ) ;
#760 = DIRECTION ( 'NONE',  ( -0.000000000000000000, -0.000000000000000000, -1.000000000000000000 ) ) ;
#761 = ADVANCED_FACE ( 'NONE', ( #1462 ), #892, .F. ) ;
#762 = EDGE_LOOP ( 'NONE', ( #274, #868, #1426, #104 ) ) ;
#763 = CARTESIAN_POINT ( 'NONE',  ( -0.5941427783760182546, 0.9250000000000000444, -0.5249999999999995781 ) ) ;
#764 =( NAMED_UNIT ( * ) SI_UNIT ( $, .STERADIAN. ) SOLID_ANGLE_UNIT ( ) );
#765 = CARTESIAN_POINT ( 'NONE',  ( 1.050000000000000044, 0.000000000000000000, -0.5249999999999995781 ) ) ;
#766 = VERTEX_POINT ( 'NONE', #1292 ) ;
#767 = LINE ( 'NONE', #386, #2017 ) ;
#768 = FACE_BOUND ( 'NONE', #2050, .T. ) ;
#769 = EDGE_CURVE ( 'NONE', #256, #1838, #336, .T. ) ;
#770 = DIRECTION ( 'NONE',  ( -1.000000000000000000, 0.000000000000000000, 0.000000000000000000 ) ) ;
#771 = LINE ( 'NONE', #2431, #32 ) ;
#772 = VERTEX_POINT ( 'NONE', #2064 ) ;
#773 = ORIENTED_EDGE ( 'NONE', *, *, #57, .F. ) ;
#774 = VERTEX_POINT ( 'NONE', #580 ) ;
#775 = AXIS2_PLACEMENT_3D ( 'NONE', #1494, #1472, #1682 ) ;
#776 = CARTESIAN_POINT ( 'NONE',  ( 0.5941427783760182546, 0.7116849855522630053, 0.5250000000000003553 ) ) ;
#777 = AXIS2_PLACEMENT_3D ( 'NONE', #709, #1645, #522 ) ;
#778 = ORIENTED_EDGE ( 'NONE', *, *, #2080, .F. ) ;
#779 = VECTOR ( 'NONE', #944, 1000.000000000000000 ) ;
#780 = PRESENTATION_STYLE_ASSIGNMENT (( #1532 ) ) ;
#781 = ORIENTED_EDGE ( 'NONE', *, *, #1253, .T. ) ;
#782 = VECTOR ( 'NONE', #800, 1000.000000000000000 ) ;
#783 = VECTOR ( 'NONE', #1514, 1000.000000000000000 ) ;
#784 = CIRCLE ( 'NONE', #67, 0.2250000000000000611 ) ;
#785 = CARTESIAN_POINT ( 'NONE',  ( 0.9698292877162679737, 0.2250000000000000056, -0.1249999999999995698 ) ) ;
#786 = FILL_AREA_STYLE ('',( #2441 ) ) ;
#787 = EDGE_LOOP ( 'NONE', ( #75, #44, #2088, #1337 ) ) ;
#788 = ORIENTED_EDGE ( 'NONE', *, *, #1635, .F. ) ;
#789 = DIRECTION ( 'NONE',  ( 1.000000000000000000, 0.000000000000000000, 0.000000000000000000 ) ) ;
#790 = DIRECTION ( 'NONE',  ( -0.2131519720835998999, -0.9770190565167459207, 0.000000000000000000 ) ) ;
#791 = ORIENTED_EDGE ( 'NONE', *, *, #136, .T. ) ;
#792 = CYLINDRICAL_SURFACE ( 'NONE', #2139, 0.2250000000000000611 ) ;
#793 = ADVANCED_FACE ( 'NONE', ( #2454 ), #4, .T. ) ;
#794 = CARTESIAN_POINT ( 'NONE',  ( -0.6249999999999998890, 0.7500000000000000000, -0.9999999999999995559 ) ) ;
#795 = EDGE_CURVE ( 'NONE', #774, #12, #912, .T. ) ;
#796 = CARTESIAN_POINT ( 'NONE',  ( -0.9698292877162679737, 0.2250000000000000056, -0.5249999999999995781 ) ) ;
#797 = EDGE_CURVE ( 'NONE', #2137, #2296, #202, .T. ) ;
#798 = VERTEX_POINT ( 'NONE', #1881 ) ;
#799 = EDGE_CURVE ( 'NONE', #842, #2104, #1872, .T. ) ;
#800 = DIRECTION ( 'NONE',  ( -0.2131519720835998721, 0.9770190565167459207, 0.000000000000000000 ) ) ;
#801 = EDGE_CURVE ( 'NONE', #2267, #167, #1564, .T. ) ;
#802 = FACE_OUTER_BOUND ( 'NONE', #875, .T. ) ;
#803 = ORIENTED_EDGE ( 'NONE', *, *, #888, .T. ) ;
#804 = ORIENTED_EDGE ( 'NONE', *, *, #634, .T. ) ;
#805 = LINE ( 'NONE', #1879, #1666 ) ;
#806 = FACE_OUTER_BOUND ( 'NONE', #1260, .T. ) ;
#807 = LINE ( 'NONE', #1019, #2459 ) ;
#808 = DIRECTION ( 'NONE',  ( 1.000000000000000000, 0.000000000000000000, 0.000000000000000000 ) ) ;
#809 = EDGE_LOOP ( 'NONE', ( #962, #1563, #1676, #1003 ) ) ;
#810 = DIRECTION ( 'NONE',  ( -0.000000000000000000, -0.000000000000000000, -1.000000000000000000 ) ) ;
#811 = DIRECTION ( 'NONE',  ( 0.2131519720835995946, -0.9770190565167459207, -0.000000000000000000 ) ) ;
#812 = ADVANCED_FACE ( 'NONE', ( #2262 ), #172, .F. ) ;
#813 = VECTOR ( 'NONE', #760, 1000.000000000000000 ) ;
#814 = VERTEX_POINT ( 'NONE', #2423 ) ;
#815 = DIRECTION ( 'NONE',  ( 1.084202172485505297E-16, 0.000000000000000000, 1.000000000000000000 ) ) ;
#816 = CARTESIAN_POINT ( 'NONE',  ( -1.050000000000000044, 0.1749999999999999889, 0.5250000000000003553 ) ) ;
#817 = AXIS2_PLACEMENT_3D ( 'NONE', #1516, #557, #1504 ) ;
#818 = AXIS2_PLACEMENT_3D ( 'NONE', #1273, #2035, #113 ) ;
#819 = DIRECTION ( 'NONE',  ( 0.9770190565167459207, 0.2131519720835998999, 0.000000000000000000 ) ) ;
#820 = DIRECTION ( 'NONE',  ( 0.000000000000000000, 0.000000000000000000, -1.000000000000000000 ) ) ;
#821 = CIRCLE ( 'NONE', #1443, 0.2133150144477371224 ) ;
#822 = ADVANCED_FACE ( 'NONE', ( #942 ), #1903, .F. ) ;
#823 = DIRECTION ( 'NONE',  ( -0.000000000000000000, -0.000000000000000000, -1.000000000000000000 ) ) ;
#824 = EDGE_LOOP ( 'NONE', ( #175, #140, #2053, #2192, #2403, #392 ) ) ;
#825 = DIRECTION ( 'NONE',  ( -0.1736481776669307198, -0.9848077530122080203, 0.000000000000000000 ) ) ;
#826 = ORIENTED_EDGE ( 'NONE', *, *, #2277, .F. ) ;
#827 = ADVANCED_FACE ( 'NONE', ( #768, #1519 ), #928, .T. ) ;
#828 = CARTESIAN_POINT ( 'NONE',  ( -0.5632855567520369533, 1.100000000000000089, 0.9999999999999988898 ) ) ;
#829 = VERTEX_POINT ( 'NONE', #1115 ) ;
#830 = ORIENTED_EDGE ( 'NONE', *, *, #1657, .T. ) ;
#831 = VERTEX_POINT ( 'NONE', #746 ) ;
#832 = UNCERTAINTY_MEASURE_WITH_UNIT (LENGTH_MEASURE( 1.000000000000000082E-05 ), #1464, 'distance_accuracy_value', 'NONE');
#833 = CARTESIAN_POINT ( 'NONE',  ( -0.5941427783760182546, 0.7116849855522630053, -0.1249999999999995698 ) ) ;
#834 = VERTEX_POINT ( 'NONE', #1495 ) ;
#835 = LINE ( 'NONE', #232, #313 ) ;
#836 = LINE ( 'NONE', #1585, #1404 ) ;
#837 = EDGE_LOOP ( 'NONE', ( #1770, #983, #426, #707 ) ) ;
#838 = EDGE_CURVE ( 'NONE', #2009, #1309, #2072, .T. ) ;
#839 = ORIENTED_EDGE ( 'NONE', *, *, #2089, .T. ) ;
#840 = STYLED_ITEM ( 'NONE', ( #1432 ), #1315 ) ;
#841 = DIRECTION ( 'NONE',  ( 0.000000000000000000, 0.000000000000000000, 1.000000000000000000 ) ) ;
#842 = VERTEX_POINT ( 'NONE', #1683 ) ;
#843 = EDGE_CURVE ( 'NONE', #731, #2296, #2429, .T. ) ;
#844 = LINE ( 'NONE', #437, #234 ) ;
#845 = CIRCLE ( 'NONE', #1157, 0.1191403028739743825 ) ;
#846 = PLANE ( 'NONE',  #1367 ) ;
#847 = AXIS2_PLACEMENT_3D ( 'NONE', #563, #748, #2213 ) ;
#848 = CARTESIAN_POINT ( 'NONE',  ( -0.9209783348904306832, 0.2143424013958200036, -0.5249999999999995781 ) ) ;
#849 = VECTOR ( 'NONE', #301, 1000.000000000000000 ) ;
#850 = CARTESIAN_POINT ( 'NONE',  ( -1.050000000000000044, 0.000000000000000000, 0.7750000000000003553 ) ) ;
#851 = AXIS2_PLACEMENT_3D ( 'NONE', #1947, #64, #2306 ) ;
#852 = CIRCLE ( 'NONE', #1239, 0.2133150144477371224 ) ;
#853 = ORIENTED_EDGE ( 'NONE', *, *, #285, .T. ) ;
#854 = ORIENTED_EDGE ( 'NONE', *, *, #1651, .F. ) ;
#855 = LINE ( 'NONE', #275, #528 ) ;
#856 = VECTOR ( 'NONE', #5, 1000.000000000000000 ) ;
#857 = CARTESIAN_POINT ( 'NONE',  ( 0.000000000000000000, 0.000000000000000000, 0.000000000000000000 ) ) ;
#858 = ADVANCED_FACE ( 'NONE', ( #212 ), #846, .F. ) ;
#859 = DIRECTION ( 'NONE',  ( -0.000000000000000000, -1.000000000000000000, -0.000000000000000000 ) ) ;
#860 = CARTESIAN_POINT ( 'NONE',  ( 0.9209783348904306832, 0.2143424013958200036, -0.5249999999999995781 ) ) ;
#861 = DIRECTION ( 'NONE',  ( 0.000000000000000000, 1.000000000000000000, 0.000000000000000000 ) ) ;
#862 = EDGE_CURVE ( 'NONE', #772, #210, #2228, .T. ) ;
#863 = EDGE_CURVE ( 'NONE', #92, #1335, #1567, .T. ) ;
#864 = EDGE_LOOP ( 'NONE', ( #29, #512, #582, #553 ) ) ;
#865 = EDGE_LOOP ( 'NONE', ( #2256, #2414, #936, #445, #454, #2000 ) ) ;
#866 = DIRECTION ( 'NONE',  ( -0.000000000000000000, -0.000000000000000000, -1.000000000000000000 ) ) ;
#867 = EDGE_CURVE ( 'NONE', #1308, #834, #1370, .T. ) ;
#868 = ORIENTED_EDGE ( 'NONE', *, *, #1852, .F. ) ;
#869 = DIRECTION ( 'NONE',  ( 0.000000000000000000, 0.000000000000000000, 1.000000000000000000 ) ) ;
#870 = DIRECTION ( 'NONE',  ( 0.000000000000000000, 1.000000000000000000, 0.000000000000000000 ) ) ;
#871 = ORIENTED_EDGE ( 'NONE', *, *, #539, .T. ) ;
#872 = ORIENTED_EDGE ( 'NONE', *, *, #424, .F. ) ;
#873 = DIRECTION ( 'NONE',  ( 0.000000000000000000, 0.000000000000000000, 1.000000000000000000 ) ) ;
#874 = CYLINDRICAL_SURFACE ( 'NONE', #1793, 0.05000000000000002359 ) ;
#875 = EDGE_LOOP ( 'NONE', ( #723, #630, #564, #1270 ) ) ;
#876 = FACE_OUTER_BOUND ( 'NONE', #2363, .T. ) ;
#877 = ADVANCED_FACE ( 'NONE', ( #806 ), #451, .F. ) ;
#878 = AXIS2_PLACEMENT_3D ( 'NONE', #1097, #869, #1433 ) ;
#879 = DIRECTION ( 'NONE',  ( 0.9848077530122080203, 0.1736481776669307475, 0.000000000000000000 ) ) ;
#880 = EDGE_CURVE ( 'NONE', #916, #299, #1209, .T. ) ;
#881 = CLOSED_SHELL ( 'NONE', ( #812, #1584, #1617, #2328, #980, #793, #1202, #431, #1301, #719, #2358 ) ) ;
#882 = COLOUR_RGB ( '',0.2509803921568627416, 0.2509803921568627416, 0.2509803921568627416 ) ;
#883 = EDGE_LOOP ( 'NONE', ( #2193, #1457, #2356, #1164, #1808, #586, #1995, #1077, #839 ) ) ;
#884 = CARTESIAN_POINT ( 'NONE',  ( 0.8025556125326023249, 0.7571535015568399141, 0.7750000000000003553 ) ) ;
#885 = AXIS2_PLACEMENT_3D ( 'NONE', #1994, #645, #1224 ) ;
#886 = AXIS2_PLACEMENT_3D ( 'NONE', #2047, #2108, #1864 ) ;
#887 = CARTESIAN_POINT ( 'NONE',  ( -0.9698292877162679737, 0.2250000000000000056, 0.5250000000000003553 ) ) ;
#888 = EDGE_CURVE ( 'NONE', #1589, #1889, #1014, .T. ) ;
#889 = ORIENTED_EDGE ( 'NONE', *, *, #1811, .F. ) ;
#890 = ADVANCED_FACE ( 'NONE', ( #633 ), #1169, .T. ) ;
#891 = FACE_OUTER_BOUND ( 'NONE', #344, .T. ) ;
#892 = PLANE ( 'NONE',  #2420 ) ;
#893 = ORIENTED_EDGE ( 'NONE', *, *, #1436, .T. ) ;
#894 = LINE ( 'NONE', #732, #700 ) ;
#895 = ORIENTED_EDGE ( 'NONE', *, *, #1737, .T. ) ;
#896 = PLANE ( 'NONE',  #2447 ) ;
#897 = CARTESIAN_POINT ( 'NONE',  ( -1.050000000000000044, 0.1749999999999999889, 0.1250000000000004441 ) ) ;
#898 = CARTESIAN_POINT ( 'NONE',  ( -1.050000000000000044, 0.000000000000000000, 0.1250000000000004441 ) ) ;
#899 = PLANE ( 'NONE',  #2409 ) ;
#900 = EDGE_CURVE ( 'NONE', #2361, #774, #536, .T. ) ;
#901 = ORIENTED_EDGE ( 'NONE', *, *, #539, .F. ) ;
#902 = EDGE_LOOP ( 'NONE', ( #1522, #1064, #1603, #2387 ) ) ;
#903 = LINE ( 'NONE', #1854, #415 ) ;
#904 = DIRECTION ( 'NONE',  ( 0.000000000000000000, 0.000000000000000000, 1.000000000000000000 ) ) ;
#905 = CARTESIAN_POINT ( 'NONE',  ( -0.5941427783760182546, 0.7116849855522630053, 0.1250000000000004441 ) ) ;
#906 = FACE_OUTER_BOUND ( 'NONE', #864, .T. ) ;
#907 = ORIENTED_EDGE ( 'NONE', *, *, #2321, .F. ) ;
#908 = CARTESIAN_POINT ( 'NONE',  ( -1.050000000000000044, 0.000000000000000000, -0.7749999999999995781 ) ) ;
#909 = CARTESIAN_POINT ( 'NONE',  ( 1.050000000000000044, 0.1749999999999999889, 0.1250000000000004441 ) ) ;
#910 = VECTOR ( 'NONE', #811, 1000.000000000000114 ) ;
#911 = DIRECTION ( 'NONE',  ( 0.1736481776669307475, 0.9848077530122080203, -0.000000000000000000 ) ) ;
#912 = LINE ( 'NONE', #2081, #1051 ) ;
#913 = CARTESIAN_POINT ( 'NONE',  ( 0.5632855567520371753, 1.100000000000000089, -0.9999999999999997780 ) ) ;
#914 = PLANE ( 'NONE',  #1009 ) ;
#916 = VERTEX_POINT ( 'NONE', #1343 ) ;
#915 = AXIS2_PLACEMENT_3D ( 'NONE', #371, #1517, #1901 ) ;
#917 = AXIS2_PLACEMENT_3D ( 'NONE', #261, #1013, #1036 ) ;
#918 = PRESENTATION_LAYER_ASSIGNMENT (  '', '', ( #1475 ) ) ;
#919 = VERTEX_POINT ( 'NONE', #1306 ) ;
#920 = AXIS2_PLACEMENT_3D ( 'NONE', #1236, #866, #1428 ) ;
#921 = AXIS2_PLACEMENT_3D ( 'NONE', #1001, #434, #808 ) ;
#922 = CARTESIAN_POINT ( 'NONE',  ( -0.8025556125326023249, 0.7571535015568399141, -0.1249999999999995698 ) ) ;
#923 = VECTOR ( 'NONE', #1788, 1000.000000000000000 ) ;
#924 = VERTEX_POINT ( 'NONE', #2067 ) ;
#925 = DIRECTION ( 'NONE',  ( -0.000000000000000000, -0.000000000000000000, -1.000000000000000000 ) ) ;
#926 = ORIENTED_EDGE ( 'NONE', *, *, #480, .F. ) ;
#927 = DIRECTION ( 'NONE',  ( 0.000000000000000000, 0.000000000000000000, 1.000000000000000000 ) ) ;
#928 = PLANE ( 'NONE',  #2269 ) ;
#929 = CARTESIAN_POINT ( 'NONE',  ( -1.050000000000000044, 0.000000000000000000, -0.5249999999999995781 ) ) ;
#930 = FACE_OUTER_BOUND ( 'NONE', #124, .T. ) ;
#931 = ORIENTED_EDGE ( 'NONE', *, *, #2240, .F. ) ;
#932 = ORIENTED_EDGE ( 'NONE', *, *, #2254, .T. ) ;
#933 = FACE_OUTER_BOUND ( 'NONE', #376, .T. ) ;
#934 = PRESENTATION_STYLE_ASSIGNMENT (( #163 ) ) ;
#935 = CARTESIAN_POINT ( 'NONE',  ( 1.050000000000000044, 0.000000000000000000, 0.1250000000000004441 ) ) ;
#936 = ORIENTED_EDGE ( 'NONE', *, *, #1833, .F. ) ;
#937 = DIRECTION ( 'NONE',  ( 1.000000000000000000, 0.000000000000000000, 0.000000000000000000 ) ) ;
#938 = EDGE_CURVE ( 'NONE', #1195, #1644, #2048, .T. ) ;
#939 = ORIENTED_EDGE ( 'NONE', *, *, #1170, .F. ) ;
#940 = ORIENTED_EDGE ( 'NONE', *, *, #610, .F. ) ;
#941 = CARTESIAN_POINT ( 'NONE',  ( -0.9698292877162679737, 0.2250000000000000056, -0.7749999999999995781 ) ) ;
#942 = FACE_OUTER_BOUND ( 'NONE', #2271, .T. ) ;
#943 = CARTESIAN_POINT ( 'NONE',  ( 0.6250000000000001110, 0.7500000000000000000, -0.9999999999999995559 ) ) ;
#944 = DIRECTION ( 'NONE',  ( -0.000000000000000000, 1.000000000000000000, -0.000000000000000000 ) ) ;
#945 = EDGE_LOOP ( 'NONE', ( #773, #1751, #481, #781 ) ) ;
#946 = EDGE_CURVE ( 'NONE', #829, #2, #173, .T. ) ;
#947 = CARTESIAN_POINT ( 'NONE',  ( -1.050000000000000044, 0.000000000000000000, 0.1250000000000004441 ) ) ;
#948 = VERTEX_POINT ( 'NONE', #592 ) ;
#949 = DIRECTION ( 'NONE',  ( 1.000000000000000000, 0.000000000000000000, -0.000000000000000000 ) ) ;
#950 = ORIENTED_EDGE ( 'NONE', *, *, #1116, .T. ) ;
#951 = DIRECTION ( 'NONE',  ( 0.000000000000000000, 0.000000000000000000, 1.000000000000000000 ) ) ;
#952 = FACE_OUTER_BOUND ( 'NONE', #1677, .T. ) ;
#953 = CARTESIAN_POINT ( 'NONE',  ( -0.9698292877162679737, 0.2250000000000000056, 0.5250000000000003553 ) ) ;
#954 = FACE_OUTER_BOUND ( 'NONE', #249, .T. ) ;
#955 = VECTOR ( 'NONE', #1744, 1000.000000000000000 ) ;
#956 = DIRECTION ( 'NONE',  ( -1.000000000000000000, 0.000000000000000000, 0.000000000000000000 ) ) ;
#957 = ORIENTED_EDGE ( 'NONE', *, *, #1411, .T. ) ;
#958 = ORIENTED_EDGE ( 'NONE', *, *, #331, .F. ) ;
#959 = CARTESIAN_POINT ( 'NONE',  ( 1.050000000000000044, 0.000000000000000000, 0.1250000000000004441 ) ) ;
#960 = DIRECTION ( 'NONE',  ( 0.000000000000000000, 1.000000000000000000, 0.000000000000000000 ) ) ;
#961 = VECTOR ( 'NONE', #2003, 1000.000000000000000 ) ;
#962 = ORIENTED_EDGE ( 'NONE', *, *, #1293, .T. ) ;
#963 = MECHANICAL_DESIGN_GEOMETRIC_PRESENTATION_REPRESENTATION (  '', ( #1475 ), #2456 ) ;
#964 = CARTESIAN_POINT ( 'NONE',  ( -1.050000000000000044, 0.1749999999999999889, 0.7750000000000003553 ) ) ;
#965 = ADVANCED_FACE ( 'NONE', ( #954 ), #1851, .F. ) ;
#966 = CIRCLE ( 'NONE', #1669, 0.2133150144477371224 ) ;
#967 = CIRCLE ( 'NONE', #1915, 0.05000000000000002359 ) ;
#968 = EDGE_CURVE ( 'NONE', #831, #2115, #2440, .T. ) ;
#969 = VECTOR ( 'NONE', #335, 1000.000000000000000 ) ;
#970 = EDGE_CURVE ( 'NONE', #549, #2295, #1284, .T. ) ;
#971 = ADVANCED_FACE ( 'NONE', ( #1520 ), #2457, .T. ) ;
#973 = LINE ( 'NONE', #1507, #1158 ) ;
#972 = AXIS2_PLACEMENT_3D ( 'NONE', #1103, #1151, #1904 ) ;
#974 = DIRECTION ( 'NONE',  ( -0.000000000000000000, 1.000000000000000000, 0.000000000000000000 ) ) ;
#975 = LINE ( 'NONE', #999, #614 ) ;
#976 = ORIENTED_EDGE ( 'NONE', *, *, #464, .T. ) ;
#977 = DIRECTION ( 'NONE',  ( 0.000000000000000000, -0.000000000000000000, -1.000000000000000000 ) ) ;
#978 = FILL_AREA_STYLE ('',( #1143 ) ) ;
#979 = CYLINDRICAL_SURFACE ( 'NONE', #1717, 0.2250000000000000611 ) ;
#980 = ADVANCED_FACE ( 'NONE', ( #1670 ), #2430, .F. ) ;
#981 = DIRECTION ( 'NONE',  ( -0.000000000000000000, -0.000000000000000000, -1.000000000000000000 ) ) ;
#982 = EDGE_CURVE ( 'NONE', #2037, #2218, #667, .T. ) ;
#983 = ORIENTED_EDGE ( 'NONE', *, *, #2033, .F. ) ;
#984 = CARTESIAN_POINT ( 'NONE',  ( -0.3553857855023278556, 1.100000000000000089, -0.8849104537154827144 ) ) ;
#985 = DIRECTION ( 'NONE',  ( 0.1736481776669307198, 0.9848077530122080203, 0.000000000000000000 ) ) ;
#986 = DIRECTION ( 'NONE',  ( 0.000000000000000000, 0.000000000000000000, 1.000000000000000000 ) ) ;
#987 = LINE ( 'NONE', #2158, #207 ) ;
#988 = CARTESIAN_POINT ( 'NONE',  ( -0.9698292877162679737, 0.1749999999999999611, 0.7750000000000003553 ) ) ;
#989 = EDGE_LOOP ( 'NONE', ( #1587, #1391, #1897, #1527, #118, #339, #1959, #2285, #2210 ) ) ;
#990 = CARTESIAN_POINT ( 'NONE',  ( 1.050000000000000044, 0.1749999999999999889, 0.5250000000000003553 ) ) ;
#991 = CARTESIAN_POINT ( 'NONE',  ( 0.6249999999999996669, 0.7500000000000000000, -0.7749999999999995781 ) ) ;
#992 = EDGE_CURVE ( 'NONE', #2314, #1308, #1719, .T. ) ;
#993 = LINE ( 'NONE', #1743, #1826 ) ;
#994 = ORIENTED_EDGE ( 'NONE', *, *, #477, .T. ) ;
#995 = CARTESIAN_POINT ( 'NONE',  ( 0.6249999999999996669, 0.7500000000000000000, 0.1250000000000004441 ) ) ;
#996 = CARTESIAN_POINT ( 'NONE',  ( -0.8025556125326023249, 0.7571535015568399141, 0.1250000000000004441 ) ) ;
#997 = CARTESIAN_POINT ( 'NONE',  ( -0.7500000000000002220, 0.1770408062811899830, -0.1249999999999995698 ) ) ;
#998 = DIRECTION ( 'NONE',  ( 0.000000000000000000, -0.000000000000000000, -1.000000000000000000 ) ) ;
#999 = CARTESIAN_POINT ( 'NONE',  ( 0.9698292877162679737, 0.1749999999999999611, 0.7750000000000003553 ) ) ;
#1000 = EDGE_LOOP ( 'NONE', ( #2396, #51, #2059, #1106 ) ) ;
#1001 = CARTESIAN_POINT ( 'NONE',  ( 0.9698292877162679737, 0.2250000000000000056, 0.1250000000000004441 ) ) ;
#1002 = ORIENTED_EDGE ( 'NONE', *, *, #1026, .F. ) ;
#1003 = ORIENTED_EDGE ( 'NONE', *, *, #337, .T. ) ;
#1004 = DIRECTION ( 'NONE',  ( -1.000000000000000000, 0.000000000000000000, 0.000000000000000000 ) ) ;
#1005 = ADVANCED_FACE ( 'NONE', ( #1389 ), #635, .F. ) ;
#1006 = UNCERTAINTY_MEASURE_WITH_UNIT (LENGTH_MEASURE( 1.000000000000000082E-05 ), #127, 'distance_accuracy_value', 'NONE');
#1007 = DIRECTION ( 'NONE',  ( 0.000000000000000000, -0.000000000000000000, -1.000000000000000000 ) ) ;
#1008 = ORIENTED_EDGE ( 'NONE', *, *, #551, .T. ) ;
#1009 = AXIS2_PLACEMENT_3D ( 'NONE', #1104, #1671, #540 ) ;
#1010 = DIRECTION ( 'NONE',  ( 0.2131519720835998721, 0.9770190565167459207, 0.000000000000000000 ) ) ;
#1011 = CLOSED_SHELL ( 'NONE', ( #1423, #1505, #403, #1606, #2315, #1830, #1322, #1741, #2336, #1053, #1739 ) ) ;
#1012 = STYLED_ITEM ( 'NONE', ( #934 ), #1189 ) ;
#1013 = DIRECTION ( 'NONE',  ( -0.000000000000000000, -0.000000000000000000, -1.000000000000000000 ) ) ;
#1014 = LINE ( 'NONE', #2298, #1017 ) ;
#1015 = CARTESIAN_POINT ( 'NONE',  ( 0.9698292877162679737, 0.2250000000000000056, 0.7750000000000003553 ) ) ;
#1016 = DIRECTION ( 'NONE',  ( -1.000000000000000000, 0.000000000000000000, 0.000000000000000000 ) ) ;
#1017 = VECTOR ( 'NONE', #619, 1000.000000000000000 ) ;
#1018 = CARTESIAN_POINT ( 'NONE',  ( 1.050000000000000044, 0.000000000000000000, -0.1249999999999995698 ) ) ;
#1019 = CARTESIAN_POINT ( 'NONE',  ( -0.5632855567520369533, 1.100000000000000089, -0.9999999999999995559 ) ) ;
#1020 = LINE ( 'NONE', #640, #2024 ) ;
#1021 = VERTEX_POINT ( 'NONE', #622 ) ;
#1022 = ORIENTED_EDGE ( 'NONE', *, *, #2136, .F. ) ;
#1023 = ORIENTED_EDGE ( 'NONE', *, *, #863, .F. ) ;
#1024 = ORIENTED_EDGE ( 'NONE', *, *, #1231, .T. ) ;
#1025 = LINE ( 'NONE', #1972, #1862 ) ;
#1026 = EDGE_CURVE ( 'NONE', #1738, #583, #416, .T. ) ;
#1027 = DIRECTION ( 'NONE',  ( -1.000000000000000000, 0.000000000000000000, 0.000000000000000000 ) ) ;
#1028 = ORIENTED_EDGE ( 'NONE', *, *, #2191, .F. ) ;
#1029 = CARTESIAN_POINT ( 'NONE',  ( 1.050000000000000044, 0.000000000000000000, 0.1250000000000004441 ) ) ;
#1030 = DIRECTION ( 'NONE',  ( 1.084202172485505297E-16, -0.000000000000000000, 1.000000000000000000 ) ) ;
#1031 = ORIENTED_EDGE ( 'NONE', *, *, #318, .T. ) ;
#1032 = CARTESIAN_POINT ( 'NONE',  ( 1.050000000000000044, 0.1749999999999999889, 0.1250000000000004441 ) ) ;
#1033 = UNCERTAINTY_MEASURE_WITH_UNIT (LENGTH_MEASURE( 1.000000000000000082E-05 ), #1420, 'distance_accuracy_value', 'NONE');
#1034 = CARTESIAN_POINT ( 'NONE',  ( -1.050000000000000044, 0.000000000000000000, -0.5249999999999995781 ) ) ;
#1035 = DIRECTION ( 'NONE',  ( -0.000000000000000000, -1.000000000000000000, -0.000000000000000000 ) ) ;
#1036 = DIRECTION ( 'NONE',  ( 1.000000000000000000, 0.000000000000000000, 0.000000000000000000 ) ) ;
#1037 = FACE_OUTER_BOUND ( 'NONE', #2098, .T. ) ;
#1038 = CARTESIAN_POINT ( 'NONE',  ( 0.5941427783760182546, 0.9250000000000000444, 0.7750000000000003553 ) ) ;
#1039 = LINE ( 'NONE', #2385, #969 ) ;
#1040 = CARTESIAN_POINT ( 'NONE',  ( -0.7500000000000001110, 0.1770408062811900385, -0.1249999999999995698 ) ) ;
#1041 = CARTESIAN_POINT ( 'NONE',  ( -0.5103874625394974052, 0.1000000000000004774, -0.9999999999999995559 ) ) ;
#1042 = DIRECTION ( 'NONE',  ( -0.000000000000000000, 1.000000000000000000, -0.000000000000000000 ) ) ;
#1043 = AXIS2_PLACEMENT_3D ( 'NONE', #16, #1732, #2450 ) ;
#1044 = EDGE_CURVE ( 'NONE', #1449, #1977, #987, .T. ) ;
#1045 = EDGE_CURVE ( 'NONE', #2181, #2115, #2124, .T. ) ;
#1046 = VECTOR ( 'NONE', #1291, 1000.000000000000000 ) ;
#1047 = DIRECTION ( 'NONE',  ( 0.000000000000000000, 1.000000000000000000, 0.000000000000000000 ) ) ;
#1049 = EDGE_CURVE ( 'NONE', #252, #1889, #1181, .T. ) ;
#1048 = APPLICATION_CONTEXT ( 'automotive_design' ) ;
#1050 = AXIS2_PLACEMENT_3D ( 'NONE', #1714, #2465, #790 ) ;
#1051 = VECTOR ( 'NONE', #387, 1000.000000000000114 ) ;
#1052 = AXIS2_PLACEMENT_3D ( 'NONE', #1439, #879, #1813 ) ;
#1053 = ADVANCED_FACE ( 'NONE', ( #1037 ), #1933, .T. ) ;
#1054 = ORIENTED_EDGE ( 'NONE', *, *, #2055, .F. ) ;
#1055 = ORIENTED_EDGE ( 'NONE', *, *, #970, .T. ) ;
#1056 = DIRECTION ( 'NONE',  ( 0.000000000000000000, 1.000000000000000000, 0.000000000000000000 ) ) ;
#1057 = CARTESIAN_POINT ( 'NONE',  ( 0.5941427783760182546, 0.9250000000000000444, 0.1250000000000004441 ) ) ;
#1058 = CARTESIAN_POINT ( 'NONE',  ( -1.050000000000000044, 0.1749999999999999889, 0.5250000000000003553 ) ) ;
#1059 = DIRECTION ( 'NONE',  ( 0.000000000000000000, 0.000000000000000000, 1.000000000000000000 ) ) ;
#1060 = DIRECTION ( 'NONE',  ( 0.000000000000000000, 0.000000000000000000, 1.000000000000000000 ) ) ;
#1061 = DIRECTION ( 'NONE',  ( 0.000000000000000000, 0.000000000000000000, 1.000000000000000000 ) ) ;
#1062 = DIRECTION ( 'NONE',  ( 0.000000000000000000, 0.000000000000000000, 1.000000000000000000 ) ) ;
#1063 = DIRECTION ( 'NONE',  ( -0.000000000000000000, -0.000000000000000000, -1.000000000000000000 ) ) ;
#1064 = ORIENTED_EDGE ( 'NONE', *, *, #2365, .F. ) ;
#1065 = CARTESIAN_POINT ( 'NONE',  ( 0.5941427783760182546, 0.7116849855522630053, 0.7750000000000003553 ) ) ;
#1066 =( LENGTH_UNIT ( ) NAMED_UNIT ( * ) SI_UNIT ( .MILLI., .METRE. ) );
#1067 = EDGE_CURVE ( 'NONE', #12, #1924, #423, .T. ) ;
#1068 = CARTESIAN_POINT ( 'NONE',  ( 0.5632855567520371753, 1.100000000000000089, 0.9999999999999988898 ) ) ;
#1069 = LINE ( 'NONE', #479, #2118 ) ;
#1070 = PLANE ( 'NONE',  #498 ) ;
#1071 = ORIENTED_EDGE ( 'NONE', *, *, #2100, .F. ) ;
#1072 = ORIENTED_EDGE ( 'NONE', *, *, #62, .T. ) ;
#1073 = CARTESIAN_POINT ( 'NONE',  ( -0.9698292877162679737, 0.000000000000000000, 0.1250000000000004441 ) ) ;
#1074 = EDGE_CURVE ( 'NONE', #2181, #1720, #1160, .T. ) ;
#1075 = AXIS2_PLACEMENT_3D ( 'NONE', #1592, #475, #1970 ) ;
#1076 = LINE ( 'NONE', #1818, #1622 ) ;
#1077 = ORIENTED_EDGE ( 'NONE', *, *, #1298, .T. ) ;
#1078 = CARTESIAN_POINT ( 'NONE',  ( -0.9698292877162679737, 0.000000000000000000, -0.5249999999999995781 ) ) ;
#1079 = PLANE ( 'NONE',  #818 ) ;
#1080 = EDGE_CURVE ( 'NONE', #919, #596, #784, .T. ) ;
#1081 = LINE ( 'NONE', #1806, #1361 ) ;
#1082 = DIRECTION ( 'NONE',  ( -1.000000000000000000, -3.380917237732666365E-16, 0.000000000000000000 ) ) ;
#1083 = CLOSED_SHELL ( 'NONE', ( #1586, #60, #1653, #1005, #2099, #142, #1394, #330, #752, #1979, #822 ) ) ;
#1084 = VECTOR ( 'NONE', #1120, 1000.000000000000000 ) ;
#1085 = ORIENTED_EDGE ( 'NONE', *, *, #1230, .T. ) ;
#1086 = AXIS2_PLACEMENT_3D ( 'NONE', #785, #1706, #759 ) ;
#1087 = VECTOR ( 'NONE', #408, 1000.000000000000000 ) ;
#1088 = SURFACE_SIDE_STYLE ('',( #1500 ) ) ;
#1089 = AXIS2_PLACEMENT_3D ( 'NONE', #929, #1723, #1684 ) ;
#1090 = DIRECTION ( 'NONE',  ( -0.000000000000000000, -0.000000000000000000, -1.000000000000000000 ) ) ;
#1091 = SURFACE_STYLE_FILL_AREA ( #1339 ) ;
#1092 = CARTESIAN_POINT ( 'NONE',  ( -0.9698292877162679737, 0.000000000000000000, 0.5250000000000003553 ) ) ;
#1093 = CARTESIAN_POINT ( 'NONE',  ( 0.9698292877162679737, 0.2250000000000000056, 0.5250000000000003553 ) ) ;
#1094 = EDGE_LOOP ( 'NONE', ( #1810, #2466, #151, #1254 ) ) ;
#1095 = ORIENTED_EDGE ( 'NONE', *, *, #1844, .F. ) ;
#1096 = APPLICATION_PROTOCOL_DEFINITION ( 'draft international standard', 'automotive_design', 1998, #756 ) ;
#1097 = CARTESIAN_POINT ( 'NONE',  ( -0.9698292877162679737, 0.2250000000000000056, -0.7749999999999995781 ) ) ;
#1098 = VERTEX_POINT ( 'NONE', #2312 ) ;
#1099 = CYLINDRICAL_SURFACE ( 'NONE', #1328, 0.05000000000000002359 ) ;
#1100 = DIRECTION ( 'NONE',  ( 1.000000000000000000, 3.380917237732666365E-16, 0.000000000000000000 ) ) ;
#1101 = CARTESIAN_POINT ( 'NONE',  ( 0.9209783348904306832, 0.2143424013958200036, 0.5250000000000003553 ) ) ;
#1102 = CARTESIAN_POINT ( 'NONE',  ( 0.6249999999999996669, 0.7500000000000000000, 0.7750000000000003553 ) ) ;
#1103 = CARTESIAN_POINT ( 'NONE',  ( -0.3553857855023278556, 1.100000000000000089, -0.7657701508415083458 ) ) ;
#1104 = CARTESIAN_POINT ( 'NONE',  ( 0.9209783348904306832, 0.2143424013958200036, 0.7750000000000003553 ) ) ;
#1105 = VERTEX_POINT ( 'NONE', #1801 ) ;
#1106 = ORIENTED_EDGE ( 'NONE', *, *, #1844, .T. ) ;
#1107 = LINE ( 'NONE', #884, #111 ) ;
#1108 = ORIENTED_EDGE ( 'NONE', *, *, #95, .F. ) ;
#1109 = EDGE_LOOP ( 'NONE', ( #2134, #1456, #686, #1868 ) ) ;
#1110 = LINE ( 'NONE', #964, #576 ) ;
#1111 = CARTESIAN_POINT ( 'NONE',  ( 1.050000000000000044, 0.000000000000000000, 0.1250000000000004441 ) ) ;
#1112 = PLANE ( 'NONE',  #1796 ) ;
#1113 = LINE ( 'NONE', #1681, #2347 ) ;
#1114 = LINE ( 'NONE', #1890, #412 ) ;
#1115 = CARTESIAN_POINT ( 'NONE',  ( 0.5103874625394977382, 0.1000000000000004774, -0.9999999999999995559 ) ) ;
#1116 = EDGE_CURVE ( 'NONE', #2461, #2130, #484, .T. ) ;
#1118 = ORIENTED_EDGE ( 'NONE', *, *, #1080, .F. ) ;
#1117 = STYLED_ITEM ( 'NONE', ( #562 ), #1975 ) ;
#1119 = DIRECTION ( 'NONE',  ( 0.000000000000000000, -0.000000000000000000, -1.000000000000000000 ) ) ;
#1120 = DIRECTION ( 'NONE',  ( 0.000000000000000000, -0.000000000000000000, -1.000000000000000000 ) ) ;
#1121 = CLOSED_SHELL ( 'NONE', ( #721, #611, #1366, #1232, #2112, #2359, #1837, #2282, #59, #1476, #711 ) ) ;
#1122 = EDGE_LOOP ( 'NONE', ( #1687, #1817, #221, #1513 ) ) ;
#1123 = VECTOR ( 'NONE', #925, 1000.000000000000000 ) ;
#1124 = VECTOR ( 'NONE', #1502, 1000.000000000000000 ) ;
#1125 = CARTESIAN_POINT ( 'NONE',  ( 0.9698292877162679737, 0.1749999999999999611, 0.1250000000000004441 ) ) ;
#1126 = AXIS2_PLACEMENT_3D ( 'NONE', #2349, #986, #26 ) ;
#1127 =( NAMED_UNIT ( * ) PLANE_ANGLE_UNIT ( ) SI_UNIT ( $, .RADIAN. ) );
#1128 = CYLINDRICAL_SURFACE ( 'NONE', #915, 0.05000000000000002359 ) ;
#1129 = DIRECTION ( 'NONE',  ( -1.084202172485505297E-16, -0.000000000000000000, -1.000000000000000000 ) ) ;
#1130 = DIRECTION ( 'NONE',  ( 0.000000000000000000, 0.000000000000000000, 1.000000000000000000 ) ) ;
#1131 = ORIENTED_EDGE ( 'NONE', *, *, #523, .F. ) ;
#1132 = DIRECTION ( 'NONE',  ( 0.000000000000000000, 1.000000000000000000, 0.000000000000000000 ) ) ;
#1133 = ORIENTED_EDGE ( 'NONE', *, *, #2011, .T. ) ;
#1134 = ORIENTED_EDGE ( 'NONE', *, *, #1229, .F. ) ;
#1135 = EDGE_CURVE ( 'NONE', #22, #2355, #2373, .T. ) ;
#1136 = DIRECTION ( 'NONE',  ( -0.000000000000000000, -1.000000000000000000, -0.000000000000000000 ) ) ;
#1137 = VERTEX_POINT ( 'NONE', #93 ) ;
#1138 = EDGE_LOOP ( 'NONE', ( #1204, #467, #2144, #1926 ) ) ;
#1139 = LINE ( 'NONE', #2105, #1555 ) ;
#1140 = DIRECTION ( 'NONE',  ( 0.000000000000000000, -1.000000000000000000, -0.000000000000000000 ) ) ;
#1141 = EDGE_LOOP ( 'NONE', ( #1201, #2113, #606, #103 ) ) ;
#1142 = DIRECTION ( 'NONE',  ( -1.000000000000000000, 0.000000000000000000, 0.000000000000000000 ) ) ;
#1143 = FILL_AREA_STYLE_COLOUR ( '', #882 ) ;
#1144 = ORIENTED_EDGE ( 'NONE', *, *, #1382, .T. ) ;
#1145 = ADVANCED_FACE ( 'NONE', ( #2164 ), #874, .F. ) ;
#1146 = MANIFOLD_SOLID_BREP ( 'LPattern1[1]', #1011 ) ;
#1147 = EDGE_CURVE ( 'NONE', #1396, #1686, #359, .T. ) ;
#1148 = CARTESIAN_POINT ( 'NONE',  ( -1.050000000000000044, 0.000000000000000000, 0.7750000000000003553 ) ) ;
#1149 = CARTESIAN_POINT ( 'NONE',  ( -0.7500000000000002220, 0.1770408062811899830, -0.7749999999999995781 ) ) ;
#1150 = DIRECTION ( 'NONE',  ( 0.000000000000000000, 0.000000000000000000, -1.000000000000000000 ) ) ;
#1151 = DIRECTION ( 'NONE',  ( 0.000000000000000000, 1.000000000000000000, 0.000000000000000000 ) ) ;
#1152 = DIRECTION ( 'NONE',  ( -1.084202172485505297E-16, -0.000000000000000000, -1.000000000000000000 ) ) ;
#1153 = EDGE_LOOP ( 'NONE', ( #289, #1095, #1939, #1206 ) ) ;
#1154 = ORIENTED_EDGE ( 'NONE', *, *, #677, .T. ) ;
#1155 = CARTESIAN_POINT ( 'NONE',  ( 0.5941427783760182546, 0.7116849855522630053, 0.1250000000000004441 ) ) ;
#1156 = LINE ( 'NONE', #443, #1597 ) ;
#1157 = AXIS2_PLACEMENT_3D ( 'NONE', #1849, #870, #2384 ) ;
#1158 = VECTOR ( 'NONE', #2244, 1000.000000000000000 ) ;
#1159 = VECTOR ( 'NONE', #722, 1000.000000000000000 ) ;
#1160 = LINE ( 'NONE', #1928, #2464 ) ;
#1161 = LINE ( 'NONE', #14, #1588 ) ;
#1162 = CIRCLE ( 'NONE', #1364, 0.2250000000000000611 ) ;
#1163 = VECTOR ( 'NONE', #2212, 1000.000000000000000 ) ;
#1164 = ORIENTED_EDGE ( 'NONE', *, *, #1651, .T. ) ;
#1165 = AXIS2_PLACEMENT_3D ( 'NONE', #1638, #692, #1665 ) ;
#1166 = CARTESIAN_POINT ( 'NONE',  ( 0.8025556125326023249, 0.7571535015568399141, -0.5249999999999995781 ) ) ;
#1168 = DIRECTION ( 'NONE',  ( 0.000000000000000000, -0.000000000000000000, -1.000000000000000000 ) ) ;
#1167 = AXIS2_PLACEMENT_3D ( 'NONE', #2109, #819, #2141 ) ;
#1169 = PLANE ( 'NONE',  #2383 ) ;
#1170 = EDGE_CURVE ( 'NONE', #384, #1021, #1448, .T. ) ;
#1171 = DIRECTION ( 'NONE',  ( -0.000000000000000000, 0.000000000000000000, 1.000000000000000000 ) ) ;
#1172 = DIRECTION ( 'NONE',  ( -0.2131519720835995946, -0.9770190565167459207, -0.000000000000000000 ) ) ;
#1173 = ORIENTED_EDGE ( 'NONE', *, *, #155, .F. ) ;
#1174 = CARTESIAN_POINT ( 'NONE',  ( -0.7500000000000002220, 0.1770408062811899830, 0.1250000000000004441 ) ) ;
#1175 = DIRECTION ( 'NONE',  ( -1.000000000000000000, 0.000000000000000000, 0.000000000000000000 ) ) ;
#1176 = ORIENTED_EDGE ( 'NONE', *, *, #488, .T. ) ;
#1177 = CARTESIAN_POINT ( 'NONE',  ( 1.050000000000000044, 0.000000000000000000, 0.7750000000000003553 ) ) ;
#1178 = EDGE_LOOP ( 'NONE', ( #629, #1002, #600, #736 ) ) ;
#1179 = ORIENTED_EDGE ( 'NONE', *, *, #136, .F. ) ;
#1180 = CARTESIAN_POINT ( 'NONE',  ( -0.5103874625394974052, 0.1000000000000004774, 0.9999999999999988898 ) ) ;
#1181 = LINE ( 'NONE', #1222, #2348 ) ;
#1182 = CARTESIAN_POINT ( 'NONE',  ( -1.050000000000000044, 0.000000000000000000, 0.7750000000000003553 ) ) ;
#1183 = DIRECTION ( 'NONE',  ( 0.000000000000000000, -0.000000000000000000, -1.000000000000000000 ) ) ;
#1184 = EDGE_CURVE ( 'NONE', #186, #253, #2151, .T. ) ;
#1185 = ORIENTED_EDGE ( 'NONE', *, *, #938, .F. ) ;
#1186 = FACE_OUTER_BOUND ( 'NONE', #708, .T. ) ;
#1187 = CARTESIAN_POINT ( 'NONE',  ( 1.050000000000000044, 0.000000000000000000, -0.5249999999999995781 ) ) ;
#1188 = ORIENTED_EDGE ( 'NONE', *, *, #687, .F. ) ;
#1189 = MANIFOLD_SOLID_BREP ( 'LPattern1[3]', #573 ) ;
#1190 = CYLINDRICAL_SURFACE ( 'NONE', #1075, 0.1191403028739743825 ) ;
#1191 = EDGE_CURVE ( 'NONE', #798, #1098, #2445, .T. ) ;
#1192 = ORIENTED_EDGE ( 'NONE', *, *, #2074, .F. ) ;
#1193 = ORIENTED_EDGE ( 'NONE', *, *, #2354, .F. ) ;
#1194 = DIRECTION ( 'NONE',  ( -0.2131519720835998721, 0.9770190565167459207, 0.000000000000000000 ) ) ;
#1195 = VERTEX_POINT ( 'NONE', #1282 ) ;
#1196 = MANIFOLD_SOLID_BREP ( 'Cut-Extrude1', #147 ) ;
#1197 = CARTESIAN_POINT ( 'NONE',  ( 0.6250000000000001110, 0.7500000000000000000, -0.9999999999999997780 ) ) ;
#1198 = FACE_OUTER_BOUND ( 'NONE', #2258, .T. ) ;
#1199 = LINE ( 'NONE', #11, #199 ) ;
#1200 = ORIENTED_EDGE ( 'NONE', *, *, #1373, .F. ) ;
#1201 = ORIENTED_EDGE ( 'NONE', *, *, #799, .F. ) ;
#1202 = ADVANCED_FACE ( 'NONE', ( #1672 ), #342, .F. ) ;
#1203 =( NAMED_UNIT ( * ) SI_UNIT ( $, .STERADIAN. ) SOLID_ANGLE_UNIT ( ) );
#1204 = ORIENTED_EDGE ( 'NONE', *, *, #331, .T. ) ;
#1205 = AXIS2_PLACEMENT_3D ( 'NONE', #2421, #1705, #399 ) ;
#1206 = ORIENTED_EDGE ( 'NONE', *, *, #863, .T. ) ;
#1207 = MECHANICAL_DESIGN_GEOMETRIC_PRESENTATION_REPRESENTATION (  '', ( #238 ), #575 ) ;
#1208 = CARTESIAN_POINT ( 'NONE',  ( -0.5941427783760182546, 0.9250000000000000444, -0.5249999999999995781 ) ) ;
#1209 = LINE ( 'NONE', #816, #1244 ) ;
#1210 = COLOUR_RGB ( '',0.7921568627450980005, 0.8196078431372548767, 0.9333333333333333481 ) ;
#1211 = VECTOR ( 'NONE', #406, 1000.000000000000000 ) ;
#1212 = VECTOR ( 'NONE', #1388, 1000.000000000000000 ) ;
#1213 = EDGE_LOOP ( 'NONE', ( #2278, #1907, #1395, #541 ) ) ;
#1214 = MANIFOLD_SOLID_BREP ( 'Mirror1', #1121 ) ;
#1215 = LINE ( 'NONE', #1041, #1956 ) ;
#1216 = EDGE_LOOP ( 'NONE', ( #533, #1028, #674, #495 ) ) ;
#1217 = EDGE_CURVE ( 'NONE', #169, #2304, #771, .T. ) ;
#1218 = PRESENTATION_STYLE_ASSIGNMENT (( #466 ) ) ;
#1219 = EDGE_CURVE ( 'NONE', #1858, #1575, #1477, .T. ) ;
#1220 = DIRECTION ( 'NONE',  ( -0.000000000000000000, -0.000000000000000000, -1.000000000000000000 ) ) ;
#1221 = DIRECTION ( 'NONE',  ( 1.000000000000000000, 0.000000000000000000, 0.000000000000000000 ) ) ;
#1222 = CARTESIAN_POINT ( 'NONE',  ( -1.050000000000000044, 0.1749999999999999889, -0.7749999999999995781 ) ) ;
#1223 = DIRECTION ( 'NONE',  ( -0.000000000000000000, -0.000000000000000000, -1.000000000000000000 ) ) ;
#1224 = DIRECTION ( 'NONE',  ( 1.000000000000000000, 0.000000000000000000, 0.000000000000000000 ) ) ;
#1225 = EDGE_CURVE ( 'NONE', #2267, #253, #2255, .T. ) ;
#1226 = CYLINDRICAL_SURFACE ( 'NONE', #920, 0.05000000000000002359 ) ;
#1227 = EDGE_CURVE ( 'NONE', #1575, #595, #2442, .T. ) ;
#1228 = ORIENTED_EDGE ( 'NONE', *, *, #525, .T. ) ;
#1229 = EDGE_CURVE ( 'NONE', #420, #251, #1265, .T. ) ;
#1230 = EDGE_CURVE ( 'NONE', #521, #1715, #201, .T. ) ;
#1231 = EDGE_CURVE ( 'NONE', #1335, #314, #966, .T. ) ;
#1232 = ADVANCED_FACE ( 'NONE', ( #1345 ), #2276, .F. ) ;
#1233 = DIRECTION ( 'NONE',  ( -0.1736481776669307475, -0.9848077530122080203, -0.000000000000000000 ) ) ;
#1234 = ORIENTED_EDGE ( 'NONE', *, *, #1662, .F. ) ;
#1235 = ORIENTED_EDGE ( 'NONE', *, *, #1191, .T. ) ;
#1236 = CARTESIAN_POINT ( 'NONE',  ( -0.9698292877162679737, 0.2250000000000000056, 0.7750000000000003553 ) ) ;
#1237 = ORIENTED_EDGE ( 'NONE', *, *, #1045, .F. ) ;
#1238 = DIRECTION ( 'NONE',  ( 0.000000000000000000, -0.000000000000000000, -1.000000000000000000 ) ) ;
#1239 = AXIS2_PLACEMENT_3D ( 'NONE', #593, #1934, #604 ) ;
#1240 = DIRECTION ( 'NONE',  ( -0.1736481776669307475, -0.9848077530122080203, 0.000000000000000000 ) ) ;
#1241 = AXIS2_PLACEMENT_3D ( 'NONE', #632, #1355, #985 ) ;
#1242 = CARTESIAN_POINT ( 'NONE',  ( 0.5941427783760182546, 0.9250000000000000444, -0.1249999999999995698 ) ) ;
#1243 = AXIS2_PLACEMENT_3D ( 'NONE', #300, #1062, #699 ) ;
#1244 = VECTOR ( 'NONE', #2318, 1000.000000000000000 ) ;
#1245 = ORIENTED_EDGE ( 'NONE', *, *, #2074, .T. ) ;
#1246 = PRODUCT ( 'Nexperia_TSSOP6 (SOT363)', 'Nexperia_TSSOP6 (SOT363)', '', ( #676 ) ) ;
#1247 = CARTESIAN_POINT ( 'NONE',  ( -0.8025556125326023249, 0.7571535015568399141, -0.5249999999999995781 ) ) ;
#1248 = DIRECTION ( 'NONE',  ( -0.000000000000000000, -1.000000000000000000, -0.000000000000000000 ) ) ;
#1249 = DIRECTION ( 'NONE',  ( -0.000000000000000000, -0.000000000000000000, -1.000000000000000000 ) ) ;
#1250 = CARTESIAN_POINT ( 'NONE',  ( 0.5941427783760182546, 0.9250000000000000444, -0.7749999999999995781 ) ) ;
#1251 = CARTESIAN_POINT ( 'NONE',  ( 1.050000000000000044, 0.1749999999999999889, 0.7750000000000003553 ) ) ;
#1252 = DIRECTION ( 'NONE',  ( -1.000000000000000000, 0.000000000000000000, 0.000000000000000000 ) ) ;
#1253 = EDGE_CURVE ( 'NONE', #834, #384, #1357, .T. ) ;
#1254 = ORIENTED_EDGE ( 'NONE', *, *, #1147, .T. ) ;
#1255 = VERTEX_POINT ( 'NONE', #28 ) ;
#1256 = DIRECTION ( 'NONE',  ( -0.000000000000000000, -0.000000000000000000, -1.000000000000000000 ) ) ;
#1257 = ORIENTED_EDGE ( 'NONE', *, *, #862, .F. ) ;
#1258 = APPLICATION_PROTOCOL_DEFINITION ( 'draft international standard', 'automotive_design', 1998, #1048 ) ;
#1259 = CYLINDRICAL_SURFACE ( 'NONE', #2405, 0.2133150144477371224 ) ;
#1260 = EDGE_LOOP ( 'NONE', ( #1381, #872 ) ) ;
#1261 = DIRECTION ( 'NONE',  ( 0.9848077530122080203, 0.1736481776669307475, 0.000000000000000000 ) ) ;
#1262 = DIRECTION ( 'NONE',  ( 1.000000000000000000, 0.000000000000000000, 0.000000000000000000 ) ) ;
#1263 = LINE ( 'NONE', #2005, #1399 ) ;
#1264 = CARTESIAN_POINT ( 'NONE',  ( -0.3553857855023278556, 1.000000000000000000, -0.8849104537154827144 ) ) ;
#1265 = LINE ( 'NONE', #2008, #1159 ) ;
#1266 = ORIENTED_EDGE ( 'NONE', *, *, #525, .F. ) ;
#1267 = ORIENTED_EDGE ( 'NONE', *, *, #1293, .F. ) ;
#1268 = DIRECTION ( 'NONE',  ( 0.000000000000000000, -0.000000000000000000, -1.000000000000000000 ) ) ;
#1269 = VERTEX_POINT ( 'NONE', #594 ) ;
#1270 = ORIENTED_EDGE ( 'NONE', *, *, #1219, .T. ) ;
#1271 = CARTESIAN_POINT ( 'NONE',  ( -0.8025556125326023249, 0.7571535015568399141, 0.7750000000000003553 ) ) ;
#1272 = VECTOR ( 'NONE', #304, 1000.000000000000000 ) ;
#1273 = CARTESIAN_POINT ( 'NONE',  ( 0.9209783348904306832, 0.2143424013958200036, 0.1250000000000004441 ) ) ;
#1274 = PLANE ( 'NONE',  #2222 ) ;
#1275 = AXIS2_PLACEMENT_3D ( 'NONE', #654, #468, #1221 ) ;
#1276 = VECTOR ( 'NONE', #685, 1000.000000000000000 ) ;
#1277 = VECTOR ( 'NONE', #1136, 1000.000000000000000 ) ;
#1278 = ORIENTED_EDGE ( 'NONE', *, *, #2159, .T. ) ;
#1279 = CARTESIAN_POINT ( 'NONE',  ( 0.7500000000000002220, 0.1770408062811899830, 0.1250000000000004441 ) ) ;
#1280 = AXIS2_PLACEMENT_3D ( 'NONE', #1579, #1372, #2145 ) ;
#1281 = AXIS2_PLACEMENT_3D ( 'NONE', #1314, #555, #1660 ) ;
#1282 = CARTESIAN_POINT ( 'NONE',  ( 0.5632855567520371753, 1.100000000000000089, 0.9999999999999988898 ) ) ;
#1283 = PLANE ( 'NONE',  #1050 ) ;
#1284 = CIRCLE ( 'NONE', #321, 0.2133150144477371224 ) ;
#1285 = ORIENTED_EDGE ( 'NONE', *, *, #644, .T. ) ;
#1286 = ADVANCED_FACE ( 'NONE', ( #43 ), #1551, .T. ) ;
#1287 = VERTEX_POINT ( 'NONE', #1750 ) ;
#1288 = LINE ( 'NONE', #1111, #1866 ) ;
#1289 = CARTESIAN_POINT ( 'NONE',  ( 0.9209783348904306832, 0.2143424013958200036, 0.7750000000000003553 ) ) ;
#1290 = CARTESIAN_POINT ( 'NONE',  ( -1.050000000000000044, 0.000000000000000000, 0.1250000000000004441 ) ) ;
#1291 = DIRECTION ( 'NONE',  ( -0.1736481776669307475, -0.9848077530122080203, -0.000000000000000000 ) ) ;
#1292 = CARTESIAN_POINT ( 'NONE',  ( -0.5632855567520369533, 1.100000000000000089, -0.9999999999999995559 ) ) ;
#1293 = EDGE_CURVE ( 'NONE', #1137, #1098, #2264, .T. ) ;
#1294 = VERTEX_POINT ( 'NONE', #2111 ) ;
#1295 = LINE ( 'NONE', #2039, #108 ) ;
#1296 = FILL_AREA_STYLE ('',( #733 ) ) ;
#1297 = ORIENTED_EDGE ( 'NONE', *, *, #888, .F. ) ;
#1298 = EDGE_CURVE ( 'NONE', #1479, #583, #2343, .T. ) ;
#1299 = EDGE_CURVE ( 'NONE', #2355, #252, #696, .T. ) ;
#1300 = DIRECTION ( 'NONE',  ( 1.000000000000000000, 0.000000000000000000, 0.000000000000000000 ) ) ;
#1301 = ADVANCED_FACE ( 'NONE', ( #2131 ), #439, .F. ) ;
#1302 = DIRECTION ( 'NONE',  ( 0.1736481776669307475, -0.9848077530122080203, 0.000000000000000000 ) ) ;
#1303 = DIRECTION ( 'NONE',  ( -1.000000000000000000, 0.000000000000000000, 0.000000000000000000 ) ) ;
#1304 = DIRECTION ( 'NONE',  ( 0.2131519720835995946, -0.9770190565167459207, -0.000000000000000000 ) ) ;
#1305 = EDGE_CURVE ( 'NONE', #766, #2162, #2169, .T. ) ;
#1306 = CARTESIAN_POINT ( 'NONE',  ( 0.9698292877162679737, 0.000000000000000000, 0.7750000000000003553 ) ) ;
#1307 = EDGE_CURVE ( 'NONE', #253, #186, #149, .T. ) ;
#1308 = VERTEX_POINT ( 'NONE', #2351 ) ;
#1309 = VERTEX_POINT ( 'NONE', #1787 ) ;
#1310 = DIRECTION ( 'NONE',  ( -0.000000000000000000, -0.000000000000000000, -1.000000000000000000 ) ) ;
#1311 = LINE ( 'NONE', #935, #701 ) ;
#1312 = ORIENTED_EDGE ( 'NONE', *, *, #1307, .T. ) ;
#1313 = EDGE_LOOP ( 'NONE', ( #485, #242, #193, #1637 ) ) ;
#1314 = CARTESIAN_POINT ( 'NONE',  ( -0.9698292877162679737, 0.2250000000000000056, 0.1250000000000004441 ) ) ;
#1315 = ADVANCED_BREP_SHAPE_REPRESENTATION ( 'Nexperia_TSSOP6 (SOT363)', ( #365, #1146, #311, #1214, #1189, #1975, #1196, #358, #2448 ), #2259 ) ;
#1316 = DIRECTION ( 'NONE',  ( 0.000000000000000000, 0.000000000000000000, 1.000000000000000000 ) ) ;
#1317 = CARTESIAN_POINT ( 'NONE',  ( -0.3553857855023278556, 1.000000000000000000, -0.7657701508415083458 ) ) ;
#1318 = AXIS2_PLACEMENT_3D ( 'NONE', #887, #2186, #1624 ) ;
#1319 = LINE ( 'NONE', #579, #1046 ) ;
#1320 = CARTESIAN_POINT ( 'NONE',  ( -0.5103874625394972941, 0.1000000000000004774, 0.9999999999999988898 ) ) ;
#1321 = FILL_AREA_STYLE_COLOUR ( '', #1402 ) ;
#1322 = ADVANCED_FACE ( 'NONE', ( #693 ), #89, .F. ) ;
#1323 = ORIENTED_EDGE ( 'NONE', *, *, #1647, .F. ) ;
#1324 = VECTOR ( 'NONE', #432, 1000.000000000000000 ) ;
#1325 = CARTESIAN_POINT ( 'NONE',  ( 0.7500000000000002220, 0.1770408062811899830, 0.7750000000000003553 ) ) ;
#1326 = MECHANICAL_DESIGN_GEOMETRIC_PRESENTATION_REPRESENTATION (  '', ( #106 ), #195 ) ;
#1327 = CARTESIAN_POINT ( 'NONE',  ( -1.050000000000000044, 0.000000000000000000, 0.7750000000000003553 ) ) ;
#1328 = AXIS2_PLACEMENT_3D ( 'NONE', #1847, #1836, #1300 ) ;
#1329 = CARTESIAN_POINT ( 'NONE',  ( -0.3553857855023278556, 1.100000000000000089, -0.6466298479675339772 ) ) ;
#1330 = VECTOR ( 'NONE', #1119, 1000.000000000000000 ) ;
#1331 = PLANE ( 'NONE',  #145 ) ;
#1332 = CARTESIAN_POINT ( 'NONE',  ( 0.9698292877162679737, 0.2250000000000000056, -0.7749999999999995781 ) ) ;
#1333 = DIRECTION ( 'NONE',  ( 0.2131519720835998999, -0.9770190565167459207, 0.000000000000000000 ) ) ;
#1334 = ORIENTED_EDGE ( 'NONE', *, *, #687, .T. ) ;
#1335 = VERTEX_POINT ( 'NONE', #1250 ) ;
#1336 = CARTESIAN_POINT ( 'NONE',  ( 0.5941427783760182546, 0.9250000000000000444, -0.7749999999999995781 ) ) ;
#1337 = ORIENTED_EDGE ( 'NONE', *, *, #197, .T. ) ;
#1338 = DIRECTION ( 'NONE',  ( 1.000000000000000000, 0.000000000000000000, 0.000000000000000000 ) ) ;
#1339 = FILL_AREA_STYLE ('',( #2270 ) ) ;
#1340 = ORIENTED_EDGE ( 'NONE', *, *, #1737, .F. ) ;
#1341 = DIRECTION ( 'NONE',  ( -0.1736481776669307475, 0.9848077530122080203, 0.000000000000000000 ) ) ;
#1342 = CARTESIAN_POINT ( 'NONE',  ( -1.050000000000000044, 0.000000000000000000, 0.7750000000000003553 ) ) ;
#1343 = CARTESIAN_POINT ( 'NONE',  ( -0.9698292877162679737, 0.1749999999999999611, 0.5250000000000003553 ) ) ;
#1344 = LINE ( 'NONE', #417, #1599 ) ;
#1345 = FACE_OUTER_BOUND ( 'NONE', #1122, .T. ) ;
#1346 = ORIENTED_EDGE ( 'NONE', *, *, #1852, .T. ) ;
#1347 = EDGE_LOOP ( 'NONE', ( #2249, #236, #1188, #2182 ) ) ;
#1348 = DIRECTION ( 'NONE',  ( 1.000000000000000000, 0.000000000000000000, 0.000000000000000000 ) ) ;
#1349 = CARTESIAN_POINT ( 'NONE',  ( -0.9209783348904306832, 0.2143424013958200036, 0.5250000000000003553 ) ) ;
#1350 = VERTEX_POINT ( 'NONE', #61 ) ;
#1351 = LINE ( 'NONE', #1692, #1087 ) ;
#1352 = EDGE_CURVE ( 'NONE', #924, #433, #664, .T. ) ;
#1353 = VERTEX_POINT ( 'NONE', #284 ) ;
#1354 = DIRECTION ( 'NONE',  ( 0.9770190565167459207, 0.2131519720835998999, 0.000000000000000000 ) ) ;
#1355 = DIRECTION ( 'NONE',  ( 0.9848077530122080203, -0.1736481776669307198, -1.067730705296404815E-16 ) ) ;
#1356 = DIRECTION ( 'NONE',  ( -0.000000000000000000, 0.000000000000000000, -1.000000000000000000 ) ) ;
#1357 = LINE ( 'NONE', #1765, #1362 ) ;
#1358 = EDGE_LOOP ( 'NONE', ( #2346, #788, #1623, #340 ) ) ;
#1359 = ORIENTED_EDGE ( 'NONE', *, *, #2437, .F. ) ;
#1360 = LINE ( 'NONE', #1546, #1211 ) ;
#1361 = VECTOR ( 'NONE', #2386, 1000.000000000000000 ) ;
#1362 = VECTOR ( 'NONE', #1183, 1000.000000000000000 ) ;
#1363 = CARTESIAN_POINT ( 'NONE',  ( -0.6249999999999996669, 0.7500000000000000000, 0.9999999999999988898 ) ) ;
#1364 = AXIS2_PLACEMENT_3D ( 'NONE', #181, #1859, #2331 ) ;
#1365 = AXIS2_PLACEMENT_3D ( 'NONE', #1290, #1262, #1863 ) ;
#1366 = ADVANCED_FACE ( 'NONE', ( #1957 ), #1416, .T. ) ;
#1367 = AXIS2_PLACEMENT_3D ( 'NONE', #2140, #2157, #1549 ) ;
#1368 = VECTOR ( 'NONE', #2367, 1000.000000000000000 ) ;
#1369 = CARTESIAN_POINT ( 'NONE',  ( -0.3553857855023278556, 1.100000000000000089, -0.8849104537154827144 ) ) ;
#1370 = LINE ( 'NONE', #18, #1482 ) ;
#1371 = CARTESIAN_POINT ( 'NONE',  ( 0.5941427783760182546, 0.7116849855522630053, 0.1250000000000004441 ) ) ;
#1372 = DIRECTION ( 'NONE',  ( -0.000000000000000000, -0.000000000000000000, -1.000000000000000000 ) ) ;
#1373 = EDGE_CURVE ( 'NONE', #2195, #2009, #78, .T. ) ;
#1374 = CYLINDRICAL_SURFACE ( 'NONE', #921, 0.2250000000000000611 ) ;
#1375 = ORIENTED_EDGE ( 'NONE', *, *, #992, .T. ) ;
#1376 = PRODUCT_DEFINITION_CONTEXT ( 'detailed design', #756, 'design' ) ;
#1377 = CYLINDRICAL_SURFACE ( 'NONE', #1275, 0.2133150144477371224 ) ;
#1378 = CARTESIAN_POINT ( 'NONE',  ( -0.5941427783760182546, 0.7116849855522630053, 0.7750000000000003553 ) ) ;
#1379 = CARTESIAN_POINT ( 'NONE',  ( -0.6249999999999996669, 0.7500000000000000000, -0.5249999999999995781 ) ) ;
#1380 = DIRECTION ( 'NONE',  ( 1.000000000000000000, 0.000000000000000000, 0.000000000000000000 ) ) ;
#1381 = ORIENTED_EDGE ( 'NONE', *, *, #2129, .F. ) ;
#1382 = EDGE_CURVE ( 'NONE', #1255, #749, #1069, .T. ) ;
#1383 = CARTESIAN_POINT ( 'NONE',  ( -0.9209783348904306832, 0.2143424013958200036, 0.7750000000000003553 ) ) ;
#1384 = LINE ( 'NONE', #1753, #1674 ) ;
#1385 = ORIENTED_EDGE ( 'NONE', *, *, #1466, .F. ) ;
#1386 = ORIENTED_EDGE ( 'NONE', *, *, #2277, .T. ) ;
#1387 = CARTESIAN_POINT ( 'NONE',  ( -1.050000000000000044, 0.000000000000000000, -0.7749999999999995781 ) ) ;
#1388 = DIRECTION ( 'NONE',  ( -0.000000000000000000, -0.000000000000000000, -1.000000000000000000 ) ) ;
#1389 = FACE_OUTER_BOUND ( 'NONE', #1000, .T. ) ;
#1390 = ORIENTED_EDGE ( 'NONE', *, *, #449, .T. ) ;
#1391 = ORIENTED_EDGE ( 'NONE', *, *, #1627, .F. ) ;
#1392 = DIRECTION ( 'NONE',  ( -0.1736481776669307475, 0.9848077530122080203, 0.000000000000000000 ) ) ;
#1393 = AXIS2_PLACEMENT_3D ( 'NONE', #833, #1398, #2332 ) ;
#1394 = ADVANCED_FACE ( 'NONE', ( #1814 ), #1620, .F. ) ;
#1395 = ORIENTED_EDGE ( 'NONE', *, *, #2437, .T. ) ;
#1396 = VERTEX_POINT ( 'NONE', #1424 ) ;
#1397 = DIRECTION ( 'NONE',  ( 1.000000000000000000, 0.000000000000000000, 0.000000000000000000 ) ) ;
#1398 = DIRECTION ( 'NONE',  ( 0.000000000000000000, 0.000000000000000000, 1.000000000000000000 ) ) ;
#1399 = VECTOR ( 'NONE', #1304, 1000.000000000000114 ) ;
#1400 = DIRECTION ( 'NONE',  ( 0.1736481776669307475, 0.9848077530122080203, -0.000000000000000000 ) ) ;
#1401 = CIRCLE ( 'NONE', #315, 0.05000000000000002359 ) ;
#1402 = COLOUR_RGB ( '',0.7921568627450980005, 0.8196078431372548767, 0.9333333333333333481 ) ;
#1403 = AXIS2_PLACEMENT_3D ( 'NONE', #567, #2116, #2463 ) ;
#1404 = VECTOR ( 'NONE', #658, 1000.000000000000000 ) ;
#1405 = LINE ( 'NONE', #2161, #153 ) ;
#1406 = VECTOR ( 'NONE', #1129, 1000.000000000000000 ) ;
#1407 = ADVANCED_FACE ( 'NONE', ( #1964 ), #1777, .T. ) ;
#1408 = VERTEX_POINT ( 'NONE', #50 ) ;
#1409 = PLANE ( 'NONE',  #851 ) ;
#1410 = EDGE_CURVE ( 'NONE', #1309, #31, #836, .T. ) ;
#1411 = EDGE_CURVE ( 'NONE', #2304, #1996, #1405, .T. ) ;
#1412 = PLANE ( 'NONE',  #369 ) ;
#1413 = EDGE_CURVE ( 'NONE', #2002, #2137, #1039, .T. ) ;
#1414 = ORIENTED_EDGE ( 'NONE', *, *, #982, .F. ) ;
#1415 = PLANE ( 'NONE',  #493 ) ;
#1416 = CYLINDRICAL_SURFACE ( 'NONE', #2417, 0.2250000000000000611 ) ;
#1417 = EDGE_CURVE ( 'NONE', #2076, #2, #2400, .T. ) ;
#1418 = CARTESIAN_POINT ( 'NONE',  ( -1.050000000000000044, 0.1749999999999999889, -0.5249999999999995781 ) ) ;
#1419 = VERTEX_POINT ( 'NONE', #538 ) ;
#1420 =( LENGTH_UNIT ( ) NAMED_UNIT ( * ) SI_UNIT ( .MILLI., .METRE. ) );
#1421 = CARTESIAN_POINT ( 'NONE',  ( 0.9698292877162679737, 0.1749999999999999611, 0.5250000000000003553 ) ) ;
#1422 = SURFACE_STYLE_USAGE ( .BOTH. , #1802 ) ;
#1423 = ADVANCED_FACE ( 'NONE', ( #704 ), #1824, .F. ) ;
#1424 = CARTESIAN_POINT ( 'NONE',  ( 0.8025556125326023249, 0.7571535015568399141, 0.1250000000000004441 ) ) ;
#1425 = DIRECTION ( 'NONE',  ( 1.000000000000000000, -0.000000000000000000, -0.000000000000000000 ) ) ;
#1426 = ORIENTED_EDGE ( 'NONE', *, *, #1798, .F. ) ;
#1427 = VERTEX_POINT ( 'NONE', #1101 ) ;
#1428 = DIRECTION ( 'NONE',  ( -1.000000000000000000, 0.000000000000000000, 0.000000000000000000 ) ) ;
#1429 = CARTESIAN_POINT ( 'NONE',  ( -0.9209783348904306832, 0.2143424013958200036, -0.5249999999999995781 ) ) ;
#1430 = CIRCLE ( 'NONE', #878, 0.2250000000000000611 ) ;
#1431 = ORIENTED_EDGE ( 'NONE', *, *, #1767, .T. ) ;
#1432 = PRESENTATION_STYLE_ASSIGNMENT (( #1422 ) ) ;
#1433 = DIRECTION ( 'NONE',  ( 1.000000000000000000, 0.000000000000000000, 0.000000000000000000 ) ) ;
#1434 = VECTOR ( 'NONE', #2399, 1000.000000000000000 ) ;
#1435 = SURFACE_SIDE_STYLE ('',( #1821 ) ) ;
#1436 = EDGE_CURVE ( 'NONE', #1720, #1294, #2004, .T. ) ;
#1437 = CIRCLE ( 'NONE', #1865, 0.2250000000000000611 ) ;
#1438 = AXIS2_PLACEMENT_3D ( 'NONE', #2094, #2289, #1333 ) ;
#1439 = CARTESIAN_POINT ( 'NONE',  ( 0.5941427783760182546, 0.9250000000000000444, -0.5249999999999995781 ) ) ;
#1440 = DIRECTION ( 'NONE',  ( 1.000000000000000000, -3.380917237732666365E-16, 0.000000000000000000 ) ) ;
#1441 = CIRCLE ( 'NONE', #1759, 0.2133150144477371224 ) ;
#1442 = AXIS2_PLACEMENT_3D ( 'NONE', #1327, #960, #2407 ) ;
#1443 = AXIS2_PLACEMENT_3D ( 'NONE', #1155, #1885, #1348 ) ;
#1444 = EDGE_LOOP ( 'NONE', ( #2235, #2085, #367, #2370 ) ) ;
#1445 = ORIENTED_EDGE ( 'NONE', *, *, #610, .T. ) ;
#1446 = FACE_OUTER_BOUND ( 'NONE', #1604, .T. ) ;
#1447 = ADVANCED_FACE ( 'NONE', ( #1850 ), #1079, .F. ) ;
#1448 = LINE ( 'NONE', #1873, #1628 ) ;
#1449 = VERTEX_POINT ( 'NONE', #909 ) ;
#1450 = PRODUCT_DEFINITION_SHAPE ( 'NONE', 'NONE',  #1773 ) ;
#1451 = DIRECTION ( 'NONE',  ( -3.380917237732666365E-16, -1.000000000000000000, 0.000000000000000000 ) ) ;
#1452 = LINE ( 'NONE', #754, #2416 ) ;
#1453 = LINE ( 'NONE', #509, #1434 ) ;
#1454 = DIRECTION ( 'NONE',  ( 1.000000000000000000, 0.000000000000000000, -0.000000000000000000 ) ) ;
#1455 = CARTESIAN_POINT ( 'NONE',  ( -0.7500000000000001110, 0.1770408062811900385, -0.5249999999999995781 ) ) ;
#1456 = ORIENTED_EDGE ( 'NONE', *, *, #585, .F. ) ;
#1457 = ORIENTED_EDGE ( 'NONE', *, *, #23, .T. ) ;
#1458 = DIRECTION ( 'NONE',  ( -1.000000000000000000, 0.000000000000000000, 0.000000000000000000 ) ) ;
#1459 = CARTESIAN_POINT ( 'NONE',  ( 0.5941427783760182546, 0.9250000000000000444, 0.1250000000000004441 ) ) ;
#1460 = CARTESIAN_POINT ( 'NONE',  ( -1.050000000000000044, 0.000000000000000000, 0.5250000000000003553 ) ) ;
#1461 = CARTESIAN_POINT ( 'NONE',  ( -0.3553857855023278556, 1.100000000000000089, -0.6466298479675339772 ) ) ;
#1462 = FACE_OUTER_BOUND ( 'NONE', #824, .T. ) ;
#1463 = CARTESIAN_POINT ( 'NONE',  ( -1.050000000000000044, 0.1749999999999999889, 0.7750000000000003553 ) ) ;
#1464 =( LENGTH_UNIT ( ) NAMED_UNIT ( * ) SI_UNIT ( .MILLI., .METRE. ) );
#1465 = EDGE_LOOP ( 'NONE', ( #1144, #1131, #1193, #1445 ) ) ;
#1466 = EDGE_CURVE ( 'NONE', #2314, #1427, #1493, .T. ) ;
#1467 = VERTEX_POINT ( 'NONE', #1667 ) ;
#1468 = LINE ( 'NONE', #121, #2342 ) ;
#1469 = DIRECTION ( 'NONE',  ( 1.000000000000000000, 0.000000000000000000, 0.000000000000000000 ) ) ;
#1470 = VECTOR ( 'NONE', #516, 1000.000000000000000 ) ;
#1471 = DIRECTION ( 'NONE',  ( -1.084202172485505297E-16, -0.000000000000000000, -1.000000000000000000 ) ) ;
#1472 = DIRECTION ( 'NONE',  ( -0.9848077530122080203, -0.1736481776669307198, 1.067730705296404815E-16 ) ) ;
#1473 = FACE_OUTER_BOUND ( 'NONE', #2330, .T. ) ;
#1474 = VECTOR ( 'NONE', #639, 1000.000000000000000 ) ;
#1475 = STYLED_ITEM ( 'NONE', ( #1537 ), #1196 ) ;
#1476 = ADVANCED_FACE ( 'NONE', ( #2419 ), #323, .T. ) ;
#1477 = LINE ( 'NONE', #1698, #2412 ) ;
#1478 = AXIS2_PLACEMENT_3D ( 'NONE', #2172, #1782, #1397 ) ;
#1479 = VERTEX_POINT ( 'NONE', #349 ) ;
#1480 = ORIENTED_EDGE ( 'NONE', *, *, #862, .T. ) ;
#1481 = DIRECTION ( 'NONE',  ( -0.000000000000000000, 1.000000000000000000, -0.000000000000000000 ) ) ;
#1482 = VECTOR ( 'NONE', #1786, 1000.000000000000000 ) ;
#1483 = EDGE_CURVE ( 'NONE', #251, #2138, #1113, .T. ) ;
#1484 = DIRECTION ( 'NONE',  ( 0.000000000000000000, 0.000000000000000000, 1.000000000000000000 ) ) ;
#1485 = EDGE_CURVE ( 'NONE', #2218, #1835, #2252, .T. ) ;
#1486 = CARTESIAN_POINT ( 'NONE',  ( -0.9209783348904306832, 0.2143424013958200036, 0.1250000000000004441 ) ) ;
#1487 = EDGE_CURVE ( 'NONE', #167, #2267, #2308, .T. ) ;
#1488 = AXIS2_PLACEMENT_3D ( 'NONE', #1378, #1943, #233 ) ;
#1489 = DIRECTION ( 'NONE',  ( -0.000000000000000000, -0.000000000000000000, -1.000000000000000000 ) ) ;
#1490 = EDGE_CURVE ( 'NONE', #1992, #1766, #613, .T. ) ;
#1491 = FACE_OUTER_BOUND ( 'NONE', #1358, .T. ) ;
#1492 = CARTESIAN_POINT ( 'NONE',  ( -0.6249999999999998890, 0.7500000000000000000, -0.9999999999999995559 ) ) ;
#1493 = LINE ( 'NONE', #716, #320 ) ;
#1494 = CARTESIAN_POINT ( 'NONE',  ( -0.6249999999999996669, 0.7500000000000000000, 0.9999999999999988898 ) ) ;
#1495 = CARTESIAN_POINT ( 'NONE',  ( 1.050000000000000044, 0.1749999999999999889, 0.7750000000000003553 ) ) ;
#1496 = FACE_OUTER_BOUND ( 'NONE', #1906, .T. ) ;
#1497 = FILL_AREA_STYLE ('',( #1321 ) ) ;
#1498 = EDGE_LOOP ( 'NONE', ( #1602, #932, #1185, #1022 ) ) ;
#1499 = LINE ( 'NONE', #1870, #663 ) ;
#1500 = SURFACE_STYLE_FILL_AREA ( #1296 ) ;
#1501 = DIRECTION ( 'NONE',  ( 0.000000000000000000, 0.000000000000000000, 1.000000000000000000 ) ) ;
#1502 = DIRECTION ( 'NONE',  ( -0.000000000000000000, -1.000000000000000000, -0.000000000000000000 ) ) ;
#1503 = ORIENTED_EDGE ( 'NONE', *, *, #23, .F. ) ;
#1504 = DIRECTION ( 'NONE',  ( 1.000000000000000000, 0.000000000000000000, 0.000000000000000000 ) ) ;
#1505 = ADVANCED_FACE ( 'NONE', ( #85 ), #288, .F. ) ;
#1506 = CARTESIAN_POINT ( 'NONE',  ( -0.3553857855023278556, 1.100000000000000089, -0.8849104537154827144 ) ) ;
#1507 = CARTESIAN_POINT ( 'NONE',  ( -1.050000000000000044, 0.000000000000000000, -0.1249999999999995698 ) ) ;
#1508 = CARTESIAN_POINT ( 'NONE',  ( -0.7500000000000002220, 0.1770408062811899830, 0.7750000000000003553 ) ) ;
#1509 = DIRECTION ( 'NONE',  ( 0.000000000000000000, -0.000000000000000000, -1.000000000000000000 ) ) ;
#1510 = ORIENTED_EDGE ( 'NONE', *, *, #612, .T. ) ;
#1511 = CARTESIAN_POINT ( 'NONE',  ( -0.7500000000000001110, 0.1770408062811900385, 0.5250000000000003553 ) ) ;
#1512 = ORIENTED_EDGE ( 'NONE', *, *, #1819, .F. ) ;
#1513 = ORIENTED_EDGE ( 'NONE', *, *, #2170, .T. ) ;
#1514 = DIRECTION ( 'NONE',  ( -0.000000000000000000, -0.000000000000000000, -1.000000000000000000 ) ) ;
#1515 = DIRECTION ( 'NONE',  ( 0.9770190565167460317, -0.2131519720835995946, 0.000000000000000000 ) ) ;
#1516 = CARTESIAN_POINT ( 'NONE',  ( -0.9698292877162679737, 0.2250000000000000056, 0.5250000000000003553 ) ) ;
#1517 = DIRECTION ( 'NONE',  ( 0.000000000000000000, -0.000000000000000000, -1.000000000000000000 ) ) ;
#1518 = AXIS2_PLACEMENT_3D ( 'NONE', #670, #631, #499 ) ;
#1519 = FACE_OUTER_BOUND ( 'NONE', #2250, .T. ) ;
#1520 = FACE_OUTER_BOUND ( 'NONE', #865, .T. ) ;
#1521 = CARTESIAN_POINT ( 'NONE',  ( 0.7500000000000001110, 0.1770408062811900385, -0.7749999999999995781 ) ) ;
#1522 = ORIENTED_EDGE ( 'NONE', *, *, #968, .F. ) ;
#1523 = ORIENTED_EDGE ( 'NONE', *, *, #880, .T. ) ;
#1524 = FACE_OUTER_BOUND ( 'NONE', #1213, .T. ) ;
#1525 = CIRCLE ( 'NONE', #817, 0.05000000000000002359 ) ;
#1526 = VECTOR ( 'NONE', #524, 1000.000000000000000 ) ;
#1527 = ORIENTED_EDGE ( 'NONE', *, *, #2426, .F. ) ;
#1528 = EDGE_LOOP ( 'NONE', ( #455, #2310, #1752, #871 ) ) ;
#1529 = CIRCLE ( 'NONE', #319, 0.2133150144477371224 ) ;
#1530 = FACE_OUTER_BOUND ( 'NONE', #2335, .T. ) ;
#1531 = CIRCLE ( 'NONE', #1403, 0.2250000000000000611 ) ;
#1532 = SURFACE_STYLE_USAGE ( .BOTH. , #2223 ) ;
#1533 = LINE ( 'NONE', #2272, #271 ) ;
#1534 = DIRECTION ( 'NONE',  ( -1.000000000000000000, 0.000000000000000000, 0.000000000000000000 ) ) ;
#1535 = VERTEX_POINT ( 'NONE', #1421 ) ;
#1536 = EDGE_LOOP ( 'NONE', ( #1085, #1678, #381, #91 ) ) ;
#1537 = PRESENTATION_STYLE_ASSIGNMENT (( #216 ) ) ;
#1538 = EDGE_CURVE ( 'NONE', #92, #2195, #277, .T. ) ;
#1539 = DIRECTION ( 'NONE',  ( 0.000000000000000000, 0.000000000000000000, 1.000000000000000000 ) ) ;
#1540 = EDGE_LOOP ( 'NONE', ( #651, #2153, #958, #440, #1614, #1179, #2339, #1690, #1054 ) ) ;
#1541 = ORIENTED_EDGE ( 'NONE', *, *, #10, .F. ) ;
#1542 = DIRECTION ( 'NONE',  ( 1.000000000000000000, 0.000000000000000000, -0.000000000000000000 ) ) ;
#1543 = LINE ( 'NONE', #2288, #2303 ) ;
#1544 = LINE ( 'NONE', #1923, #65 ) ;
#1545 = CARTESIAN_POINT ( 'NONE',  ( -0.9209783348904306832, 0.2143424013958200036, 0.5250000000000003553 ) ) ;
#1546 = CARTESIAN_POINT ( 'NONE',  ( -0.5632855567520369533, 1.100000000000000089, 0.9999999999999988898 ) ) ;
#1547 = ORIENTED_EDGE ( 'NONE', *, *, #1299, .T. ) ;
#1548 = EDGE_CURVE ( 'NONE', #2115, #1294, #2205, .T. ) ;
#1549 = DIRECTION ( 'NONE',  ( 0.000000000000000000, 0.000000000000000000, 1.000000000000000000 ) ) ;
#1550 = PLANE ( 'NONE',  #192 ) ;
#1551 = CYLINDRICAL_SURFACE ( 'NONE', #413, 0.1191403028739743825 ) ;
#1552 = ORIENTED_EDGE ( 'NONE', *, *, #2453, .T. ) ;
#1553 = FACE_OUTER_BOUND ( 'NONE', #1498, .T. ) ;
#1554 = CARTESIAN_POINT ( 'NONE',  ( -0.5941427783760182546, 0.9250000000000000444, 0.7750000000000003553 ) ) ;
#1555 = VECTOR ( 'NONE', #615, 1000.000000000000000 ) ;
#1556 = ORIENTED_EDGE ( 'NONE', *, *, #1918, .T. ) ;
#1557 = ORIENTED_EDGE ( 'NONE', *, *, #2106, .F. ) ;
#1558 = VECTOR ( 'NONE', #1233, 1000.000000000000000 ) ;
#1559 = DIRECTION ( 'NONE',  ( -1.000000000000000000, 0.000000000000000000, 0.000000000000000000 ) ) ;
#1560 = LINE ( 'NONE', #1177, #517 ) ;
#1561 = ADVANCED_FACE ( 'NONE', ( #2013 ), #1658, .F. ) ;
#1562 = VECTOR ( 'NONE', #1471, 1000.000000000000000 ) ;
#1563 = ORIENTED_EDGE ( 'NONE', *, *, #1191, .F. ) ;
#1564 = CIRCLE ( 'NONE', #1986, 0.1191403028739743825 ) ;
#1565 = LINE ( 'NONE', #652, #571 ) ;
#1566 = EDGE_CURVE ( 'NONE', #1449, #8, #1311, .T. ) ;
#1567 = LINE ( 'NONE', #224, #37 ) ;
#1568 = CARTESIAN_POINT ( 'NONE',  ( 0.9698292877162679737, 0.2250000000000000056, -0.1249999999999995698 ) ) ;
#1569 = FACE_OUTER_BOUND ( 'NONE', #1094, .T. ) ;
#1570 = CARTESIAN_POINT ( 'NONE',  ( 0.9698292877162679737, 0.2250000000000000056, 0.5250000000000003553 ) ) ;
#1571 = LINE ( 'NONE', #1187, #2187 ) ;
#1572 = VERTEX_POINT ( 'NONE', #1486 ) ;
#1573 = SURFACE_SIDE_STYLE ('',( #1091 ) ) ;
#1574 = LINE ( 'NONE', #1783, #910 ) ;
#1575 = VERTEX_POINT ( 'NONE', #1843 ) ;
#1576 = CARTESIAN_POINT ( 'NONE',  ( 0.5632855567520371753, 1.100000000000000089, -0.9999999999999995559 ) ) ;
#1577 = EDGE_CURVE ( 'NONE', #2371, #829, #2087, .T. ) ;
#1578 = CARTESIAN_POINT ( 'NONE',  ( -0.9209783348904306832, 0.2143424013958200036, 0.1250000000000004441 ) ) ;
#1579 = CARTESIAN_POINT ( 'NONE',  ( -0.5941427783760182546, 0.7116849855522630053, -0.5249999999999995781 ) ) ;
#1580 = ORIENTED_EDGE ( 'NONE', *, *, #2080, .T. ) ;
#1581 = ORIENTED_EDGE ( 'NONE', *, *, #2365, .T. ) ;
#1582 = ORIENTED_EDGE ( 'NONE', *, *, #737, .T. ) ;
#1583 = EDGE_CURVE ( 'NONE', #2130, #678, #2069, .T. ) ;
#1584 = ADVANCED_FACE ( 'NONE', ( #360 ), #189, .F. ) ;
#1585 = CARTESIAN_POINT ( 'NONE',  ( 0.9698292877162679737, 0.1749999999999999611, -0.5249999999999995781 ) ) ;
#1586 = ADVANCED_FACE ( 'NONE', ( #1874 ), #164, .F. ) ;
#1587 = ORIENTED_EDGE ( 'NONE', *, *, #1566, .F. ) ;
#1588 = VECTOR ( 'NONE', #2044, 1000.000000000000000 ) ;
#1589 = VERTEX_POINT ( 'NONE', #2237 ) ;
#1590 = CARTESIAN_POINT ( 'NONE',  ( -0.9698292877162679737, 0.2250000000000000056, 0.1250000000000004441 ) ) ;
#1591 = VECTOR ( 'NONE', #1652, 1000.000000000000000 ) ;
#1592 = CARTESIAN_POINT ( 'NONE',  ( -0.3553857855023278556, 1.100000000000000089, -0.7657701508415083458 ) ) ;
#1593 = ORIENTED_EDGE ( 'NONE', *, *, #1548, .T. ) ;
#1594 = AXIS2_PLACEMENT_3D ( 'NONE', #1251, #2023, #1974 ) ;
#1595 = VECTOR ( 'NONE', #287, 1000.000000000000000 ) ;
#1596 = PRESENTATION_LAYER_ASSIGNMENT (  '', '', ( #2307 ) ) ;
#1597 = VECTOR ( 'NONE', #1728, 1000.000000000000000 ) ;
#1598 = AXIS2_PLACEMENT_3D ( 'NONE', #1332, #350, #1696 ) ;
#1599 = VECTOR ( 'NONE', #2300, 1000.000000000000000 ) ;
#1600 = CARTESIAN_POINT ( 'NONE',  ( -0.3553857855023278556, 1.100000000000000089, -0.7657701508415083458 ) ) ;
#1601 = VECTOR ( 'NONE', #1735, 1000.000000000000000 ) ;
#1602 = ORIENTED_EDGE ( 'NONE', *, *, #1417, .T. ) ;
#1603 = ORIENTED_EDGE ( 'NONE', *, *, #1654, .T. ) ;
#1604 = EDGE_LOOP ( 'NONE', ( #587, #1664, #1312, #53 ) ) ;
#1605 = FACE_OUTER_BOUND ( 'NONE', #1178, .T. ) ;
#1606 = ADVANCED_FACE ( 'NONE', ( #2040 ), #1283, .F. ) ;
#1607 = SURFACE_STYLE_FILL_AREA ( #506 ) ;
#1608 = CARTESIAN_POINT ( 'NONE',  ( -1.050000000000000044, 0.000000000000000000, 0.1250000000000004441 ) ) ;
#1609 = CARTESIAN_POINT ( 'NONE',  ( -0.3553857855023278556, 1.000000000000000000, -0.8849104537154827144 ) ) ;
#1610 = DIRECTION ( 'NONE',  ( -0.2131519720835995946, 0.9770190565167460317, 0.000000000000000000 ) ) ;
#1611 = PLANE ( 'NONE',  #1594 ) ;
#1612 = CARTESIAN_POINT ( 'NONE',  ( 1.050000000000000044, 0.1749999999999999889, -0.5249999999999995781 ) ) ;
#1613 = ORIENTED_EDGE ( 'NONE', *, *, #1577, .T. ) ;
#1614 = ORIENTED_EDGE ( 'NONE', *, *, #1888, .F. ) ;
#1615 = CYLINDRICAL_SURFACE ( 'NONE', #33, 0.2250000000000000611 ) ;
#1616 = UNCERTAINTY_MEASURE_WITH_UNIT (LENGTH_MEASURE( 1.000000000000000082E-05 ), #38, 'distance_accuracy_value', 'NONE');
#1617 = ADVANCED_FACE ( 'NONE', ( #2283 ), #343, .T. ) ;
#1618 = LINE ( 'NONE', #712, #486 ) ;
#1619 = CARTESIAN_POINT ( 'NONE',  ( -0.5941427783760182546, 0.9250000000000000444, -0.7749999999999995781 ) ) ;
#1620 = PLANE ( 'NONE',  #109 ) ;
#1621 = ORIENTED_EDGE ( 'NONE', *, *, #2159, .F. ) ;
#1622 = VECTOR ( 'NONE', #107, 1000.000000000000000 ) ;
#1623 = ORIENTED_EDGE ( 'NONE', *, *, #838, .T. ) ;
#1624 = DIRECTION ( 'NONE',  ( 1.000000000000000000, 0.000000000000000000, -0.000000000000000000 ) ) ;
#1625 = CIRCLE ( 'NONE', #2062, 0.1191403028739743825 ) ;
#1626 = LINE ( 'NONE', #1985, #366 ) ;
#1627 = EDGE_CURVE ( 'NONE', #1738, #1449, #1384, .T. ) ;
#1628 = VECTOR ( 'NONE', #2073, 1000.000000000000000 ) ;
#1629 = LINE ( 'NONE', #112, #2299 ) ;
#1630 = STYLED_ITEM ( 'NONE', ( #1940 ), #365 ) ;
#1631 = AXIS2_PLACEMENT_3D ( 'NONE', #1578, #672, #269 ) ;
#1632 = VECTOR ( 'NONE', #584, 1000.000000000000000 ) ;
#1633 = ORIENTED_EDGE ( 'NONE', *, *, #1135, .F. ) ;
#1634 = ORIENTED_EDGE ( 'NONE', *, *, #379, .T. ) ;
#1635 = EDGE_CURVE ( 'NONE', #2009, #2147, #1156, .T. ) ;
#1636 = FACE_OUTER_BOUND ( 'NONE', #1465, .T. ) ;
#1637 = ORIENTED_EDGE ( 'NONE', *, *, #2191, .T. ) ;
#1638 = CARTESIAN_POINT ( 'NONE',  ( 0.9698292877162679737, 0.2250000000000000056, -0.7749999999999995781 ) ) ;
#1639 = CARTESIAN_POINT ( 'NONE',  ( 0.6250000000000001110, 0.7500000000000000000, -0.9999999999999997780 ) ) ;
#1640 = EDGE_CURVE ( 'NONE', #1195, #2014, #1360, .T. ) ;
#1641 = CARTESIAN_POINT ( 'NONE',  ( 0.000000000000000000, 0.000000000000000000, 0.9999999999999988898 ) ) ;
#1642 = DIRECTION ( 'NONE',  ( -0.9770190565167459207, 0.2131519720835998999, 0.000000000000000000 ) ) ;
#1643 = ORIENTED_EDGE ( 'NONE', *, *, #1699, .F. ) ;
#1644 = VERTEX_POINT ( 'NONE', #1938 ) ;
#1645 = DIRECTION ( 'NONE',  ( -0.000000000000000000, 1.000000000000000000, -0.000000000000000000 ) ) ;
#1646 = ORIENTED_EDGE ( 'NONE', *, *, #122, .F. ) ;
#1647 = EDGE_CURVE ( 'NONE', #1971, #92, #1199, .T. ) ;
#1648 =( NAMED_UNIT ( * ) SI_UNIT ( $, .STERADIAN. ) SOLID_ANGLE_UNIT ( ) );
#1649 = LINE ( 'NONE', #2001, #1816 ) ;
#1650 = DIRECTION ( 'NONE',  ( -0.000000000000000000, -0.000000000000000000, -1.000000000000000000 ) ) ;
#1651 = EDGE_CURVE ( 'NONE', #2104, #2408, #425, .T. ) ;
#1652 = DIRECTION ( 'NONE',  ( 1.084202172485505297E-16, -0.000000000000000000, 1.000000000000000000 ) ) ;
#1653 = ADVANCED_FACE ( 'NONE', ( #802 ), #979, .T. ) ;
#1654 = EDGE_CURVE ( 'NONE', #96, #2181, #1571, .T. ) ;
#1655 = LINE ( 'NONE', #2402, #813 ) ;
#1656 = ORIENTED_EDGE ( 'NONE', *, *, #424, .T. ) ;
#1657 = EDGE_CURVE ( 'NONE', #314, #2147, #993, .T. ) ;
#1658 = PLANE ( 'NONE',  #34 ) ;
#1659 = ORIENTED_EDGE ( 'NONE', *, *, #1413, .T. ) ;
#1660 = DIRECTION ( 'NONE',  ( -1.000000000000000000, 0.000000000000000000, 0.000000000000000000 ) ) ;
#1661 = DIRECTION ( 'NONE',  ( -0.9770190565167459207, 0.2131519720835998999, 0.000000000000000000 ) ) ;
#1662 = EDGE_CURVE ( 'NONE', #596, #110, #1020, .T. ) ;
#1663 = ORIENTED_EDGE ( 'NONE', *, *, #1775, .T. ) ;
#1664 = ORIENTED_EDGE ( 'NONE', *, *, #1225, .T. ) ;
#1665 = DIRECTION ( 'NONE',  ( -1.000000000000000000, 0.000000000000000000, 0.000000000000000000 ) ) ;
#1666 = VECTOR ( 'NONE', #170, 1000.000000000000000 ) ;
#1667 = CARTESIAN_POINT ( 'NONE',  ( -1.050000000000000044, 0.1749999999999999889, 0.1250000000000004441 ) ) ;
#1668 = DIRECTION ( 'NONE',  ( 1.000000000000000000, 0.000000000000000000, 0.000000000000000000 ) ) ;
#1669 = AXIS2_PLACEMENT_3D ( 'NONE', #389, #1892, #605 ) ;
#1670 = FACE_OUTER_BOUND ( 'NONE', #1860, .T. ) ;
#1671 = DIRECTION ( 'NONE',  ( -0.9770190565167460317, -0.2131519720835995946, 0.000000000000000000 ) ) ;
#1672 = FACE_OUTER_BOUND ( 'NONE', #1536, .T. ) ;
#1673 =( GEOMETRIC_REPRESENTATION_CONTEXT ( 3 ) GLOBAL_UNCERTAINTY_ASSIGNED_CONTEXT ( ( #13 ) ) GLOBAL_UNIT_ASSIGNED_CONTEXT ( ( #1066, #2019, #1785 ) ) REPRESENTATION_CONTEXT ( 'NONE', 'WORKASPACE' ) );
#1674 = VECTOR ( 'NONE', #2309, 1000.000000000000000 ) ;
#1675 = EDGE_LOOP ( 'NONE', ( #599, #1237, #2388, #893 ) ) ;
#1676 = ORIENTED_EDGE ( 'NONE', *, *, #2209, .F. ) ;
#1677 = EDGE_LOOP ( 'NONE', ( #1245, #1962, #607, #507 ) ) ;
#1678 = ORIENTED_EDGE ( 'NONE', *, *, #1772, .F. ) ;
#1679 = LINE ( 'NONE', #572, #71 ) ;
#1680 = ORIENTED_EDGE ( 'NONE', *, *, #1988, .F. ) ;
#1681 = CARTESIAN_POINT ( 'NONE',  ( -0.5941427783760182546, 0.9250000000000000444, -0.7749999999999995781 ) ) ;
#1682 = DIRECTION ( 'NONE',  ( 0.1736481776669307198, -0.9848077530122080203, 0.000000000000000000 ) ) ;
#1683 = CARTESIAN_POINT ( 'NONE',  ( 0.9698292877162679737, 0.000000000000000000, -0.1249999999999995698 ) ) ;
#1684 = DIRECTION ( 'NONE',  ( 0.000000000000000000, 0.000000000000000000, -1.000000000000000000 ) ) ;
#1685 = CARTESIAN_POINT ( 'NONE',  ( 0.5103874625394977382, 0.1000000000000004774, 0.9999999999999988898 ) ) ;
#1686 = VERTEX_POINT ( 'NONE', #598 ) ;
#1687 = ORIENTED_EDGE ( 'NONE', *, *, #668, .F. ) ;
#1688 = DIRECTION ( 'NONE',  ( 1.000000000000000000, 0.000000000000000000, 0.000000000000000000 ) ) ;
#1689 = CARTESIAN_POINT ( 'NONE',  ( -0.9698292877162679737, 0.2250000000000000056, -0.5249999999999995781 ) ) ;
#1690 = ORIENTED_EDGE ( 'NONE', *, *, #797, .F. ) ;
#1691 = EDGE_LOOP ( 'NONE', ( #1839, #554, #2462, #1646 ) ) ;
#1692 = CARTESIAN_POINT ( 'NONE',  ( -0.9209783348904306832, 0.2143424013958200036, 0.7750000000000003553 ) ) ;
#1693 = ADVANCED_FACE ( 'NONE', ( #21 ), #1374, .T. ) ;
#1694 = ORIENTED_EDGE ( 'NONE', *, *, #1833, .T. ) ;
#1695 = FACE_OUTER_BOUND ( 'NONE', #448, .T. ) ;
#1696 = DIRECTION ( 'NONE',  ( -1.000000000000000000, 0.000000000000000000, 0.000000000000000000 ) ) ;
#1697 = SURFACE_STYLE_USAGE ( .BOTH. , #19 ) ;
#1698 = CARTESIAN_POINT ( 'NONE',  ( 0.7500000000000002220, 0.1770408062811899830, -0.5249999999999995781 ) ) ;
#1699 = EDGE_CURVE ( 'NONE', #2361, #814, #2128, .T. ) ;
#1700 = ORIENTED_EDGE ( 'NONE', *, *, #1483, .F. ) ;
#1701 = LINE ( 'NONE', #597, #2152 ) ;
#1702 = CARTESIAN_POINT ( 'NONE',  ( -0.5632855567520369533, 1.100000000000000089, -0.9999999999999995559 ) ) ;
#1703 = CARTESIAN_POINT ( 'NONE',  ( -0.5103874625394974052, 0.1000000000000004774, -0.9999999999999995559 ) ) ;
#1704 = SURFACE_STYLE_FILL_AREA ( #168 ) ;
#1705 = DIRECTION ( 'NONE',  ( 0.000000000000000000, 1.000000000000000000, 0.000000000000000000 ) ) ;
#1706 = DIRECTION ( 'NONE',  ( -0.000000000000000000, -0.000000000000000000, -1.000000000000000000 ) ) ;
#1707 = VECTOR ( 'NONE', #1152, 1000.000000000000000 ) ;
#1708 = CARTESIAN_POINT ( 'NONE',  ( 0.6249999999999996669, 0.7500000000000000000, -0.5249999999999995781 ) ) ;
#1709 = ORIENTED_EDGE ( 'NONE', *, *, #1417, .F. ) ;
#1711 = CLOSED_SHELL ( 'NONE', ( #2427, #1286, #2183, #877 ) ) ;
#1710 = ORIENTED_EDGE ( 'NONE', *, *, #1758, .F. ) ;
#1712 = MECHANICAL_DESIGN_GEOMETRIC_PRESENTATION_REPRESENTATION (  '', ( #1630 ), #2150 ) ;
#1713 = PRESENTATION_LAYER_ASSIGNMENT (  '', '', ( #2263 ) ) ;
#1714 = CARTESIAN_POINT ( 'NONE',  ( -0.7500000000000001110, 0.1770408062811900385, 0.1250000000000004441 ) ) ;
#1715 = VERTEX_POINT ( 'NONE', #1349 ) ;
#1716 = AXIS2_PLACEMENT_3D ( 'NONE', #2010, #1481, #505 ) ;
#1717 = AXIS2_PLACEMENT_3D ( 'NONE', #608, #1927, #2322 ) ;
#1718 = PLANE ( 'NONE',  #2056 ) ;
#1719 = CIRCLE ( 'NONE', #2025, 0.05000000000000002359 ) ;
#1720 = VERTEX_POINT ( 'NONE', #627 ) ;
#1721 = ORIENTED_EDGE ( 'NONE', *, *, #2451, .F. ) ;
#1722 = DIRECTION ( 'NONE',  ( 0.000000000000000000, -0.000000000000000000, 1.000000000000000000 ) ) ;
#1723 = DIRECTION ( 'NONE',  ( 1.000000000000000000, 0.000000000000000000, 0.000000000000000000 ) ) ;
#1724 = PLANE ( 'NONE',  #279 ) ;
#1725 = DIRECTION ( 'NONE',  ( -0.000000000000000000, 0.000000000000000000, 1.000000000000000000 ) ) ;
#1726 = ORIENTED_EDGE ( 'NONE', *, *, #259, .F. ) ;
#1727 = LINE ( 'NONE', #9, #782 ) ;
#1728 = DIRECTION ( 'NONE',  ( 0.000000000000000000, -0.000000000000000000, -1.000000000000000000 ) ) ;
#1729 = CARTESIAN_POINT ( 'NONE',  ( 0.6249999999999996669, 0.7500000000000000000, -0.1249999999999995698 ) ) ;
#1730 = EDGE_LOOP ( 'NONE', ( #1547, #643, #2084, #229 ) ) ;
#1731 = ORIENTED_EDGE ( 'NONE', *, *, #717, .F. ) ;
#1732 = DIRECTION ( 'NONE',  ( 0.000000000000000000, 1.000000000000000000, 0.000000000000000000 ) ) ;
#1733 = CARTESIAN_POINT ( 'NONE',  ( -0.6249999999999996669, 0.7500000000000000000, -0.7749999999999995781 ) ) ;
#1734 = DIRECTION ( 'NONE',  ( 0.000000000000000000, -0.000000000000000000, -1.000000000000000000 ) ) ;
#1735 = DIRECTION ( 'NONE',  ( 0.000000000000000000, -0.000000000000000000, -1.000000000000000000 ) ) ;
#1736 = CARTESIAN_POINT ( 'NONE',  ( -1.050000000000000044, 0.000000000000000000, -0.1249999999999995698 ) ) ;
#1737 = EDGE_CURVE ( 'NONE', #1848, #205, #1845, .T. ) ;
#1738 = VERTEX_POINT ( 'NONE', #1125 ) ;
#1739 = ADVANCED_FACE ( 'NONE', ( #751 ), #2043, .F. ) ;
#1740 = DIRECTION ( 'NONE',  ( 0.000000000000000000, 1.000000000000000000, 0.000000000000000000 ) ) ;
#1741 = ADVANCED_FACE ( 'NONE', ( #2435 ), #2284, .F. ) ;
#1742 =( LENGTH_UNIT ( ) NAMED_UNIT ( * ) SI_UNIT ( .MILLI., .METRE. ) );
#1743 = CARTESIAN_POINT ( 'NONE',  ( 0.9209783348904306832, 0.2143424013958200036, -0.7749999999999995781 ) ) ;
#1744 = DIRECTION ( 'NONE',  ( -0.000000000000000000, -0.000000000000000000, -1.000000000000000000 ) ) ;
#1745 = CARTESIAN_POINT ( 'NONE',  ( -1.050000000000000044, 0.000000000000000000, 0.7750000000000003553 ) ) ;
#1746 = DIRECTION ( 'NONE',  ( 0.000000000000000000, 1.000000000000000000, 0.000000000000000000 ) ) ;
#1747 = DIRECTION ( 'NONE',  ( 0.000000000000000000, 0.000000000000000000, 1.000000000000000000 ) ) ;
#1748 = VECTOR ( 'NONE', #1220, 1000.000000000000000 ) ;
#1749 =( NAMED_UNIT ( * ) PLANE_ANGLE_UNIT ( ) SI_UNIT ( $, .RADIAN. ) );
#1750 = CARTESIAN_POINT ( 'NONE',  ( 0.9698292877162679737, 0.000000000000000000, 0.5250000000000003553 ) ) ;
#1751 = ORIENTED_EDGE ( 'NONE', *, *, #1931, .F. ) ;
#1752 = ORIENTED_EDGE ( 'NONE', *, *, #616, .T. ) ;
#1753 = CARTESIAN_POINT ( 'NONE',  ( 1.050000000000000044, 0.1749999999999999889, 0.1250000000000004441 ) ) ;
#1754 = AXIS2_PLACEMENT_3D ( 'NONE', #2178, #452, #489 ) ;
#1755 = VERTEX_POINT ( 'NONE', #544 ) ;
#1756 = VERTEX_POINT ( 'NONE', #922 ) ;
#1757 = DIRECTION ( 'NONE',  ( -1.000000000000000000, 0.000000000000000000, 0.000000000000000000 ) ) ;
#1758 = EDGE_CURVE ( 'NONE', #1572, #1269, #2057, .T. ) ;
#1759 = AXIS2_PLACEMENT_3D ( 'NONE', #310, #873, #1458 ) ;
#1760 = ORIENTED_EDGE ( 'NONE', *, *, #2165, .T. ) ;
#1761 = AXIS2_PLACEMENT_3D ( 'NONE', #2173, #1063, #1809 ) ;
#1762 = EDGE_LOOP ( 'NONE', ( #853, #383, #1340, #1990 ) ) ;
#1763 = VECTOR ( 'NONE', #341, 1000.000000000000000 ) ;
#1764 = FACE_OUTER_BOUND ( 'NONE', #302, .T. ) ;
#1765 = CARTESIAN_POINT ( 'NONE',  ( 1.050000000000000044, 0.1749999999999999889, 0.7750000000000003553 ) ) ;
#1766 = VERTEX_POINT ( 'NONE', #1857 ) ;
#1767 = EDGE_CURVE ( 'NONE', #1766, #143, #370, .T. ) ;
#1768 = DIRECTION ( 'NONE',  ( 0.000000000000000000, 0.000000000000000000, 1.000000000000000000 ) ) ;
#1769 = ORIENTED_EDGE ( 'NONE', *, *, #1170, .T. ) ;
#1770 = ORIENTED_EDGE ( 'NONE', *, *, #1888, .T. ) ;
#1771 = UNCERTAINTY_MEASURE_WITH_UNIT (LENGTH_MEASURE( 1.000000000000000082E-05 ), #184, 'distance_accuracy_value', 'NONE');
#1772 = EDGE_CURVE ( 'NONE', #12, #1715, #1351, .T. ) ;
#1773 = PRODUCT_DEFINITION ( 'UNKNOWN', '', #1790, #1376 ) ;
#1774 = ORIENTED_EDGE ( 'NONE', *, *, #2177, .F. ) ;
#1775 = EDGE_CURVE ( 'NONE', #1924, #1848, #1110, .T. ) ;
#1776 = DIRECTION ( 'NONE',  ( -0.000000000000000000, -0.000000000000000000, -1.000000000000000000 ) ) ;
#1777 = PLANE ( 'NONE',  #1912 ) ;
#1778 = ORIENTED_EDGE ( 'NONE', *, *, #353, .T. ) ;
#1779 = DIRECTION ( 'NONE',  ( 0.2131519720835998721, 0.9770190565167459207, 0.000000000000000000 ) ) ;
#1780 = ORIENTED_EDGE ( 'NONE', *, *, #1231, .F. ) ;
#1781 = ORIENTED_EDGE ( 'NONE', *, *, #1147, .F. ) ;
#1782 = DIRECTION ( 'NONE',  ( -0.000000000000000000, -0.000000000000000000, -1.000000000000000000 ) ) ;
#1783 = CARTESIAN_POINT ( 'NONE',  ( 0.9209783348904306832, 0.2143424013958200036, 0.1250000000000004441 ) ) ;
#1784 = FACE_OUTER_BOUND ( 'NONE', #1815, .T. ) ;
#1785 =( NAMED_UNIT ( * ) SI_UNIT ( $, .STERADIAN. ) SOLID_ANGLE_UNIT ( ) );
#1786 = DIRECTION ( 'NONE',  ( 1.000000000000000000, 3.380917237732666365E-16, 0.000000000000000000 ) ) ;
#1787 = CARTESIAN_POINT ( 'NONE',  ( 0.9698292877162679737, 0.1749999999999999611, -0.5249999999999995781 ) ) ;
#1788 = DIRECTION ( 'NONE',  ( 1.000000000000000000, 0.000000000000000000, 0.000000000000000000 ) ) ;
#1789 = MECHANICAL_DESIGN_GEOMETRIC_PRESENTATION_REPRESENTATION (  '', ( #840 ), #650 ) ;
#1790 = PRODUCT_DEFINITION_FORMATION_WITH_SPECIFIED_SOURCE ( 'ANY', '', #1246, .NOT_KNOWN. ) ;
#1791 = ORIENTED_EDGE ( 'NONE', *, *, #2175, .F. ) ;
#1792 = AXIS2_PLACEMENT_3D ( 'NONE', #941, #951, #1542 ) ;
#1793 = AXIS2_PLACEMENT_3D ( 'NONE', #702, #474, #2389 ) ;
#1794 = VECTOR ( 'NONE', #679, 1000.000000000000114 ) ;
#1795 = AXIS2_PLACEMENT_3D ( 'NONE', #671, #1746, #41 ) ;
#1796 = AXIS2_PLACEMENT_3D ( 'NONE', #2189, #1261, #1302 ) ;
#1797 = DIRECTION ( 'NONE',  ( 1.000000000000000000, 0.000000000000000000, 0.000000000000000000 ) ) ;
#1798 = EDGE_CURVE ( 'NONE', #1572, #1105, #2154, .T. ) ;
#1799 = EDGE_LOOP ( 'NONE', ( #1893, #1266, #1621, #1235 ) ) ;
#1800 = EDGE_LOOP ( 'NONE', ( #139, #427, #327, #2286 ) ) ;
#1801 = CARTESIAN_POINT ( 'NONE',  ( -0.9698292877162679737, 0.1749999999999999611, 0.1250000000000004441 ) ) ;
#1802 = SURFACE_SIDE_STYLE ('',( #290 ) ) ;
#1803 = PRESENTATION_STYLE_ASSIGNMENT (( #2366 ) ) ;
#1804 = LINE ( 'NONE', #88, #2374 ) ;
#1805 = DIRECTION ( 'NONE',  ( 0.1736481776669307475, 0.9848077530122080203, -0.000000000000000000 ) ) ;
#1806 = CARTESIAN_POINT ( 'NONE',  ( -1.050000000000000044, 0.1749999999999999889, -0.5249999999999995781 ) ) ;
#1807 = FACE_OUTER_BOUND ( 'NONE', #2133, .T. ) ;
#1808 = ORIENTED_EDGE ( 'NONE', *, *, #2177, .T. ) ;
#1809 = DIRECTION ( 'NONE',  ( 1.000000000000000000, 0.000000000000000000, 0.000000000000000000 ) ) ;
#1810 = ORIENTED_EDGE ( 'NONE', *, *, #178, .F. ) ;
#1811 = EDGE_CURVE ( 'NONE', #143, #1427, #1679, .T. ) ;
#1812 = FACE_OUTER_BOUND ( 'NONE', #1884, .T. ) ;
#1813 = DIRECTION ( 'NONE',  ( 0.1736481776669307475, -0.9848077530122080203, 0.000000000000000000 ) ) ;
#1814 = FACE_OUTER_BOUND ( 'NONE', #1109, .T. ) ;
#1815 = EDGE_LOOP ( 'NONE', ( #546, #1385, #1375, #309 ) ) ;
#1816 = VECTOR ( 'NONE', #2196, 1000.000000000000000 ) ;
#1817 = ORIENTED_EDGE ( 'NONE', *, *, #1920, .F. ) ;
#1818 = CARTESIAN_POINT ( 'NONE',  ( 1.050000000000000044, 0.1749999999999999889, -0.5249999999999995781 ) ) ;
#1819 = EDGE_CURVE ( 'NONE', #2037, #755, #2090, .T. ) ;
#1820 = VECTOR ( 'NONE', #1946, 1000.000000000000000 ) ;
#1821 = SURFACE_STYLE_FILL_AREA ( #292 ) ;
#1822 = CIRCLE ( 'NONE', #620, 0.1191403028739743825 ) ;
#1823 = LINE ( 'NONE', #1993, #1905 ) ;
#1824 = PLANE ( 'NONE',  #1365 ) ;
#1825 = VECTOR ( 'NONE', #1425, 1000.000000000000000 ) ;
#1826 = VECTOR ( 'NONE', #240, 1000.000000000000114 ) ;
#1827 = AXIS2_PLACEMENT_3D ( 'NONE', #388, #1356, #1534 ) ;
#1828 = EDGE_LOOP ( 'NONE', ( #2206, #940, #2027, #404 ) ) ;
#1829 = DIRECTION ( 'NONE',  ( 0.000000000000000000, -0.000000000000000000, -1.000000000000000000 ) ) ;
#1830 = ADVANCED_FACE ( 'NONE', ( #1887 ), #191, .T. ) ;
#1831 = EDGE_LOOP ( 'NONE', ( #994, #1541, #2390, #1228 ) ) ;
#1832 = PLANE ( 'NONE',  #1318 ) ;
#1833 = EDGE_CURVE ( 'NONE', #1644, #766, #395, .T. ) ;
#1834 = EDGE_CURVE ( 'NONE', #2130, #2070, #159, .T. ) ;
#1835 = VERTEX_POINT ( 'NONE', #1264 ) ;
#1836 = DIRECTION ( 'NONE',  ( 0.000000000000000000, -0.000000000000000000, -1.000000000000000000 ) ) ;
#1837 = ADVANCED_FACE ( 'NONE', ( #930 ), #914, .F. ) ;
#1838 = VERTEX_POINT ( 'NONE', #1685 ) ;
#1839 = ORIENTED_EDGE ( 'NONE', *, *, #220, .F. ) ;
#1840 = CYLINDRICAL_SURFACE ( 'NONE', #777, 0.1191403028739743825 ) ;
#1841 = ADVANCED_FACE ( 'NONE', ( #297 ), #899, .F. ) ;
#1842 = SHAPE_DEFINITION_REPRESENTATION ( #1450, #1315 ) ;
#1843 = CARTESIAN_POINT ( 'NONE',  ( 0.7500000000000002220, 0.1770408062811899830, -0.7749999999999995781 ) ) ;
#1844 = EDGE_CURVE ( 'NONE', #1971, #595, #2393, .T. ) ;
#1845 = LINE ( 'NONE', #1148, #1124 ) ;
#1846 = CARTESIAN_POINT ( 'NONE',  ( -0.7500000000000001110, 0.1770408062811900385, 0.7750000000000003553 ) ) ;
#1847 = CARTESIAN_POINT ( 'NONE',  ( 0.9698292877162679737, 0.2250000000000000056, -0.5249999999999995781 ) ) ;
#1848 = VERTEX_POINT ( 'NONE', #1463 ) ;
#1849 = CARTESIAN_POINT ( 'NONE',  ( -0.3553857855023278556, 1.000000000000000000, -0.7657701508415083458 ) ) ;
#1850 = FACE_OUTER_BOUND ( 'NONE', #659, .T. ) ;
#1851 = PLANE ( 'NONE',  #1089 ) ;
#1852 = EDGE_CURVE ( 'NONE', #1105, #1853, #1655, .T. ) ;
#1853 = VERTEX_POINT ( 'NONE', #728 ) ;
#1854 = CARTESIAN_POINT ( 'NONE',  ( 0.6250000000000001110, 0.7500000000000000000, 0.9999999999999988898 ) ) ;
#1855 =( NAMED_UNIT ( * ) PLANE_ANGLE_UNIT ( ) SI_UNIT ( $, .RADIAN. ) );
#1856 = ORIENTED_EDGE ( 'NONE', *, *, #2279, .F. ) ;
#1857 = CARTESIAN_POINT ( 'NONE',  ( 0.5941427783760182546, 0.9250000000000000444, 0.5250000000000003553 ) ) ;
#1858 = VERTEX_POINT ( 'NONE', #2424 ) ;
#1859 = DIRECTION ( 'NONE',  ( 0.000000000000000000, 0.000000000000000000, 1.000000000000000000 ) ) ;
#1860 = EDGE_LOOP ( 'NONE', ( #791, #1643, #931, #2324 ) ) ;
#1861 = LINE ( 'NONE', #1068, #961 ) ;
#1862 = VECTOR ( 'NONE', #1042, 1000.000000000000000 ) ;
#1863 = DIRECTION ( 'NONE',  ( 0.000000000000000000, 0.000000000000000000, -1.000000000000000000 ) ) ;
#1864 = DIRECTION ( 'NONE',  ( -1.000000000000000000, 0.000000000000000000, 0.000000000000000000 ) ) ;
#1865 = AXIS2_PLACEMENT_3D ( 'NONE', #2167, #478, #268 ) ;
#1866 = VECTOR ( 'NONE', #534, 1000.000000000000000 ) ;
#1867 = AXIS2_PLACEMENT_3D ( 'NONE', #1317, #55, #841 ) ;
#1868 = ORIENTED_EDGE ( 'NONE', *, *, #1635, .T. ) ;
#1869 = ORIENTED_EDGE ( 'NONE', *, *, #1566, .T. ) ;
#1870 = CARTESIAN_POINT ( 'NONE',  ( -0.9209783348904306832, 0.2143424013958200036, -0.5249999999999995781 ) ) ;
#1871 = ADVANCED_FACE ( 'NONE', ( #1496 ), #747, .T. ) ;
#1872 = CIRCLE ( 'NONE', #1086, 0.2250000000000000611 ) ;
#1873 = CARTESIAN_POINT ( 'NONE',  ( 1.050000000000000044, 0.000000000000000000, 0.5250000000000003553 ) ) ;
#1874 = FACE_OUTER_BOUND ( 'NONE', #902, .T. ) ;
#1875 = ORIENTED_EDGE ( 'NONE', *, *, #795, .T. ) ;
#1876 = ORIENTED_EDGE ( 'NONE', *, *, #1298, .F. ) ;
#1877 = CARTESIAN_POINT ( 'NONE',  ( -0.9698292877162679737, 0.2250000000000000056, -0.1249999999999995698 ) ) ;
#1878 = ORIENTED_EDGE ( 'NONE', *, *, #477, .F. ) ;
#1879 = CARTESIAN_POINT ( 'NONE',  ( -0.7500000000000001110, 0.1770408062811900385, -0.5249999999999995781 ) ) ;
#1880 = LINE ( 'NONE', #2438, #30 ) ;
#1881 = CARTESIAN_POINT ( 'NONE',  ( -1.050000000000000044, 0.000000000000000000, 0.1250000000000004441 ) ) ;
#1882 = LINE ( 'NONE', #1320, #1707 ) ;
#1883 = ORIENTED_EDGE ( 'NONE', *, *, #459, .T. ) ;
#1884 = EDGE_LOOP ( 'NONE', ( #1774, #1721, #81, #957 ) ) ;
#1885 = DIRECTION ( 'NONE',  ( -0.000000000000000000, -0.000000000000000000, -1.000000000000000000 ) ) ;
#1886 = ORIENTED_EDGE ( 'NONE', *, *, #2426, .T. ) ;
#1887 = FACE_OUTER_BOUND ( 'NONE', #347, .T. ) ;
#1888 = EDGE_CURVE ( 'NONE', #814, #521, #852, .T. ) ;
#1889 = VERTEX_POINT ( 'NONE', #2458 ) ;
#1890 = CARTESIAN_POINT ( 'NONE',  ( -0.9209783348904306832, 0.2143424013958200036, -0.7749999999999995781 ) ) ;
#1891 = CARTESIAN_POINT ( 'NONE',  ( 1.050000000000000044, 0.000000000000000000, 0.7750000000000003553 ) ) ;
#1892 = DIRECTION ( 'NONE',  ( -0.000000000000000000, -0.000000000000000000, -1.000000000000000000 ) ) ;
#1893 = ORIENTED_EDGE ( 'NONE', *, *, #95, .T. ) ;
#1894 = CARTESIAN_POINT ( 'NONE',  ( -0.6249999999999996669, 0.7500000000000000000, 0.5250000000000003553 ) ) ;
#1895 = SURFACE_STYLE_FILL_AREA ( #978 ) ;
#1896 = CARTESIAN_POINT ( 'NONE',  ( 0.5103874625394977382, 0.1000000000000004774, -0.9999999999999995559 ) ) ;
#1897 = ORIENTED_EDGE ( 'NONE', *, *, #2453, .F. ) ;
#1898 = DIRECTION ( 'NONE',  ( 0.2131519720835995946, -0.9770190565167459207, -0.000000000000000000 ) ) ;
#1899 = VECTOR ( 'NONE', #1007, 1000.000000000000000 ) ;
#1900 = EDGE_LOOP ( 'NONE', ( #1503, #190, #80, #116 ) ) ;
#1901 = DIRECTION ( 'NONE',  ( 1.000000000000000000, 0.000000000000000000, 0.000000000000000000 ) ) ;
#1902 = CARTESIAN_POINT ( 'NONE',  ( 0.5941427783760182546, 0.9250000000000000444, -0.5249999999999995781 ) ) ;
#1903 = PLANE ( 'NONE',  #1598 ) ;
#1904 = DIRECTION ( 'NONE',  ( 0.000000000000000000, 0.000000000000000000, 1.000000000000000000 ) ) ;
#1905 = VECTOR ( 'NONE', #1100, 1000.000000000000000 ) ;
#1906 = EDGE_LOOP ( 'NONE', ( #393, #950, #2241, #187, #2054, #1055, #1510, #1285, #1072 ) ) ;
#1907 = ORIENTED_EDGE ( 'NONE', *, *, #428, .F. ) ;
#1908 = MECHANICAL_DESIGN_GEOMETRIC_PRESENTATION_REPRESENTATION (  '', ( #1012 ), #1952 ) ;
#1909 = PLANE ( 'NONE',  #156 ) ;
#1910 = SURFACE_SIDE_STYLE ('',( #1895 ) ) ;
#1911 = VECTOR ( 'NONE', #2372, 1000.000000000000114 ) ;
#1912 = AXIS2_PLACEMENT_3D ( 'NONE', #2368, #2327, #1027 ) ;
#1913 = DIRECTION ( 'NONE',  ( -0.2131519720835998721, 0.9770190565167459207, 0.000000000000000000 ) ) ;
#1914 = ORIENTED_EDGE ( 'NONE', *, *, #867, .F. ) ;
#1915 = AXIS2_PLACEMENT_3D ( 'NONE', #1093, #706, #681 ) ;
#1916 = VECTOR ( 'NONE', #77, 1000.000000000000000 ) ;
#1917 = VECTOR ( 'NONE', #998, 1000.000000000000000 ) ;
#1918 = EDGE_CURVE ( 'NONE', #256, #2371, #1882, .T. ) ;
#1919 = ADVANCED_FACE ( 'NONE', ( #6 ), #1550, .T. ) ;
#1920 = EDGE_CURVE ( 'NONE', #596, #1755, #1344, .T. ) ;
#1921 = PLANE ( 'NONE',  #1241 ) ;
#1922 = DIRECTION ( 'NONE',  ( 0.000000000000000000, -1.000000000000000000, 0.000000000000000000 ) ) ;
#1923 = CARTESIAN_POINT ( 'NONE',  ( 1.050000000000000044, 0.000000000000000000, 0.7750000000000003553 ) ) ;
#1924 = VERTEX_POINT ( 'NONE', #988 ) ;
#1925 = EDGE_CURVE ( 'NONE', #834, #1930, #1544, .T. ) ;
#1926 = ORIENTED_EDGE ( 'NONE', *, *, #1772, .T. ) ;
#1927 = DIRECTION ( 'NONE',  ( 0.000000000000000000, -0.000000000000000000, -1.000000000000000000 ) ) ;
#1928 = CARTESIAN_POINT ( 'NONE',  ( 1.050000000000000044, 0.000000000000000000, -0.5249999999999995781 ) ) ;
#1929 = CARTESIAN_POINT ( 'NONE',  ( 0.5941427783760182546, 0.9250000000000000444, 0.7750000000000003553 ) ) ;
#1930 = VERTEX_POINT ( 'NONE', #1891 ) ;
#1931 = EDGE_CURVE ( 'NONE', #1308, #1535, #975, .T. ) ;
#1932 = LINE ( 'NONE', #1576, #1916 ) ;
#1933 = PLANE ( 'NONE',  #76 ) ;
#1934 = DIRECTION ( 'NONE',  ( 0.000000000000000000, 0.000000000000000000, 1.000000000000000000 ) ) ;
#1935 = DIRECTION ( 'NONE',  ( 1.000000000000000000, 0.000000000000000000, 0.000000000000000000 ) ) ;
#1936 = CARTESIAN_POINT ( 'NONE',  ( -0.7500000000000002220, 0.1770408062811899830, -0.5249999999999995781 ) ) ;
#1937 = EDGE_CURVE ( 'NONE', #205, #2214, #174, .T. ) ;
#1938 = CARTESIAN_POINT ( 'NONE',  ( 0.5632855567520371753, 1.100000000000000089, -0.9999999999999995559 ) ) ;
#1939 = ORIENTED_EDGE ( 'NONE', *, *, #1647, .T. ) ;
#1940 = PRESENTATION_STYLE_ASSIGNMENT (( #243 ) ) ;
#1941 = ORIENTED_EDGE ( 'NONE', *, *, #589, .T. ) ;
#1942 = CARTESIAN_POINT ( 'NONE',  ( 0.8025556125326023249, 0.7571535015568399141, 0.5250000000000003553 ) ) ;
#1943 = DIRECTION ( 'NONE',  ( 0.000000000000000000, 0.000000000000000000, 1.000000000000000000 ) ) ;
#1944 = CARTESIAN_POINT ( 'NONE',  ( -1.050000000000000044, 0.1749999999999999889, 0.7750000000000003553 ) ) ;
#1945 = ORIENTED_EDGE ( 'NONE', *, *, #691, .F. ) ;
#1946 = DIRECTION ( 'NONE',  ( -1.000000000000000000, 0.000000000000000000, 0.000000000000000000 ) ) ;
#1947 = CARTESIAN_POINT ( 'NONE',  ( 0.6250000000000001110, 0.7500000000000000000, -0.9999999999999997780 ) ) ;
#1948 = DIRECTION ( 'NONE',  ( -0.2131519720835998721, 0.9770190565167459207, 0.000000000000000000 ) ) ;
#1949 = ORIENTED_EDGE ( 'NONE', *, *, #1044, .F. ) ;
#1950 = ORIENTED_EDGE ( 'NONE', *, *, #1299, .F. ) ;
#1951 = AXIS2_PLACEMENT_3D ( 'NONE', #1371, #421, #1935 ) ;
#1952 =( GEOMETRIC_REPRESENTATION_CONTEXT ( 3 ) GLOBAL_UNCERTAINTY_ASSIGNED_CONTEXT ( ( #669 ) ) GLOBAL_UNIT_ASSIGNED_CONTEXT ( ( #141, #177, #764 ) ) REPRESENTATION_CONTEXT ( 'NONE', 'WORKASPACE' ) );
#1953 = DIRECTION ( 'NONE',  ( 1.000000000000000000, 0.000000000000000000, 0.000000000000000000 ) ) ;
#1954 = VECTOR ( 'NONE', #559, 1000.000000000000000 ) ;
#1955 = ORIENTED_EDGE ( 'NONE', *, *, #87, .F. ) ;
#1956 = VECTOR ( 'NONE', #1967, 1000.000000000000000 ) ;
#1957 = FACE_OUTER_BOUND ( 'NONE', #48, .T. ) ;
#1958 = ORIENTED_EDGE ( 'NONE', *, *, #1049, .F. ) ;
#1959 = ORIENTED_EDGE ( 'NONE', *, *, #2415, .F. ) ;
#1960 = ORIENTED_EDGE ( 'NONE', *, *, #2132, .T. ) ;
#1961 = CARTESIAN_POINT ( 'NONE',  ( 1.050000000000000044, 0.1749999999999999889, 0.5250000000000003553 ) ) ;
#1962 = ORIENTED_EDGE ( 'NONE', *, *, #1834, .F. ) ;
#1963 = DIRECTION ( 'NONE',  ( -1.000000000000000000, 3.380917237732666365E-16, -0.000000000000000000 ) ) ;
#1964 = FACE_OUTER_BOUND ( 'NONE', #989, .T. ) ;
#1965 = ORIENTED_EDGE ( 'NONE', *, *, #99, .F. ) ;
#1966 = EDGE_LOOP ( 'NONE', ( #1709, #2095, #778, #165 ) ) ;
#1967 = DIRECTION ( 'NONE',  ( 0.1736481776669308308, -0.9848077530122080203, -0.000000000000000000 ) ) ;
#1968 = CARTESIAN_POINT ( 'NONE',  ( -0.6249999999999998890, 0.7500000000000000000, -0.9999999999999995559 ) ) ;
#1969 = FILL_AREA_STYLE_COLOUR ( '', #494 ) ;
#1970 = DIRECTION ( 'NONE',  ( 0.000000000000000000, 0.000000000000000000, -1.000000000000000000 ) ) ;
#1971 = VERTEX_POINT ( 'NONE', #1708 ) ;
#1972 = CARTESIAN_POINT ( 'NONE',  ( -0.3553857855023278556, 1.000000000000000000, -0.6466298479675339772 ) ) ;
#1973 = DIRECTION ( 'NONE',  ( 0.000000000000000000, -0.000000000000000000, -1.000000000000000000 ) ) ;
#1974 = DIRECTION ( 'NONE',  ( -1.000000000000000000, -3.380917237732666365E-16, 0.000000000000000000 ) ) ;
#1975 = MANIFOLD_SOLID_BREP ( 'LPattern1[4]', #1083 ) ;
#1976 = ORIENTED_EDGE ( 'NONE', *, *, #900, .T. ) ;
#1977 = VERTEX_POINT ( 'NONE', #2168 ) ;
#1978 = DIRECTION ( 'NONE',  ( -0.000000000000000000, -0.000000000000000000, -1.000000000000000000 ) ) ;
#1979 = ADVANCED_FACE ( 'NONE', ( #1764 ), #1724, .T. ) ;
#1980 = VECTOR ( 'NONE', #502, 1000.000000000000000 ) ;
#1981 = ORIENTED_EDGE ( 'NONE', *, *, #1654, .F. ) ;
#1982 = VECTOR ( 'NONE', #815, 1000.000000000000000 ) ;
#1983 = VECTOR ( 'NONE', #463, 1000.000000000000000 ) ;
#1984 = VECTOR ( 'NONE', #1948, 1000.000000000000000 ) ;
#1985 = CARTESIAN_POINT ( 'NONE',  ( -1.050000000000000044, 0.000000000000000000, -0.5249999999999995781 ) ) ;
#1986 = AXIS2_PLACEMENT_3D ( 'NONE', #400, #2439, #591 ) ;
#1987 = PRODUCT_RELATED_PRODUCT_CATEGORY ( 'part', '', ( #1246 ) ) ;
#1988 = EDGE_CURVE ( 'NONE', #1720, #1858, #419, .T. ) ;
#1989 = ORIENTED_EDGE ( 'NONE', *, *, #589, .F. ) ;
#1990 = ORIENTED_EDGE ( 'NONE', *, *, #1998, .T. ) ;
#1991 = LINE ( 'NONE', #2397, #2225 ) ;
#1992 = VERTEX_POINT ( 'NONE', #1038 ) ;
#1993 = CARTESIAN_POINT ( 'NONE',  ( 1.050000000000000044, 0.1749999999999999889, -0.1249999999999995698 ) ) ;
#1994 = CARTESIAN_POINT ( 'NONE',  ( -0.9698292877162679737, 0.2250000000000000056, 0.1250000000000004441 ) ) ;
#1995 = ORIENTED_EDGE ( 'NONE', *, *, #66, .T. ) ;
#1996 = VERTEX_POINT ( 'NONE', #1242 ) ;
#1997 = LINE ( 'NONE', #1073, #1763 ) ;
#1998 = EDGE_CURVE ( 'NONE', #1848, #299, #657, .T. ) ;
#1999 = SURFACE_SIDE_STYLE ('',( #1607 ) ) ;
#2000 = ORIENTED_EDGE ( 'NONE', *, *, #1577, .F. ) ;
#2001 = CARTESIAN_POINT ( 'NONE',  ( -0.5941427783760182546, 0.9250000000000000444, 0.1250000000000004441 ) ) ;
#2002 = VERTEX_POINT ( 'NONE', #42 ) ;
#2003 = DIRECTION ( 'NONE',  ( -0.1736481776669307475, 0.9848077530122080203, -0.000000000000000000 ) ) ;
#2004 = LINE ( 'NONE', #305, #1163 ) ;
#2005 = CARTESIAN_POINT ( 'NONE',  ( 0.9209783348904306832, 0.2143424013958200036, -0.1249999999999995698 ) ) ;
#2006 = FACE_OUTER_BOUND ( 'NONE', #2041, .T. ) ;
#2007 = DIRECTION ( 'NONE',  ( -0.2131519720835998999, -0.9770190565167459207, 0.000000000000000000 ) ) ;
#2008 = CARTESIAN_POINT ( 'NONE',  ( -0.7500000000000001110, 0.1770408062811900385, -0.7749999999999995781 ) ) ;
#2009 = VERTEX_POINT ( 'NONE', #470 ) ;
#2010 = CARTESIAN_POINT ( 'NONE',  ( -0.3553857855023278556, 1.000000000000000000, -0.7657701508415083458 ) ) ;
#2011 = EDGE_CURVE ( 'NONE', #1419, #252, #1804, .T. ) ;
#2012 = EDGE_CURVE ( 'NONE', #435, #251, #636, .T. ) ;
#2013 = FACE_OUTER_BOUND ( 'NONE', #883, .T. ) ;
#2014 = VERTEX_POINT ( 'NONE', #828 ) ;
#2015 = VECTOR ( 'NONE', #1223, 1000.000000000000000 ) ;
#2016 = CARTESIAN_POINT ( 'NONE',  ( 0.9209783348904306832, 0.2143424013958200036, 0.7750000000000003553 ) ) ;
#2017 = VECTOR ( 'NONE', #1194, 1000.000000000000000 ) ;
#2018 = ORIENTED_EDGE ( 'NONE', *, *, #333, .F. ) ;
#2019 =( NAMED_UNIT ( * ) PLANE_ANGLE_UNIT ( ) SI_UNIT ( $, .RADIAN. ) );
#2020 = VECTOR ( 'NONE', #1172, 1000.000000000000114 ) ;
#2021 = CARTESIAN_POINT ( 'NONE',  ( -0.9698292877162679737, 0.000000000000000000, -0.7749999999999995781 ) ) ;
#2023 = DIRECTION ( 'NONE',  ( 3.380917237732666365E-16, -1.000000000000000000, 0.000000000000000000 ) ) ;
#2022 = VECTOR ( 'NONE', #694, 1000.000000000000000 ) ;
#2024 = VECTOR ( 'NONE', #1913, 1000.000000000000000 ) ;
#2025 = AXIS2_PLACEMENT_3D ( 'NONE', #1015, #1171, #49 ) ;
#2026 = SURFACE_STYLE_USAGE ( .BOTH. , #510 ) ;
#2027 = ORIENTED_EDGE ( 'NONE', *, *, #2231, .F. ) ;
#2028 = ORIENTED_EDGE ( 'NONE', *, *, #1485, .F. ) ;
#2029 = CARTESIAN_POINT ( 'NONE',  ( -0.9698292877162679737, 0.2250000000000000056, 0.7750000000000003553 ) ) ;
#2030 = CARTESIAN_POINT ( 'NONE',  ( -0.5941427783760182546, 0.9250000000000000444, 0.1250000000000004441 ) ) ;
#2031 = LINE ( 'NONE', #743, #1123 ) ;
#2032 = ORIENTED_EDGE ( 'NONE', *, *, #968, .T. ) ;
#2033 = EDGE_CURVE ( 'NONE', #774, #521, #2350, .T. ) ;
#2034 = CARTESIAN_POINT ( 'NONE',  ( 1.050000000000000044, 0.000000000000000000, -0.7749999999999995781 ) ) ;
#2035 = DIRECTION ( 'NONE',  ( -0.9770190565167460317, -0.2131519720835995946, 0.000000000000000000 ) ) ;
#2036 = DIRECTION ( 'NONE',  ( -0.2131519720835998721, 0.9770190565167459207, 0.000000000000000000 ) ) ;
#2037 = VERTEX_POINT ( 'NONE', #1461 ) ;
#2038 = EDGE_LOOP ( 'NONE', ( #496, #1914, #2126, #1557, #298, #1945, #1234, #1118, #1359 ) ) ;
#2039 = CARTESIAN_POINT ( 'NONE',  ( -0.5941427783760182546, 0.9250000000000000444, 0.1250000000000004441 ) ) ;
#2040 = FACE_OUTER_BOUND ( 'NONE', #1828, .T. ) ;
#2041 = EDGE_LOOP ( 'NONE', ( #939, #2096, #125, #2434 ) ) ;
#2042 = ORIENTED_EDGE ( 'NONE', *, *, #2176, .T. ) ;
#2043 = PLANE ( 'NONE',  #2226 ) ;
#2044 = DIRECTION ( 'NONE',  ( -0.2131519720835998721, 0.9770190565167459207, 0.000000000000000000 ) ) ;
#2045 = LINE ( 'NONE', #897, #2455 ) ;
#2046 = DIRECTION ( 'NONE',  ( 0.2131519720835995946, -0.9770190565167459207, -0.000000000000000000 ) ) ;
#2047 = CARTESIAN_POINT ( 'NONE',  ( -0.5941427783760182546, 0.7116849855522630053, 0.7750000000000003553 ) ) ;
#2048 = LINE ( 'NONE', #913, #1406 ) ;
#2049 =( NAMED_UNIT ( * ) PLANE_ANGLE_UNIT ( ) SI_UNIT ( $, .RADIAN. ) );
#2050 = EDGE_LOOP ( 'NONE', ( #68, #511 ) ) ;
#2051 = DIRECTION ( 'NONE',  ( 0.000000000000000000, 0.000000000000000000, -1.000000000000000000 ) ) ;
#2052 = DIRECTION ( 'NONE',  ( 1.000000000000000000, 0.000000000000000000, 0.000000000000000000 ) ) ;
#2053 = ORIENTED_EDGE ( 'NONE', *, *, #1640, .T. ) ;
#2054 = ORIENTED_EDGE ( 'NONE', *, *, #560, .T. ) ;
#2055 = EDGE_CURVE ( 'NONE', #2214, #2137, #1629, .T. ) ;
#2056 = AXIS2_PLACEMENT_3D ( 'NONE', #2058, #1515, #2436 ) ;
#2057 = LINE ( 'NONE', #166, #783 ) ;
#2058 = CARTESIAN_POINT ( 'NONE',  ( -0.9209783348904306832, 0.2143424013958200036, -0.5249999999999995781 ) ) ;
#2059 = ORIENTED_EDGE ( 'NONE', *, *, #137, .T. ) ;
#2060 = CARTESIAN_POINT ( 'NONE',  ( 0.9698292877162679737, 0.2250000000000000056, -0.7749999999999995781 ) ) ;
#2061 = FACE_OUTER_BOUND ( 'NONE', #641, .T. ) ;
#2062 = AXIS2_PLACEMENT_3D ( 'NONE', #757, #429, #1316 ) ;
#2063 = CARTESIAN_POINT ( 'NONE',  ( 0.9698292877162679737, 0.2250000000000000056, 0.7750000000000003553 ) ) ;
#2064 = CARTESIAN_POINT ( 'NONE',  ( -0.5941427783760182546, 0.9250000000000000444, 0.1250000000000004441 ) ) ;
#2065 = VECTOR ( 'NONE', #1779, 1000.000000000000000 ) ;
#2066 = AXIS2_PLACEMENT_3D ( 'NONE', #1600, #1047, #2190 ) ;
#2067 = CARTESIAN_POINT ( 'NONE',  ( -0.9698292877162679737, 0.000000000000000000, 0.1250000000000004441 ) ) ;
#2068 = CARTESIAN_POINT ( 'NONE',  ( -0.3553857855023278556, 1.000000000000000000, -0.8849104537154827144 ) ) ;
#2069 = CIRCLE ( 'NONE', #460, 0.2250000000000000611 ) ;
#2070 = VERTEX_POINT ( 'NONE', #2021 ) ;
#2071 = DIRECTION ( 'NONE',  ( -0.2131519720835995946, -0.9770190565167459207, -0.000000000000000000 ) ) ;
#2072 = CIRCLE ( 'NONE', #2188, 0.05000000000000002359 ) ;
#2073 = DIRECTION ( 'NONE',  ( 0.000000000000000000, -1.000000000000000000, -0.000000000000000000 ) ) ;
#2074 = EDGE_CURVE ( 'NONE', #504, #2070, #334, .T. ) ;
#2075 = DIRECTION ( 'NONE',  ( 0.000000000000000000, 0.000000000000000000, -1.000000000000000000 ) ) ;
#2076 = VERTEX_POINT ( 'NONE', #2418 ) ;
#2077 = ORIENTED_EDGE ( 'NONE', *, *, #87, .T. ) ;
#2078 =( NAMED_UNIT ( * ) SI_UNIT ( $, .STERADIAN. ) SOLID_ANGLE_UNIT ( ) );
#2079 = CARTESIAN_POINT ( 'NONE',  ( 0.5941427783760182546, 0.9250000000000000444, -0.1249999999999995698 ) ) ;
#2080 = EDGE_CURVE ( 'NONE', #829, #1838, #2198, .T. ) ;
#2081 = CARTESIAN_POINT ( 'NONE',  ( -0.9209783348904306832, 0.2143424013958200036, 0.7750000000000003553 ) ) ;
#2082 = CARTESIAN_POINT ( 'NONE',  ( 1.050000000000000044, 0.000000000000000000, -0.7749999999999995781 ) ) ;
#2083 = DIRECTION ( 'NONE',  ( 1.000000000000000000, 0.000000000000000000, -0.000000000000000000 ) ) ;
#2084 = ORIENTED_EDGE ( 'NONE', *, *, #644, .F. ) ;
#2085 = ORIENTED_EDGE ( 'NONE', *, *, #197, .F. ) ;
#2086 = CARTESIAN_POINT ( 'NONE',  ( 1.050000000000000044, 0.000000000000000000, 0.7750000000000003553 ) ) ;
#2087 = LINE ( 'NONE', #1896, #2460 ) ;
#2088 = ORIENTED_EDGE ( 'NONE', *, *, #970, .F. ) ;
#2089 = EDGE_CURVE ( 'NONE', #583, #1977, #1823, .T. ) ;
#2090 = LINE ( 'NONE', #1329, #1277 ) ;
#2091 = FACE_OUTER_BOUND ( 'NONE', #2215, .T. ) ;
#2092 = DIRECTION ( 'NONE',  ( -0.9848077530122080203, 0.1736481776669307475, 0.000000000000000000 ) ) ;
#2093 = DIRECTION ( 'NONE',  ( 0.000000000000000000, -0.000000000000000000, -1.000000000000000000 ) ) ;
#2094 = CARTESIAN_POINT ( 'NONE',  ( 0.7500000000000001110, 0.1770408062811900385, 0.7750000000000003553 ) ) ;
#2095 = ORIENTED_EDGE ( 'NONE', *, *, #472, .F. ) ;
#2096 = ORIENTED_EDGE ( 'NONE', *, *, #1253, .F. ) ;
#2097 = LINE ( 'NONE', #206, #244 ) ;
#2098 = EDGE_LOOP ( 'NONE', ( #482, #1278, #286, #2432, #476, #1480, #556, #390, #683 ) ) ;
#2099 = ADVANCED_FACE ( 'NONE', ( #293 ), #2227, .F. ) ;
#2100 = EDGE_CURVE ( 'NONE', #1853, #1137, #1453, .T. ) ;
#2101 = DIRECTION ( 'NONE',  ( -1.000000000000000000, 0.000000000000000000, 0.000000000000000000 ) ) ;
#2102 = EDGE_CURVE ( 'NONE', #1105, #1467, #547, .T. ) ;
#2103 = COLOUR_RGB ( '',0.7921568627450980005, 0.8196078431372548767, 0.9333333333333333481 ) ;
#2104 = VERTEX_POINT ( 'NONE', #348 ) ;
#2105 = CARTESIAN_POINT ( 'NONE',  ( -1.050000000000000044, 0.000000000000000000, 0.1250000000000004441 ) ) ;
#2106 = EDGE_CURVE ( 'NONE', #682, #2314, #537, .T. ) ;
#2107 = LINE ( 'NONE', #794, #1982 ) ;
#2108 = DIRECTION ( 'NONE',  ( -0.000000000000000000, -0.000000000000000000, -1.000000000000000000 ) ) ;
#2109 = CARTESIAN_POINT ( 'NONE',  ( 0.7500000000000001110, 0.1770408062811900385, -0.5249999999999995781 ) ) ;
#2110 = VECTOR ( 'NONE', #283, 1000.000000000000000 ) ;
#2111 = CARTESIAN_POINT ( 'NONE',  ( 0.9698292877162679737, 0.000000000000000000, -0.7749999999999995781 ) ) ;
#2112 = ADVANCED_FACE ( 'NONE', ( #891 ), #1112, .F. ) ;
#2113 = ORIENTED_EDGE ( 'NONE', *, *, #245, .F. ) ;
#2115 = VERTEX_POINT ( 'NONE', #2034 ) ;
#2114 = VECTOR ( 'NONE', #911, 1000.000000000000000 ) ;
#2116 = DIRECTION ( 'NONE',  ( -0.000000000000000000, -0.000000000000000000, -1.000000000000000000 ) ) ;
#2117 = MECHANICAL_DESIGN_GEOMETRIC_PRESENTATION_REPRESENTATION (  '', ( #2307 ), #1673 ) ;
#2118 = VECTOR ( 'NONE', #1805, 1000.000000000000000 ) ;
#2119 = VECTOR ( 'NONE', #405, 1000.000000000000000 ) ;
#2120 = VECTOR ( 'NONE', #307, 1000.000000000000000 ) ;
#2121 = CARTESIAN_POINT ( 'NONE',  ( -0.9698292877162679737, 0.2250000000000000056, 0.7750000000000003553 ) ) ;
#2122 = LINE ( 'NONE', #2079, #730 ) ;
#2123 = CARTESIAN_POINT ( 'NONE',  ( -0.3553857855023278556, 1.000000000000000000, -0.6466298479675339772 ) ) ;
#2124 = LINE ( 'NONE', #262, #1601 ) ;
#2125 = CARTESIAN_POINT ( 'NONE',  ( -0.3553857855023278556, 1.000000000000000000, -0.7657701508415083458 ) ) ;
#2126 = ORIENTED_EDGE ( 'NONE', *, *, #992, .F. ) ;
#2127 = CYLINDRICAL_SURFACE ( 'NONE', #1951, 0.2133150144477371224 ) ;
#2128 = LINE ( 'NONE', #1554, #2380 ) ;
#2129 = EDGE_CURVE ( 'NONE', #1835, #755, #845, .T. ) ;
#2130 = VERTEX_POINT ( 'NONE', #1078 ) ;
#2131 = FACE_OUTER_BOUND ( 'NONE', #2425, .T. ) ;
#2132 = EDGE_CURVE ( 'NONE', #31, #831, #98, .T. ) ;
#2133 = EDGE_LOOP ( 'NONE', ( #697, #471, #1390, #1581 ) ) ;
#2134 = ORIENTED_EDGE ( 'NONE', *, *, #1657, .F. ) ;
#2135 = UNCERTAINTY_MEASURE_WITH_UNIT (LENGTH_MEASURE( 1.000000000000000082E-05 ), #119, 'distance_accuracy_value', 'NONE');
#2136 = EDGE_CURVE ( 'NONE', #2076, #1195, #1861, .T. ) ;
#2137 = VERTEX_POINT ( 'NONE', #1092 ) ;
#2138 = VERTEX_POINT ( 'NONE', #1619 ) ;
#2139 = AXIS2_PLACEMENT_3D ( 'NONE', #364, #981, #2101 ) ;
#2140 = CARTESIAN_POINT ( 'NONE',  ( 1.050000000000000044, 0.000000000000000000, 0.1250000000000004441 ) ) ;
#2141 = DIRECTION ( 'NONE',  ( 0.2131519720835998999, -0.9770190565167459207, 0.000000000000000000 ) ) ;
#2142 = CARTESIAN_POINT ( 'NONE',  ( -0.6249999999999998890, 0.7500000000000000000, -0.9999999999999995559 ) ) ;
#2143 = ORIENTED_EDGE ( 'NONE', *, *, #523, .T. ) ;
#2144 = ORIENTED_EDGE ( 'NONE', *, *, #1067, .F. ) ;
#2145 = DIRECTION ( 'NONE',  ( -1.000000000000000000, 0.000000000000000000, 0.000000000000000000 ) ) ;
#2146 = VECTOR ( 'NONE', #726, 1000.000000000000000 ) ;
#2147 = VERTEX_POINT ( 'NONE', #133 ) ;
#2148 = ORIENTED_EDGE ( 'NONE', *, *, #668, .T. ) ;
#2149 = DIRECTION ( 'NONE',  ( 0.000000000000000000, 0.000000000000000000, 1.000000000000000000 ) ) ;
#2150 =( GEOMETRIC_REPRESENTATION_CONTEXT ( 3 ) GLOBAL_UNCERTAINTY_ASSIGNED_CONTEXT ( ( #1033 ) ) GLOBAL_UNIT_ASSIGNED_CONTEXT ( ( #1420, #47, #2362 ) ) REPRESENTATION_CONTEXT ( 'NONE', 'WORKASPACE' ) );
#2151 = CIRCLE ( 'NONE', #527, 0.1191403028739743825 ) ;
#2152 = VECTOR ( 'NONE', #215, 1000.000000000000000 ) ;
#2153 = ORIENTED_EDGE ( 'NONE', *, *, #880, .F. ) ;
#2154 = CIRCLE ( 'NONE', #203, 0.05000000000000002359 ) ;
#2155 = VECTOR ( 'NONE', #338, 1000.000000000000000 ) ;
#2156 = CARTESIAN_POINT ( 'NONE',  ( -0.6249999999999996669, 0.7500000000000000000, 0.7750000000000003553 ) ) ;
#2157 = DIRECTION ( 'NONE',  ( 0.000000000000000000, 1.000000000000000000, 0.000000000000000000 ) ) ;
#2158 = CARTESIAN_POINT ( 'NONE',  ( 1.050000000000000044, 0.1749999999999999889, 0.1250000000000004441 ) ) ;
#2159 = EDGE_CURVE ( 'NONE', #798, #924, #2211, .T. ) ;
#2160 = CARTESIAN_POINT ( 'NONE',  ( -1.050000000000000044, 0.1749999999999999889, 0.7750000000000003553 ) ) ;
#2161 = CARTESIAN_POINT ( 'NONE',  ( 0.5941427783760182546, 0.9250000000000000444, 0.1250000000000004441 ) ) ;
#2162 = VERTEX_POINT ( 'NONE', #1492 ) ;
#2163 = DIRECTION ( 'NONE',  ( -0.9848077530122080203, 0.1736481776669307198, 1.067730705296404815E-16 ) ) ;
#2164 = FACE_OUTER_BOUND ( 'NONE', #1730, .T. ) ;
#2165 = EDGE_CURVE ( 'NONE', #1294, #1575, #2220, .T. ) ;
#2166 = ORIENTED_EDGE ( 'NONE', *, *, #57, .T. ) ;
#2167 = CARTESIAN_POINT ( 'NONE',  ( 0.9698292877162679737, 0.2250000000000000056, 0.1250000000000004441 ) ) ;
#2168 = CARTESIAN_POINT ( 'NONE',  ( 1.050000000000000044, 0.1749999999999999889, -0.1249999999999995698 ) ) ;
#2169 = LINE ( 'NONE', #2142, #1558 ) ;
#2170 = EDGE_CURVE ( 'NONE', #110, #1353, #2391, .T. ) ;
#2171 = ORIENTED_EDGE ( 'NONE', *, *, #379, .F. ) ;
#2172 = CARTESIAN_POINT ( 'NONE',  ( -0.9698292877162679737, 0.2250000000000000056, -0.1249999999999995698 ) ) ;
#2173 = CARTESIAN_POINT ( 'NONE',  ( 0.5941427783760182546, 0.7116849855522630053, -0.5249999999999995781 ) ) ;
#2174 = ADVANCED_FACE ( 'NONE', ( #322 ), #744, .F. ) ;
#2175 = EDGE_CURVE ( 'NONE', #210, #1572, #2287, .T. ) ;
#2176 = EDGE_CURVE ( 'NONE', #2218, #2037, #1625, .T. ) ;
#2177 = EDGE_CURVE ( 'NONE', #2408, #1996, #2122, .T. ) ;
#2178 = CARTESIAN_POINT ( 'NONE',  ( 0.9698292877162679737, 0.2250000000000000056, -0.5249999999999995781 ) ) ;
#2179 = DIRECTION ( 'NONE',  ( -3.380917237732666365E-16, -1.000000000000000000, 0.000000000000000000 ) ) ;
#2180 = PLANE ( 'NONE',  #578 ) ;
#2181 = VERTEX_POINT ( 'NONE', #577 ) ;
#2182 = ORIENTED_EDGE ( 'NONE', *, *, #1937, .T. ) ;
#2183 = ADVANCED_FACE ( 'NONE', ( #2061 ), #154, .T. ) ;
#2184 = AXIS2_PLACEMENT_3D ( 'NONE', #905, #1489, #179 ) ;
#2185 = ORIENTED_EDGE ( 'NONE', *, *, #39, .F. ) ;
#2186 = DIRECTION ( 'NONE',  ( 0.000000000000000000, 0.000000000000000000, 1.000000000000000000 ) ) ;
#2187 = VECTOR ( 'NONE', #217, 1000.000000000000000 ) ;
#2188 = AXIS2_PLACEMENT_3D ( 'NONE', #2245, #548, #158 ) ;
#2189 = CARTESIAN_POINT ( 'NONE',  ( 0.5941427783760182546, 0.9250000000000000444, 0.7750000000000003553 ) ) ;
#2190 = DIRECTION ( 'NONE',  ( 0.000000000000000000, 0.000000000000000000, 1.000000000000000000 ) ) ;
#2191 = EDGE_CURVE ( 'NONE', #678, #420, #1533, .T. ) ;
#2192 = ORIENTED_EDGE ( 'NONE', *, *, #135, .T. ) ;
#2193 = ORIENTED_EDGE ( 'NONE', *, *, #333, .T. ) ;
#2194 = CYLINDRICAL_SURFACE ( 'NONE', #1716, 0.1191403028739743825 ) ;
#2195 = VERTEX_POINT ( 'NONE', #1166 ) ;
#2196 = DIRECTION ( 'NONE',  ( 0.1736481776669307475, 0.9848077530122080203, -0.000000000000000000 ) ) ;
#2197 = FILL_AREA_STYLE_COLOUR ( '', #105 ) ;
#2198 = LINE ( 'NONE', #2242, #1591 ) ;
#2199 = ADVANCED_FACE ( 'NONE', ( #2091 ), #1128, .F. ) ;
#2200 = DIRECTION ( 'NONE',  ( 3.380917237732666365E-16, -1.000000000000000000, 0.000000000000000000 ) ) ;
#2201 = EDGE_CURVE ( 'NONE', #678, #435, #805, .T. ) ;
#2202 = ADVANCED_FACE ( 'NONE', ( #1695 ), #1331, .F. ) ;
#2203 = ORIENTED_EDGE ( 'NONE', *, *, #982, .T. ) ;
#2204 = DIRECTION ( 'NONE',  ( 0.000000000000000000, -0.000000000000000000, -1.000000000000000000 ) ) ;
#2205 = LINE ( 'NONE', #94, #849 ) ;
#2206 = ORIENTED_EDGE ( 'NONE', *, *, #39, .T. ) ;
#2207 = FILL_AREA_STYLE ('',( #530 ) ) ;
#2208 = DIRECTION ( 'NONE',  ( -0.9848077530122080203, 0.1736481776669307475, 0.000000000000000000 ) ) ;
#2209 = EDGE_CURVE ( 'NONE', #1467, #798, #1139, .T. ) ;
#2210 = ORIENTED_EDGE ( 'NONE', *, *, #345, .F. ) ;
#2211 = LINE ( 'NONE', #898, #1272 ) ;
#2212 = DIRECTION ( 'NONE',  ( 0.000000000000000000, -0.000000000000000000, -1.000000000000000000 ) ) ;
#2213 = DIRECTION ( 'NONE',  ( 0.2131519720835995946, 0.9770190565167460317, 0.000000000000000000 ) ) ;
#2214 = VERTEX_POINT ( 'NONE', #211 ) ;
#2215 = EDGE_LOOP ( 'NONE', ( #1876, #2247, #1552, #2340 ) ) ;
#2216 = AXIS2_PLACEMENT_3D ( 'NONE', #1846, #1661, #86 ) ;
#2217 = FACE_OUTER_BOUND ( 'NONE', #161, .T. ) ;
#2218 = VERTEX_POINT ( 'NONE', #984 ) ;
#2219 = EDGE_CURVE ( 'NONE', #167, #186, #1025, .T. ) ;
#2220 = CIRCLE ( 'NONE', #1165, 0.2250000000000000611 ) ;
#2221 = DIRECTION ( 'NONE',  ( 0.9848077530122080203, 0.1736481776669307475, 0.000000000000000000 ) ) ;
#2222 = AXIS2_PLACEMENT_3D ( 'NONE', #295, #861, #1060 ) ;
#2223 = SURFACE_SIDE_STYLE ('',( #1704 ) ) ;
#2224 = EDGE_LOOP ( 'NONE', ( #1883, #1710, #1791, #1386 ) ) ;
#2225 = VECTOR ( 'NONE', #126, 1000.000000000000000 ) ;
#2226 = AXIS2_PLACEMENT_3D ( 'NONE', #1877, #1539, #949 ) ;
#2227 = PLANE ( 'NONE',  #1052 ) ;
#2229 = DIRECTION ( 'NONE',  ( 0.1736481776669308308, -0.9848077530122080203, -0.000000000000000000 ) ) ;
#2228 = CIRCLE ( 'NONE', #1126, 0.2133150144477371224 ) ;
#2230 = VECTOR ( 'NONE', #2410, 1000.000000000000000 ) ;
#2231 = EDGE_CURVE ( 'NONE', #433, #1408, #844, .T. ) ;
#2232 = CARTESIAN_POINT ( 'NONE',  ( 1.050000000000000044, 0.000000000000000000, 0.7750000000000003553 ) ) ;
#2233 = AXIS2_PLACEMENT_3D ( 'NONE', #2275, #2092, #351 ) ;
#2234 = ORIENTED_EDGE ( 'NONE', *, *, #1049, .T. ) ;
#2235 = ORIENTED_EDGE ( 'NONE', *, *, #1483, .T. ) ;
#2236 = CARTESIAN_POINT ( 'NONE',  ( -1.050000000000000044, 0.000000000000000000, -0.7749999999999995781 ) ) ;
#2237 = CARTESIAN_POINT ( 'NONE',  ( -1.050000000000000044, 0.1749999999999999889, -0.5249999999999995781 ) ) ;
#2238 = ORIENTED_EDGE ( 'NONE', *, *, #938, .T. ) ;
#2239 = FACE_OUTER_BOUND ( 'NONE', #1528, .T. ) ;
#2240 = EDGE_CURVE ( 'NONE', #948, #2361, #1565, .T. ) ;
#2241 = ORIENTED_EDGE ( 'NONE', *, *, #1583, .T. ) ;
#2242 = CARTESIAN_POINT ( 'NONE',  ( 0.5103874625394977382, 0.1000000000000004774, -0.9999999999999997780 ) ) ;
#2243 = DIRECTION ( 'NONE',  ( 0.000000000000000000, -0.000000000000000000, -1.000000000000000000 ) ) ;
#2244 = DIRECTION ( 'NONE',  ( 1.000000000000000000, 0.000000000000000000, 0.000000000000000000 ) ) ;
#2245 = CARTESIAN_POINT ( 'NONE',  ( 0.9698292877162679737, 0.2250000000000000056, -0.5249999999999995781 ) ) ;
#2246 = ORIENTED_EDGE ( 'NONE', *, *, #337, .F. ) ;
#2247 = ORIENTED_EDGE ( 'NONE', *, *, #551, .F. ) ;
#2248 = CARTESIAN_POINT ( 'NONE',  ( -0.9698292877162679737, 0.2250000000000000056, -0.5249999999999995781 ) ) ;
#2249 = ORIENTED_EDGE ( 'NONE', *, *, #2055, .T. ) ;
#2250 = EDGE_LOOP ( 'NONE', ( #2238, #1694, #1154, #569 ) ) ;
#2251 = DIRECTION ( 'NONE',  ( 0.000000000000000000, -1.000000000000000000, -0.000000000000000000 ) ) ;
#2252 = LINE ( 'NONE', #1506, #1954 ) ;
#2253 = LINE ( 'NONE', #561, #2146 ) ;
#2254 = EDGE_CURVE ( 'NONE', #2, #1644, #1932, .T. ) ;
#2255 = LINE ( 'NONE', #2068, #779 ) ;
#2256 = ORIENTED_EDGE ( 'NONE', *, *, #680, .F. ) ;
#2257 = CARTESIAN_POINT ( 'NONE',  ( 0.9698292877162679737, 0.1749999999999999611, -0.1249999999999995698 ) ) ;
#2258 = EDGE_LOOP ( 'NONE', ( #2234, #1297, #729, #1133 ) ) ;
#2259 =( GEOMETRIC_REPRESENTATION_CONTEXT ( 3 ) GLOBAL_UNCERTAINTY_ASSIGNED_CONTEXT ( ( #1616 ) ) GLOBAL_UNIT_ASSIGNED_CONTEXT ( ( #38, #642, #1203 ) ) REPRESENTATION_CONTEXT ( 'NONE', 'WORKASPACE' ) );
#2260 = DIRECTION ( 'NONE',  ( -0.000000000000000000, -0.000000000000000000, -1.000000000000000000 ) ) ;
#2261 = ORIENTED_EDGE ( 'NONE', *, *, #1227, .T. ) ;
#2262 = FACE_OUTER_BOUND ( 'NONE', #1762, .T. ) ;
#2263 = STYLED_ITEM ( 'NONE', ( #375 ), #1214 ) ;
#2264 = LINE ( 'NONE', #1736, #2376 ) ;
#2265 = PRESENTATION_LAYER_ASSIGNMENT (  '', '', ( #1630 ) ) ;
#2266 = AXIS2_PLACEMENT_3D ( 'NONE', #1608, #1056, #710 ) ;
#2267 = VERTEX_POINT ( 'NONE', #1609 ) ;
#2268 = DIRECTION ( 'NONE',  ( 0.000000000000000000, 0.000000000000000000, 1.000000000000000000 ) ) ;
#2269 = AXIS2_PLACEMENT_3D ( 'NONE', #196, #974, #1722 ) ;
#2270 = FILL_AREA_STYLE_COLOUR ( '', #1210 ) ;
#2271 = EDGE_LOOP ( 'NONE', ( #2032, #1593, #1760, #2261, #804, #1024, #830, #1778, #1960 ) ) ;
#2272 = CARTESIAN_POINT ( 'NONE',  ( -0.7500000000000002220, 0.1770408062811899830, -0.5249999999999995781 ) ) ;
#2273 = DIRECTION ( 'NONE',  ( -0.2131519720835995946, -0.9770190565167459207, -0.000000000000000000 ) ) ;
#2274 = EDGE_CURVE ( 'NONE', #948, #565, #222, .T. ) ;
#2275 = CARTESIAN_POINT ( 'NONE',  ( -0.5941427783760182546, 0.9250000000000000444, 0.7750000000000003553 ) ) ;
#2276 = PLANE ( 'NONE',  #1438 ) ;
#2277 = EDGE_CURVE ( 'NONE', #210, #1756, #2325, .T. ) ;
#2278 = ORIENTED_EDGE ( 'NONE', *, *, #318, .F. ) ;
#2279 = EDGE_CURVE ( 'NONE', #1889, #504, #260, .T. ) ;
#2280 = ORIENTED_EDGE ( 'NONE', *, *, #2240, .T. ) ;
#2281 = LINE ( 'NONE', #188, #1330 ) ;
#2282 = ADVANCED_FACE ( 'NONE', ( #1784 ), #2316, .F. ) ;
#2283 = FACE_OUTER_BOUND ( 'NONE', #362, .T. ) ;
#2284 = CYLINDRICAL_SURFACE ( 'NONE', #1281, 0.05000000000000002359 ) ;
#2285 = ORIENTED_EDGE ( 'NONE', *, *, #258, .F. ) ;
#2286 = ORIENTED_EDGE ( 'NONE', *, *, #1305, .T. ) ;
#2287 = LINE ( 'NONE', #588, #363 ) ;
#2288 = CARTESIAN_POINT ( 'NONE',  ( 0.9698292877162679737, 0.000000000000000000, 0.1250000000000004441 ) ) ;
#2289 = DIRECTION ( 'NONE',  ( 0.9770190565167459207, 0.2131519720835998999, 0.000000000000000000 ) ) ;
#2290 = ORIENTED_EDGE ( 'NONE', *, *, #1184, .T. ) ;
#2291 = CARTESIAN_POINT ( 'NONE',  ( 1.050000000000000044, 0.000000000000000000, -0.1249999999999995698 ) ) ;
#2292 = CARTESIAN_POINT ( 'NONE',  ( 0.7500000000000001110, 0.1770408062811900385, -0.1249999999999995698 ) ) ;
#2293 = ORIENTED_EDGE ( 'NONE', *, *, #1466, .T. ) ;
#2294 = ADVANCED_FACE ( 'NONE', ( #1812 ), #97, .F. ) ;
#2295 = VERTEX_POINT ( 'NONE', #1247 ) ;
#2296 = VERTEX_POINT ( 'NONE', #120 ) ;
#2297 = CARTESIAN_POINT ( 'NONE',  ( 0.7500000000000001110, 0.1770408062811900385, 0.1250000000000004441 ) ) ;
#2298 = CARTESIAN_POINT ( 'NONE',  ( -1.050000000000000044, 0.1749999999999999889, -0.5249999999999995781 ) ) ;
#2299 = VECTOR ( 'NONE', #1469, 1000.000000000000000 ) ;
#2300 = DIRECTION ( 'NONE',  ( 0.000000000000000000, -0.000000000000000000, -1.000000000000000000 ) ) ;
#2301 = DIRECTION ( 'NONE',  ( -0.000000000000000000, -1.000000000000000000, -0.000000000000000000 ) ) ;
#2302 = ORIENTED_EDGE ( 'NONE', *, *, #1485, .T. ) ;
#2304 = VERTEX_POINT ( 'NONE', #1459 ) ;
#2303 = VECTOR ( 'NONE', #1168, 1000.000000000000000 ) ;
#2305 =( GEOMETRIC_REPRESENTATION_CONTEXT ( 3 ) GLOBAL_UNCERTAINTY_ASSIGNED_CONTEXT ( ( #832 ) ) GLOBAL_UNIT_ASSIGNED_CONTEXT ( ( #1464, #2049, #160 ) ) REPRESENTATION_CONTEXT ( 'NONE', 'WORKASPACE' ) );
#2306 = DIRECTION ( 'NONE',  ( -0.1736481776669307198, 0.9848077530122080203, 0.000000000000000000 ) ) ;
#2307 = STYLED_ITEM ( 'NONE', ( #1803 ), #311 ) ;
#2308 = CIRCLE ( 'NONE', #1867, 0.1191403028739743825 ) ;
#2309 = DIRECTION ( 'NONE',  ( 1.000000000000000000, 3.380917237732666365E-16, 0.000000000000000000 ) ) ;
#2310 = ORIENTED_EDGE ( 'NONE', *, *, #1490, .F. ) ;
#2311 = AXIS2_PLACEMENT_3D ( 'NONE', #1342, #1668, #1150 ) ;
#2312 = CARTESIAN_POINT ( 'NONE',  ( -1.050000000000000044, 0.000000000000000000, -0.1249999999999995698 ) ) ;
#2313 = DIRECTION ( 'NONE',  ( -0.000000000000000000, 0.000000000000000000, 1.000000000000000000 ) ) ;
#2314 = VERTEX_POINT ( 'NONE', #2016 ) ;
#2315 = ADVANCED_FACE ( 'NONE', ( #1636 ), #896, .F. ) ;
#2316 = CYLINDRICAL_SURFACE ( 'NONE', #1518, 0.05000000000000002359 ) ;
#2317 = LINE ( 'NONE', #1208, #272 ) ;
#2318 = DIRECTION ( 'NONE',  ( -1.000000000000000000, 3.380917237732666365E-16, -0.000000000000000000 ) ) ;
#2319 = DIRECTION ( 'NONE',  ( -0.000000000000000000, -0.000000000000000000, -1.000000000000000000 ) ) ;
#2320 = LINE ( 'NONE', #1174, #1474 ) ;
#2321 = EDGE_CURVE ( 'NONE', #2070, #420, #1430, .T. ) ;
#2322 = DIRECTION ( 'NONE',  ( 1.000000000000000000, 0.000000000000000000, 0.000000000000000000 ) ) ;
#2323 = EDGE_LOOP ( 'NONE', ( #628, #36 ) ) ;
#2324 = ORIENTED_EDGE ( 'NONE', *, *, #2274, .T. ) ;
#2325 = LINE ( 'NONE', #996, #955 ) ;
#2326 = CARTESIAN_POINT ( 'NONE',  ( -0.3553857855023278556, 1.100000000000000089, -0.6466298479675339772 ) ) ;
#2327 = DIRECTION ( 'NONE',  ( 0.000000000000000000, 0.000000000000000000, 1.000000000000000000 ) ) ;
#2328 = ADVANCED_FACE ( 'NONE', ( #906 ), #281, .F. ) ;
#2329 = PLANE ( 'NONE',  #372 ) ;
#2330 = EDGE_LOOP ( 'NONE', ( #895, #1334, #1634, #976, #2280, #1976, #1875, #673, #1663 ) ) ;
#2331 = DIRECTION ( 'NONE',  ( 1.000000000000000000, 0.000000000000000000, 0.000000000000000000 ) ) ;
#2332 = DIRECTION ( 'NONE',  ( -1.000000000000000000, 0.000000000000000000, 0.000000000000000000 ) ) ;
#2333 = AXIS2_PLACEMENT_3D ( 'NONE', #2411, #1451, #508 ) ;
#2334 = DIRECTION ( 'NONE',  ( 0.000000000000000000, -0.000000000000000000, -1.000000000000000000 ) ) ;
#2335 = EDGE_LOOP ( 'NONE', ( #2077, #1633, #543, #204 ) ) ;
#2336 = ADVANCED_FACE ( 'NONE', ( #876 ), #317, .F. ) ;
#2337 = LINE ( 'NONE', #662, #278 ) ;
#2338 = AXIS2_PLACEMENT_3D ( 'NONE', #1568, #1725, #956 ) ;
#2339 = ORIENTED_EDGE ( 'NONE', *, *, #626, .F. ) ;
#2340 = ORIENTED_EDGE ( 'NONE', *, *, #1026, .T. ) ;
#2341 = CARTESIAN_POINT ( 'NONE',  ( 1.050000000000000044, 0.000000000000000000, 0.7750000000000003553 ) ) ;
#2342 = VECTOR ( 'NONE', #2251, 1000.000000000000000 ) ;
#2343 = CIRCLE ( 'NONE', #2338, 0.05000000000000002359 ) ;
#2344 = CARTESIAN_POINT ( 'NONE',  ( 0.9209783348904306832, 0.2143424013958200036, 0.1250000000000004441 ) ) ;
#2345 = AXIS2_PLACEMENT_3D ( 'NONE', #2248, #550, #789 ) ;
#2346 = ORIENTED_EDGE ( 'NONE', *, *, #353, .F. ) ;
#2347 = VECTOR ( 'NONE', #758, 1000.000000000000000 ) ;
#2348 = VECTOR ( 'NONE', #1963, 1000.000000000000000 ) ;
#2349 = CARTESIAN_POINT ( 'NONE',  ( -0.5941427783760182546, 0.7116849855522630053, 0.1250000000000004441 ) ) ;
#2350 = LINE ( 'NONE', #1271, #27 ) ;
#2351 = CARTESIAN_POINT ( 'NONE',  ( 0.9698292877162679737, 0.1749999999999999611, 0.7750000000000003553 ) ) ;
#2352 = PLANE ( 'NONE',  #531 ) ;
#2353 = EDGE_CURVE ( 'NONE', #1924, #916, #1618, .T. ) ;
#2354 = EDGE_CURVE ( 'NONE', #1408, #772, #1649, .T. ) ;
#2355 = VERTEX_POINT ( 'NONE', #2364 ) ;
#2356 = ORIENTED_EDGE ( 'NONE', *, *, #799, .T. ) ;
#2357 = PLANE ( 'NONE',  #70 ) ;
#2358 = ADVANCED_FACE ( 'NONE', ( #740 ), #1832, .F. ) ;
#2359 = ADVANCED_FACE ( 'NONE', ( #2239 ), #1259, .T. ) ;
#2360 = ORIENTED_EDGE ( 'NONE', *, *, #449, .F. ) ;
#2361 = VERTEX_POINT ( 'NONE', #303 ) ;
#2362 =( NAMED_UNIT ( * ) SI_UNIT ( $, .STERADIAN. ) SOLID_ANGLE_UNIT ( ) );
#2363 = EDGE_LOOP ( 'NONE', ( #15, #2246, #176, #1346 ) ) ;
#2364 = CARTESIAN_POINT ( 'NONE',  ( -0.9209783348904306832, 0.2143424013958200036, -0.7749999999999995781 ) ) ;
#2365 = EDGE_CURVE ( 'NONE', #96, #831, #1076, .T. ) ;
#2366 = SURFACE_STYLE_USAGE ( .BOTH. , #1435 ) ;
#2367 = DIRECTION ( 'NONE',  ( -1.000000000000000000, 3.380917237732666365E-16, -0.000000000000000000 ) ) ;
#2368 = CARTESIAN_POINT ( 'NONE',  ( 0.9698292877162679737, 0.2250000000000000056, 0.1250000000000004441 ) ) ;
#2369 = CARTESIAN_POINT ( 'NONE',  ( 0.7500000000000002220, 0.1770408062811899830, 0.1250000000000004441 ) ) ;
#2370 = ORIENTED_EDGE ( 'NONE', *, *, #2012, .T. ) ;
#2371 = VERTEX_POINT ( 'NONE', #1703 ) ;
#2372 = DIRECTION ( 'NONE',  ( -0.2131519720835995946, -0.9770190565167459207, -0.000000000000000000 ) ) ;
#2373 = LINE ( 'NONE', #1429, #1595 ) ;
#2374 = VECTOR ( 'NONE', #2319, 1000.000000000000000 ) ;
#2375 = ORIENTED_EDGE ( 'NONE', *, *, #1819, .T. ) ;
#2376 = VECTOR ( 'NONE', #185, 1000.000000000000000 ) ;
#2377 =( NAMED_UNIT ( * ) PLANE_ANGLE_UNIT ( ) SI_UNIT ( $, .RADIAN. ) );
#2378 = DIRECTION ( 'NONE',  ( 1.000000000000000000, 0.000000000000000000, 0.000000000000000000 ) ) ;
#2379 = VECTOR ( 'NONE', #1248, 1000.000000000000000 ) ;
#2380 = VECTOR ( 'NONE', #823, 1000.000000000000000 ) ;
#2381 = LINE ( 'NONE', #1460, #2379 ) ;
#2382 = ADVANCED_FACE ( 'NONE', ( #1530 ), #1718, .F. ) ;
#2383 = AXIS2_PLACEMENT_3D ( 'NONE', #438, #1922, #2334 ) ;
#2384 = DIRECTION ( 'NONE',  ( 0.000000000000000000, 0.000000000000000000, 1.000000000000000000 ) ) ;
#2385 = CARTESIAN_POINT ( 'NONE',  ( -0.9698292877162679737, 0.000000000000000000, 0.7750000000000003553 ) ) ;
#2386 = DIRECTION ( 'NONE',  ( -1.000000000000000000, 3.380917237732666365E-16, -0.000000000000000000 ) ) ;
#2387 = ORIENTED_EDGE ( 'NONE', *, *, #1045, .T. ) ;
#2388 = ORIENTED_EDGE ( 'NONE', *, *, #1074, .T. ) ;
#2389 = DIRECTION ( 'NONE',  ( -1.000000000000000000, 0.000000000000000000, 0.000000000000000000 ) ) ;
#2390 = ORIENTED_EDGE ( 'NONE', *, *, #1352, .F. ) ;
#2391 = LINE ( 'NONE', #715, #1470 ) ;
#2392 = DIRECTION ( 'NONE',  ( -1.000000000000000000, 0.000000000000000000, 0.000000000000000000 ) ) ;
#2393 = LINE ( 'NONE', #720, #1980 ) ;
#2394 = ADVANCED_FACE ( 'NONE', ( #545 ), #792, .T. ) ;
#2395 = ORIENTED_EDGE ( 'NONE', *, *, #1811, .T. ) ;
#2396 = ORIENTED_EDGE ( 'NONE', *, *, #1227, .F. ) ;
#2397 = CARTESIAN_POINT ( 'NONE',  ( -0.7500000000000001110, 0.1770408062811900385, 0.7750000000000003553 ) ) ;
#2398 = DIRECTION ( 'NONE',  ( -0.000000000000000000, 0.000000000000000000, 1.000000000000000000 ) ) ;
#2399 = DIRECTION ( 'NONE',  ( -1.000000000000000000, 3.380917237732666365E-16, -0.000000000000000000 ) ) ;
#2400 = LINE ( 'NONE', #1639, #1562 ) ;
#2401 = CARTESIAN_POINT ( 'NONE',  ( 0.9698292877162679737, 0.000000000000000000, 0.1250000000000004441 ) ) ;
#2402 = CARTESIAN_POINT ( 'NONE',  ( -0.9698292877162679737, 0.1749999999999999611, 0.1250000000000004441 ) ) ;
#2403 = ORIENTED_EDGE ( 'NONE', *, *, #122, .T. ) ;
#2404 = ORIENTED_EDGE ( 'NONE', *, *, #691, .T. ) ;
#2405 = AXIS2_PLACEMENT_3D ( 'NONE', #1065, #1238, #2378 ) ;
#2406 = DIRECTION ( 'NONE',  ( 0.1736481776669306920, 0.9848077530122080203, -0.000000000000000000 ) ) ;
#2407 = DIRECTION ( 'NONE',  ( 0.000000000000000000, -0.000000000000000000, 1.000000000000000000 ) ) ;
#2408 = VERTEX_POINT ( 'NONE', #1729 ) ;
#2409 = AXIS2_PLACEMENT_3D ( 'NONE', #1455, #1642, #2007 ) ;
#2410 = DIRECTION ( 'NONE',  ( -1.000000000000000000, -0.000000000000000000, -0.000000000000000000 ) ) ;
#2411 = CARTESIAN_POINT ( 'NONE',  ( -1.050000000000000044, 0.1749999999999999889, 0.1250000000000004441 ) ) ;
#2412 = VECTOR ( 'NONE', #1509, 1000.000000000000000 ) ;
#2413 = CARTESIAN_POINT ( 'NONE',  ( 0.8025556125326023249, 0.7571535015568399141, -0.7749999999999995781 ) ) ;
#2414 = ORIENTED_EDGE ( 'NONE', *, *, #1305, .F. ) ;
#2415 = EDGE_CURVE ( 'NONE', #462, #169, #1161, .T. ) ;
#2416 = VECTOR ( 'NONE', #332, 1000.000000000000000 ) ;
#2417 = AXIS2_PLACEMENT_3D ( 'NONE', #294, #1973, #1797 ) ;
#2418 = CARTESIAN_POINT ( 'NONE',  ( 0.6250000000000001110, 0.7500000000000000000, 0.9999999999999988898 ) ) ;
#2419 = FACE_OUTER_BOUND ( 'NONE', #2038, .T. ) ;
#2421 = CARTESIAN_POINT ( 'NONE',  ( -1.050000000000000044, 0.000000000000000000, -0.5249999999999995781 ) ) ;
#2420 = AXIS2_PLACEMENT_3D ( 'NONE', #1641, #727, #2392 ) ;
#2422 = PRESENTATION_LAYER_ASSIGNMENT (  '', '', ( #1117 ) ) ;
#2423 = CARTESIAN_POINT ( 'NONE',  ( -0.5941427783760182546, 0.9250000000000000444, 0.5250000000000003553 ) ) ;
#2424 = CARTESIAN_POINT ( 'NONE',  ( 0.7500000000000002220, 0.1770408062811899830, -0.5249999999999995781 ) ) ;
#2425 = EDGE_LOOP ( 'NONE', ( #1523, #609, #638, #148 ) ) ;
#2426 = EDGE_CURVE ( 'NONE', #1396, #2467, #1574, .T. ) ;
#2427 = ADVANCED_FACE ( 'NONE', ( #255 ), #1190, .T. ) ;
#2428 = VERTEX_POINT ( 'NONE', #1363 ) ;
#2429 = LINE ( 'NONE', #1508, #1212 ) ;
#2430 = PLANE ( 'NONE',  #2233 ) ;
#2431 = CARTESIAN_POINT ( 'NONE',  ( 0.5941427783760182546, 0.9250000000000000444, 0.1250000000000004441 ) ) ;
#2432 = ORIENTED_EDGE ( 'NONE', *, *, #2231, .T. ) ;
#2433 = LINE ( 'NONE', #1511, #2119 ) ;
#2434 = ORIENTED_EDGE ( 'NONE', *, *, #428, .T. ) ;
#2435 = FACE_OUTER_BOUND ( 'NONE', #762, .T. ) ;
#2436 = DIRECTION ( 'NONE',  ( 0.2131519720835995946, 0.9770190565167460317, 0.000000000000000000 ) ) ;
#2437 = EDGE_CURVE ( 'NONE', #1930, #919, #1560, .T. ) ;
#2438 = CARTESIAN_POINT ( 'NONE',  ( -0.5103874625394974052, 0.1000000000000004774, 0.9999999999999988898 ) ) ;
#2439 = DIRECTION ( 'NONE',  ( 0.000000000000000000, 1.000000000000000000, 0.000000000000000000 ) ) ;
#2440 = LINE ( 'NONE', #2082, #856 ) ;
#2441 = FILL_AREA_STYLE_COLOUR ( '', #653 ) ;
#2442 = LINE ( 'NONE', #1521, #661 ) ;
#2443 = ORIENTED_EDGE ( 'NONE', *, *, #1487, .F. ) ;
#2444 = LINE ( 'NONE', #162, #418 ) ;
#2445 = LINE ( 'NONE', #947, #1526 ) ;
#2446 = DIRECTION ( 'NONE',  ( 0.000000000000000000, -1.000000000000000000, -0.000000000000000000 ) ) ;
#2447 = AXIS2_PLACEMENT_3D ( 'NONE', #2030, #2208, #291 ) ;
#2448 = AXIS2_PLACEMENT_3D ( 'NONE', #857, #689, #280 ) ;
#2449 = EDGE_CURVE ( 'NONE', #749, #1756, #725, .T. ) ;
#2450 = DIRECTION ( 'NONE',  ( 0.000000000000000000, -0.000000000000000000, 1.000000000000000000 ) ) ;
#2451 = EDGE_CURVE ( 'NONE', #169, #2408, #266, .T. ) ;
#2452 = CLOSED_SHELL ( 'NONE', ( #965, #73, #2394, #1841, #257, #688, #2382, #1145, #714, #1871, #2174 ) ) ;
#2453 = EDGE_CURVE ( 'NONE', #2467, #1738, #306, .T. ) ;
#2454 = FACE_OUTER_BOUND ( 'NONE', #837, .T. ) ;
#2455 = VECTOR ( 'NONE', #1650, 1000.000000000000000 ) ;
#2456 =( GEOMETRIC_REPRESENTATION_CONTEXT ( 3 ) GLOBAL_UNCERTAINTY_ASSIGNED_CONTEXT ( ( #84 ) ) GLOBAL_UNIT_ASSIGNED_CONTEXT ( ( #1742, #138, #308 ) ) REPRESENTATION_CONTEXT ( 'NONE', 'WORKASPACE' ) );
#2457 = PLANE ( 'NONE',  #1827 ) ;
#2458 = CARTESIAN_POINT ( 'NONE',  ( -1.050000000000000044, 0.1749999999999999889, -0.7749999999999995781 ) ) ;
#2459 = VECTOR ( 'NONE', #1030, 1000.000000000000000 ) ;
#2460 = VECTOR ( 'NONE', #128, 1000.000000000000000 ) ;
#2461 = VERTEX_POINT ( 'NONE', #1034 ) ;
#2462 = ORIENTED_EDGE ( 'NONE', *, *, #1918, .F. ) ;
#2463 = DIRECTION ( 'NONE',  ( -1.000000000000000000, 0.000000000000000000, 0.000000000000000000 ) ) ;
#2464 = VECTOR ( 'NONE', #219, 1000.000000000000000 ) ;
#2465 = DIRECTION ( 'NONE',  ( -0.9770190565167459207, 0.2131519720835998999, 0.000000000000000000 ) ) ;
#2466 = ORIENTED_EDGE ( 'NONE', *, *, #1411, .F. ) ;
#2467 = VERTEX_POINT ( 'NONE', #2344 ) ;
ENDSEC;
END-ISO-10303-21;
