ISO-10303-21;
HEADER;
/* Generated by software containing ST-Developer
 * from STEP Tools, Inc. (www.steptools.com) 
 */
/* OPTION: using custom renumber hook */

FILE_DESCRIPTION(
/* description */ ('STEP AP214'),
/* implementation_level */ '2;1');

FILE_NAME(
/* name */ 'CBED202-1302B001C1AC',
/* time_stamp */ '2026-05-18T10:31:58+02:00',
/* author */ ('License CC BY-ND 4.0'),
/* organization */ ('CADENAS'),
/* preprocessor_version */ 'ST-DEVELOPER v20',
/* originating_system */ 'PARTsolutions',
/* authorisation */ '  ');

FILE_SCHEMA (('AUTOMOTIVE_DESIGN {1 0 10303 214 3 1 1}'));
ENDSEC;

DATA;
#10=PROPERTY_DEFINITION_REPRESENTATION(#14,#12);
#11=PROPERTY_DEFINITION_REPRESENTATION(#15,#13);
#12=REPRESENTATION('',(#16),#13856);
#13=REPRESENTATION('',(#17),#13856);
#14=PROPERTY_DEFINITION('pmi validation property','',#13869);
#15=PROPERTY_DEFINITION('pmi validation property','',#13869);
#16=VALUE_REPRESENTATION_ITEM('number of annotations',COUNT_MEASURE(0.));
#17=VALUE_REPRESENTATION_ITEM('number of views',COUNT_MEASURE(0.));
#18=DRAUGHTING_PRE_DEFINED_COLOUR('yellow');
#19=CONTEXT_DEPENDENT_SHAPE_REPRESENTATION(#77,#13871);
#20=CONTEXT_DEPENDENT_SHAPE_REPRESENTATION(#78,#13873);
#21=CONTEXT_DEPENDENT_SHAPE_REPRESENTATION(#79,#13874);
#22=CONTEXT_DEPENDENT_SHAPE_REPRESENTATION(#80,#13875);
#23=CONTEXT_DEPENDENT_SHAPE_REPRESENTATION(#81,#13876);
#24=CONTEXT_DEPENDENT_SHAPE_REPRESENTATION(#82,#13877);
#25=CONTEXT_DEPENDENT_SHAPE_REPRESENTATION(#83,#13878);
#26=CONTEXT_DEPENDENT_SHAPE_REPRESENTATION(#84,#13879);
#27=CONTEXT_DEPENDENT_SHAPE_REPRESENTATION(#85,#13880);
#28=CONTEXT_DEPENDENT_SHAPE_REPRESENTATION(#86,#13881);
#29=CONTEXT_DEPENDENT_SHAPE_REPRESENTATION(#87,#13882);
#30=CONTEXT_DEPENDENT_SHAPE_REPRESENTATION(#88,#13883);
#31=CONTEXT_DEPENDENT_SHAPE_REPRESENTATION(#89,#13884);
#32=CONTEXT_DEPENDENT_SHAPE_REPRESENTATION(#90,#13885);
#33=CONTEXT_DEPENDENT_SHAPE_REPRESENTATION(#91,#13887);
#34=CONTEXT_DEPENDENT_SHAPE_REPRESENTATION(#92,#13888);
#35=CONTEXT_DEPENDENT_SHAPE_REPRESENTATION(#93,#13889);
#36=CONTEXT_DEPENDENT_SHAPE_REPRESENTATION(#94,#13890);
#37=CONTEXT_DEPENDENT_SHAPE_REPRESENTATION(#95,#13891);
#38=CONTEXT_DEPENDENT_SHAPE_REPRESENTATION(#96,#13892);
#39=CONTEXT_DEPENDENT_SHAPE_REPRESENTATION(#97,#13893);
#40=CONTEXT_DEPENDENT_SHAPE_REPRESENTATION(#98,#13894);
#41=CONTEXT_DEPENDENT_SHAPE_REPRESENTATION(#99,#13895);
#42=CONTEXT_DEPENDENT_SHAPE_REPRESENTATION(#100,#13896);
#43=CONTEXT_DEPENDENT_SHAPE_REPRESENTATION(#101,#13897);
#44=CONTEXT_DEPENDENT_SHAPE_REPRESENTATION(#102,#13898);
#45=CONTEXT_DEPENDENT_SHAPE_REPRESENTATION(#103,#13899);
#46=CONTEXT_DEPENDENT_SHAPE_REPRESENTATION(#104,#13901);
#47=CONTEXT_DEPENDENT_SHAPE_REPRESENTATION(#105,#13902);
#48=NEXT_ASSEMBLY_USAGE_OCCURRENCE('NAUO1','CBED202-13-HSG',
'CBED202-13-HSG',#13903,#13904,'');
#49=NEXT_ASSEMBLY_USAGE_OCCURRENCE('NAUO2','CBED202-Terminal',
'CBED202-Terminal',#13903,#13905,'');
#50=NEXT_ASSEMBLY_USAGE_OCCURRENCE('NAUO3','CBED202-Terminal',
'CBED202-Terminal',#13903,#13905,'');
#51=NEXT_ASSEMBLY_USAGE_OCCURRENCE('NAUO4','CBED202-Terminal',
'CBED202-Terminal',#13903,#13905,'');
#52=NEXT_ASSEMBLY_USAGE_OCCURRENCE('NAUO5','CBED202-Terminal',
'CBED202-Terminal',#13903,#13905,'');
#53=NEXT_ASSEMBLY_USAGE_OCCURRENCE('NAUO6','CBED202-Terminal',
'CBED202-Terminal',#13903,#13905,'');
#54=NEXT_ASSEMBLY_USAGE_OCCURRENCE('NAUO7','CBED202-Terminal',
'CBED202-Terminal',#13903,#13905,'');
#55=NEXT_ASSEMBLY_USAGE_OCCURRENCE('NAUO8','CBED202-Terminal',
'CBED202-Terminal',#13903,#13905,'');
#56=NEXT_ASSEMBLY_USAGE_OCCURRENCE('NAUO9','CBED202-Terminal',
'CBED202-Terminal',#13903,#13905,'');
#57=NEXT_ASSEMBLY_USAGE_OCCURRENCE('NAUO10','CBED202-Terminal',
'CBED202-Terminal',#13903,#13905,'');
#58=NEXT_ASSEMBLY_USAGE_OCCURRENCE('NAUO11','CBED202-Terminal',
'CBED202-Terminal',#13903,#13905,'');
#59=NEXT_ASSEMBLY_USAGE_OCCURRENCE('NAUO12','CBED202-Terminal',
'CBED202-Terminal',#13903,#13905,'');
#60=NEXT_ASSEMBLY_USAGE_OCCURRENCE('NAUO13','CBED202-Terminal',
'CBED202-Terminal',#13903,#13905,'');
#61=NEXT_ASSEMBLY_USAGE_OCCURRENCE('NAUO14','CBED202-Terminal',
'CBED202-Terminal',#13903,#13905,'');
#62=NEXT_ASSEMBLY_USAGE_OCCURRENCE('NAUO15','CBED202-Terminal1',
'CBED202-Terminal1',#13903,#13906,'');
#63=NEXT_ASSEMBLY_USAGE_OCCURRENCE('NAUO16','CBED202-Terminal1',
'CBED202-Terminal1',#13903,#13906,'');
#64=NEXT_ASSEMBLY_USAGE_OCCURRENCE('NAUO17','CBED202-Terminal1',
'CBED202-Terminal1',#13903,#13906,'');
#65=NEXT_ASSEMBLY_USAGE_OCCURRENCE('NAUO18','CBED202-Terminal1',
'CBED202-Terminal1',#13903,#13906,'');
#66=NEXT_ASSEMBLY_USAGE_OCCURRENCE('NAUO19','CBED202-Terminal1',
'CBED202-Terminal1',#13903,#13906,'');
#67=NEXT_ASSEMBLY_USAGE_OCCURRENCE('NAUO20','CBED202-Terminal1',
'CBED202-Terminal1',#13903,#13906,'');
#68=NEXT_ASSEMBLY_USAGE_OCCURRENCE('NAUO21','CBED202-Terminal1',
'CBED202-Terminal1',#13903,#13906,'');
#69=NEXT_ASSEMBLY_USAGE_OCCURRENCE('NAUO22','CBED202-Terminal1',
'CBED202-Terminal1',#13903,#13906,'');
#70=NEXT_ASSEMBLY_USAGE_OCCURRENCE('NAUO23','CBED202-Terminal1',
'CBED202-Terminal1',#13903,#13906,'');
#71=NEXT_ASSEMBLY_USAGE_OCCURRENCE('NAUO24','CBED202-Terminal1',
'CBED202-Terminal1',#13903,#13906,'');
#72=NEXT_ASSEMBLY_USAGE_OCCURRENCE('NAUO25','CBED202-Terminal1',
'CBED202-Terminal1',#13903,#13906,'');
#73=NEXT_ASSEMBLY_USAGE_OCCURRENCE('NAUO26','CBED202-Terminal1',
'CBED202-Terminal1',#13903,#13906,'');
#74=NEXT_ASSEMBLY_USAGE_OCCURRENCE('NAUO27','CBED202-Terminal1',
'CBED202-Terminal1',#13903,#13906,'');
#75=NEXT_ASSEMBLY_USAGE_OCCURRENCE('NAUO28','CBED202-Ground Piece',
'CBED202-Ground Piece',#13903,#13907,'');
#76=NEXT_ASSEMBLY_USAGE_OCCURRENCE('NAUO29','CBED202-Ground Piece',
'CBED202-Ground Piece',#13903,#13907,'');
#77=(
REPRESENTATION_RELATIONSHIP(' ',' ',#8511,#8510)
REPRESENTATION_RELATIONSHIP_WITH_TRANSFORMATION(#106)
SHAPE_REPRESENTATION_RELATIONSHIP()
);
#78=(
REPRESENTATION_RELATIONSHIP(' ',' ',#8512,#8510)
REPRESENTATION_RELATIONSHIP_WITH_TRANSFORMATION(#107)
SHAPE_REPRESENTATION_RELATIONSHIP()
);
#79=(
REPRESENTATION_RELATIONSHIP(' ',' ',#8512,#8510)
REPRESENTATION_RELATIONSHIP_WITH_TRANSFORMATION(#108)
SHAPE_REPRESENTATION_RELATIONSHIP()
);
#80=(
REPRESENTATION_RELATIONSHIP(' ',' ',#8512,#8510)
REPRESENTATION_RELATIONSHIP_WITH_TRANSFORMATION(#109)
SHAPE_REPRESENTATION_RELATIONSHIP()
);
#81=(
REPRESENTATION_RELATIONSHIP(' ',' ',#8512,#8510)
REPRESENTATION_RELATIONSHIP_WITH_TRANSFORMATION(#110)
SHAPE_REPRESENTATION_RELATIONSHIP()
);
#82=(
REPRESENTATION_RELATIONSHIP(' ',' ',#8512,#8510)
REPRESENTATION_RELATIONSHIP_WITH_TRANSFORMATION(#111)
SHAPE_REPRESENTATION_RELATIONSHIP()
);
#83=(
REPRESENTATION_RELATIONSHIP(' ',' ',#8512,#8510)
REPRESENTATION_RELATIONSHIP_WITH_TRANSFORMATION(#112)
SHAPE_REPRESENTATION_RELATIONSHIP()
);
#84=(
REPRESENTATION_RELATIONSHIP(' ',' ',#8512,#8510)
REPRESENTATION_RELATIONSHIP_WITH_TRANSFORMATION(#113)
SHAPE_REPRESENTATION_RELATIONSHIP()
);
#85=(
REPRESENTATION_RELATIONSHIP(' ',' ',#8512,#8510)
REPRESENTATION_RELATIONSHIP_WITH_TRANSFORMATION(#114)
SHAPE_REPRESENTATION_RELATIONSHIP()
);
#86=(
REPRESENTATION_RELATIONSHIP(' ',' ',#8512,#8510)
REPRESENTATION_RELATIONSHIP_WITH_TRANSFORMATION(#115)
SHAPE_REPRESENTATION_RELATIONSHIP()
);
#87=(
REPRESENTATION_RELATIONSHIP(' ',' ',#8512,#8510)
REPRESENTATION_RELATIONSHIP_WITH_TRANSFORMATION(#116)
SHAPE_REPRESENTATION_RELATIONSHIP()
);
#88=(
REPRESENTATION_RELATIONSHIP(' ',' ',#8512,#8510)
REPRESENTATION_RELATIONSHIP_WITH_TRANSFORMATION(#117)
SHAPE_REPRESENTATION_RELATIONSHIP()
);
#89=(
REPRESENTATION_RELATIONSHIP(' ',' ',#8512,#8510)
REPRESENTATION_RELATIONSHIP_WITH_TRANSFORMATION(#118)
SHAPE_REPRESENTATION_RELATIONSHIP()
);
#90=(
REPRESENTATION_RELATIONSHIP(' ',' ',#8512,#8510)
REPRESENTATION_RELATIONSHIP_WITH_TRANSFORMATION(#119)
SHAPE_REPRESENTATION_RELATIONSHIP()
);
#91=(
REPRESENTATION_RELATIONSHIP(' ',' ',#8513,#8510)
REPRESENTATION_RELATIONSHIP_WITH_TRANSFORMATION(#120)
SHAPE_REPRESENTATION_RELATIONSHIP()
);
#92=(
REPRESENTATION_RELATIONSHIP(' ',' ',#8513,#8510)
REPRESENTATION_RELATIONSHIP_WITH_TRANSFORMATION(#121)
SHAPE_REPRESENTATION_RELATIONSHIP()
);
#93=(
REPRESENTATION_RELATIONSHIP(' ',' ',#8513,#8510)
REPRESENTATION_RELATIONSHIP_WITH_TRANSFORMATION(#122)
SHAPE_REPRESENTATION_RELATIONSHIP()
);
#94=(
REPRESENTATION_RELATIONSHIP(' ',' ',#8513,#8510)
REPRESENTATION_RELATIONSHIP_WITH_TRANSFORMATION(#123)
SHAPE_REPRESENTATION_RELATIONSHIP()
);
#95=(
REPRESENTATION_RELATIONSHIP(' ',' ',#8513,#8510)
REPRESENTATION_RELATIONSHIP_WITH_TRANSFORMATION(#124)
SHAPE_REPRESENTATION_RELATIONSHIP()
);
#96=(
REPRESENTATION_RELATIONSHIP(' ',' ',#8513,#8510)
REPRESENTATION_RELATIONSHIP_WITH_TRANSFORMATION(#125)
SHAPE_REPRESENTATION_RELATIONSHIP()
);
#97=(
REPRESENTATION_RELATIONSHIP(' ',' ',#8513,#8510)
REPRESENTATION_RELATIONSHIP_WITH_TRANSFORMATION(#126)
SHAPE_REPRESENTATION_RELATIONSHIP()
);
#98=(
REPRESENTATION_RELATIONSHIP(' ',' ',#8513,#8510)
REPRESENTATION_RELATIONSHIP_WITH_TRANSFORMATION(#127)
SHAPE_REPRESENTATION_RELATIONSHIP()
);
#99=(
REPRESENTATION_RELATIONSHIP(' ',' ',#8513,#8510)
REPRESENTATION_RELATIONSHIP_WITH_TRANSFORMATION(#128)
SHAPE_REPRESENTATION_RELATIONSHIP()
);
#100=(
REPRESENTATION_RELATIONSHIP(' ',' ',#8513,#8510)
REPRESENTATION_RELATIONSHIP_WITH_TRANSFORMATION(#129)
SHAPE_REPRESENTATION_RELATIONSHIP()
);
#101=(
REPRESENTATION_RELATIONSHIP(' ',' ',#8513,#8510)
REPRESENTATION_RELATIONSHIP_WITH_TRANSFORMATION(#130)
SHAPE_REPRESENTATION_RELATIONSHIP()
);
#102=(
REPRESENTATION_RELATIONSHIP(' ',' ',#8513,#8510)
REPRESENTATION_RELATIONSHIP_WITH_TRANSFORMATION(#131)
SHAPE_REPRESENTATION_RELATIONSHIP()
);
#103=(
REPRESENTATION_RELATIONSHIP(' ',' ',#8513,#8510)
REPRESENTATION_RELATIONSHIP_WITH_TRANSFORMATION(#132)
SHAPE_REPRESENTATION_RELATIONSHIP()
);
#104=(
REPRESENTATION_RELATIONSHIP(' ',' ',#8514,#8510)
REPRESENTATION_RELATIONSHIP_WITH_TRANSFORMATION(#133)
SHAPE_REPRESENTATION_RELATIONSHIP()
);
#105=(
REPRESENTATION_RELATIONSHIP(' ',' ',#8514,#8510)
REPRESENTATION_RELATIONSHIP_WITH_TRANSFORMATION(#134)
SHAPE_REPRESENTATION_RELATIONSHIP()
);
#106=ITEM_DEFINED_TRANSFORMATION(' ',' ',#8515,#8967);
#107=ITEM_DEFINED_TRANSFORMATION(' ',' ',#8515,#9000);
#108=ITEM_DEFINED_TRANSFORMATION(' ',' ',#8515,#9001);
#109=ITEM_DEFINED_TRANSFORMATION(' ',' ',#8515,#9002);
#110=ITEM_DEFINED_TRANSFORMATION(' ',' ',#8515,#9003);
#111=ITEM_DEFINED_TRANSFORMATION(' ',' ',#8515,#9004);
#112=ITEM_DEFINED_TRANSFORMATION(' ',' ',#8515,#9005);
#113=ITEM_DEFINED_TRANSFORMATION(' ',' ',#8515,#9006);
#114=ITEM_DEFINED_TRANSFORMATION(' ',' ',#8515,#9007);
#115=ITEM_DEFINED_TRANSFORMATION(' ',' ',#8515,#9008);
#116=ITEM_DEFINED_TRANSFORMATION(' ',' ',#8515,#9009);
#117=ITEM_DEFINED_TRANSFORMATION(' ',' ',#8515,#9010);
#118=ITEM_DEFINED_TRANSFORMATION(' ',' ',#8515,#9011);
#119=ITEM_DEFINED_TRANSFORMATION(' ',' ',#8515,#9012);
#120=ITEM_DEFINED_TRANSFORMATION(' ',' ',#8515,#9045);
#121=ITEM_DEFINED_TRANSFORMATION(' ',' ',#8515,#9046);
#122=ITEM_DEFINED_TRANSFORMATION(' ',' ',#8515,#9047);
#123=ITEM_DEFINED_TRANSFORMATION(' ',' ',#8515,#9048);
#124=ITEM_DEFINED_TRANSFORMATION(' ',' ',#8515,#9049);
#125=ITEM_DEFINED_TRANSFORMATION(' ',' ',#8515,#9050);
#126=ITEM_DEFINED_TRANSFORMATION(' ',' ',#8515,#9051);
#127=ITEM_DEFINED_TRANSFORMATION(' ',' ',#8515,#9052);
#128=ITEM_DEFINED_TRANSFORMATION(' ',' ',#8515,#9053);
#129=ITEM_DEFINED_TRANSFORMATION(' ',' ',#8515,#9054);
#130=ITEM_DEFINED_TRANSFORMATION(' ',' ',#8515,#9055);
#131=ITEM_DEFINED_TRANSFORMATION(' ',' ',#8515,#9056);
#132=ITEM_DEFINED_TRANSFORMATION(' ',' ',#8515,#9057);
#133=ITEM_DEFINED_TRANSFORMATION(' ',' ',#8515,#9164);
#134=ITEM_DEFINED_TRANSFORMATION(' ',' ',#8515,#9165);
#135=SHAPE_REPRESENTATION_RELATIONSHIP('','',#8511,#139);
#136=SHAPE_REPRESENTATION_RELATIONSHIP('','',#8512,#140);
#137=SHAPE_REPRESENTATION_RELATIONSHIP('','',#8513,#141);
#138=SHAPE_REPRESENTATION_RELATIONSHIP('','',#8514,#142);
#139=ADVANCED_BREP_SHAPE_REPRESENTATION('',(#8501),#13857);
#140=ADVANCED_BREP_SHAPE_REPRESENTATION('',(#8502),#13858);
#141=ADVANCED_BREP_SHAPE_REPRESENTATION('',(#8503),#13859);
#142=ADVANCED_BREP_SHAPE_REPRESENTATION('',(#8504),#13860);
#143=CONICAL_SURFACE('',#8686,0.0999999999999998,0.463647609000806);
#144=CONICAL_SURFACE('',#8687,0.0999999999999998,0.463647609000806);
#145=CONICAL_SURFACE('',#8690,0.0999999999999998,0.463647609000806);
#146=CONICAL_SURFACE('',#8691,0.1,0.463647609000807);
#147=CONICAL_SURFACE('',#8698,0.1,0.463647609000807);
#148=CONICAL_SURFACE('',#8699,0.1,0.463647609000807);
#149=CONICAL_SURFACE('',#8702,0.1,0.463647609000807);
#150=CONICAL_SURFACE('',#8703,0.1,0.463647609000807);
#151=CONICAL_SURFACE('',#8706,0.0999999999999995,0.463647609000807);
#152=CONICAL_SURFACE('',#8707,0.1,0.463647609000809);
#153=CONICAL_SURFACE('',#8710,0.1,0.46364760900081);
#154=CONICAL_SURFACE('',#8711,0.1,0.463647609000809);
#155=CONICAL_SURFACE('',#8718,0.1,0.463647609000809);
#156=CONICAL_SURFACE('',#8719,0.1,0.463647609000809);
#157=CONICAL_SURFACE('',#8722,0.1,0.463647609000809);
#158=CONICAL_SURFACE('',#8723,0.1,0.463647609000809);
#159=DEGENERATE_TOROIDAL_SURFACE('',#8606,0.199999999999999,0.2,.T.);
#160=TOROIDAL_SURFACE('',#8580,0.55,0.2);
#161=TOROIDAL_SURFACE('',#8601,0.550000000000002,0.2);
#162=TOROIDAL_SURFACE('',#8604,0.200000000000001,0.2);
#163=TOROIDAL_SURFACE('',#8612,0.200000000000001,0.2);
#164=TOROIDAL_SURFACE('',#8614,0.200000000000001,0.2);
#165=TOROIDAL_SURFACE('',#8616,0.550000000000002,0.2);
#166=CYLINDRICAL_SURFACE('',#8574,0.75);
#167=CYLINDRICAL_SURFACE('',#8581,0.400000000000001);
#168=CYLINDRICAL_SURFACE('',#8583,0.750000000000002);
#169=CYLINDRICAL_SURFACE('',#8585,0.400000000000001);
#170=CYLINDRICAL_SURFACE('',#8587,0.399999999999999);
#171=CYLINDRICAL_SURFACE('',#8589,0.750000000000003);
#172=CYLINDRICAL_SURFACE('',#8591,0.400000000000001);
#173=CYLINDRICAL_SURFACE('',#8608,0.2);
#174=CYLINDRICAL_SURFACE('',#8610,0.2);
#175=CYLINDRICAL_SURFACE('',#8627,0.1);
#176=CYLINDRICAL_SURFACE('',#8630,0.1);
#177=CYLINDRICAL_SURFACE('',#8635,0.1);
#178=CYLINDRICAL_SURFACE('',#8638,0.0999999999999994);
#179=CYLINDRICAL_SURFACE('',#8641,0.0999999999999994);
#180=CYLINDRICAL_SURFACE('',#8644,0.100000000000001);
#181=CYLINDRICAL_SURFACE('',#8649,0.0999999999999998);
#182=CYLINDRICAL_SURFACE('',#8652,0.1);
#183=CYLINDRICAL_SURFACE('',#8656,0.1);
#184=CYLINDRICAL_SURFACE('',#8659,0.1);
#185=CYLINDRICAL_SURFACE('',#8664,0.1);
#186=CYLINDRICAL_SURFACE('',#8667,0.0999999999999994);
#187=CYLINDRICAL_SURFACE('',#8670,0.0999999999999994);
#188=CYLINDRICAL_SURFACE('',#8673,0.100000000000001);
#189=CYLINDRICAL_SURFACE('',#8678,0.0999999999999998);
#190=CYLINDRICAL_SURFACE('',#8681,0.1);
#191=CYLINDRICAL_SURFACE('',#8968,0.150000000000001);
#192=CYLINDRICAL_SURFACE('',#8974,0.0999999999999998);
#193=CYLINDRICAL_SURFACE('',#8986,0.15);
#194=CYLINDRICAL_SURFACE('',#8996,0.1);
#195=CYLINDRICAL_SURFACE('',#8997,0.1);
#196=CYLINDRICAL_SURFACE('',#8998,0.1);
#197=CYLINDRICAL_SURFACE('',#8999,0.25);
#198=CYLINDRICAL_SURFACE('',#9016,0.149999999999999);
#199=CYLINDRICAL_SURFACE('',#9020,0.15);
#200=CYLINDRICAL_SURFACE('',#9023,0.15);
#201=CYLINDRICAL_SURFACE('',#9041,0.1);
#202=CYLINDRICAL_SURFACE('',#9042,0.1);
#203=CYLINDRICAL_SURFACE('',#9043,0.1);
#204=CYLINDRICAL_SURFACE('',#9044,0.25);
#205=CYLINDRICAL_SURFACE('',#9074,0.0999999999999998);
#206=CYLINDRICAL_SURFACE('',#9078,0.0999999999999999);
#207=CYLINDRICAL_SURFACE('',#9097,0.200000000000003);
#208=CYLINDRICAL_SURFACE('',#9101,0.2);
#209=CYLINDRICAL_SURFACE('',#9107,0.2);
#210=CYLINDRICAL_SURFACE('',#9111,0.2);
#211=CYLINDRICAL_SURFACE('',#9116,0.0999999999999996);
#212=CYLINDRICAL_SURFACE('',#9119,0.1);
#213=CYLINDRICAL_SURFACE('',#9122,0.100000000000002);
#214=CYLINDRICAL_SURFACE('',#9125,0.100000000000002);
#215=CYLINDRICAL_SURFACE('',#9128,0.1);
#216=CYLINDRICAL_SURFACE('',#9132,0.1);
#217=CYLINDRICAL_SURFACE('',#9137,0.100000000000001);
#218=CYLINDRICAL_SURFACE('',#9140,0.100000000000002);
#219=CYLINDRICAL_SURFACE('',#9143,0.1);
#220=CYLINDRICAL_SURFACE('',#9146,0.0999999999999998);
#221=CYLINDRICAL_SURFACE('',#9149,0.1);
#222=CYLINDRICAL_SURFACE('',#9153,0.100000000000001);
#223=CYLINDRICAL_SURFACE('',#9158,0.1);
#224=CYLINDRICAL_SURFACE('',#9159,0.1);
#225=CYLINDRICAL_SURFACE('',#9160,0.4);
#226=CYLINDRICAL_SURFACE('',#9161,0.4);
#227=CYLINDRICAL_SURFACE('',#9162,0.1);
#228=CYLINDRICAL_SURFACE('',#9163,0.1);
#229=CIRCLE('',#8517,0.1);
#230=CIRCLE('',#8518,0.1);
#231=CIRCLE('',#8519,0.0999999999999998);
#232=CIRCLE('',#8520,0.100000000000001);
#233=CIRCLE('',#8521,0.0999999999999994);
#234=CIRCLE('',#8522,0.0999999999999994);
#235=CIRCLE('',#8523,0.1);
#236=CIRCLE('',#8524,0.1);
#237=CIRCLE('',#8526,0.1);
#238=CIRCLE('',#8527,0.1);
#239=CIRCLE('',#8528,0.0999999999999998);
#240=CIRCLE('',#8529,0.100000000000001);
#241=CIRCLE('',#8530,0.0999999999999994);
#242=CIRCLE('',#8531,0.0999999999999994);
#243=CIRCLE('',#8532,0.1);
#244=CIRCLE('',#8533,0.1);
#245=CIRCLE('',#8535,0.75);
#246=CIRCLE('',#8537,0.399999999999999);
#247=CIRCLE('',#8538,0.750000000000003);
#248=CIRCLE('',#8539,0.400000000000001);
#249=CIRCLE('',#8540,0.400000000000001);
#250=CIRCLE('',#8541,0.750000000000002);
#251=CIRCLE('',#8542,0.400000000000001);
#252=CIRCLE('',#8575,0.75);
#253=CIRCLE('',#8576,0.75);
#254=CIRCLE('',#8578,0.55);
#255=CIRCLE('',#8582,0.400000000000001);
#256=CIRCLE('',#8584,0.750000000000002);
#257=CIRCLE('',#8586,0.400000000000001);
#258=CIRCLE('',#8588,0.399999999999999);
#259=CIRCLE('',#8590,0.750000000000003);
#260=CIRCLE('',#8592,0.400000000000001);
#261=CIRCLE('',#8595,0.200000000000001);
#262=CIRCLE('',#8596,0.550000000000002);
#263=CIRCLE('',#8597,0.200000000000001);
#264=CIRCLE('',#8598,0.200000000000001);
#265=CIRCLE('',#8599,0.550000000000002);
#266=CIRCLE('',#8600,0.199999999999999);
#267=CIRCLE('',#8602,0.2);
#268=CIRCLE('',#8603,0.2);
#269=CIRCLE('',#8605,0.2);
#270=CIRCLE('',#8607,0.2);
#271=CIRCLE('',#8609,0.2);
#272=CIRCLE('',#8611,0.2);
#273=CIRCLE('',#8613,0.2);
#274=CIRCLE('',#8615,0.2);
#275=CIRCLE('',#8628,0.1);
#276=CIRCLE('',#8631,0.1);
#277=CIRCLE('',#8636,0.1);
#278=CIRCLE('',#8639,0.0999999999999994);
#279=CIRCLE('',#8642,0.0999999999999994);
#280=CIRCLE('',#8645,0.100000000000001);
#281=CIRCLE('',#8650,0.0999999999999998);
#282=CIRCLE('',#8653,0.1);
#283=CIRCLE('',#8657,0.1);
#284=CIRCLE('',#8660,0.1);
#285=CIRCLE('',#8665,0.1);
#286=CIRCLE('',#8668,0.0999999999999994);
#287=CIRCLE('',#8671,0.0999999999999994);
#288=CIRCLE('',#8674,0.100000000000001);
#289=CIRCLE('',#8679,0.0999999999999998);
#290=CIRCLE('',#8682,0.1);
#291=CIRCLE('',#8969,0.150000000000001);
#292=CIRCLE('',#8970,0.150000000000001);
#293=CIRCLE('',#8975,0.0999999999999998);
#294=CIRCLE('',#8976,0.0999999999999998);
#295=CIRCLE('',#8978,0.25);
#296=CIRCLE('',#8979,0.1);
#297=CIRCLE('',#8981,0.1);
#298=CIRCLE('',#8982,0.1);
#299=CIRCLE('',#8984,0.25);
#300=CIRCLE('',#8985,0.1);
#301=CIRCLE('',#8987,0.15);
#302=CIRCLE('',#8988,0.15);
#303=CIRCLE('',#8993,0.1);
#304=CIRCLE('',#8994,0.1);
#305=CIRCLE('',#9017,0.149999999999999);
#306=CIRCLE('',#9018,0.149999999999999);
#307=CIRCLE('',#9021,0.15);
#308=CIRCLE('',#9022,0.15);
#309=CIRCLE('',#9024,0.15);
#310=CIRCLE('',#9025,0.15);
#311=CIRCLE('',#9027,0.25);
#312=CIRCLE('',#9028,0.1);
#313=CIRCLE('',#9030,0.1);
#314=CIRCLE('',#9031,0.1);
#315=CIRCLE('',#9033,0.25);
#316=CIRCLE('',#9034,0.1);
#317=CIRCLE('',#9038,0.1);
#318=CIRCLE('',#9039,0.1);
#319=CIRCLE('',#9059,0.4);
#320=CIRCLE('',#9060,0.1);
#321=CIRCLE('',#9062,0.1);
#322=CIRCLE('',#9063,0.0999999999999998);
#323=CIRCLE('',#9064,0.1);
#324=CIRCLE('',#9065,0.100000000000002);
#325=CIRCLE('',#9066,0.100000000000001);
#326=CIRCLE('',#9067,0.100000000000001);
#327=CIRCLE('',#9068,0.1);
#328=CIRCLE('',#9070,0.4);
#329=CIRCLE('',#9071,0.1);
#330=CIRCLE('',#9075,0.0999999999999998);
#331=CIRCLE('',#9076,0.0999999999999998);
#332=CIRCLE('',#9079,0.0999999999999999);
#333=CIRCLE('',#9080,0.0999999999999999);
#334=CIRCLE('',#9084,0.4);
#335=CIRCLE('',#9085,0.1);
#336=CIRCLE('',#9087,0.1);
#337=CIRCLE('',#9088,0.1);
#338=CIRCLE('',#9089,0.100000000000002);
#339=CIRCLE('',#9090,0.100000000000002);
#340=CIRCLE('',#9091,0.1);
#341=CIRCLE('',#9092,0.0999999999999996);
#342=CIRCLE('',#9093,0.1);
#343=CIRCLE('',#9095,0.4);
#344=CIRCLE('',#9096,0.1);
#345=CIRCLE('',#9098,0.200000000000003);
#346=CIRCLE('',#9099,0.200000000000003);
#347=CIRCLE('',#9102,0.2);
#348=CIRCLE('',#9103,0.2);
#349=CIRCLE('',#9108,0.2);
#350=CIRCLE('',#9109,0.2);
#351=CIRCLE('',#9112,0.2);
#352=CIRCLE('',#9113,0.2);
#353=CIRCLE('',#9117,0.0999999999999996);
#354=CIRCLE('',#9120,0.1);
#355=CIRCLE('',#9123,0.100000000000002);
#356=CIRCLE('',#9126,0.100000000000002);
#357=CIRCLE('',#9129,0.1);
#358=CIRCLE('',#9133,0.1);
#359=CIRCLE('',#9136,0.1);
#360=CIRCLE('',#9138,0.100000000000001);
#361=CIRCLE('',#9141,0.100000000000002);
#362=CIRCLE('',#9144,0.1);
#363=CIRCLE('',#9147,0.0999999999999998);
#364=CIRCLE('',#9150,0.1);
#365=CIRCLE('',#9154,0.100000000000001);
#366=CIRCLE('',#9157,0.1);
#367=ORIENTED_EDGE('',*,*,#2671,.F.);
#368=ORIENTED_EDGE('',*,*,#2672,.T.);
#369=ORIENTED_EDGE('',*,*,#2673,.F.);
#370=ORIENTED_EDGE('',*,*,#2674,.F.);
#371=ORIENTED_EDGE('',*,*,#2675,.F.);
#372=ORIENTED_EDGE('',*,*,#2676,.T.);
#373=ORIENTED_EDGE('',*,*,#2677,.T.);
#374=ORIENTED_EDGE('',*,*,#2678,.F.);
#375=ORIENTED_EDGE('',*,*,#2679,.T.);
#376=ORIENTED_EDGE('',*,*,#2680,.T.);
#377=ORIENTED_EDGE('',*,*,#2681,.T.);
#378=ORIENTED_EDGE('',*,*,#2682,.F.);
#379=ORIENTED_EDGE('',*,*,#2683,.F.);
#380=ORIENTED_EDGE('',*,*,#2684,.F.);
#381=ORIENTED_EDGE('',*,*,#2685,.F.);
#382=ORIENTED_EDGE('',*,*,#2686,.F.);
#383=ORIENTED_EDGE('',*,*,#2687,.F.);
#384=ORIENTED_EDGE('',*,*,#2688,.F.);
#385=ORIENTED_EDGE('',*,*,#2689,.F.);
#386=ORIENTED_EDGE('',*,*,#2690,.F.);
#387=ORIENTED_EDGE('',*,*,#2691,.F.);
#388=ORIENTED_EDGE('',*,*,#2692,.F.);
#389=ORIENTED_EDGE('',*,*,#2693,.F.);
#390=ORIENTED_EDGE('',*,*,#2694,.F.);
#391=ORIENTED_EDGE('',*,*,#2695,.F.);
#392=ORIENTED_EDGE('',*,*,#2696,.F.);
#393=ORIENTED_EDGE('',*,*,#2697,.F.);
#394=ORIENTED_EDGE('',*,*,#2698,.F.);
#395=ORIENTED_EDGE('',*,*,#2699,.F.);
#396=ORIENTED_EDGE('',*,*,#2700,.F.);
#397=ORIENTED_EDGE('',*,*,#2701,.F.);
#398=ORIENTED_EDGE('',*,*,#2702,.F.);
#399=ORIENTED_EDGE('',*,*,#2703,.F.);
#400=ORIENTED_EDGE('',*,*,#2704,.T.);
#401=ORIENTED_EDGE('',*,*,#2705,.T.);
#402=ORIENTED_EDGE('',*,*,#2706,.F.);
#403=ORIENTED_EDGE('',*,*,#2707,.F.);
#404=ORIENTED_EDGE('',*,*,#2708,.T.);
#405=ORIENTED_EDGE('',*,*,#2709,.F.);
#406=ORIENTED_EDGE('',*,*,#2710,.F.);
#407=ORIENTED_EDGE('',*,*,#2711,.F.);
#408=ORIENTED_EDGE('',*,*,#2712,.F.);
#409=ORIENTED_EDGE('',*,*,#2713,.F.);
#410=ORIENTED_EDGE('',*,*,#2714,.F.);
#411=ORIENTED_EDGE('',*,*,#2715,.F.);
#412=ORIENTED_EDGE('',*,*,#2716,.F.);
#413=ORIENTED_EDGE('',*,*,#2717,.F.);
#414=ORIENTED_EDGE('',*,*,#2718,.F.);
#415=ORIENTED_EDGE('',*,*,#2719,.F.);
#416=ORIENTED_EDGE('',*,*,#2720,.F.);
#417=ORIENTED_EDGE('',*,*,#2721,.F.);
#418=ORIENTED_EDGE('',*,*,#2722,.F.);
#419=ORIENTED_EDGE('',*,*,#2723,.F.);
#420=ORIENTED_EDGE('',*,*,#2724,.F.);
#421=ORIENTED_EDGE('',*,*,#2725,.F.);
#422=ORIENTED_EDGE('',*,*,#2726,.F.);
#423=ORIENTED_EDGE('',*,*,#2727,.F.);
#424=ORIENTED_EDGE('',*,*,#2728,.F.);
#425=ORIENTED_EDGE('',*,*,#2729,.F.);
#426=ORIENTED_EDGE('',*,*,#2730,.F.);
#427=ORIENTED_EDGE('',*,*,#2731,.F.);
#428=ORIENTED_EDGE('',*,*,#2732,.F.);
#429=ORIENTED_EDGE('',*,*,#2733,.F.);
#430=ORIENTED_EDGE('',*,*,#2734,.T.);
#431=ORIENTED_EDGE('',*,*,#2711,.T.);
#432=ORIENTED_EDGE('',*,*,#2735,.T.);
#433=ORIENTED_EDGE('',*,*,#2709,.T.);
#434=ORIENTED_EDGE('',*,*,#2736,.T.);
#435=ORIENTED_EDGE('',*,*,#2737,.F.);
#436=ORIENTED_EDGE('',*,*,#2738,.F.);
#437=ORIENTED_EDGE('',*,*,#2739,.T.);
#438=ORIENTED_EDGE('',*,*,#2740,.T.);
#439=ORIENTED_EDGE('',*,*,#2741,.F.);
#440=ORIENTED_EDGE('',*,*,#2742,.T.);
#441=ORIENTED_EDGE('',*,*,#2743,.T.);
#442=ORIENTED_EDGE('',*,*,#2744,.T.);
#443=ORIENTED_EDGE('',*,*,#2745,.F.);
#444=ORIENTED_EDGE('',*,*,#2746,.T.);
#445=ORIENTED_EDGE('',*,*,#2681,.F.);
#446=ORIENTED_EDGE('',*,*,#2747,.T.);
#447=ORIENTED_EDGE('',*,*,#2748,.T.);
#448=ORIENTED_EDGE('',*,*,#2749,.T.);
#449=ORIENTED_EDGE('',*,*,#2750,.T.);
#450=ORIENTED_EDGE('',*,*,#2751,.T.);
#451=ORIENTED_EDGE('',*,*,#2752,.T.);
#452=ORIENTED_EDGE('',*,*,#2753,.T.);
#453=ORIENTED_EDGE('',*,*,#2677,.F.);
#454=ORIENTED_EDGE('',*,*,#2754,.T.);
#455=ORIENTED_EDGE('',*,*,#2755,.F.);
#456=ORIENTED_EDGE('',*,*,#2756,.T.);
#457=ORIENTED_EDGE('',*,*,#2757,.T.);
#458=ORIENTED_EDGE('',*,*,#2758,.T.);
#459=ORIENTED_EDGE('',*,*,#2759,.T.);
#460=ORIENTED_EDGE('',*,*,#2760,.T.);
#461=ORIENTED_EDGE('',*,*,#2761,.T.);
#462=ORIENTED_EDGE('',*,*,#2762,.F.);
#463=ORIENTED_EDGE('',*,*,#2763,.T.);
#464=ORIENTED_EDGE('',*,*,#2764,.T.);
#465=ORIENTED_EDGE('',*,*,#2756,.F.);
#466=ORIENTED_EDGE('',*,*,#2765,.F.);
#467=ORIENTED_EDGE('',*,*,#2766,.F.);
#468=ORIENTED_EDGE('',*,*,#2767,.F.);
#469=ORIENTED_EDGE('',*,*,#2744,.F.);
#470=ORIENTED_EDGE('',*,*,#2768,.F.);
#471=ORIENTED_EDGE('',*,*,#2769,.F.);
#472=ORIENTED_EDGE('',*,*,#2770,.F.);
#473=ORIENTED_EDGE('',*,*,#2771,.F.);
#474=ORIENTED_EDGE('',*,*,#2772,.F.);
#475=ORIENTED_EDGE('',*,*,#2773,.F.);
#476=ORIENTED_EDGE('',*,*,#2774,.F.);
#477=ORIENTED_EDGE('',*,*,#2775,.F.);
#478=ORIENTED_EDGE('',*,*,#2776,.F.);
#479=ORIENTED_EDGE('',*,*,#2777,.T.);
#480=ORIENTED_EDGE('',*,*,#2778,.T.);
#481=ORIENTED_EDGE('',*,*,#2738,.T.);
#482=ORIENTED_EDGE('',*,*,#2779,.T.);
#483=ORIENTED_EDGE('',*,*,#2780,.T.);
#484=ORIENTED_EDGE('',*,*,#2781,.T.);
#485=ORIENTED_EDGE('',*,*,#2762,.T.);
#486=ORIENTED_EDGE('',*,*,#2782,.F.);
#487=ORIENTED_EDGE('',*,*,#2759,.F.);
#488=ORIENTED_EDGE('',*,*,#2783,.F.);
#489=ORIENTED_EDGE('',*,*,#2784,.T.);
#490=ORIENTED_EDGE('',*,*,#2785,.T.);
#491=ORIENTED_EDGE('',*,*,#2741,.T.);
#492=ORIENTED_EDGE('',*,*,#2786,.F.);
#493=ORIENTED_EDGE('',*,*,#2787,.F.);
#494=ORIENTED_EDGE('',*,*,#2788,.T.);
#495=ORIENTED_EDGE('',*,*,#2789,.T.);
#496=ORIENTED_EDGE('',*,*,#2790,.T.);
#497=ORIENTED_EDGE('',*,*,#2791,.F.);
#498=ORIENTED_EDGE('',*,*,#2769,.T.);
#499=ORIENTED_EDGE('',*,*,#2792,.T.);
#500=ORIENTED_EDGE('',*,*,#2793,.T.);
#501=ORIENTED_EDGE('',*,*,#2789,.F.);
#502=ORIENTED_EDGE('',*,*,#2776,.T.);
#503=ORIENTED_EDGE('',*,*,#2794,.T.);
#504=ORIENTED_EDGE('',*,*,#2795,.T.);
#505=ORIENTED_EDGE('',*,*,#2792,.F.);
#506=ORIENTED_EDGE('',*,*,#2775,.T.);
#507=ORIENTED_EDGE('',*,*,#2796,.T.);
#508=ORIENTED_EDGE('',*,*,#2797,.T.);
#509=ORIENTED_EDGE('',*,*,#2794,.F.);
#510=ORIENTED_EDGE('',*,*,#2774,.T.);
#511=ORIENTED_EDGE('',*,*,#2798,.T.);
#512=ORIENTED_EDGE('',*,*,#2799,.T.);
#513=ORIENTED_EDGE('',*,*,#2796,.F.);
#514=ORIENTED_EDGE('',*,*,#2773,.T.);
#515=ORIENTED_EDGE('',*,*,#2800,.T.);
#516=ORIENTED_EDGE('',*,*,#2801,.T.);
#517=ORIENTED_EDGE('',*,*,#2798,.F.);
#518=ORIENTED_EDGE('',*,*,#2772,.T.);
#519=ORIENTED_EDGE('',*,*,#2802,.T.);
#520=ORIENTED_EDGE('',*,*,#2803,.T.);
#521=ORIENTED_EDGE('',*,*,#2800,.F.);
#522=ORIENTED_EDGE('',*,*,#2771,.T.);
#523=ORIENTED_EDGE('',*,*,#2791,.T.);
#524=ORIENTED_EDGE('',*,*,#2804,.T.);
#525=ORIENTED_EDGE('',*,*,#2802,.F.);
#526=ORIENTED_EDGE('',*,*,#2770,.T.);
#527=ORIENTED_EDGE('',*,*,#2805,.T.);
#528=ORIENTED_EDGE('',*,*,#2806,.T.);
#529=ORIENTED_EDGE('',*,*,#2807,.T.);
#530=ORIENTED_EDGE('',*,*,#2808,.T.);
#531=ORIENTED_EDGE('',*,*,#2809,.T.);
#532=ORIENTED_EDGE('',*,*,#2810,.T.);
#533=ORIENTED_EDGE('',*,*,#2811,.T.);
#534=ORIENTED_EDGE('',*,*,#2812,.T.);
#535=ORIENTED_EDGE('',*,*,#2813,.T.);
#536=ORIENTED_EDGE('',*,*,#2814,.T.);
#537=ORIENTED_EDGE('',*,*,#2815,.T.);
#538=ORIENTED_EDGE('',*,*,#2816,.T.);
#539=ORIENTED_EDGE('',*,*,#2817,.T.);
#540=ORIENTED_EDGE('',*,*,#2818,.T.);
#541=ORIENTED_EDGE('',*,*,#2819,.T.);
#542=ORIENTED_EDGE('',*,*,#2820,.T.);
#543=ORIENTED_EDGE('',*,*,#2821,.T.);
#544=ORIENTED_EDGE('',*,*,#2822,.T.);
#545=ORIENTED_EDGE('',*,*,#2823,.T.);
#546=ORIENTED_EDGE('',*,*,#2824,.T.);
#547=ORIENTED_EDGE('',*,*,#2825,.T.);
#548=ORIENTED_EDGE('',*,*,#2826,.T.);
#549=ORIENTED_EDGE('',*,*,#2827,.T.);
#550=ORIENTED_EDGE('',*,*,#2828,.T.);
#551=ORIENTED_EDGE('',*,*,#2829,.T.);
#552=ORIENTED_EDGE('',*,*,#2830,.T.);
#553=ORIENTED_EDGE('',*,*,#2831,.T.);
#554=ORIENTED_EDGE('',*,*,#2832,.T.);
#555=ORIENTED_EDGE('',*,*,#2833,.T.);
#556=ORIENTED_EDGE('',*,*,#2834,.T.);
#557=ORIENTED_EDGE('',*,*,#2835,.T.);
#558=ORIENTED_EDGE('',*,*,#2836,.T.);
#559=ORIENTED_EDGE('',*,*,#2837,.T.);
#560=ORIENTED_EDGE('',*,*,#2838,.T.);
#561=ORIENTED_EDGE('',*,*,#2839,.T.);
#562=ORIENTED_EDGE('',*,*,#2840,.T.);
#563=ORIENTED_EDGE('',*,*,#2841,.T.);
#564=ORIENTED_EDGE('',*,*,#2842,.T.);
#565=ORIENTED_EDGE('',*,*,#2843,.T.);
#566=ORIENTED_EDGE('',*,*,#2844,.T.);
#567=ORIENTED_EDGE('',*,*,#2845,.T.);
#568=ORIENTED_EDGE('',*,*,#2846,.T.);
#569=ORIENTED_EDGE('',*,*,#2847,.T.);
#570=ORIENTED_EDGE('',*,*,#2848,.T.);
#571=ORIENTED_EDGE('',*,*,#2849,.T.);
#572=ORIENTED_EDGE('',*,*,#2850,.T.);
#573=ORIENTED_EDGE('',*,*,#2851,.T.);
#574=ORIENTED_EDGE('',*,*,#2852,.T.);
#575=ORIENTED_EDGE('',*,*,#2853,.T.);
#576=ORIENTED_EDGE('',*,*,#2854,.T.);
#577=ORIENTED_EDGE('',*,*,#2855,.T.);
#578=ORIENTED_EDGE('',*,*,#2856,.T.);
#579=ORIENTED_EDGE('',*,*,#2857,.T.);
#580=ORIENTED_EDGE('',*,*,#2858,.T.);
#581=ORIENTED_EDGE('',*,*,#2859,.T.);
#582=ORIENTED_EDGE('',*,*,#2860,.T.);
#583=ORIENTED_EDGE('',*,*,#2861,.T.);
#584=ORIENTED_EDGE('',*,*,#2862,.T.);
#585=ORIENTED_EDGE('',*,*,#2863,.T.);
#586=ORIENTED_EDGE('',*,*,#2864,.T.);
#587=ORIENTED_EDGE('',*,*,#2865,.T.);
#588=ORIENTED_EDGE('',*,*,#2866,.T.);
#589=ORIENTED_EDGE('',*,*,#2867,.T.);
#590=ORIENTED_EDGE('',*,*,#2868,.T.);
#591=ORIENTED_EDGE('',*,*,#2869,.T.);
#592=ORIENTED_EDGE('',*,*,#2870,.T.);
#593=ORIENTED_EDGE('',*,*,#2871,.T.);
#594=ORIENTED_EDGE('',*,*,#2872,.T.);
#595=ORIENTED_EDGE('',*,*,#2873,.T.);
#596=ORIENTED_EDGE('',*,*,#2874,.T.);
#597=ORIENTED_EDGE('',*,*,#2875,.T.);
#598=ORIENTED_EDGE('',*,*,#2876,.T.);
#599=ORIENTED_EDGE('',*,*,#2877,.T.);
#600=ORIENTED_EDGE('',*,*,#2878,.T.);
#601=ORIENTED_EDGE('',*,*,#2879,.T.);
#602=ORIENTED_EDGE('',*,*,#2880,.T.);
#603=ORIENTED_EDGE('',*,*,#2881,.T.);
#604=ORIENTED_EDGE('',*,*,#2882,.T.);
#605=ORIENTED_EDGE('',*,*,#2883,.T.);
#606=ORIENTED_EDGE('',*,*,#2884,.T.);
#607=ORIENTED_EDGE('',*,*,#2885,.T.);
#608=ORIENTED_EDGE('',*,*,#2886,.T.);
#609=ORIENTED_EDGE('',*,*,#2887,.T.);
#610=ORIENTED_EDGE('',*,*,#2888,.T.);
#611=ORIENTED_EDGE('',*,*,#2889,.T.);
#612=ORIENTED_EDGE('',*,*,#2890,.T.);
#613=ORIENTED_EDGE('',*,*,#2891,.T.);
#614=ORIENTED_EDGE('',*,*,#2892,.T.);
#615=ORIENTED_EDGE('',*,*,#2893,.T.);
#616=ORIENTED_EDGE('',*,*,#2894,.T.);
#617=ORIENTED_EDGE('',*,*,#2895,.T.);
#618=ORIENTED_EDGE('',*,*,#2896,.T.);
#619=ORIENTED_EDGE('',*,*,#2897,.T.);
#620=ORIENTED_EDGE('',*,*,#2898,.T.);
#621=ORIENTED_EDGE('',*,*,#2899,.T.);
#622=ORIENTED_EDGE('',*,*,#2900,.T.);
#623=ORIENTED_EDGE('',*,*,#2901,.T.);
#624=ORIENTED_EDGE('',*,*,#2902,.T.);
#625=ORIENTED_EDGE('',*,*,#2903,.T.);
#626=ORIENTED_EDGE('',*,*,#2904,.T.);
#627=ORIENTED_EDGE('',*,*,#2905,.T.);
#628=ORIENTED_EDGE('',*,*,#2906,.T.);
#629=ORIENTED_EDGE('',*,*,#2907,.T.);
#630=ORIENTED_EDGE('',*,*,#2908,.T.);
#631=ORIENTED_EDGE('',*,*,#2909,.T.);
#632=ORIENTED_EDGE('',*,*,#2910,.T.);
#633=ORIENTED_EDGE('',*,*,#2911,.T.);
#634=ORIENTED_EDGE('',*,*,#2912,.T.);
#635=ORIENTED_EDGE('',*,*,#2913,.T.);
#636=ORIENTED_EDGE('',*,*,#2914,.T.);
#637=ORIENTED_EDGE('',*,*,#2915,.T.);
#638=ORIENTED_EDGE('',*,*,#2916,.T.);
#639=ORIENTED_EDGE('',*,*,#2917,.F.);
#640=ORIENTED_EDGE('',*,*,#2918,.F.);
#641=ORIENTED_EDGE('',*,*,#2919,.F.);
#642=ORIENTED_EDGE('',*,*,#2787,.T.);
#643=ORIENTED_EDGE('',*,*,#2920,.F.);
#644=ORIENTED_EDGE('',*,*,#2921,.F.);
#645=ORIENTED_EDGE('',*,*,#2777,.F.);
#646=ORIENTED_EDGE('',*,*,#2922,.F.);
#647=ORIENTED_EDGE('',*,*,#2923,.F.);
#648=ORIENTED_EDGE('',*,*,#2784,.F.);
#649=ORIENTED_EDGE('',*,*,#2924,.F.);
#650=ORIENTED_EDGE('',*,*,#2925,.F.);
#651=ORIENTED_EDGE('',*,*,#2926,.F.);
#652=ORIENTED_EDGE('',*,*,#2927,.T.);
#653=ORIENTED_EDGE('',*,*,#2928,.F.);
#654=ORIENTED_EDGE('',*,*,#2705,.F.);
#655=ORIENTED_EDGE('',*,*,#2927,.F.);
#656=ORIENTED_EDGE('',*,*,#2929,.F.);
#657=ORIENTED_EDGE('',*,*,#2930,.T.);
#658=ORIENTED_EDGE('',*,*,#2931,.T.);
#659=ORIENTED_EDGE('',*,*,#2733,.T.);
#660=ORIENTED_EDGE('',*,*,#2767,.T.);
#661=ORIENTED_EDGE('',*,*,#2932,.T.);
#662=ORIENTED_EDGE('',*,*,#2779,.F.);
#663=ORIENTED_EDGE('',*,*,#2737,.T.);
#664=ORIENTED_EDGE('',*,*,#2933,.F.);
#665=ORIENTED_EDGE('',*,*,#2934,.T.);
#666=ORIENTED_EDGE('',*,*,#2935,.T.);
#667=ORIENTED_EDGE('',*,*,#2780,.F.);
#668=ORIENTED_EDGE('',*,*,#2932,.F.);
#669=ORIENTED_EDGE('',*,*,#2766,.T.);
#670=ORIENTED_EDGE('',*,*,#2936,.T.);
#671=ORIENTED_EDGE('',*,*,#2937,.T.);
#672=ORIENTED_EDGE('',*,*,#2938,.F.);
#673=ORIENTED_EDGE('',*,*,#2939,.T.);
#674=ORIENTED_EDGE('',*,*,#2940,.T.);
#675=ORIENTED_EDGE('',*,*,#2745,.T.);
#676=ORIENTED_EDGE('',*,*,#2781,.F.);
#677=ORIENTED_EDGE('',*,*,#2936,.F.);
#678=ORIENTED_EDGE('',*,*,#2765,.T.);
#679=ORIENTED_EDGE('',*,*,#2755,.T.);
#680=ORIENTED_EDGE('',*,*,#2941,.F.);
#681=ORIENTED_EDGE('',*,*,#2942,.T.);
#682=ORIENTED_EDGE('',*,*,#2943,.T.);
#683=ORIENTED_EDGE('',*,*,#2944,.F.);
#684=ORIENTED_EDGE('',*,*,#2937,.F.);
#685=ORIENTED_EDGE('',*,*,#2945,.F.);
#686=ORIENTED_EDGE('',*,*,#2673,.T.);
#687=ORIENTED_EDGE('',*,*,#2943,.F.);
#688=ORIENTED_EDGE('',*,*,#2946,.T.);
#689=ORIENTED_EDGE('',*,*,#2674,.T.);
#690=ORIENTED_EDGE('',*,*,#2945,.T.);
#691=ORIENTED_EDGE('',*,*,#2672,.F.);
#692=ORIENTED_EDGE('',*,*,#2947,.T.);
#693=ORIENTED_EDGE('',*,*,#2938,.T.);
#694=ORIENTED_EDGE('',*,*,#2944,.T.);
#695=ORIENTED_EDGE('',*,*,#2704,.F.);
#696=ORIENTED_EDGE('',*,*,#2948,.T.);
#697=ORIENTED_EDGE('',*,*,#2929,.T.);
#698=ORIENTED_EDGE('',*,*,#2926,.T.);
#699=ORIENTED_EDGE('',*,*,#2935,.F.);
#700=ORIENTED_EDGE('',*,*,#2949,.T.);
#701=ORIENTED_EDGE('',*,*,#2706,.T.);
#702=ORIENTED_EDGE('',*,*,#2928,.T.);
#703=ORIENTED_EDGE('',*,*,#2950,.T.);
#704=ORIENTED_EDGE('',*,*,#2757,.F.);
#705=ORIENTED_EDGE('',*,*,#2764,.F.);
#706=ORIENTED_EDGE('',*,*,#2951,.F.);
#707=ORIENTED_EDGE('',*,*,#2952,.T.);
#708=ORIENTED_EDGE('',*,*,#2925,.T.);
#709=ORIENTED_EDGE('',*,*,#2758,.F.);
#710=ORIENTED_EDGE('',*,*,#2950,.F.);
#711=ORIENTED_EDGE('',*,*,#2924,.T.);
#712=ORIENTED_EDGE('',*,*,#2783,.T.);
#713=ORIENTED_EDGE('',*,*,#2918,.T.);
#714=ORIENTED_EDGE('',*,*,#2953,.T.);
#715=ORIENTED_EDGE('',*,*,#2954,.T.);
#716=ORIENTED_EDGE('',*,*,#2768,.T.);
#717=ORIENTED_EDGE('',*,*,#2743,.F.);
#718=ORIENTED_EDGE('',*,*,#2955,.F.);
#719=ORIENTED_EDGE('',*,*,#2742,.F.);
#720=ORIENTED_EDGE('',*,*,#2788,.F.);
#721=ORIENTED_EDGE('',*,*,#2919,.T.);
#722=ORIENTED_EDGE('',*,*,#2955,.T.);
#723=ORIENTED_EDGE('',*,*,#2740,.F.);
#724=ORIENTED_EDGE('',*,*,#2956,.F.);
#725=ORIENTED_EDGE('',*,*,#2920,.T.);
#726=ORIENTED_EDGE('',*,*,#2786,.T.);
#727=ORIENTED_EDGE('',*,*,#2739,.F.);
#728=ORIENTED_EDGE('',*,*,#2778,.F.);
#729=ORIENTED_EDGE('',*,*,#2921,.T.);
#730=ORIENTED_EDGE('',*,*,#2956,.T.);
#731=ORIENTED_EDGE('',*,*,#2760,.F.);
#732=ORIENTED_EDGE('',*,*,#2785,.F.);
#733=ORIENTED_EDGE('',*,*,#2923,.T.);
#734=ORIENTED_EDGE('',*,*,#2957,.T.);
#735=ORIENTED_EDGE('',*,*,#2761,.F.);
#736=ORIENTED_EDGE('',*,*,#2957,.F.);
#737=ORIENTED_EDGE('',*,*,#2922,.T.);
#738=ORIENTED_EDGE('',*,*,#2782,.T.);
#739=ORIENTED_EDGE('',*,*,#2958,.T.);
#740=ORIENTED_EDGE('',*,*,#2959,.F.);
#741=ORIENTED_EDGE('',*,*,#2735,.F.);
#742=ORIENTED_EDGE('',*,*,#2960,.T.);
#743=ORIENTED_EDGE('',*,*,#2959,.T.);
#744=ORIENTED_EDGE('',*,*,#2710,.T.);
#745=ORIENTED_EDGE('',*,*,#2960,.F.);
#746=ORIENTED_EDGE('',*,*,#2958,.F.);
#747=ORIENTED_EDGE('',*,*,#2961,.F.);
#748=ORIENTED_EDGE('',*,*,#2962,.T.);
#749=ORIENTED_EDGE('',*,*,#2963,.T.);
#750=ORIENTED_EDGE('',*,*,#2751,.F.);
#751=ORIENTED_EDGE('',*,*,#2963,.F.);
#752=ORIENTED_EDGE('',*,*,#2964,.T.);
#753=ORIENTED_EDGE('',*,*,#2965,.T.);
#754=ORIENTED_EDGE('',*,*,#2752,.F.);
#755=ORIENTED_EDGE('',*,*,#2965,.F.);
#756=ORIENTED_EDGE('',*,*,#2966,.T.);
#757=ORIENTED_EDGE('',*,*,#2678,.T.);
#758=ORIENTED_EDGE('',*,*,#2753,.F.);
#759=ORIENTED_EDGE('',*,*,#2680,.F.);
#760=ORIENTED_EDGE('',*,*,#2967,.T.);
#761=ORIENTED_EDGE('',*,*,#2968,.T.);
#762=ORIENTED_EDGE('',*,*,#2747,.F.);
#763=ORIENTED_EDGE('',*,*,#2968,.F.);
#764=ORIENTED_EDGE('',*,*,#2969,.T.);
#765=ORIENTED_EDGE('',*,*,#2970,.T.);
#766=ORIENTED_EDGE('',*,*,#2748,.F.);
#767=ORIENTED_EDGE('',*,*,#2970,.F.);
#768=ORIENTED_EDGE('',*,*,#2971,.T.);
#769=ORIENTED_EDGE('',*,*,#2972,.T.);
#770=ORIENTED_EDGE('',*,*,#2749,.F.);
#771=ORIENTED_EDGE('',*,*,#2972,.F.);
#772=ORIENTED_EDGE('',*,*,#2973,.T.);
#773=ORIENTED_EDGE('',*,*,#2961,.T.);
#774=ORIENTED_EDGE('',*,*,#2750,.F.);
#775=ORIENTED_EDGE('',*,*,#2974,.T.);
#776=ORIENTED_EDGE('',*,*,#2975,.T.);
#777=ORIENTED_EDGE('',*,*,#2976,.T.);
#778=ORIENTED_EDGE('',*,*,#2977,.T.);
#779=ORIENTED_EDGE('',*,*,#2978,.T.);
#780=ORIENTED_EDGE('',*,*,#2979,.T.);
#781=ORIENTED_EDGE('',*,*,#2980,.T.);
#782=ORIENTED_EDGE('',*,*,#2981,.T.);
#783=ORIENTED_EDGE('',*,*,#2982,.F.);
#784=ORIENTED_EDGE('',*,*,#2979,.F.);
#785=ORIENTED_EDGE('',*,*,#2983,.F.);
#786=ORIENTED_EDGE('',*,*,#2969,.F.);
#787=ORIENTED_EDGE('',*,*,#2983,.T.);
#788=ORIENTED_EDGE('',*,*,#2978,.F.);
#789=ORIENTED_EDGE('',*,*,#2984,.F.);
#790=ORIENTED_EDGE('',*,*,#2971,.F.);
#791=ORIENTED_EDGE('',*,*,#2982,.T.);
#792=ORIENTED_EDGE('',*,*,#2967,.F.);
#793=ORIENTED_EDGE('',*,*,#2985,.F.);
#794=ORIENTED_EDGE('',*,*,#2980,.F.);
#795=ORIENTED_EDGE('',*,*,#2984,.T.);
#796=ORIENTED_EDGE('',*,*,#2977,.F.);
#797=ORIENTED_EDGE('',*,*,#2986,.F.);
#798=ORIENTED_EDGE('',*,*,#2973,.F.);
#799=ORIENTED_EDGE('',*,*,#2985,.T.);
#800=ORIENTED_EDGE('',*,*,#2679,.F.);
#801=ORIENTED_EDGE('',*,*,#2987,.F.);
#802=ORIENTED_EDGE('',*,*,#2981,.F.);
#803=ORIENTED_EDGE('',*,*,#2986,.T.);
#804=ORIENTED_EDGE('',*,*,#2976,.F.);
#805=ORIENTED_EDGE('',*,*,#2988,.F.);
#806=ORIENTED_EDGE('',*,*,#2962,.F.);
#807=ORIENTED_EDGE('',*,*,#2987,.T.);
#808=ORIENTED_EDGE('',*,*,#2966,.F.);
#809=ORIENTED_EDGE('',*,*,#2989,.F.);
#810=ORIENTED_EDGE('',*,*,#2974,.F.);
#811=ORIENTED_EDGE('',*,*,#2988,.T.);
#812=ORIENTED_EDGE('',*,*,#2975,.F.);
#813=ORIENTED_EDGE('',*,*,#2989,.T.);
#814=ORIENTED_EDGE('',*,*,#2964,.F.);
#815=ORIENTED_EDGE('',*,*,#2763,.F.);
#816=ORIENTED_EDGE('',*,*,#2954,.F.);
#817=ORIENTED_EDGE('',*,*,#2990,.T.);
#818=ORIENTED_EDGE('',*,*,#2951,.T.);
#819=ORIENTED_EDGE('',*,*,#2917,.T.);
#820=ORIENTED_EDGE('',*,*,#2952,.F.);
#821=ORIENTED_EDGE('',*,*,#2990,.F.);
#822=ORIENTED_EDGE('',*,*,#2953,.F.);
#823=ORIENTED_EDGE('',*,*,#2671,.T.);
#824=ORIENTED_EDGE('',*,*,#2991,.F.);
#825=ORIENTED_EDGE('',*,*,#2939,.F.);
#826=ORIENTED_EDGE('',*,*,#2947,.F.);
#827=ORIENTED_EDGE('',*,*,#2746,.F.);
#828=ORIENTED_EDGE('',*,*,#2940,.F.);
#829=ORIENTED_EDGE('',*,*,#2991,.T.);
#830=ORIENTED_EDGE('',*,*,#2682,.T.);
#831=ORIENTED_EDGE('',*,*,#2754,.F.);
#832=ORIENTED_EDGE('',*,*,#2676,.F.);
#833=ORIENTED_EDGE('',*,*,#2992,.T.);
#834=ORIENTED_EDGE('',*,*,#2941,.T.);
#835=ORIENTED_EDGE('',*,*,#2675,.T.);
#836=ORIENTED_EDGE('',*,*,#2946,.F.);
#837=ORIENTED_EDGE('',*,*,#2942,.F.);
#838=ORIENTED_EDGE('',*,*,#2992,.F.);
#839=ORIENTED_EDGE('',*,*,#2707,.T.);
#840=ORIENTED_EDGE('',*,*,#2949,.F.);
#841=ORIENTED_EDGE('',*,*,#2934,.F.);
#842=ORIENTED_EDGE('',*,*,#2993,.F.);
#843=ORIENTED_EDGE('',*,*,#2736,.F.);
#844=ORIENTED_EDGE('',*,*,#2708,.F.);
#845=ORIENTED_EDGE('',*,*,#2993,.T.);
#846=ORIENTED_EDGE('',*,*,#2933,.T.);
#847=ORIENTED_EDGE('',*,*,#2703,.T.);
#848=ORIENTED_EDGE('',*,*,#2994,.F.);
#849=ORIENTED_EDGE('',*,*,#2930,.F.);
#850=ORIENTED_EDGE('',*,*,#2948,.F.);
#851=ORIENTED_EDGE('',*,*,#2734,.F.);
#852=ORIENTED_EDGE('',*,*,#2931,.F.);
#853=ORIENTED_EDGE('',*,*,#2994,.T.);
#854=ORIENTED_EDGE('',*,*,#2712,.T.);
#855=ORIENTED_EDGE('',*,*,#2995,.F.);
#856=ORIENTED_EDGE('',*,*,#2996,.T.);
#857=ORIENTED_EDGE('',*,*,#2997,.T.);
#858=ORIENTED_EDGE('',*,*,#2714,.T.);
#859=ORIENTED_EDGE('',*,*,#2998,.F.);
#860=ORIENTED_EDGE('',*,*,#2999,.T.);
#861=ORIENTED_EDGE('',*,*,#2995,.T.);
#862=ORIENTED_EDGE('',*,*,#2713,.T.);
#863=ORIENTED_EDGE('',*,*,#3000,.F.);
#864=ORIENTED_EDGE('',*,*,#3001,.T.);
#865=ORIENTED_EDGE('',*,*,#2998,.T.);
#866=ORIENTED_EDGE('',*,*,#2732,.T.);
#867=ORIENTED_EDGE('',*,*,#3002,.F.);
#868=ORIENTED_EDGE('',*,*,#3003,.T.);
#869=ORIENTED_EDGE('',*,*,#3000,.T.);
#870=ORIENTED_EDGE('',*,*,#2731,.T.);
#871=ORIENTED_EDGE('',*,*,#3004,.F.);
#872=ORIENTED_EDGE('',*,*,#3005,.T.);
#873=ORIENTED_EDGE('',*,*,#3002,.T.);
#874=ORIENTED_EDGE('',*,*,#2730,.T.);
#875=ORIENTED_EDGE('',*,*,#3006,.F.);
#876=ORIENTED_EDGE('',*,*,#3007,.T.);
#877=ORIENTED_EDGE('',*,*,#3004,.T.);
#878=ORIENTED_EDGE('',*,*,#2729,.T.);
#879=ORIENTED_EDGE('',*,*,#3008,.F.);
#880=ORIENTED_EDGE('',*,*,#3009,.T.);
#881=ORIENTED_EDGE('',*,*,#3006,.T.);
#882=ORIENTED_EDGE('',*,*,#2728,.T.);
#883=ORIENTED_EDGE('',*,*,#3010,.F.);
#884=ORIENTED_EDGE('',*,*,#3011,.T.);
#885=ORIENTED_EDGE('',*,*,#3008,.T.);
#886=ORIENTED_EDGE('',*,*,#2727,.T.);
#887=ORIENTED_EDGE('',*,*,#3012,.F.);
#888=ORIENTED_EDGE('',*,*,#3013,.T.);
#889=ORIENTED_EDGE('',*,*,#3010,.T.);
#890=ORIENTED_EDGE('',*,*,#2726,.T.);
#891=ORIENTED_EDGE('',*,*,#3014,.F.);
#892=ORIENTED_EDGE('',*,*,#3015,.T.);
#893=ORIENTED_EDGE('',*,*,#3012,.T.);
#894=ORIENTED_EDGE('',*,*,#2725,.T.);
#895=ORIENTED_EDGE('',*,*,#3016,.F.);
#896=ORIENTED_EDGE('',*,*,#3017,.T.);
#897=ORIENTED_EDGE('',*,*,#3014,.T.);
#898=ORIENTED_EDGE('',*,*,#2724,.T.);
#899=ORIENTED_EDGE('',*,*,#3018,.F.);
#900=ORIENTED_EDGE('',*,*,#3019,.T.);
#901=ORIENTED_EDGE('',*,*,#3016,.T.);
#902=ORIENTED_EDGE('',*,*,#2723,.T.);
#903=ORIENTED_EDGE('',*,*,#3020,.F.);
#904=ORIENTED_EDGE('',*,*,#3021,.T.);
#905=ORIENTED_EDGE('',*,*,#3018,.T.);
#906=ORIENTED_EDGE('',*,*,#2722,.T.);
#907=ORIENTED_EDGE('',*,*,#3022,.F.);
#908=ORIENTED_EDGE('',*,*,#3023,.T.);
#909=ORIENTED_EDGE('',*,*,#3020,.T.);
#910=ORIENTED_EDGE('',*,*,#2721,.T.);
#911=ORIENTED_EDGE('',*,*,#3024,.F.);
#912=ORIENTED_EDGE('',*,*,#3025,.T.);
#913=ORIENTED_EDGE('',*,*,#3022,.T.);
#914=ORIENTED_EDGE('',*,*,#2720,.T.);
#915=ORIENTED_EDGE('',*,*,#3026,.F.);
#916=ORIENTED_EDGE('',*,*,#3027,.T.);
#917=ORIENTED_EDGE('',*,*,#3024,.T.);
#918=ORIENTED_EDGE('',*,*,#2719,.T.);
#919=ORIENTED_EDGE('',*,*,#3028,.F.);
#920=ORIENTED_EDGE('',*,*,#3029,.T.);
#921=ORIENTED_EDGE('',*,*,#3026,.T.);
#922=ORIENTED_EDGE('',*,*,#2718,.T.);
#923=ORIENTED_EDGE('',*,*,#3030,.F.);
#924=ORIENTED_EDGE('',*,*,#3031,.T.);
#925=ORIENTED_EDGE('',*,*,#3028,.T.);
#926=ORIENTED_EDGE('',*,*,#2717,.T.);
#927=ORIENTED_EDGE('',*,*,#3032,.F.);
#928=ORIENTED_EDGE('',*,*,#3033,.T.);
#929=ORIENTED_EDGE('',*,*,#3030,.T.);
#930=ORIENTED_EDGE('',*,*,#2716,.T.);
#931=ORIENTED_EDGE('',*,*,#2997,.F.);
#932=ORIENTED_EDGE('',*,*,#3034,.T.);
#933=ORIENTED_EDGE('',*,*,#3032,.T.);
#934=ORIENTED_EDGE('',*,*,#2715,.T.);
#935=ORIENTED_EDGE('',*,*,#3035,.T.);
#936=ORIENTED_EDGE('',*,*,#3036,.T.);
#937=ORIENTED_EDGE('',*,*,#3037,.T.);
#938=ORIENTED_EDGE('',*,*,#3038,.T.);
#939=ORIENTED_EDGE('',*,*,#3039,.T.);
#940=ORIENTED_EDGE('',*,*,#3040,.T.);
#941=ORIENTED_EDGE('',*,*,#3041,.T.);
#942=ORIENTED_EDGE('',*,*,#3042,.T.);
#943=ORIENTED_EDGE('',*,*,#3043,.T.);
#944=ORIENTED_EDGE('',*,*,#3044,.T.);
#945=ORIENTED_EDGE('',*,*,#3045,.T.);
#946=ORIENTED_EDGE('',*,*,#3046,.T.);
#947=ORIENTED_EDGE('',*,*,#3047,.F.);
#948=ORIENTED_EDGE('',*,*,#3048,.T.);
#949=ORIENTED_EDGE('',*,*,#3049,.T.);
#950=ORIENTED_EDGE('',*,*,#2684,.T.);
#951=ORIENTED_EDGE('',*,*,#3050,.F.);
#952=ORIENTED_EDGE('',*,*,#3051,.T.);
#953=ORIENTED_EDGE('',*,*,#3047,.T.);
#954=ORIENTED_EDGE('',*,*,#2683,.T.);
#955=ORIENTED_EDGE('',*,*,#3052,.F.);
#956=ORIENTED_EDGE('',*,*,#3053,.T.);
#957=ORIENTED_EDGE('',*,*,#3050,.T.);
#958=ORIENTED_EDGE('',*,*,#2702,.T.);
#959=ORIENTED_EDGE('',*,*,#3054,.F.);
#960=ORIENTED_EDGE('',*,*,#3055,.T.);
#961=ORIENTED_EDGE('',*,*,#3052,.T.);
#962=ORIENTED_EDGE('',*,*,#2701,.T.);
#963=ORIENTED_EDGE('',*,*,#3056,.F.);
#964=ORIENTED_EDGE('',*,*,#3057,.T.);
#965=ORIENTED_EDGE('',*,*,#3054,.T.);
#966=ORIENTED_EDGE('',*,*,#2700,.T.);
#967=ORIENTED_EDGE('',*,*,#3058,.F.);
#968=ORIENTED_EDGE('',*,*,#3059,.T.);
#969=ORIENTED_EDGE('',*,*,#3056,.T.);
#970=ORIENTED_EDGE('',*,*,#2699,.T.);
#971=ORIENTED_EDGE('',*,*,#3060,.F.);
#972=ORIENTED_EDGE('',*,*,#3061,.T.);
#973=ORIENTED_EDGE('',*,*,#3058,.T.);
#974=ORIENTED_EDGE('',*,*,#2698,.T.);
#975=ORIENTED_EDGE('',*,*,#3062,.F.);
#976=ORIENTED_EDGE('',*,*,#3063,.T.);
#977=ORIENTED_EDGE('',*,*,#3060,.T.);
#978=ORIENTED_EDGE('',*,*,#2697,.T.);
#979=ORIENTED_EDGE('',*,*,#3064,.F.);
#980=ORIENTED_EDGE('',*,*,#3065,.T.);
#981=ORIENTED_EDGE('',*,*,#3062,.T.);
#982=ORIENTED_EDGE('',*,*,#2696,.T.);
#983=ORIENTED_EDGE('',*,*,#3066,.F.);
#984=ORIENTED_EDGE('',*,*,#3067,.T.);
#985=ORIENTED_EDGE('',*,*,#3064,.T.);
#986=ORIENTED_EDGE('',*,*,#2695,.T.);
#987=ORIENTED_EDGE('',*,*,#3068,.F.);
#988=ORIENTED_EDGE('',*,*,#3069,.T.);
#989=ORIENTED_EDGE('',*,*,#3066,.T.);
#990=ORIENTED_EDGE('',*,*,#2694,.T.);
#991=ORIENTED_EDGE('',*,*,#3070,.F.);
#992=ORIENTED_EDGE('',*,*,#3071,.T.);
#993=ORIENTED_EDGE('',*,*,#3068,.T.);
#994=ORIENTED_EDGE('',*,*,#2693,.T.);
#995=ORIENTED_EDGE('',*,*,#3072,.F.);
#996=ORIENTED_EDGE('',*,*,#3073,.T.);
#997=ORIENTED_EDGE('',*,*,#3070,.T.);
#998=ORIENTED_EDGE('',*,*,#2692,.T.);
#999=ORIENTED_EDGE('',*,*,#3074,.F.);
#1000=ORIENTED_EDGE('',*,*,#3075,.T.);
#1001=ORIENTED_EDGE('',*,*,#3072,.T.);
#1002=ORIENTED_EDGE('',*,*,#2691,.T.);
#1003=ORIENTED_EDGE('',*,*,#3076,.F.);
#1004=ORIENTED_EDGE('',*,*,#3077,.T.);
#1005=ORIENTED_EDGE('',*,*,#3074,.T.);
#1006=ORIENTED_EDGE('',*,*,#2690,.T.);
#1007=ORIENTED_EDGE('',*,*,#3078,.F.);
#1008=ORIENTED_EDGE('',*,*,#3079,.T.);
#1009=ORIENTED_EDGE('',*,*,#3076,.T.);
#1010=ORIENTED_EDGE('',*,*,#2689,.T.);
#1011=ORIENTED_EDGE('',*,*,#3080,.F.);
#1012=ORIENTED_EDGE('',*,*,#3081,.T.);
#1013=ORIENTED_EDGE('',*,*,#3078,.T.);
#1014=ORIENTED_EDGE('',*,*,#2688,.T.);
#1015=ORIENTED_EDGE('',*,*,#3082,.F.);
#1016=ORIENTED_EDGE('',*,*,#3083,.T.);
#1017=ORIENTED_EDGE('',*,*,#3080,.T.);
#1018=ORIENTED_EDGE('',*,*,#2687,.T.);
#1019=ORIENTED_EDGE('',*,*,#3084,.F.);
#1020=ORIENTED_EDGE('',*,*,#3085,.T.);
#1021=ORIENTED_EDGE('',*,*,#3082,.T.);
#1022=ORIENTED_EDGE('',*,*,#2686,.T.);
#1023=ORIENTED_EDGE('',*,*,#3049,.F.);
#1024=ORIENTED_EDGE('',*,*,#3086,.T.);
#1025=ORIENTED_EDGE('',*,*,#3084,.T.);
#1026=ORIENTED_EDGE('',*,*,#2685,.T.);
#1027=ORIENTED_EDGE('',*,*,#3087,.T.);
#1028=ORIENTED_EDGE('',*,*,#3088,.T.);
#1029=ORIENTED_EDGE('',*,*,#3089,.T.);
#1030=ORIENTED_EDGE('',*,*,#3090,.T.);
#1031=ORIENTED_EDGE('',*,*,#3091,.T.);
#1032=ORIENTED_EDGE('',*,*,#3092,.T.);
#1033=ORIENTED_EDGE('',*,*,#3093,.T.);
#1034=ORIENTED_EDGE('',*,*,#3094,.T.);
#1035=ORIENTED_EDGE('',*,*,#3095,.T.);
#1036=ORIENTED_EDGE('',*,*,#3096,.T.);
#1037=ORIENTED_EDGE('',*,*,#3097,.T.);
#1038=ORIENTED_EDGE('',*,*,#3098,.T.);
#1039=ORIENTED_EDGE('',*,*,#3099,.F.);
#1040=ORIENTED_EDGE('',*,*,#3067,.F.);
#1041=ORIENTED_EDGE('',*,*,#3100,.F.);
#1042=ORIENTED_EDGE('',*,*,#3094,.F.);
#1043=ORIENTED_EDGE('',*,*,#3100,.T.);
#1044=ORIENTED_EDGE('',*,*,#3069,.F.);
#1045=ORIENTED_EDGE('',*,*,#3101,.F.);
#1046=ORIENTED_EDGE('',*,*,#3065,.F.);
#1047=ORIENTED_EDGE('',*,*,#3099,.T.);
#1048=ORIENTED_EDGE('',*,*,#3102,.F.);
#1049=ORIENTED_EDGE('',*,*,#3101,.T.);
#1050=ORIENTED_EDGE('',*,*,#3071,.F.);
#1051=ORIENTED_EDGE('',*,*,#3103,.F.);
#1052=ORIENTED_EDGE('',*,*,#3095,.F.);
#1053=ORIENTED_EDGE('',*,*,#3102,.T.);
#1054=ORIENTED_EDGE('',*,*,#3093,.F.);
#1055=ORIENTED_EDGE('',*,*,#3104,.F.);
#1056=ORIENTED_EDGE('',*,*,#3063,.F.);
#1057=ORIENTED_EDGE('',*,*,#3103,.T.);
#1058=ORIENTED_EDGE('',*,*,#3073,.F.);
#1059=ORIENTED_EDGE('',*,*,#3105,.F.);
#1060=ORIENTED_EDGE('',*,*,#3061,.F.);
#1061=ORIENTED_EDGE('',*,*,#3104,.T.);
#1062=ORIENTED_EDGE('',*,*,#3106,.F.);
#1063=ORIENTED_EDGE('',*,*,#3105,.T.);
#1064=ORIENTED_EDGE('',*,*,#3075,.F.);
#1065=ORIENTED_EDGE('',*,*,#3107,.F.);
#1066=ORIENTED_EDGE('',*,*,#3096,.F.);
#1067=ORIENTED_EDGE('',*,*,#3106,.T.);
#1068=ORIENTED_EDGE('',*,*,#3092,.F.);
#1069=ORIENTED_EDGE('',*,*,#3108,.F.);
#1070=ORIENTED_EDGE('',*,*,#3059,.F.);
#1071=ORIENTED_EDGE('',*,*,#3107,.T.);
#1072=ORIENTED_EDGE('',*,*,#3077,.F.);
#1073=ORIENTED_EDGE('',*,*,#3109,.F.);
#1074=ORIENTED_EDGE('',*,*,#3097,.F.);
#1075=ORIENTED_EDGE('',*,*,#3108,.T.);
#1076=ORIENTED_EDGE('',*,*,#3091,.F.);
#1077=ORIENTED_EDGE('',*,*,#3110,.F.);
#1078=ORIENTED_EDGE('',*,*,#3057,.F.);
#1079=ORIENTED_EDGE('',*,*,#3109,.T.);
#1080=ORIENTED_EDGE('',*,*,#3079,.F.);
#1081=ORIENTED_EDGE('',*,*,#3111,.F.);
#1082=ORIENTED_EDGE('',*,*,#3098,.F.);
#1083=ORIENTED_EDGE('',*,*,#3110,.T.);
#1084=ORIENTED_EDGE('',*,*,#3090,.F.);
#1085=ORIENTED_EDGE('',*,*,#3112,.F.);
#1086=ORIENTED_EDGE('',*,*,#3055,.F.);
#1087=ORIENTED_EDGE('',*,*,#3111,.T.);
#1088=ORIENTED_EDGE('',*,*,#3081,.F.);
#1089=ORIENTED_EDGE('',*,*,#3113,.F.);
#1090=ORIENTED_EDGE('',*,*,#3053,.F.);
#1091=ORIENTED_EDGE('',*,*,#3112,.T.);
#1092=ORIENTED_EDGE('',*,*,#3114,.F.);
#1093=ORIENTED_EDGE('',*,*,#3113,.T.);
#1094=ORIENTED_EDGE('',*,*,#3083,.F.);
#1095=ORIENTED_EDGE('',*,*,#3115,.F.);
#1096=ORIENTED_EDGE('',*,*,#3087,.F.);
#1097=ORIENTED_EDGE('',*,*,#3114,.T.);
#1098=ORIENTED_EDGE('',*,*,#3089,.F.);
#1099=ORIENTED_EDGE('',*,*,#3116,.F.);
#1100=ORIENTED_EDGE('',*,*,#3051,.F.);
#1101=ORIENTED_EDGE('',*,*,#3115,.T.);
#1102=ORIENTED_EDGE('',*,*,#3085,.F.);
#1103=ORIENTED_EDGE('',*,*,#3117,.F.);
#1104=ORIENTED_EDGE('',*,*,#3048,.F.);
#1105=ORIENTED_EDGE('',*,*,#3116,.T.);
#1106=ORIENTED_EDGE('',*,*,#3118,.F.);
#1107=ORIENTED_EDGE('',*,*,#3117,.T.);
#1108=ORIENTED_EDGE('',*,*,#3086,.F.);
#1109=ORIENTED_EDGE('',*,*,#3118,.T.);
#1110=ORIENTED_EDGE('',*,*,#3088,.F.);
#1111=ORIENTED_EDGE('',*,*,#3119,.F.);
#1112=ORIENTED_EDGE('',*,*,#3015,.F.);
#1113=ORIENTED_EDGE('',*,*,#3120,.F.);
#1114=ORIENTED_EDGE('',*,*,#3042,.F.);
#1115=ORIENTED_EDGE('',*,*,#3120,.T.);
#1116=ORIENTED_EDGE('',*,*,#3017,.F.);
#1117=ORIENTED_EDGE('',*,*,#3121,.F.);
#1118=ORIENTED_EDGE('',*,*,#3013,.F.);
#1119=ORIENTED_EDGE('',*,*,#3119,.T.);
#1120=ORIENTED_EDGE('',*,*,#3122,.F.);
#1121=ORIENTED_EDGE('',*,*,#3121,.T.);
#1122=ORIENTED_EDGE('',*,*,#3019,.F.);
#1123=ORIENTED_EDGE('',*,*,#3123,.F.);
#1124=ORIENTED_EDGE('',*,*,#3043,.F.);
#1125=ORIENTED_EDGE('',*,*,#3122,.T.);
#1126=ORIENTED_EDGE('',*,*,#3041,.F.);
#1127=ORIENTED_EDGE('',*,*,#3124,.F.);
#1128=ORIENTED_EDGE('',*,*,#3011,.F.);
#1129=ORIENTED_EDGE('',*,*,#3123,.T.);
#1130=ORIENTED_EDGE('',*,*,#3021,.F.);
#1131=ORIENTED_EDGE('',*,*,#3125,.F.);
#1132=ORIENTED_EDGE('',*,*,#3009,.F.);
#1133=ORIENTED_EDGE('',*,*,#3124,.T.);
#1134=ORIENTED_EDGE('',*,*,#3126,.F.);
#1135=ORIENTED_EDGE('',*,*,#3125,.T.);
#1136=ORIENTED_EDGE('',*,*,#3023,.F.);
#1137=ORIENTED_EDGE('',*,*,#3127,.F.);
#1138=ORIENTED_EDGE('',*,*,#3044,.F.);
#1139=ORIENTED_EDGE('',*,*,#3126,.T.);
#1140=ORIENTED_EDGE('',*,*,#3040,.F.);
#1141=ORIENTED_EDGE('',*,*,#3128,.F.);
#1142=ORIENTED_EDGE('',*,*,#3007,.F.);
#1143=ORIENTED_EDGE('',*,*,#3127,.T.);
#1144=ORIENTED_EDGE('',*,*,#3025,.F.);
#1145=ORIENTED_EDGE('',*,*,#3129,.F.);
#1146=ORIENTED_EDGE('',*,*,#3045,.F.);
#1147=ORIENTED_EDGE('',*,*,#3128,.T.);
#1148=ORIENTED_EDGE('',*,*,#3039,.F.);
#1149=ORIENTED_EDGE('',*,*,#3130,.F.);
#1150=ORIENTED_EDGE('',*,*,#3005,.F.);
#1151=ORIENTED_EDGE('',*,*,#3129,.T.);
#1152=ORIENTED_EDGE('',*,*,#3027,.F.);
#1153=ORIENTED_EDGE('',*,*,#3131,.F.);
#1154=ORIENTED_EDGE('',*,*,#3046,.F.);
#1155=ORIENTED_EDGE('',*,*,#3130,.T.);
#1156=ORIENTED_EDGE('',*,*,#3038,.F.);
#1157=ORIENTED_EDGE('',*,*,#3132,.F.);
#1158=ORIENTED_EDGE('',*,*,#3003,.F.);
#1159=ORIENTED_EDGE('',*,*,#3131,.T.);
#1160=ORIENTED_EDGE('',*,*,#3029,.F.);
#1161=ORIENTED_EDGE('',*,*,#3133,.F.);
#1162=ORIENTED_EDGE('',*,*,#3001,.F.);
#1163=ORIENTED_EDGE('',*,*,#3132,.T.);
#1164=ORIENTED_EDGE('',*,*,#3134,.F.);
#1165=ORIENTED_EDGE('',*,*,#3133,.T.);
#1166=ORIENTED_EDGE('',*,*,#3031,.F.);
#1167=ORIENTED_EDGE('',*,*,#3135,.F.);
#1168=ORIENTED_EDGE('',*,*,#3035,.F.);
#1169=ORIENTED_EDGE('',*,*,#3134,.T.);
#1170=ORIENTED_EDGE('',*,*,#3037,.F.);
#1171=ORIENTED_EDGE('',*,*,#3136,.F.);
#1172=ORIENTED_EDGE('',*,*,#2999,.F.);
#1173=ORIENTED_EDGE('',*,*,#3135,.T.);
#1174=ORIENTED_EDGE('',*,*,#3033,.F.);
#1175=ORIENTED_EDGE('',*,*,#3137,.F.);
#1176=ORIENTED_EDGE('',*,*,#2996,.F.);
#1177=ORIENTED_EDGE('',*,*,#3136,.T.);
#1178=ORIENTED_EDGE('',*,*,#3138,.F.);
#1179=ORIENTED_EDGE('',*,*,#3137,.T.);
#1180=ORIENTED_EDGE('',*,*,#3034,.F.);
#1181=ORIENTED_EDGE('',*,*,#3138,.T.);
#1182=ORIENTED_EDGE('',*,*,#3036,.F.);
#1183=ORIENTED_EDGE('',*,*,#3139,.T.);
#1184=ORIENTED_EDGE('',*,*,#3140,.T.);
#1185=ORIENTED_EDGE('',*,*,#3141,.F.);
#1186=ORIENTED_EDGE('',*,*,#3142,.F.);
#1187=ORIENTED_EDGE('',*,*,#3141,.T.);
#1188=ORIENTED_EDGE('',*,*,#3143,.T.);
#1189=ORIENTED_EDGE('',*,*,#3144,.F.);
#1190=ORIENTED_EDGE('',*,*,#3145,.F.);
#1191=ORIENTED_EDGE('',*,*,#3144,.T.);
#1192=ORIENTED_EDGE('',*,*,#3146,.T.);
#1193=ORIENTED_EDGE('',*,*,#3147,.F.);
#1194=ORIENTED_EDGE('',*,*,#3148,.F.);
#1195=ORIENTED_EDGE('',*,*,#3147,.T.);
#1196=ORIENTED_EDGE('',*,*,#3149,.T.);
#1197=ORIENTED_EDGE('',*,*,#3139,.F.);
#1198=ORIENTED_EDGE('',*,*,#3150,.F.);
#1199=ORIENTED_EDGE('',*,*,#3142,.T.);
#1200=ORIENTED_EDGE('',*,*,#3145,.T.);
#1201=ORIENTED_EDGE('',*,*,#3148,.T.);
#1202=ORIENTED_EDGE('',*,*,#3150,.T.);
#1203=ORIENTED_EDGE('',*,*,#3151,.T.);
#1204=ORIENTED_EDGE('',*,*,#3152,.T.);
#1205=ORIENTED_EDGE('',*,*,#3153,.F.);
#1206=ORIENTED_EDGE('',*,*,#3154,.F.);
#1207=ORIENTED_EDGE('',*,*,#3153,.T.);
#1208=ORIENTED_EDGE('',*,*,#3155,.T.);
#1209=ORIENTED_EDGE('',*,*,#3156,.F.);
#1210=ORIENTED_EDGE('',*,*,#3157,.F.);
#1211=ORIENTED_EDGE('',*,*,#3156,.T.);
#1212=ORIENTED_EDGE('',*,*,#3158,.T.);
#1213=ORIENTED_EDGE('',*,*,#3159,.F.);
#1214=ORIENTED_EDGE('',*,*,#3160,.F.);
#1215=ORIENTED_EDGE('',*,*,#3159,.T.);
#1216=ORIENTED_EDGE('',*,*,#3161,.T.);
#1217=ORIENTED_EDGE('',*,*,#3151,.F.);
#1218=ORIENTED_EDGE('',*,*,#3162,.F.);
#1219=ORIENTED_EDGE('',*,*,#3154,.T.);
#1220=ORIENTED_EDGE('',*,*,#3157,.T.);
#1221=ORIENTED_EDGE('',*,*,#3160,.T.);
#1222=ORIENTED_EDGE('',*,*,#3162,.T.);
#1223=ORIENTED_EDGE('',*,*,#3163,.T.);
#1224=ORIENTED_EDGE('',*,*,#3164,.T.);
#1225=ORIENTED_EDGE('',*,*,#3165,.F.);
#1226=ORIENTED_EDGE('',*,*,#3166,.F.);
#1227=ORIENTED_EDGE('',*,*,#3165,.T.);
#1228=ORIENTED_EDGE('',*,*,#3167,.T.);
#1229=ORIENTED_EDGE('',*,*,#3168,.F.);
#1230=ORIENTED_EDGE('',*,*,#3169,.F.);
#1231=ORIENTED_EDGE('',*,*,#3168,.T.);
#1232=ORIENTED_EDGE('',*,*,#3170,.T.);
#1233=ORIENTED_EDGE('',*,*,#3171,.F.);
#1234=ORIENTED_EDGE('',*,*,#3172,.F.);
#1235=ORIENTED_EDGE('',*,*,#3171,.T.);
#1236=ORIENTED_EDGE('',*,*,#3173,.T.);
#1237=ORIENTED_EDGE('',*,*,#3163,.F.);
#1238=ORIENTED_EDGE('',*,*,#3174,.F.);
#1239=ORIENTED_EDGE('',*,*,#3166,.T.);
#1240=ORIENTED_EDGE('',*,*,#3169,.T.);
#1241=ORIENTED_EDGE('',*,*,#3172,.T.);
#1242=ORIENTED_EDGE('',*,*,#3174,.T.);
#1243=ORIENTED_EDGE('',*,*,#3175,.T.);
#1244=ORIENTED_EDGE('',*,*,#3176,.T.);
#1245=ORIENTED_EDGE('',*,*,#3177,.F.);
#1246=ORIENTED_EDGE('',*,*,#3178,.F.);
#1247=ORIENTED_EDGE('',*,*,#3177,.T.);
#1248=ORIENTED_EDGE('',*,*,#3179,.T.);
#1249=ORIENTED_EDGE('',*,*,#3180,.F.);
#1250=ORIENTED_EDGE('',*,*,#3181,.F.);
#1251=ORIENTED_EDGE('',*,*,#3180,.T.);
#1252=ORIENTED_EDGE('',*,*,#3182,.T.);
#1253=ORIENTED_EDGE('',*,*,#3183,.F.);
#1254=ORIENTED_EDGE('',*,*,#3184,.F.);
#1255=ORIENTED_EDGE('',*,*,#3183,.T.);
#1256=ORIENTED_EDGE('',*,*,#3185,.T.);
#1257=ORIENTED_EDGE('',*,*,#3175,.F.);
#1258=ORIENTED_EDGE('',*,*,#3186,.F.);
#1259=ORIENTED_EDGE('',*,*,#3178,.T.);
#1260=ORIENTED_EDGE('',*,*,#3181,.T.);
#1261=ORIENTED_EDGE('',*,*,#3184,.T.);
#1262=ORIENTED_EDGE('',*,*,#3186,.T.);
#1263=ORIENTED_EDGE('',*,*,#3187,.T.);
#1264=ORIENTED_EDGE('',*,*,#3188,.T.);
#1265=ORIENTED_EDGE('',*,*,#3189,.F.);
#1266=ORIENTED_EDGE('',*,*,#3190,.F.);
#1267=ORIENTED_EDGE('',*,*,#3189,.T.);
#1268=ORIENTED_EDGE('',*,*,#3191,.T.);
#1269=ORIENTED_EDGE('',*,*,#3192,.F.);
#1270=ORIENTED_EDGE('',*,*,#3193,.F.);
#1271=ORIENTED_EDGE('',*,*,#3192,.T.);
#1272=ORIENTED_EDGE('',*,*,#3194,.T.);
#1273=ORIENTED_EDGE('',*,*,#3195,.F.);
#1274=ORIENTED_EDGE('',*,*,#3196,.F.);
#1275=ORIENTED_EDGE('',*,*,#3195,.T.);
#1276=ORIENTED_EDGE('',*,*,#3197,.T.);
#1277=ORIENTED_EDGE('',*,*,#3187,.F.);
#1278=ORIENTED_EDGE('',*,*,#3198,.F.);
#1279=ORIENTED_EDGE('',*,*,#3190,.T.);
#1280=ORIENTED_EDGE('',*,*,#3193,.T.);
#1281=ORIENTED_EDGE('',*,*,#3196,.T.);
#1282=ORIENTED_EDGE('',*,*,#3198,.T.);
#1283=ORIENTED_EDGE('',*,*,#3199,.T.);
#1284=ORIENTED_EDGE('',*,*,#3200,.T.);
#1285=ORIENTED_EDGE('',*,*,#3201,.F.);
#1286=ORIENTED_EDGE('',*,*,#3202,.F.);
#1287=ORIENTED_EDGE('',*,*,#3201,.T.);
#1288=ORIENTED_EDGE('',*,*,#3203,.T.);
#1289=ORIENTED_EDGE('',*,*,#3204,.F.);
#1290=ORIENTED_EDGE('',*,*,#3205,.F.);
#1291=ORIENTED_EDGE('',*,*,#3204,.T.);
#1292=ORIENTED_EDGE('',*,*,#3206,.T.);
#1293=ORIENTED_EDGE('',*,*,#3207,.F.);
#1294=ORIENTED_EDGE('',*,*,#3208,.F.);
#1295=ORIENTED_EDGE('',*,*,#3207,.T.);
#1296=ORIENTED_EDGE('',*,*,#3209,.T.);
#1297=ORIENTED_EDGE('',*,*,#3199,.F.);
#1298=ORIENTED_EDGE('',*,*,#3210,.F.);
#1299=ORIENTED_EDGE('',*,*,#3202,.T.);
#1300=ORIENTED_EDGE('',*,*,#3205,.T.);
#1301=ORIENTED_EDGE('',*,*,#3208,.T.);
#1302=ORIENTED_EDGE('',*,*,#3210,.T.);
#1303=ORIENTED_EDGE('',*,*,#3211,.T.);
#1304=ORIENTED_EDGE('',*,*,#3212,.T.);
#1305=ORIENTED_EDGE('',*,*,#3213,.F.);
#1306=ORIENTED_EDGE('',*,*,#3214,.F.);
#1307=ORIENTED_EDGE('',*,*,#3213,.T.);
#1308=ORIENTED_EDGE('',*,*,#3215,.T.);
#1309=ORIENTED_EDGE('',*,*,#3216,.F.);
#1310=ORIENTED_EDGE('',*,*,#3217,.F.);
#1311=ORIENTED_EDGE('',*,*,#3216,.T.);
#1312=ORIENTED_EDGE('',*,*,#3218,.T.);
#1313=ORIENTED_EDGE('',*,*,#3219,.F.);
#1314=ORIENTED_EDGE('',*,*,#3220,.F.);
#1315=ORIENTED_EDGE('',*,*,#3219,.T.);
#1316=ORIENTED_EDGE('',*,*,#3221,.T.);
#1317=ORIENTED_EDGE('',*,*,#3211,.F.);
#1318=ORIENTED_EDGE('',*,*,#3222,.F.);
#1319=ORIENTED_EDGE('',*,*,#3214,.T.);
#1320=ORIENTED_EDGE('',*,*,#3217,.T.);
#1321=ORIENTED_EDGE('',*,*,#3220,.T.);
#1322=ORIENTED_EDGE('',*,*,#3222,.T.);
#1323=ORIENTED_EDGE('',*,*,#3223,.T.);
#1324=ORIENTED_EDGE('',*,*,#3224,.T.);
#1325=ORIENTED_EDGE('',*,*,#3225,.F.);
#1326=ORIENTED_EDGE('',*,*,#3226,.F.);
#1327=ORIENTED_EDGE('',*,*,#3225,.T.);
#1328=ORIENTED_EDGE('',*,*,#3227,.T.);
#1329=ORIENTED_EDGE('',*,*,#3228,.F.);
#1330=ORIENTED_EDGE('',*,*,#3229,.F.);
#1331=ORIENTED_EDGE('',*,*,#3228,.T.);
#1332=ORIENTED_EDGE('',*,*,#3230,.T.);
#1333=ORIENTED_EDGE('',*,*,#3231,.F.);
#1334=ORIENTED_EDGE('',*,*,#3232,.F.);
#1335=ORIENTED_EDGE('',*,*,#3231,.T.);
#1336=ORIENTED_EDGE('',*,*,#3233,.T.);
#1337=ORIENTED_EDGE('',*,*,#3223,.F.);
#1338=ORIENTED_EDGE('',*,*,#3234,.F.);
#1339=ORIENTED_EDGE('',*,*,#3226,.T.);
#1340=ORIENTED_EDGE('',*,*,#3229,.T.);
#1341=ORIENTED_EDGE('',*,*,#3232,.T.);
#1342=ORIENTED_EDGE('',*,*,#3234,.T.);
#1343=ORIENTED_EDGE('',*,*,#3235,.T.);
#1344=ORIENTED_EDGE('',*,*,#3236,.T.);
#1345=ORIENTED_EDGE('',*,*,#3237,.F.);
#1346=ORIENTED_EDGE('',*,*,#3238,.F.);
#1347=ORIENTED_EDGE('',*,*,#3237,.T.);
#1348=ORIENTED_EDGE('',*,*,#3239,.T.);
#1349=ORIENTED_EDGE('',*,*,#3240,.F.);
#1350=ORIENTED_EDGE('',*,*,#3241,.F.);
#1351=ORIENTED_EDGE('',*,*,#3240,.T.);
#1352=ORIENTED_EDGE('',*,*,#3242,.T.);
#1353=ORIENTED_EDGE('',*,*,#3243,.F.);
#1354=ORIENTED_EDGE('',*,*,#3244,.F.);
#1355=ORIENTED_EDGE('',*,*,#3243,.T.);
#1356=ORIENTED_EDGE('',*,*,#3245,.T.);
#1357=ORIENTED_EDGE('',*,*,#3235,.F.);
#1358=ORIENTED_EDGE('',*,*,#3246,.F.);
#1359=ORIENTED_EDGE('',*,*,#3238,.T.);
#1360=ORIENTED_EDGE('',*,*,#3241,.T.);
#1361=ORIENTED_EDGE('',*,*,#3244,.T.);
#1362=ORIENTED_EDGE('',*,*,#3246,.T.);
#1363=ORIENTED_EDGE('',*,*,#3247,.T.);
#1364=ORIENTED_EDGE('',*,*,#3248,.T.);
#1365=ORIENTED_EDGE('',*,*,#3249,.F.);
#1366=ORIENTED_EDGE('',*,*,#3250,.F.);
#1367=ORIENTED_EDGE('',*,*,#3249,.T.);
#1368=ORIENTED_EDGE('',*,*,#3251,.T.);
#1369=ORIENTED_EDGE('',*,*,#3252,.F.);
#1370=ORIENTED_EDGE('',*,*,#3253,.F.);
#1371=ORIENTED_EDGE('',*,*,#3252,.T.);
#1372=ORIENTED_EDGE('',*,*,#3254,.T.);
#1373=ORIENTED_EDGE('',*,*,#3255,.F.);
#1374=ORIENTED_EDGE('',*,*,#3256,.F.);
#1375=ORIENTED_EDGE('',*,*,#3255,.T.);
#1376=ORIENTED_EDGE('',*,*,#3257,.T.);
#1377=ORIENTED_EDGE('',*,*,#3247,.F.);
#1378=ORIENTED_EDGE('',*,*,#3258,.F.);
#1379=ORIENTED_EDGE('',*,*,#3250,.T.);
#1380=ORIENTED_EDGE('',*,*,#3253,.T.);
#1381=ORIENTED_EDGE('',*,*,#3256,.T.);
#1382=ORIENTED_EDGE('',*,*,#3258,.T.);
#1383=ORIENTED_EDGE('',*,*,#3259,.T.);
#1384=ORIENTED_EDGE('',*,*,#3260,.T.);
#1385=ORIENTED_EDGE('',*,*,#3261,.F.);
#1386=ORIENTED_EDGE('',*,*,#3262,.F.);
#1387=ORIENTED_EDGE('',*,*,#3261,.T.);
#1388=ORIENTED_EDGE('',*,*,#3263,.T.);
#1389=ORIENTED_EDGE('',*,*,#3264,.F.);
#1390=ORIENTED_EDGE('',*,*,#3265,.F.);
#1391=ORIENTED_EDGE('',*,*,#3264,.T.);
#1392=ORIENTED_EDGE('',*,*,#3266,.T.);
#1393=ORIENTED_EDGE('',*,*,#3267,.F.);
#1394=ORIENTED_EDGE('',*,*,#3268,.F.);
#1395=ORIENTED_EDGE('',*,*,#3267,.T.);
#1396=ORIENTED_EDGE('',*,*,#3269,.T.);
#1397=ORIENTED_EDGE('',*,*,#3259,.F.);
#1398=ORIENTED_EDGE('',*,*,#3270,.F.);
#1399=ORIENTED_EDGE('',*,*,#3262,.T.);
#1400=ORIENTED_EDGE('',*,*,#3265,.T.);
#1401=ORIENTED_EDGE('',*,*,#3268,.T.);
#1402=ORIENTED_EDGE('',*,*,#3270,.T.);
#1403=ORIENTED_EDGE('',*,*,#3271,.T.);
#1404=ORIENTED_EDGE('',*,*,#3272,.T.);
#1405=ORIENTED_EDGE('',*,*,#3273,.F.);
#1406=ORIENTED_EDGE('',*,*,#3274,.F.);
#1407=ORIENTED_EDGE('',*,*,#3273,.T.);
#1408=ORIENTED_EDGE('',*,*,#3275,.T.);
#1409=ORIENTED_EDGE('',*,*,#3276,.F.);
#1410=ORIENTED_EDGE('',*,*,#3277,.F.);
#1411=ORIENTED_EDGE('',*,*,#3276,.T.);
#1412=ORIENTED_EDGE('',*,*,#3278,.T.);
#1413=ORIENTED_EDGE('',*,*,#3279,.F.);
#1414=ORIENTED_EDGE('',*,*,#3280,.F.);
#1415=ORIENTED_EDGE('',*,*,#3279,.T.);
#1416=ORIENTED_EDGE('',*,*,#3281,.T.);
#1417=ORIENTED_EDGE('',*,*,#3271,.F.);
#1418=ORIENTED_EDGE('',*,*,#3282,.F.);
#1419=ORIENTED_EDGE('',*,*,#3274,.T.);
#1420=ORIENTED_EDGE('',*,*,#3277,.T.);
#1421=ORIENTED_EDGE('',*,*,#3280,.T.);
#1422=ORIENTED_EDGE('',*,*,#3282,.T.);
#1423=ORIENTED_EDGE('',*,*,#3283,.T.);
#1424=ORIENTED_EDGE('',*,*,#3284,.T.);
#1425=ORIENTED_EDGE('',*,*,#3285,.F.);
#1426=ORIENTED_EDGE('',*,*,#3286,.F.);
#1427=ORIENTED_EDGE('',*,*,#3285,.T.);
#1428=ORIENTED_EDGE('',*,*,#3287,.T.);
#1429=ORIENTED_EDGE('',*,*,#3288,.F.);
#1430=ORIENTED_EDGE('',*,*,#3289,.F.);
#1431=ORIENTED_EDGE('',*,*,#3288,.T.);
#1432=ORIENTED_EDGE('',*,*,#3290,.T.);
#1433=ORIENTED_EDGE('',*,*,#3291,.F.);
#1434=ORIENTED_EDGE('',*,*,#3292,.F.);
#1435=ORIENTED_EDGE('',*,*,#3291,.T.);
#1436=ORIENTED_EDGE('',*,*,#3293,.T.);
#1437=ORIENTED_EDGE('',*,*,#3283,.F.);
#1438=ORIENTED_EDGE('',*,*,#3294,.F.);
#1439=ORIENTED_EDGE('',*,*,#3286,.T.);
#1440=ORIENTED_EDGE('',*,*,#3289,.T.);
#1441=ORIENTED_EDGE('',*,*,#3292,.T.);
#1442=ORIENTED_EDGE('',*,*,#3294,.T.);
#1443=ORIENTED_EDGE('',*,*,#3295,.T.);
#1444=ORIENTED_EDGE('',*,*,#3296,.T.);
#1445=ORIENTED_EDGE('',*,*,#3297,.F.);
#1446=ORIENTED_EDGE('',*,*,#3298,.F.);
#1447=ORIENTED_EDGE('',*,*,#3297,.T.);
#1448=ORIENTED_EDGE('',*,*,#3299,.T.);
#1449=ORIENTED_EDGE('',*,*,#3300,.F.);
#1450=ORIENTED_EDGE('',*,*,#3301,.F.);
#1451=ORIENTED_EDGE('',*,*,#3300,.T.);
#1452=ORIENTED_EDGE('',*,*,#3302,.T.);
#1453=ORIENTED_EDGE('',*,*,#3303,.F.);
#1454=ORIENTED_EDGE('',*,*,#3304,.F.);
#1455=ORIENTED_EDGE('',*,*,#3303,.T.);
#1456=ORIENTED_EDGE('',*,*,#3305,.T.);
#1457=ORIENTED_EDGE('',*,*,#3295,.F.);
#1458=ORIENTED_EDGE('',*,*,#3306,.F.);
#1459=ORIENTED_EDGE('',*,*,#3298,.T.);
#1460=ORIENTED_EDGE('',*,*,#3301,.T.);
#1461=ORIENTED_EDGE('',*,*,#3304,.T.);
#1462=ORIENTED_EDGE('',*,*,#3306,.T.);
#1463=ORIENTED_EDGE('',*,*,#3307,.T.);
#1464=ORIENTED_EDGE('',*,*,#3308,.T.);
#1465=ORIENTED_EDGE('',*,*,#3309,.F.);
#1466=ORIENTED_EDGE('',*,*,#3310,.F.);
#1467=ORIENTED_EDGE('',*,*,#3309,.T.);
#1468=ORIENTED_EDGE('',*,*,#3311,.T.);
#1469=ORIENTED_EDGE('',*,*,#3312,.F.);
#1470=ORIENTED_EDGE('',*,*,#3313,.F.);
#1471=ORIENTED_EDGE('',*,*,#3312,.T.);
#1472=ORIENTED_EDGE('',*,*,#3314,.T.);
#1473=ORIENTED_EDGE('',*,*,#3315,.F.);
#1474=ORIENTED_EDGE('',*,*,#3316,.F.);
#1475=ORIENTED_EDGE('',*,*,#3315,.T.);
#1476=ORIENTED_EDGE('',*,*,#3317,.T.);
#1477=ORIENTED_EDGE('',*,*,#3307,.F.);
#1478=ORIENTED_EDGE('',*,*,#3318,.F.);
#1479=ORIENTED_EDGE('',*,*,#3310,.T.);
#1480=ORIENTED_EDGE('',*,*,#3313,.T.);
#1481=ORIENTED_EDGE('',*,*,#3316,.T.);
#1482=ORIENTED_EDGE('',*,*,#3318,.T.);
#1483=ORIENTED_EDGE('',*,*,#3319,.T.);
#1484=ORIENTED_EDGE('',*,*,#3320,.T.);
#1485=ORIENTED_EDGE('',*,*,#3321,.F.);
#1486=ORIENTED_EDGE('',*,*,#3322,.F.);
#1487=ORIENTED_EDGE('',*,*,#3321,.T.);
#1488=ORIENTED_EDGE('',*,*,#3323,.T.);
#1489=ORIENTED_EDGE('',*,*,#3324,.F.);
#1490=ORIENTED_EDGE('',*,*,#3325,.F.);
#1491=ORIENTED_EDGE('',*,*,#3324,.T.);
#1492=ORIENTED_EDGE('',*,*,#3326,.T.);
#1493=ORIENTED_EDGE('',*,*,#3327,.F.);
#1494=ORIENTED_EDGE('',*,*,#3328,.F.);
#1495=ORIENTED_EDGE('',*,*,#3327,.T.);
#1496=ORIENTED_EDGE('',*,*,#3329,.T.);
#1497=ORIENTED_EDGE('',*,*,#3319,.F.);
#1498=ORIENTED_EDGE('',*,*,#3330,.F.);
#1499=ORIENTED_EDGE('',*,*,#3322,.T.);
#1500=ORIENTED_EDGE('',*,*,#3325,.T.);
#1501=ORIENTED_EDGE('',*,*,#3328,.T.);
#1502=ORIENTED_EDGE('',*,*,#3330,.T.);
#1503=ORIENTED_EDGE('',*,*,#3331,.T.);
#1504=ORIENTED_EDGE('',*,*,#3332,.T.);
#1505=ORIENTED_EDGE('',*,*,#3333,.F.);
#1506=ORIENTED_EDGE('',*,*,#3334,.F.);
#1507=ORIENTED_EDGE('',*,*,#3333,.T.);
#1508=ORIENTED_EDGE('',*,*,#3335,.T.);
#1509=ORIENTED_EDGE('',*,*,#3336,.F.);
#1510=ORIENTED_EDGE('',*,*,#3337,.F.);
#1511=ORIENTED_EDGE('',*,*,#3336,.T.);
#1512=ORIENTED_EDGE('',*,*,#3338,.T.);
#1513=ORIENTED_EDGE('',*,*,#3339,.F.);
#1514=ORIENTED_EDGE('',*,*,#3340,.F.);
#1515=ORIENTED_EDGE('',*,*,#3339,.T.);
#1516=ORIENTED_EDGE('',*,*,#3341,.T.);
#1517=ORIENTED_EDGE('',*,*,#3331,.F.);
#1518=ORIENTED_EDGE('',*,*,#3342,.F.);
#1519=ORIENTED_EDGE('',*,*,#3334,.T.);
#1520=ORIENTED_EDGE('',*,*,#3337,.T.);
#1521=ORIENTED_EDGE('',*,*,#3340,.T.);
#1522=ORIENTED_EDGE('',*,*,#3342,.T.);
#1523=ORIENTED_EDGE('',*,*,#3343,.T.);
#1524=ORIENTED_EDGE('',*,*,#3344,.T.);
#1525=ORIENTED_EDGE('',*,*,#3345,.F.);
#1526=ORIENTED_EDGE('',*,*,#3346,.F.);
#1527=ORIENTED_EDGE('',*,*,#3345,.T.);
#1528=ORIENTED_EDGE('',*,*,#3347,.T.);
#1529=ORIENTED_EDGE('',*,*,#3348,.F.);
#1530=ORIENTED_EDGE('',*,*,#3349,.F.);
#1531=ORIENTED_EDGE('',*,*,#3348,.T.);
#1532=ORIENTED_EDGE('',*,*,#3350,.T.);
#1533=ORIENTED_EDGE('',*,*,#3351,.F.);
#1534=ORIENTED_EDGE('',*,*,#3352,.F.);
#1535=ORIENTED_EDGE('',*,*,#3351,.T.);
#1536=ORIENTED_EDGE('',*,*,#3353,.T.);
#1537=ORIENTED_EDGE('',*,*,#3343,.F.);
#1538=ORIENTED_EDGE('',*,*,#3354,.F.);
#1539=ORIENTED_EDGE('',*,*,#3346,.T.);
#1540=ORIENTED_EDGE('',*,*,#3349,.T.);
#1541=ORIENTED_EDGE('',*,*,#3352,.T.);
#1542=ORIENTED_EDGE('',*,*,#3354,.T.);
#1543=ORIENTED_EDGE('',*,*,#3355,.T.);
#1544=ORIENTED_EDGE('',*,*,#3356,.T.);
#1545=ORIENTED_EDGE('',*,*,#3357,.F.);
#1546=ORIENTED_EDGE('',*,*,#3358,.F.);
#1547=ORIENTED_EDGE('',*,*,#3357,.T.);
#1548=ORIENTED_EDGE('',*,*,#3359,.T.);
#1549=ORIENTED_EDGE('',*,*,#3360,.F.);
#1550=ORIENTED_EDGE('',*,*,#3361,.F.);
#1551=ORIENTED_EDGE('',*,*,#3360,.T.);
#1552=ORIENTED_EDGE('',*,*,#3362,.T.);
#1553=ORIENTED_EDGE('',*,*,#3363,.F.);
#1554=ORIENTED_EDGE('',*,*,#3364,.F.);
#1555=ORIENTED_EDGE('',*,*,#3363,.T.);
#1556=ORIENTED_EDGE('',*,*,#3365,.T.);
#1557=ORIENTED_EDGE('',*,*,#3355,.F.);
#1558=ORIENTED_EDGE('',*,*,#3366,.F.);
#1559=ORIENTED_EDGE('',*,*,#3358,.T.);
#1560=ORIENTED_EDGE('',*,*,#3361,.T.);
#1561=ORIENTED_EDGE('',*,*,#3364,.T.);
#1562=ORIENTED_EDGE('',*,*,#3366,.T.);
#1563=ORIENTED_EDGE('',*,*,#3367,.T.);
#1564=ORIENTED_EDGE('',*,*,#3368,.T.);
#1565=ORIENTED_EDGE('',*,*,#3369,.F.);
#1566=ORIENTED_EDGE('',*,*,#3370,.F.);
#1567=ORIENTED_EDGE('',*,*,#3369,.T.);
#1568=ORIENTED_EDGE('',*,*,#3371,.T.);
#1569=ORIENTED_EDGE('',*,*,#3372,.F.);
#1570=ORIENTED_EDGE('',*,*,#3373,.F.);
#1571=ORIENTED_EDGE('',*,*,#3372,.T.);
#1572=ORIENTED_EDGE('',*,*,#3374,.T.);
#1573=ORIENTED_EDGE('',*,*,#3375,.F.);
#1574=ORIENTED_EDGE('',*,*,#3376,.F.);
#1575=ORIENTED_EDGE('',*,*,#3375,.T.);
#1576=ORIENTED_EDGE('',*,*,#3377,.T.);
#1577=ORIENTED_EDGE('',*,*,#3367,.F.);
#1578=ORIENTED_EDGE('',*,*,#3378,.F.);
#1579=ORIENTED_EDGE('',*,*,#3370,.T.);
#1580=ORIENTED_EDGE('',*,*,#3373,.T.);
#1581=ORIENTED_EDGE('',*,*,#3376,.T.);
#1582=ORIENTED_EDGE('',*,*,#3378,.T.);
#1583=ORIENTED_EDGE('',*,*,#3379,.T.);
#1584=ORIENTED_EDGE('',*,*,#3380,.T.);
#1585=ORIENTED_EDGE('',*,*,#3381,.F.);
#1586=ORIENTED_EDGE('',*,*,#3382,.F.);
#1587=ORIENTED_EDGE('',*,*,#3381,.T.);
#1588=ORIENTED_EDGE('',*,*,#3383,.T.);
#1589=ORIENTED_EDGE('',*,*,#3384,.F.);
#1590=ORIENTED_EDGE('',*,*,#3385,.F.);
#1591=ORIENTED_EDGE('',*,*,#3384,.T.);
#1592=ORIENTED_EDGE('',*,*,#3386,.T.);
#1593=ORIENTED_EDGE('',*,*,#3387,.F.);
#1594=ORIENTED_EDGE('',*,*,#3388,.F.);
#1595=ORIENTED_EDGE('',*,*,#3387,.T.);
#1596=ORIENTED_EDGE('',*,*,#3389,.T.);
#1597=ORIENTED_EDGE('',*,*,#3379,.F.);
#1598=ORIENTED_EDGE('',*,*,#3390,.F.);
#1599=ORIENTED_EDGE('',*,*,#3382,.T.);
#1600=ORIENTED_EDGE('',*,*,#3385,.T.);
#1601=ORIENTED_EDGE('',*,*,#3388,.T.);
#1602=ORIENTED_EDGE('',*,*,#3390,.T.);
#1603=ORIENTED_EDGE('',*,*,#3391,.T.);
#1604=ORIENTED_EDGE('',*,*,#3392,.T.);
#1605=ORIENTED_EDGE('',*,*,#3393,.F.);
#1606=ORIENTED_EDGE('',*,*,#3394,.F.);
#1607=ORIENTED_EDGE('',*,*,#3393,.T.);
#1608=ORIENTED_EDGE('',*,*,#3395,.T.);
#1609=ORIENTED_EDGE('',*,*,#3396,.F.);
#1610=ORIENTED_EDGE('',*,*,#3397,.F.);
#1611=ORIENTED_EDGE('',*,*,#3396,.T.);
#1612=ORIENTED_EDGE('',*,*,#3398,.T.);
#1613=ORIENTED_EDGE('',*,*,#3399,.F.);
#1614=ORIENTED_EDGE('',*,*,#3400,.F.);
#1615=ORIENTED_EDGE('',*,*,#3399,.T.);
#1616=ORIENTED_EDGE('',*,*,#3401,.T.);
#1617=ORIENTED_EDGE('',*,*,#3391,.F.);
#1618=ORIENTED_EDGE('',*,*,#3402,.F.);
#1619=ORIENTED_EDGE('',*,*,#3394,.T.);
#1620=ORIENTED_EDGE('',*,*,#3397,.T.);
#1621=ORIENTED_EDGE('',*,*,#3400,.T.);
#1622=ORIENTED_EDGE('',*,*,#3402,.T.);
#1623=ORIENTED_EDGE('',*,*,#3403,.T.);
#1624=ORIENTED_EDGE('',*,*,#3404,.T.);
#1625=ORIENTED_EDGE('',*,*,#3405,.F.);
#1626=ORIENTED_EDGE('',*,*,#3406,.F.);
#1627=ORIENTED_EDGE('',*,*,#3405,.T.);
#1628=ORIENTED_EDGE('',*,*,#3407,.T.);
#1629=ORIENTED_EDGE('',*,*,#3408,.F.);
#1630=ORIENTED_EDGE('',*,*,#3409,.F.);
#1631=ORIENTED_EDGE('',*,*,#3408,.T.);
#1632=ORIENTED_EDGE('',*,*,#3410,.T.);
#1633=ORIENTED_EDGE('',*,*,#3411,.F.);
#1634=ORIENTED_EDGE('',*,*,#3412,.F.);
#1635=ORIENTED_EDGE('',*,*,#3411,.T.);
#1636=ORIENTED_EDGE('',*,*,#3413,.T.);
#1637=ORIENTED_EDGE('',*,*,#3403,.F.);
#1638=ORIENTED_EDGE('',*,*,#3414,.F.);
#1639=ORIENTED_EDGE('',*,*,#3406,.T.);
#1640=ORIENTED_EDGE('',*,*,#3409,.T.);
#1641=ORIENTED_EDGE('',*,*,#3412,.T.);
#1642=ORIENTED_EDGE('',*,*,#3414,.T.);
#1643=ORIENTED_EDGE('',*,*,#3415,.T.);
#1644=ORIENTED_EDGE('',*,*,#3416,.T.);
#1645=ORIENTED_EDGE('',*,*,#3417,.F.);
#1646=ORIENTED_EDGE('',*,*,#3418,.F.);
#1647=ORIENTED_EDGE('',*,*,#3417,.T.);
#1648=ORIENTED_EDGE('',*,*,#3419,.T.);
#1649=ORIENTED_EDGE('',*,*,#3420,.F.);
#1650=ORIENTED_EDGE('',*,*,#3421,.F.);
#1651=ORIENTED_EDGE('',*,*,#3420,.T.);
#1652=ORIENTED_EDGE('',*,*,#3422,.T.);
#1653=ORIENTED_EDGE('',*,*,#3423,.F.);
#1654=ORIENTED_EDGE('',*,*,#3424,.F.);
#1655=ORIENTED_EDGE('',*,*,#3423,.T.);
#1656=ORIENTED_EDGE('',*,*,#3425,.T.);
#1657=ORIENTED_EDGE('',*,*,#3415,.F.);
#1658=ORIENTED_EDGE('',*,*,#3426,.F.);
#1659=ORIENTED_EDGE('',*,*,#3418,.T.);
#1660=ORIENTED_EDGE('',*,*,#3421,.T.);
#1661=ORIENTED_EDGE('',*,*,#3424,.T.);
#1662=ORIENTED_EDGE('',*,*,#3426,.T.);
#1663=ORIENTED_EDGE('',*,*,#3427,.T.);
#1664=ORIENTED_EDGE('',*,*,#3428,.T.);
#1665=ORIENTED_EDGE('',*,*,#3429,.F.);
#1666=ORIENTED_EDGE('',*,*,#3430,.F.);
#1667=ORIENTED_EDGE('',*,*,#3429,.T.);
#1668=ORIENTED_EDGE('',*,*,#3431,.T.);
#1669=ORIENTED_EDGE('',*,*,#3432,.F.);
#1670=ORIENTED_EDGE('',*,*,#3433,.F.);
#1671=ORIENTED_EDGE('',*,*,#3432,.T.);
#1672=ORIENTED_EDGE('',*,*,#3434,.T.);
#1673=ORIENTED_EDGE('',*,*,#3435,.F.);
#1674=ORIENTED_EDGE('',*,*,#3436,.F.);
#1675=ORIENTED_EDGE('',*,*,#3435,.T.);
#1676=ORIENTED_EDGE('',*,*,#3437,.T.);
#1677=ORIENTED_EDGE('',*,*,#3427,.F.);
#1678=ORIENTED_EDGE('',*,*,#3438,.F.);
#1679=ORIENTED_EDGE('',*,*,#3430,.T.);
#1680=ORIENTED_EDGE('',*,*,#3433,.T.);
#1681=ORIENTED_EDGE('',*,*,#3436,.T.);
#1682=ORIENTED_EDGE('',*,*,#3438,.T.);
#1683=ORIENTED_EDGE('',*,*,#3439,.T.);
#1684=ORIENTED_EDGE('',*,*,#3440,.T.);
#1685=ORIENTED_EDGE('',*,*,#3441,.F.);
#1686=ORIENTED_EDGE('',*,*,#3442,.F.);
#1687=ORIENTED_EDGE('',*,*,#3441,.T.);
#1688=ORIENTED_EDGE('',*,*,#3443,.T.);
#1689=ORIENTED_EDGE('',*,*,#3444,.F.);
#1690=ORIENTED_EDGE('',*,*,#3445,.F.);
#1691=ORIENTED_EDGE('',*,*,#3444,.T.);
#1692=ORIENTED_EDGE('',*,*,#3446,.T.);
#1693=ORIENTED_EDGE('',*,*,#3447,.F.);
#1694=ORIENTED_EDGE('',*,*,#3448,.F.);
#1695=ORIENTED_EDGE('',*,*,#3447,.T.);
#1696=ORIENTED_EDGE('',*,*,#3449,.T.);
#1697=ORIENTED_EDGE('',*,*,#3439,.F.);
#1698=ORIENTED_EDGE('',*,*,#3450,.F.);
#1699=ORIENTED_EDGE('',*,*,#3442,.T.);
#1700=ORIENTED_EDGE('',*,*,#3445,.T.);
#1701=ORIENTED_EDGE('',*,*,#3448,.T.);
#1702=ORIENTED_EDGE('',*,*,#3450,.T.);
#1703=ORIENTED_EDGE('',*,*,#3451,.F.);
#1704=ORIENTED_EDGE('',*,*,#2816,.F.);
#1705=ORIENTED_EDGE('',*,*,#3452,.F.);
#1706=ORIENTED_EDGE('',*,*,#3188,.F.);
#1707=ORIENTED_EDGE('',*,*,#3452,.T.);
#1708=ORIENTED_EDGE('',*,*,#2815,.F.);
#1709=ORIENTED_EDGE('',*,*,#3453,.F.);
#1710=ORIENTED_EDGE('',*,*,#3191,.F.);
#1711=ORIENTED_EDGE('',*,*,#3451,.T.);
#1712=ORIENTED_EDGE('',*,*,#3197,.F.);
#1713=ORIENTED_EDGE('',*,*,#3454,.F.);
#1714=ORIENTED_EDGE('',*,*,#2813,.F.);
#1715=ORIENTED_EDGE('',*,*,#3453,.T.);
#1716=ORIENTED_EDGE('',*,*,#2814,.F.);
#1717=ORIENTED_EDGE('',*,*,#3454,.T.);
#1718=ORIENTED_EDGE('',*,*,#3194,.F.);
#1719=ORIENTED_EDGE('',*,*,#3455,.F.);
#1720=ORIENTED_EDGE('',*,*,#2820,.F.);
#1721=ORIENTED_EDGE('',*,*,#3456,.F.);
#1722=ORIENTED_EDGE('',*,*,#3386,.F.);
#1723=ORIENTED_EDGE('',*,*,#3456,.T.);
#1724=ORIENTED_EDGE('',*,*,#2819,.F.);
#1725=ORIENTED_EDGE('',*,*,#3457,.F.);
#1726=ORIENTED_EDGE('',*,*,#3389,.F.);
#1727=ORIENTED_EDGE('',*,*,#3455,.T.);
#1728=ORIENTED_EDGE('',*,*,#3383,.F.);
#1729=ORIENTED_EDGE('',*,*,#3458,.F.);
#1730=ORIENTED_EDGE('',*,*,#2817,.F.);
#1731=ORIENTED_EDGE('',*,*,#3457,.T.);
#1732=ORIENTED_EDGE('',*,*,#2818,.F.);
#1733=ORIENTED_EDGE('',*,*,#3458,.T.);
#1734=ORIENTED_EDGE('',*,*,#3380,.F.);
#1735=ORIENTED_EDGE('',*,*,#3459,.F.);
#1736=ORIENTED_EDGE('',*,*,#2824,.F.);
#1737=ORIENTED_EDGE('',*,*,#3460,.F.);
#1738=ORIENTED_EDGE('',*,*,#3428,.F.);
#1739=ORIENTED_EDGE('',*,*,#3460,.T.);
#1740=ORIENTED_EDGE('',*,*,#2823,.F.);
#1741=ORIENTED_EDGE('',*,*,#3461,.F.);
#1742=ORIENTED_EDGE('',*,*,#3431,.F.);
#1743=ORIENTED_EDGE('',*,*,#3459,.T.);
#1744=ORIENTED_EDGE('',*,*,#3437,.F.);
#1745=ORIENTED_EDGE('',*,*,#3462,.F.);
#1746=ORIENTED_EDGE('',*,*,#2821,.F.);
#1747=ORIENTED_EDGE('',*,*,#3461,.T.);
#1748=ORIENTED_EDGE('',*,*,#2822,.F.);
#1749=ORIENTED_EDGE('',*,*,#3462,.T.);
#1750=ORIENTED_EDGE('',*,*,#3434,.F.);
#1751=ORIENTED_EDGE('',*,*,#3463,.F.);
#1752=ORIENTED_EDGE('',*,*,#2828,.F.);
#1753=ORIENTED_EDGE('',*,*,#3464,.F.);
#1754=ORIENTED_EDGE('',*,*,#3440,.F.);
#1755=ORIENTED_EDGE('',*,*,#3464,.T.);
#1756=ORIENTED_EDGE('',*,*,#2827,.F.);
#1757=ORIENTED_EDGE('',*,*,#3465,.F.);
#1758=ORIENTED_EDGE('',*,*,#3443,.F.);
#1759=ORIENTED_EDGE('',*,*,#3463,.T.);
#1760=ORIENTED_EDGE('',*,*,#3449,.F.);
#1761=ORIENTED_EDGE('',*,*,#3466,.F.);
#1762=ORIENTED_EDGE('',*,*,#2825,.F.);
#1763=ORIENTED_EDGE('',*,*,#3465,.T.);
#1764=ORIENTED_EDGE('',*,*,#2826,.F.);
#1765=ORIENTED_EDGE('',*,*,#3466,.T.);
#1766=ORIENTED_EDGE('',*,*,#3446,.F.);
#1767=ORIENTED_EDGE('',*,*,#3467,.F.);
#1768=ORIENTED_EDGE('',*,*,#2832,.F.);
#1769=ORIENTED_EDGE('',*,*,#3468,.F.);
#1770=ORIENTED_EDGE('',*,*,#3236,.F.);
#1771=ORIENTED_EDGE('',*,*,#3468,.T.);
#1772=ORIENTED_EDGE('',*,*,#2831,.F.);
#1773=ORIENTED_EDGE('',*,*,#3469,.F.);
#1774=ORIENTED_EDGE('',*,*,#3239,.F.);
#1775=ORIENTED_EDGE('',*,*,#3467,.T.);
#1776=ORIENTED_EDGE('',*,*,#3245,.F.);
#1777=ORIENTED_EDGE('',*,*,#3470,.F.);
#1778=ORIENTED_EDGE('',*,*,#2829,.F.);
#1779=ORIENTED_EDGE('',*,*,#3469,.T.);
#1780=ORIENTED_EDGE('',*,*,#2830,.F.);
#1781=ORIENTED_EDGE('',*,*,#3470,.T.);
#1782=ORIENTED_EDGE('',*,*,#3242,.F.);
#1783=ORIENTED_EDGE('',*,*,#3471,.F.);
#1784=ORIENTED_EDGE('',*,*,#2836,.F.);
#1785=ORIENTED_EDGE('',*,*,#3472,.F.);
#1786=ORIENTED_EDGE('',*,*,#3338,.F.);
#1787=ORIENTED_EDGE('',*,*,#3472,.T.);
#1788=ORIENTED_EDGE('',*,*,#2835,.F.);
#1789=ORIENTED_EDGE('',*,*,#3473,.F.);
#1790=ORIENTED_EDGE('',*,*,#3341,.F.);
#1791=ORIENTED_EDGE('',*,*,#3471,.T.);
#1792=ORIENTED_EDGE('',*,*,#3335,.F.);
#1793=ORIENTED_EDGE('',*,*,#3474,.F.);
#1794=ORIENTED_EDGE('',*,*,#2833,.F.);
#1795=ORIENTED_EDGE('',*,*,#3473,.T.);
#1796=ORIENTED_EDGE('',*,*,#2834,.F.);
#1797=ORIENTED_EDGE('',*,*,#3474,.T.);
#1798=ORIENTED_EDGE('',*,*,#3332,.F.);
#1799=ORIENTED_EDGE('',*,*,#3475,.F.);
#1800=ORIENTED_EDGE('',*,*,#2840,.F.);
#1801=ORIENTED_EDGE('',*,*,#3476,.F.);
#1802=ORIENTED_EDGE('',*,*,#3248,.F.);
#1803=ORIENTED_EDGE('',*,*,#3476,.T.);
#1804=ORIENTED_EDGE('',*,*,#2839,.F.);
#1805=ORIENTED_EDGE('',*,*,#3477,.F.);
#1806=ORIENTED_EDGE('',*,*,#3251,.F.);
#1807=ORIENTED_EDGE('',*,*,#3475,.T.);
#1808=ORIENTED_EDGE('',*,*,#3257,.F.);
#1809=ORIENTED_EDGE('',*,*,#3478,.F.);
#1810=ORIENTED_EDGE('',*,*,#2837,.F.);
#1811=ORIENTED_EDGE('',*,*,#3477,.T.);
#1812=ORIENTED_EDGE('',*,*,#2838,.F.);
#1813=ORIENTED_EDGE('',*,*,#3478,.T.);
#1814=ORIENTED_EDGE('',*,*,#3254,.F.);
#1815=ORIENTED_EDGE('',*,*,#3479,.F.);
#1816=ORIENTED_EDGE('',*,*,#2844,.F.);
#1817=ORIENTED_EDGE('',*,*,#3480,.F.);
#1818=ORIENTED_EDGE('',*,*,#3152,.F.);
#1819=ORIENTED_EDGE('',*,*,#3480,.T.);
#1820=ORIENTED_EDGE('',*,*,#2843,.F.);
#1821=ORIENTED_EDGE('',*,*,#3481,.F.);
#1822=ORIENTED_EDGE('',*,*,#3155,.F.);
#1823=ORIENTED_EDGE('',*,*,#3479,.T.);
#1824=ORIENTED_EDGE('',*,*,#3161,.F.);
#1825=ORIENTED_EDGE('',*,*,#3482,.F.);
#1826=ORIENTED_EDGE('',*,*,#2841,.F.);
#1827=ORIENTED_EDGE('',*,*,#3481,.T.);
#1828=ORIENTED_EDGE('',*,*,#2842,.F.);
#1829=ORIENTED_EDGE('',*,*,#3482,.T.);
#1830=ORIENTED_EDGE('',*,*,#3158,.F.);
#1831=ORIENTED_EDGE('',*,*,#3483,.F.);
#1832=ORIENTED_EDGE('',*,*,#2848,.F.);
#1833=ORIENTED_EDGE('',*,*,#3484,.F.);
#1834=ORIENTED_EDGE('',*,*,#3212,.F.);
#1835=ORIENTED_EDGE('',*,*,#3484,.T.);
#1836=ORIENTED_EDGE('',*,*,#2847,.F.);
#1837=ORIENTED_EDGE('',*,*,#3485,.F.);
#1838=ORIENTED_EDGE('',*,*,#3215,.F.);
#1839=ORIENTED_EDGE('',*,*,#3483,.T.);
#1840=ORIENTED_EDGE('',*,*,#3221,.F.);
#1841=ORIENTED_EDGE('',*,*,#3486,.F.);
#1842=ORIENTED_EDGE('',*,*,#2845,.F.);
#1843=ORIENTED_EDGE('',*,*,#3485,.T.);
#1844=ORIENTED_EDGE('',*,*,#2846,.F.);
#1845=ORIENTED_EDGE('',*,*,#3486,.T.);
#1846=ORIENTED_EDGE('',*,*,#3218,.F.);
#1847=ORIENTED_EDGE('',*,*,#3487,.F.);
#1848=ORIENTED_EDGE('',*,*,#2852,.F.);
#1849=ORIENTED_EDGE('',*,*,#3488,.F.);
#1850=ORIENTED_EDGE('',*,*,#3344,.F.);
#1851=ORIENTED_EDGE('',*,*,#3488,.T.);
#1852=ORIENTED_EDGE('',*,*,#2851,.F.);
#1853=ORIENTED_EDGE('',*,*,#3489,.F.);
#1854=ORIENTED_EDGE('',*,*,#3347,.F.);
#1855=ORIENTED_EDGE('',*,*,#3487,.T.);
#1856=ORIENTED_EDGE('',*,*,#3353,.F.);
#1857=ORIENTED_EDGE('',*,*,#3490,.F.);
#1858=ORIENTED_EDGE('',*,*,#2849,.F.);
#1859=ORIENTED_EDGE('',*,*,#3489,.T.);
#1860=ORIENTED_EDGE('',*,*,#2850,.F.);
#1861=ORIENTED_EDGE('',*,*,#3490,.T.);
#1862=ORIENTED_EDGE('',*,*,#3350,.F.);
#1863=ORIENTED_EDGE('',*,*,#3491,.F.);
#1864=ORIENTED_EDGE('',*,*,#2856,.F.);
#1865=ORIENTED_EDGE('',*,*,#3492,.F.);
#1866=ORIENTED_EDGE('',*,*,#3317,.F.);
#1867=ORIENTED_EDGE('',*,*,#3492,.T.);
#1868=ORIENTED_EDGE('',*,*,#2855,.F.);
#1869=ORIENTED_EDGE('',*,*,#3493,.F.);
#1870=ORIENTED_EDGE('',*,*,#3308,.F.);
#1871=ORIENTED_EDGE('',*,*,#3491,.T.);
#1872=ORIENTED_EDGE('',*,*,#3314,.F.);
#1873=ORIENTED_EDGE('',*,*,#3494,.F.);
#1874=ORIENTED_EDGE('',*,*,#2853,.F.);
#1875=ORIENTED_EDGE('',*,*,#3493,.T.);
#1876=ORIENTED_EDGE('',*,*,#2854,.F.);
#1877=ORIENTED_EDGE('',*,*,#3494,.T.);
#1878=ORIENTED_EDGE('',*,*,#3311,.F.);
#1879=ORIENTED_EDGE('',*,*,#3495,.F.);
#1880=ORIENTED_EDGE('',*,*,#2860,.F.);
#1881=ORIENTED_EDGE('',*,*,#3496,.F.);
#1882=ORIENTED_EDGE('',*,*,#3320,.F.);
#1883=ORIENTED_EDGE('',*,*,#3496,.T.);
#1884=ORIENTED_EDGE('',*,*,#2859,.F.);
#1885=ORIENTED_EDGE('',*,*,#3497,.F.);
#1886=ORIENTED_EDGE('',*,*,#3323,.F.);
#1887=ORIENTED_EDGE('',*,*,#3495,.T.);
#1888=ORIENTED_EDGE('',*,*,#3329,.F.);
#1889=ORIENTED_EDGE('',*,*,#3498,.F.);
#1890=ORIENTED_EDGE('',*,*,#2857,.F.);
#1891=ORIENTED_EDGE('',*,*,#3497,.T.);
#1892=ORIENTED_EDGE('',*,*,#2858,.F.);
#1893=ORIENTED_EDGE('',*,*,#3498,.T.);
#1894=ORIENTED_EDGE('',*,*,#3326,.F.);
#1895=ORIENTED_EDGE('',*,*,#3499,.F.);
#1896=ORIENTED_EDGE('',*,*,#2864,.F.);
#1897=ORIENTED_EDGE('',*,*,#3500,.F.);
#1898=ORIENTED_EDGE('',*,*,#3281,.F.);
#1899=ORIENTED_EDGE('',*,*,#3500,.T.);
#1900=ORIENTED_EDGE('',*,*,#2863,.F.);
#1901=ORIENTED_EDGE('',*,*,#3501,.F.);
#1902=ORIENTED_EDGE('',*,*,#3272,.F.);
#1903=ORIENTED_EDGE('',*,*,#3499,.T.);
#1904=ORIENTED_EDGE('',*,*,#3278,.F.);
#1905=ORIENTED_EDGE('',*,*,#3502,.F.);
#1906=ORIENTED_EDGE('',*,*,#2861,.F.);
#1907=ORIENTED_EDGE('',*,*,#3501,.T.);
#1908=ORIENTED_EDGE('',*,*,#2862,.F.);
#1909=ORIENTED_EDGE('',*,*,#3502,.T.);
#1910=ORIENTED_EDGE('',*,*,#3275,.F.);
#1911=ORIENTED_EDGE('',*,*,#3503,.F.);
#1912=ORIENTED_EDGE('',*,*,#2868,.F.);
#1913=ORIENTED_EDGE('',*,*,#3504,.F.);
#1914=ORIENTED_EDGE('',*,*,#3140,.F.);
#1915=ORIENTED_EDGE('',*,*,#3504,.T.);
#1916=ORIENTED_EDGE('',*,*,#2867,.F.);
#1917=ORIENTED_EDGE('',*,*,#3505,.F.);
#1918=ORIENTED_EDGE('',*,*,#3143,.F.);
#1919=ORIENTED_EDGE('',*,*,#3503,.T.);
#1920=ORIENTED_EDGE('',*,*,#3149,.F.);
#1921=ORIENTED_EDGE('',*,*,#3506,.F.);
#1922=ORIENTED_EDGE('',*,*,#2865,.F.);
#1923=ORIENTED_EDGE('',*,*,#3505,.T.);
#1924=ORIENTED_EDGE('',*,*,#2866,.F.);
#1925=ORIENTED_EDGE('',*,*,#3506,.T.);
#1926=ORIENTED_EDGE('',*,*,#3146,.F.);
#1927=ORIENTED_EDGE('',*,*,#3507,.F.);
#1928=ORIENTED_EDGE('',*,*,#2872,.F.);
#1929=ORIENTED_EDGE('',*,*,#3508,.F.);
#1930=ORIENTED_EDGE('',*,*,#3359,.F.);
#1931=ORIENTED_EDGE('',*,*,#3508,.T.);
#1932=ORIENTED_EDGE('',*,*,#2871,.F.);
#1933=ORIENTED_EDGE('',*,*,#3509,.F.);
#1934=ORIENTED_EDGE('',*,*,#3362,.F.);
#1935=ORIENTED_EDGE('',*,*,#3507,.T.);
#1936=ORIENTED_EDGE('',*,*,#3356,.F.);
#1937=ORIENTED_EDGE('',*,*,#3510,.F.);
#1938=ORIENTED_EDGE('',*,*,#2869,.F.);
#1939=ORIENTED_EDGE('',*,*,#3509,.T.);
#1940=ORIENTED_EDGE('',*,*,#2870,.F.);
#1941=ORIENTED_EDGE('',*,*,#3510,.T.);
#1942=ORIENTED_EDGE('',*,*,#3365,.F.);
#1943=ORIENTED_EDGE('',*,*,#3511,.F.);
#1944=ORIENTED_EDGE('',*,*,#2876,.F.);
#1945=ORIENTED_EDGE('',*,*,#3512,.F.);
#1946=ORIENTED_EDGE('',*,*,#3416,.F.);
#1947=ORIENTED_EDGE('',*,*,#3512,.T.);
#1948=ORIENTED_EDGE('',*,*,#2875,.F.);
#1949=ORIENTED_EDGE('',*,*,#3513,.F.);
#1950=ORIENTED_EDGE('',*,*,#3419,.F.);
#1951=ORIENTED_EDGE('',*,*,#3511,.T.);
#1952=ORIENTED_EDGE('',*,*,#3425,.F.);
#1953=ORIENTED_EDGE('',*,*,#3514,.F.);
#1954=ORIENTED_EDGE('',*,*,#2873,.F.);
#1955=ORIENTED_EDGE('',*,*,#3513,.T.);
#1956=ORIENTED_EDGE('',*,*,#2874,.F.);
#1957=ORIENTED_EDGE('',*,*,#3514,.T.);
#1958=ORIENTED_EDGE('',*,*,#3422,.F.);
#1959=ORIENTED_EDGE('',*,*,#3515,.F.);
#1960=ORIENTED_EDGE('',*,*,#2880,.F.);
#1961=ORIENTED_EDGE('',*,*,#3516,.F.);
#1962=ORIENTED_EDGE('',*,*,#3182,.F.);
#1963=ORIENTED_EDGE('',*,*,#3516,.T.);
#1964=ORIENTED_EDGE('',*,*,#2879,.F.);
#1965=ORIENTED_EDGE('',*,*,#3517,.F.);
#1966=ORIENTED_EDGE('',*,*,#3185,.F.);
#1967=ORIENTED_EDGE('',*,*,#3515,.T.);
#1968=ORIENTED_EDGE('',*,*,#3179,.F.);
#1969=ORIENTED_EDGE('',*,*,#3518,.F.);
#1970=ORIENTED_EDGE('',*,*,#2877,.F.);
#1971=ORIENTED_EDGE('',*,*,#3517,.T.);
#1972=ORIENTED_EDGE('',*,*,#2878,.F.);
#1973=ORIENTED_EDGE('',*,*,#3518,.T.);
#1974=ORIENTED_EDGE('',*,*,#3176,.F.);
#1975=ORIENTED_EDGE('',*,*,#3519,.F.);
#1976=ORIENTED_EDGE('',*,*,#2884,.F.);
#1977=ORIENTED_EDGE('',*,*,#3520,.F.);
#1978=ORIENTED_EDGE('',*,*,#3287,.F.);
#1979=ORIENTED_EDGE('',*,*,#3520,.T.);
#1980=ORIENTED_EDGE('',*,*,#2883,.F.);
#1981=ORIENTED_EDGE('',*,*,#3521,.F.);
#1982=ORIENTED_EDGE('',*,*,#3290,.F.);
#1983=ORIENTED_EDGE('',*,*,#3519,.T.);
#1984=ORIENTED_EDGE('',*,*,#3284,.F.);
#1985=ORIENTED_EDGE('',*,*,#3522,.F.);
#1986=ORIENTED_EDGE('',*,*,#2881,.F.);
#1987=ORIENTED_EDGE('',*,*,#3521,.T.);
#1988=ORIENTED_EDGE('',*,*,#2882,.F.);
#1989=ORIENTED_EDGE('',*,*,#3522,.T.);
#1990=ORIENTED_EDGE('',*,*,#3293,.F.);
#1991=ORIENTED_EDGE('',*,*,#3523,.F.);
#1992=ORIENTED_EDGE('',*,*,#2888,.F.);
#1993=ORIENTED_EDGE('',*,*,#3524,.F.);
#1994=ORIENTED_EDGE('',*,*,#3230,.F.);
#1995=ORIENTED_EDGE('',*,*,#3524,.T.);
#1996=ORIENTED_EDGE('',*,*,#2887,.F.);
#1997=ORIENTED_EDGE('',*,*,#3525,.F.);
#1998=ORIENTED_EDGE('',*,*,#3233,.F.);
#1999=ORIENTED_EDGE('',*,*,#3523,.T.);
#2000=ORIENTED_EDGE('',*,*,#3227,.F.);
#2001=ORIENTED_EDGE('',*,*,#3526,.F.);
#2002=ORIENTED_EDGE('',*,*,#2885,.F.);
#2003=ORIENTED_EDGE('',*,*,#3525,.T.);
#2004=ORIENTED_EDGE('',*,*,#2886,.F.);
#2005=ORIENTED_EDGE('',*,*,#3526,.T.);
#2006=ORIENTED_EDGE('',*,*,#3224,.F.);
#2007=ORIENTED_EDGE('',*,*,#3527,.F.);
#2008=ORIENTED_EDGE('',*,*,#2892,.F.);
#2009=ORIENTED_EDGE('',*,*,#3528,.F.);
#2010=ORIENTED_EDGE('',*,*,#3296,.F.);
#2011=ORIENTED_EDGE('',*,*,#3528,.T.);
#2012=ORIENTED_EDGE('',*,*,#2891,.F.);
#2013=ORIENTED_EDGE('',*,*,#3529,.F.);
#2014=ORIENTED_EDGE('',*,*,#3299,.F.);
#2015=ORIENTED_EDGE('',*,*,#3527,.T.);
#2016=ORIENTED_EDGE('',*,*,#3305,.F.);
#2017=ORIENTED_EDGE('',*,*,#3530,.F.);
#2018=ORIENTED_EDGE('',*,*,#2889,.F.);
#2019=ORIENTED_EDGE('',*,*,#3529,.T.);
#2020=ORIENTED_EDGE('',*,*,#2890,.F.);
#2021=ORIENTED_EDGE('',*,*,#3530,.T.);
#2022=ORIENTED_EDGE('',*,*,#3302,.F.);
#2023=ORIENTED_EDGE('',*,*,#3531,.F.);
#2024=ORIENTED_EDGE('',*,*,#2896,.F.);
#2025=ORIENTED_EDGE('',*,*,#3532,.F.);
#2026=ORIENTED_EDGE('',*,*,#3164,.F.);
#2027=ORIENTED_EDGE('',*,*,#3532,.T.);
#2028=ORIENTED_EDGE('',*,*,#2895,.F.);
#2029=ORIENTED_EDGE('',*,*,#3533,.F.);
#2030=ORIENTED_EDGE('',*,*,#3167,.F.);
#2031=ORIENTED_EDGE('',*,*,#3531,.T.);
#2032=ORIENTED_EDGE('',*,*,#3173,.F.);
#2033=ORIENTED_EDGE('',*,*,#3534,.F.);
#2034=ORIENTED_EDGE('',*,*,#2893,.F.);
#2035=ORIENTED_EDGE('',*,*,#3533,.T.);
#2036=ORIENTED_EDGE('',*,*,#2894,.F.);
#2037=ORIENTED_EDGE('',*,*,#3534,.T.);
#2038=ORIENTED_EDGE('',*,*,#3170,.F.);
#2039=ORIENTED_EDGE('',*,*,#3535,.F.);
#2040=ORIENTED_EDGE('',*,*,#2900,.F.);
#2041=ORIENTED_EDGE('',*,*,#3536,.F.);
#2042=ORIENTED_EDGE('',*,*,#3203,.F.);
#2043=ORIENTED_EDGE('',*,*,#3536,.T.);
#2044=ORIENTED_EDGE('',*,*,#2899,.F.);
#2045=ORIENTED_EDGE('',*,*,#3537,.F.);
#2046=ORIENTED_EDGE('',*,*,#3206,.F.);
#2047=ORIENTED_EDGE('',*,*,#3535,.T.);
#2048=ORIENTED_EDGE('',*,*,#3200,.F.);
#2049=ORIENTED_EDGE('',*,*,#3538,.F.);
#2050=ORIENTED_EDGE('',*,*,#2897,.F.);
#2051=ORIENTED_EDGE('',*,*,#3537,.T.);
#2052=ORIENTED_EDGE('',*,*,#2898,.F.);
#2053=ORIENTED_EDGE('',*,*,#3538,.T.);
#2054=ORIENTED_EDGE('',*,*,#3209,.F.);
#2055=ORIENTED_EDGE('',*,*,#3539,.F.);
#2056=ORIENTED_EDGE('',*,*,#2904,.F.);
#2057=ORIENTED_EDGE('',*,*,#3540,.F.);
#2058=ORIENTED_EDGE('',*,*,#3377,.F.);
#2059=ORIENTED_EDGE('',*,*,#3540,.T.);
#2060=ORIENTED_EDGE('',*,*,#2903,.F.);
#2061=ORIENTED_EDGE('',*,*,#3541,.F.);
#2062=ORIENTED_EDGE('',*,*,#3368,.F.);
#2063=ORIENTED_EDGE('',*,*,#3539,.T.);
#2064=ORIENTED_EDGE('',*,*,#3374,.F.);
#2065=ORIENTED_EDGE('',*,*,#3542,.F.);
#2066=ORIENTED_EDGE('',*,*,#2901,.F.);
#2067=ORIENTED_EDGE('',*,*,#3541,.T.);
#2068=ORIENTED_EDGE('',*,*,#2902,.F.);
#2069=ORIENTED_EDGE('',*,*,#3542,.T.);
#2070=ORIENTED_EDGE('',*,*,#3371,.F.);
#2071=ORIENTED_EDGE('',*,*,#3543,.F.);
#2072=ORIENTED_EDGE('',*,*,#2908,.F.);
#2073=ORIENTED_EDGE('',*,*,#3544,.F.);
#2074=ORIENTED_EDGE('',*,*,#3260,.F.);
#2075=ORIENTED_EDGE('',*,*,#3544,.T.);
#2076=ORIENTED_EDGE('',*,*,#2907,.F.);
#2077=ORIENTED_EDGE('',*,*,#3545,.F.);
#2078=ORIENTED_EDGE('',*,*,#3263,.F.);
#2079=ORIENTED_EDGE('',*,*,#3543,.T.);
#2080=ORIENTED_EDGE('',*,*,#3269,.F.);
#2081=ORIENTED_EDGE('',*,*,#3546,.F.);
#2082=ORIENTED_EDGE('',*,*,#2905,.F.);
#2083=ORIENTED_EDGE('',*,*,#3545,.T.);
#2084=ORIENTED_EDGE('',*,*,#2906,.F.);
#2085=ORIENTED_EDGE('',*,*,#3546,.T.);
#2086=ORIENTED_EDGE('',*,*,#3266,.F.);
#2087=ORIENTED_EDGE('',*,*,#3547,.F.);
#2088=ORIENTED_EDGE('',*,*,#2912,.F.);
#2089=ORIENTED_EDGE('',*,*,#3548,.F.);
#2090=ORIENTED_EDGE('',*,*,#3392,.F.);
#2091=ORIENTED_EDGE('',*,*,#3548,.T.);
#2092=ORIENTED_EDGE('',*,*,#2911,.F.);
#2093=ORIENTED_EDGE('',*,*,#3549,.F.);
#2094=ORIENTED_EDGE('',*,*,#3395,.F.);
#2095=ORIENTED_EDGE('',*,*,#3547,.T.);
#2096=ORIENTED_EDGE('',*,*,#3401,.F.);
#2097=ORIENTED_EDGE('',*,*,#3550,.F.);
#2098=ORIENTED_EDGE('',*,*,#2909,.F.);
#2099=ORIENTED_EDGE('',*,*,#3549,.T.);
#2100=ORIENTED_EDGE('',*,*,#2910,.F.);
#2101=ORIENTED_EDGE('',*,*,#3550,.T.);
#2102=ORIENTED_EDGE('',*,*,#3398,.F.);
#2103=ORIENTED_EDGE('',*,*,#3551,.F.);
#2104=ORIENTED_EDGE('',*,*,#2916,.F.);
#2105=ORIENTED_EDGE('',*,*,#3552,.F.);
#2106=ORIENTED_EDGE('',*,*,#3404,.F.);
#2107=ORIENTED_EDGE('',*,*,#3552,.T.);
#2108=ORIENTED_EDGE('',*,*,#2915,.F.);
#2109=ORIENTED_EDGE('',*,*,#3553,.F.);
#2110=ORIENTED_EDGE('',*,*,#3407,.F.);
#2111=ORIENTED_EDGE('',*,*,#3551,.T.);
#2112=ORIENTED_EDGE('',*,*,#3413,.F.);
#2113=ORIENTED_EDGE('',*,*,#3554,.F.);
#2114=ORIENTED_EDGE('',*,*,#2913,.F.);
#2115=ORIENTED_EDGE('',*,*,#3553,.T.);
#2116=ORIENTED_EDGE('',*,*,#2914,.F.);
#2117=ORIENTED_EDGE('',*,*,#3554,.T.);
#2118=ORIENTED_EDGE('',*,*,#3410,.F.);
#2119=ORIENTED_EDGE('',*,*,#3555,.F.);
#2120=ORIENTED_EDGE('',*,*,#2795,.F.);
#2121=ORIENTED_EDGE('',*,*,#3556,.F.);
#2122=ORIENTED_EDGE('',*,*,#2810,.F.);
#2123=ORIENTED_EDGE('',*,*,#3556,.T.);
#2124=ORIENTED_EDGE('',*,*,#2797,.F.);
#2125=ORIENTED_EDGE('',*,*,#3557,.F.);
#2126=ORIENTED_EDGE('',*,*,#2811,.F.);
#2127=ORIENTED_EDGE('',*,*,#3555,.T.);
#2128=ORIENTED_EDGE('',*,*,#2809,.F.);
#2129=ORIENTED_EDGE('',*,*,#3558,.F.);
#2130=ORIENTED_EDGE('',*,*,#2793,.F.);
#2131=ORIENTED_EDGE('',*,*,#3557,.T.);
#2132=ORIENTED_EDGE('',*,*,#2799,.F.);
#2133=ORIENTED_EDGE('',*,*,#3559,.F.);
#2134=ORIENTED_EDGE('',*,*,#2812,.F.);
#2135=ORIENTED_EDGE('',*,*,#3558,.T.);
#2136=ORIENTED_EDGE('',*,*,#2808,.F.);
#2137=ORIENTED_EDGE('',*,*,#3560,.F.);
#2138=ORIENTED_EDGE('',*,*,#2790,.F.);
#2139=ORIENTED_EDGE('',*,*,#3559,.T.);
#2140=ORIENTED_EDGE('',*,*,#2801,.F.);
#2141=ORIENTED_EDGE('',*,*,#3561,.F.);
#2142=ORIENTED_EDGE('',*,*,#2805,.F.);
#2143=ORIENTED_EDGE('',*,*,#3560,.T.);
#2144=ORIENTED_EDGE('',*,*,#2807,.F.);
#2145=ORIENTED_EDGE('',*,*,#3562,.F.);
#2146=ORIENTED_EDGE('',*,*,#2804,.F.);
#2147=ORIENTED_EDGE('',*,*,#3561,.T.);
#2148=ORIENTED_EDGE('',*,*,#2803,.F.);
#2149=ORIENTED_EDGE('',*,*,#3562,.T.);
#2150=ORIENTED_EDGE('',*,*,#2806,.F.);
#2151=ORIENTED_EDGE('',*,*,#3563,.T.);
#2152=ORIENTED_EDGE('',*,*,#3564,.F.);
#2153=ORIENTED_EDGE('',*,*,#3565,.F.);
#2154=ORIENTED_EDGE('',*,*,#3566,.T.);
#2155=ORIENTED_EDGE('',*,*,#3567,.T.);
#2156=ORIENTED_EDGE('',*,*,#3568,.F.);
#2157=ORIENTED_EDGE('',*,*,#3569,.F.);
#2158=ORIENTED_EDGE('',*,*,#3564,.T.);
#2159=ORIENTED_EDGE('',*,*,#3570,.T.);
#2160=ORIENTED_EDGE('',*,*,#3571,.F.);
#2161=ORIENTED_EDGE('',*,*,#3572,.F.);
#2162=ORIENTED_EDGE('',*,*,#3568,.T.);
#2163=ORIENTED_EDGE('',*,*,#3573,.T.);
#2164=ORIENTED_EDGE('',*,*,#3574,.F.);
#2165=ORIENTED_EDGE('',*,*,#3575,.F.);
#2166=ORIENTED_EDGE('',*,*,#3571,.T.);
#2167=ORIENTED_EDGE('',*,*,#3576,.F.);
#2168=ORIENTED_EDGE('',*,*,#3577,.F.);
#2169=ORIENTED_EDGE('',*,*,#3578,.T.);
#2170=ORIENTED_EDGE('',*,*,#3574,.T.);
#2171=ORIENTED_EDGE('',*,*,#3579,.T.);
#2172=ORIENTED_EDGE('',*,*,#3580,.T.);
#2173=ORIENTED_EDGE('',*,*,#3581,.F.);
#2174=ORIENTED_EDGE('',*,*,#3582,.T.);
#2175=ORIENTED_EDGE('',*,*,#3583,.T.);
#2176=ORIENTED_EDGE('',*,*,#3584,.T.);
#2177=ORIENTED_EDGE('',*,*,#3585,.F.);
#2178=ORIENTED_EDGE('',*,*,#3577,.T.);
#2179=ORIENTED_EDGE('',*,*,#3581,.T.);
#2180=ORIENTED_EDGE('',*,*,#3586,.T.);
#2181=ORIENTED_EDGE('',*,*,#3587,.F.);
#2182=ORIENTED_EDGE('',*,*,#3588,.T.);
#2183=ORIENTED_EDGE('',*,*,#3589,.T.);
#2184=ORIENTED_EDGE('',*,*,#3590,.T.);
#2185=ORIENTED_EDGE('',*,*,#3587,.T.);
#2186=ORIENTED_EDGE('',*,*,#3591,.T.);
#2187=ORIENTED_EDGE('',*,*,#3592,.T.);
#2188=ORIENTED_EDGE('',*,*,#3593,.F.);
#2189=ORIENTED_EDGE('',*,*,#3594,.F.);
#2190=ORIENTED_EDGE('',*,*,#3595,.T.);
#2191=ORIENTED_EDGE('',*,*,#3596,.F.);
#2192=ORIENTED_EDGE('',*,*,#3597,.T.);
#2193=ORIENTED_EDGE('',*,*,#3598,.T.);
#2194=ORIENTED_EDGE('',*,*,#3599,.F.);
#2195=ORIENTED_EDGE('',*,*,#3600,.F.);
#2196=ORIENTED_EDGE('',*,*,#3593,.T.);
#2197=ORIENTED_EDGE('',*,*,#3601,.T.);
#2198=ORIENTED_EDGE('',*,*,#3566,.F.);
#2199=ORIENTED_EDGE('',*,*,#3602,.F.);
#2200=ORIENTED_EDGE('',*,*,#3599,.T.);
#2201=ORIENTED_EDGE('',*,*,#3585,.T.);
#2202=ORIENTED_EDGE('',*,*,#3603,.T.);
#2203=ORIENTED_EDGE('',*,*,#3594,.T.);
#2204=ORIENTED_EDGE('',*,*,#3600,.T.);
#2205=ORIENTED_EDGE('',*,*,#3602,.T.);
#2206=ORIENTED_EDGE('',*,*,#3565,.T.);
#2207=ORIENTED_EDGE('',*,*,#3569,.T.);
#2208=ORIENTED_EDGE('',*,*,#3572,.T.);
#2209=ORIENTED_EDGE('',*,*,#3575,.T.);
#2210=ORIENTED_EDGE('',*,*,#3578,.F.);
#2211=ORIENTED_EDGE('',*,*,#3592,.F.);
#2212=ORIENTED_EDGE('',*,*,#3604,.T.);
#2213=ORIENTED_EDGE('',*,*,#3579,.F.);
#2214=ORIENTED_EDGE('',*,*,#3576,.T.);
#2215=ORIENTED_EDGE('',*,*,#3573,.F.);
#2216=ORIENTED_EDGE('',*,*,#3570,.F.);
#2217=ORIENTED_EDGE('',*,*,#3567,.F.);
#2218=ORIENTED_EDGE('',*,*,#3563,.F.);
#2219=ORIENTED_EDGE('',*,*,#3601,.F.);
#2220=ORIENTED_EDGE('',*,*,#3598,.F.);
#2221=ORIENTED_EDGE('',*,*,#3583,.F.);
#2222=ORIENTED_EDGE('',*,*,#3605,.T.);
#2223=ORIENTED_EDGE('',*,*,#3606,.T.);
#2224=ORIENTED_EDGE('',*,*,#3607,.T.);
#2225=ORIENTED_EDGE('',*,*,#3596,.T.);
#2226=ORIENTED_EDGE('',*,*,#3608,.T.);
#2227=ORIENTED_EDGE('',*,*,#3606,.F.);
#2228=ORIENTED_EDGE('',*,*,#3609,.T.);
#2229=ORIENTED_EDGE('',*,*,#3589,.F.);
#2230=ORIENTED_EDGE('',*,*,#3610,.T.);
#2231=ORIENTED_EDGE('',*,*,#3590,.F.);
#2232=ORIENTED_EDGE('',*,*,#3609,.F.);
#2233=ORIENTED_EDGE('',*,*,#3605,.F.);
#2234=ORIENTED_EDGE('',*,*,#3582,.F.);
#2235=ORIENTED_EDGE('',*,*,#3607,.F.);
#2236=ORIENTED_EDGE('',*,*,#3610,.F.);
#2237=ORIENTED_EDGE('',*,*,#3588,.F.);
#2238=ORIENTED_EDGE('',*,*,#3597,.F.);
#2239=ORIENTED_EDGE('',*,*,#3595,.F.);
#2240=ORIENTED_EDGE('',*,*,#3603,.F.);
#2241=ORIENTED_EDGE('',*,*,#3584,.F.);
#2242=ORIENTED_EDGE('',*,*,#3608,.F.);
#2243=ORIENTED_EDGE('',*,*,#3580,.F.);
#2244=ORIENTED_EDGE('',*,*,#3604,.F.);
#2245=ORIENTED_EDGE('',*,*,#3591,.F.);
#2246=ORIENTED_EDGE('',*,*,#3586,.F.);
#2247=ORIENTED_EDGE('',*,*,#3611,.T.);
#2248=ORIENTED_EDGE('',*,*,#3612,.F.);
#2249=ORIENTED_EDGE('',*,*,#3613,.F.);
#2250=ORIENTED_EDGE('',*,*,#3614,.T.);
#2251=ORIENTED_EDGE('',*,*,#3615,.T.);
#2252=ORIENTED_EDGE('',*,*,#3616,.F.);
#2253=ORIENTED_EDGE('',*,*,#3617,.F.);
#2254=ORIENTED_EDGE('',*,*,#3612,.T.);
#2255=ORIENTED_EDGE('',*,*,#3618,.T.);
#2256=ORIENTED_EDGE('',*,*,#3619,.F.);
#2257=ORIENTED_EDGE('',*,*,#3620,.F.);
#2258=ORIENTED_EDGE('',*,*,#3616,.T.);
#2259=ORIENTED_EDGE('',*,*,#3621,.F.);
#2260=ORIENTED_EDGE('',*,*,#3622,.F.);
#2261=ORIENTED_EDGE('',*,*,#3623,.T.);
#2262=ORIENTED_EDGE('',*,*,#3619,.T.);
#2263=ORIENTED_EDGE('',*,*,#3624,.T.);
#2264=ORIENTED_EDGE('',*,*,#3625,.F.);
#2265=ORIENTED_EDGE('',*,*,#3626,.F.);
#2266=ORIENTED_EDGE('',*,*,#3622,.T.);
#2267=ORIENTED_EDGE('',*,*,#3627,.T.);
#2268=ORIENTED_EDGE('',*,*,#3628,.F.);
#2269=ORIENTED_EDGE('',*,*,#3629,.F.);
#2270=ORIENTED_EDGE('',*,*,#3625,.T.);
#2271=ORIENTED_EDGE('',*,*,#3630,.F.);
#2272=ORIENTED_EDGE('',*,*,#3631,.F.);
#2273=ORIENTED_EDGE('',*,*,#3632,.T.);
#2274=ORIENTED_EDGE('',*,*,#3628,.T.);
#2275=ORIENTED_EDGE('',*,*,#3633,.F.);
#2276=ORIENTED_EDGE('',*,*,#3634,.T.);
#2277=ORIENTED_EDGE('',*,*,#3635,.F.);
#2278=ORIENTED_EDGE('',*,*,#3631,.T.);
#2279=ORIENTED_EDGE('',*,*,#3636,.T.);
#2280=ORIENTED_EDGE('',*,*,#3637,.T.);
#2281=ORIENTED_EDGE('',*,*,#3638,.F.);
#2282=ORIENTED_EDGE('',*,*,#3639,.T.);
#2283=ORIENTED_EDGE('',*,*,#3640,.F.);
#2284=ORIENTED_EDGE('',*,*,#3641,.T.);
#2285=ORIENTED_EDGE('',*,*,#3633,.T.);
#2286=ORIENTED_EDGE('',*,*,#3642,.T.);
#2287=ORIENTED_EDGE('',*,*,#3643,.T.);
#2288=ORIENTED_EDGE('',*,*,#3644,.T.);
#2289=ORIENTED_EDGE('',*,*,#3645,.F.);
#2290=ORIENTED_EDGE('',*,*,#3646,.T.);
#2291=ORIENTED_EDGE('',*,*,#3640,.T.);
#2292=ORIENTED_EDGE('',*,*,#3647,.T.);
#2293=ORIENTED_EDGE('',*,*,#3648,.T.);
#2294=ORIENTED_EDGE('',*,*,#3649,.T.);
#2295=ORIENTED_EDGE('',*,*,#3650,.T.);
#2296=ORIENTED_EDGE('',*,*,#3614,.F.);
#2297=ORIENTED_EDGE('',*,*,#3635,.T.);
#2298=ORIENTED_EDGE('',*,*,#3651,.T.);
#2299=ORIENTED_EDGE('',*,*,#3645,.T.);
#2300=ORIENTED_EDGE('',*,*,#3613,.T.);
#2301=ORIENTED_EDGE('',*,*,#3617,.T.);
#2302=ORIENTED_EDGE('',*,*,#3620,.T.);
#2303=ORIENTED_EDGE('',*,*,#3623,.F.);
#2304=ORIENTED_EDGE('',*,*,#3626,.T.);
#2305=ORIENTED_EDGE('',*,*,#3629,.T.);
#2306=ORIENTED_EDGE('',*,*,#3632,.F.);
#2307=ORIENTED_EDGE('',*,*,#3650,.F.);
#2308=ORIENTED_EDGE('',*,*,#3652,.T.);
#2309=ORIENTED_EDGE('',*,*,#3636,.F.);
#2310=ORIENTED_EDGE('',*,*,#3630,.T.);
#2311=ORIENTED_EDGE('',*,*,#3627,.F.);
#2312=ORIENTED_EDGE('',*,*,#3624,.F.);
#2313=ORIENTED_EDGE('',*,*,#3621,.T.);
#2314=ORIENTED_EDGE('',*,*,#3618,.F.);
#2315=ORIENTED_EDGE('',*,*,#3615,.F.);
#2316=ORIENTED_EDGE('',*,*,#3611,.F.);
#2317=ORIENTED_EDGE('',*,*,#3648,.F.);
#2318=ORIENTED_EDGE('',*,*,#3653,.T.);
#2319=ORIENTED_EDGE('',*,*,#3654,.T.);
#2320=ORIENTED_EDGE('',*,*,#3655,.T.);
#2321=ORIENTED_EDGE('',*,*,#3638,.T.);
#2322=ORIENTED_EDGE('',*,*,#3656,.T.);
#2323=ORIENTED_EDGE('',*,*,#3654,.F.);
#2324=ORIENTED_EDGE('',*,*,#3657,.T.);
#2325=ORIENTED_EDGE('',*,*,#3643,.F.);
#2326=ORIENTED_EDGE('',*,*,#3658,.T.);
#2327=ORIENTED_EDGE('',*,*,#3644,.F.);
#2328=ORIENTED_EDGE('',*,*,#3657,.F.);
#2329=ORIENTED_EDGE('',*,*,#3653,.F.);
#2330=ORIENTED_EDGE('',*,*,#3647,.F.);
#2331=ORIENTED_EDGE('',*,*,#3655,.F.);
#2332=ORIENTED_EDGE('',*,*,#3658,.F.);
#2333=ORIENTED_EDGE('',*,*,#3642,.F.);
#2334=ORIENTED_EDGE('',*,*,#3639,.F.);
#2335=ORIENTED_EDGE('',*,*,#3649,.F.);
#2336=ORIENTED_EDGE('',*,*,#3656,.F.);
#2337=ORIENTED_EDGE('',*,*,#3637,.F.);
#2338=ORIENTED_EDGE('',*,*,#3652,.F.);
#2339=ORIENTED_EDGE('',*,*,#3634,.F.);
#2340=ORIENTED_EDGE('',*,*,#3641,.F.);
#2341=ORIENTED_EDGE('',*,*,#3646,.F.);
#2342=ORIENTED_EDGE('',*,*,#3651,.F.);
#2343=ORIENTED_EDGE('',*,*,#3659,.T.);
#2344=ORIENTED_EDGE('',*,*,#3660,.T.);
#2345=ORIENTED_EDGE('',*,*,#3661,.F.);
#2346=ORIENTED_EDGE('',*,*,#3662,.F.);
#2347=ORIENTED_EDGE('',*,*,#3663,.F.);
#2348=ORIENTED_EDGE('',*,*,#3664,.T.);
#2349=ORIENTED_EDGE('',*,*,#3665,.F.);
#2350=ORIENTED_EDGE('',*,*,#3666,.T.);
#2351=ORIENTED_EDGE('',*,*,#3661,.T.);
#2352=ORIENTED_EDGE('',*,*,#3667,.T.);
#2353=ORIENTED_EDGE('',*,*,#3668,.F.);
#2354=ORIENTED_EDGE('',*,*,#3669,.T.);
#2355=ORIENTED_EDGE('',*,*,#3670,.F.);
#2356=ORIENTED_EDGE('',*,*,#3671,.F.);
#2357=ORIENTED_EDGE('',*,*,#3672,.F.);
#2358=ORIENTED_EDGE('',*,*,#3673,.F.);
#2359=ORIENTED_EDGE('',*,*,#3674,.F.);
#2360=ORIENTED_EDGE('',*,*,#3675,.F.);
#2361=ORIENTED_EDGE('',*,*,#3676,.F.);
#2362=ORIENTED_EDGE('',*,*,#3677,.F.);
#2363=ORIENTED_EDGE('',*,*,#3678,.F.);
#2364=ORIENTED_EDGE('',*,*,#3679,.F.);
#2365=ORIENTED_EDGE('',*,*,#3680,.F.);
#2366=ORIENTED_EDGE('',*,*,#3681,.T.);
#2367=ORIENTED_EDGE('',*,*,#3682,.F.);
#2368=ORIENTED_EDGE('',*,*,#3668,.T.);
#2369=ORIENTED_EDGE('',*,*,#3683,.T.);
#2370=ORIENTED_EDGE('',*,*,#3684,.F.);
#2371=ORIENTED_EDGE('',*,*,#3685,.T.);
#2372=ORIENTED_EDGE('',*,*,#3686,.F.);
#2373=ORIENTED_EDGE('',*,*,#3687,.T.);
#2374=ORIENTED_EDGE('',*,*,#3688,.T.);
#2375=ORIENTED_EDGE('',*,*,#3689,.F.);
#2376=ORIENTED_EDGE('',*,*,#3690,.F.);
#2377=ORIENTED_EDGE('',*,*,#3684,.T.);
#2378=ORIENTED_EDGE('',*,*,#3691,.T.);
#2379=ORIENTED_EDGE('',*,*,#3692,.F.);
#2380=ORIENTED_EDGE('',*,*,#3693,.F.);
#2381=ORIENTED_EDGE('',*,*,#3689,.T.);
#2382=ORIENTED_EDGE('',*,*,#3694,.T.);
#2383=ORIENTED_EDGE('',*,*,#3695,.F.);
#2384=ORIENTED_EDGE('',*,*,#3696,.F.);
#2385=ORIENTED_EDGE('',*,*,#3692,.T.);
#2386=ORIENTED_EDGE('',*,*,#3697,.T.);
#2387=ORIENTED_EDGE('',*,*,#3698,.F.);
#2388=ORIENTED_EDGE('',*,*,#3699,.F.);
#2389=ORIENTED_EDGE('',*,*,#3695,.T.);
#2390=ORIENTED_EDGE('',*,*,#3700,.T.);
#2391=ORIENTED_EDGE('',*,*,#3701,.F.);
#2392=ORIENTED_EDGE('',*,*,#3702,.F.);
#2393=ORIENTED_EDGE('',*,*,#3698,.T.);
#2394=ORIENTED_EDGE('',*,*,#3703,.T.);
#2395=ORIENTED_EDGE('',*,*,#3704,.F.);
#2396=ORIENTED_EDGE('',*,*,#3705,.F.);
#2397=ORIENTED_EDGE('',*,*,#3701,.T.);
#2398=ORIENTED_EDGE('',*,*,#3706,.T.);
#2399=ORIENTED_EDGE('',*,*,#3707,.F.);
#2400=ORIENTED_EDGE('',*,*,#3708,.F.);
#2401=ORIENTED_EDGE('',*,*,#3704,.T.);
#2402=ORIENTED_EDGE('',*,*,#3707,.T.);
#2403=ORIENTED_EDGE('',*,*,#3709,.T.);
#2404=ORIENTED_EDGE('',*,*,#3710,.F.);
#2405=ORIENTED_EDGE('',*,*,#3711,.F.);
#2406=ORIENTED_EDGE('',*,*,#3712,.F.);
#2407=ORIENTED_EDGE('',*,*,#3713,.T.);
#2408=ORIENTED_EDGE('',*,*,#3710,.T.);
#2409=ORIENTED_EDGE('',*,*,#3714,.T.);
#2410=ORIENTED_EDGE('',*,*,#3715,.F.);
#2411=ORIENTED_EDGE('',*,*,#3716,.F.);
#2412=ORIENTED_EDGE('',*,*,#3717,.T.);
#2413=ORIENTED_EDGE('',*,*,#3718,.F.);
#2414=ORIENTED_EDGE('',*,*,#3719,.F.);
#2415=ORIENTED_EDGE('',*,*,#3720,.F.);
#2416=ORIENTED_EDGE('',*,*,#3721,.F.);
#2417=ORIENTED_EDGE('',*,*,#3722,.F.);
#2418=ORIENTED_EDGE('',*,*,#3723,.F.);
#2419=ORIENTED_EDGE('',*,*,#3724,.F.);
#2420=ORIENTED_EDGE('',*,*,#3725,.F.);
#2421=ORIENTED_EDGE('',*,*,#3726,.F.);
#2422=ORIENTED_EDGE('',*,*,#3727,.F.);
#2423=ORIENTED_EDGE('',*,*,#3728,.F.);
#2424=ORIENTED_EDGE('',*,*,#3729,.T.);
#2425=ORIENTED_EDGE('',*,*,#3715,.T.);
#2426=ORIENTED_EDGE('',*,*,#3730,.T.);
#2427=ORIENTED_EDGE('',*,*,#3731,.T.);
#2428=ORIENTED_EDGE('',*,*,#3732,.F.);
#2429=ORIENTED_EDGE('',*,*,#3733,.F.);
#2430=ORIENTED_EDGE('',*,*,#3734,.T.);
#2431=ORIENTED_EDGE('',*,*,#3735,.F.);
#2432=ORIENTED_EDGE('',*,*,#3736,.T.);
#2433=ORIENTED_EDGE('',*,*,#3737,.T.);
#2434=ORIENTED_EDGE('',*,*,#3738,.F.);
#2435=ORIENTED_EDGE('',*,*,#3739,.F.);
#2436=ORIENTED_EDGE('',*,*,#3732,.T.);
#2437=ORIENTED_EDGE('',*,*,#3740,.T.);
#2438=ORIENTED_EDGE('',*,*,#3741,.F.);
#2439=ORIENTED_EDGE('',*,*,#3742,.F.);
#2440=ORIENTED_EDGE('',*,*,#3738,.T.);
#2441=ORIENTED_EDGE('',*,*,#3743,.F.);
#2442=ORIENTED_EDGE('',*,*,#3744,.F.);
#2443=ORIENTED_EDGE('',*,*,#3745,.T.);
#2444=ORIENTED_EDGE('',*,*,#3741,.T.);
#2445=ORIENTED_EDGE('',*,*,#3746,.T.);
#2446=ORIENTED_EDGE('',*,*,#3747,.F.);
#2447=ORIENTED_EDGE('',*,*,#3748,.F.);
#2448=ORIENTED_EDGE('',*,*,#3744,.T.);
#2449=ORIENTED_EDGE('',*,*,#3749,.T.);
#2450=ORIENTED_EDGE('',*,*,#3750,.F.);
#2451=ORIENTED_EDGE('',*,*,#3751,.F.);
#2452=ORIENTED_EDGE('',*,*,#3747,.T.);
#2453=ORIENTED_EDGE('',*,*,#3752,.T.);
#2454=ORIENTED_EDGE('',*,*,#3753,.F.);
#2455=ORIENTED_EDGE('',*,*,#3754,.F.);
#2456=ORIENTED_EDGE('',*,*,#3750,.T.);
#2457=ORIENTED_EDGE('',*,*,#3755,.F.);
#2458=ORIENTED_EDGE('',*,*,#3756,.F.);
#2459=ORIENTED_EDGE('',*,*,#3757,.T.);
#2460=ORIENTED_EDGE('',*,*,#3753,.T.);
#2461=ORIENTED_EDGE('',*,*,#3758,.T.);
#2462=ORIENTED_EDGE('',*,*,#3759,.F.);
#2463=ORIENTED_EDGE('',*,*,#3760,.F.);
#2464=ORIENTED_EDGE('',*,*,#3756,.T.);
#2465=ORIENTED_EDGE('',*,*,#3761,.T.);
#2466=ORIENTED_EDGE('',*,*,#3666,.F.);
#2467=ORIENTED_EDGE('',*,*,#3762,.F.);
#2468=ORIENTED_EDGE('',*,*,#3759,.T.);
#2469=ORIENTED_EDGE('',*,*,#3708,.T.);
#2470=ORIENTED_EDGE('',*,*,#3763,.T.);
#2471=ORIENTED_EDGE('',*,*,#3733,.T.);
#2472=ORIENTED_EDGE('',*,*,#3739,.T.);
#2473=ORIENTED_EDGE('',*,*,#3742,.T.);
#2474=ORIENTED_EDGE('',*,*,#3745,.F.);
#2475=ORIENTED_EDGE('',*,*,#3748,.T.);
#2476=ORIENTED_EDGE('',*,*,#3751,.T.);
#2477=ORIENTED_EDGE('',*,*,#3754,.T.);
#2478=ORIENTED_EDGE('',*,*,#3757,.F.);
#2479=ORIENTED_EDGE('',*,*,#3760,.T.);
#2480=ORIENTED_EDGE('',*,*,#3762,.T.);
#2481=ORIENTED_EDGE('',*,*,#3665,.T.);
#2482=ORIENTED_EDGE('',*,*,#3764,.T.);
#2483=ORIENTED_EDGE('',*,*,#3690,.T.);
#2484=ORIENTED_EDGE('',*,*,#3693,.T.);
#2485=ORIENTED_EDGE('',*,*,#3696,.T.);
#2486=ORIENTED_EDGE('',*,*,#3699,.T.);
#2487=ORIENTED_EDGE('',*,*,#3702,.T.);
#2488=ORIENTED_EDGE('',*,*,#3705,.T.);
#2489=ORIENTED_EDGE('',*,*,#3731,.F.);
#2490=ORIENTED_EDGE('',*,*,#3765,.T.);
#2491=ORIENTED_EDGE('',*,*,#3706,.F.);
#2492=ORIENTED_EDGE('',*,*,#3703,.F.);
#2493=ORIENTED_EDGE('',*,*,#3700,.F.);
#2494=ORIENTED_EDGE('',*,*,#3697,.F.);
#2495=ORIENTED_EDGE('',*,*,#3694,.F.);
#2496=ORIENTED_EDGE('',*,*,#3691,.F.);
#2497=ORIENTED_EDGE('',*,*,#3688,.F.);
#2498=ORIENTED_EDGE('',*,*,#3766,.T.);
#2499=ORIENTED_EDGE('',*,*,#3659,.F.);
#2500=ORIENTED_EDGE('',*,*,#3761,.F.);
#2501=ORIENTED_EDGE('',*,*,#3758,.F.);
#2502=ORIENTED_EDGE('',*,*,#3755,.T.);
#2503=ORIENTED_EDGE('',*,*,#3752,.F.);
#2504=ORIENTED_EDGE('',*,*,#3749,.F.);
#2505=ORIENTED_EDGE('',*,*,#3746,.F.);
#2506=ORIENTED_EDGE('',*,*,#3743,.T.);
#2507=ORIENTED_EDGE('',*,*,#3740,.F.);
#2508=ORIENTED_EDGE('',*,*,#3737,.F.);
#2509=ORIENTED_EDGE('',*,*,#3727,.T.);
#2510=ORIENTED_EDGE('',*,*,#3767,.F.);
#2511=ORIENTED_EDGE('',*,*,#3768,.F.);
#2512=ORIENTED_EDGE('',*,*,#3769,.T.);
#2513=ORIENTED_EDGE('',*,*,#3726,.T.);
#2514=ORIENTED_EDGE('',*,*,#3770,.F.);
#2515=ORIENTED_EDGE('',*,*,#3771,.F.);
#2516=ORIENTED_EDGE('',*,*,#3767,.T.);
#2517=ORIENTED_EDGE('',*,*,#3725,.T.);
#2518=ORIENTED_EDGE('',*,*,#3772,.F.);
#2519=ORIENTED_EDGE('',*,*,#3773,.F.);
#2520=ORIENTED_EDGE('',*,*,#3770,.T.);
#2521=ORIENTED_EDGE('',*,*,#3724,.T.);
#2522=ORIENTED_EDGE('',*,*,#3774,.F.);
#2523=ORIENTED_EDGE('',*,*,#3775,.F.);
#2524=ORIENTED_EDGE('',*,*,#3772,.T.);
#2525=ORIENTED_EDGE('',*,*,#3723,.T.);
#2526=ORIENTED_EDGE('',*,*,#3776,.F.);
#2527=ORIENTED_EDGE('',*,*,#3777,.F.);
#2528=ORIENTED_EDGE('',*,*,#3774,.T.);
#2529=ORIENTED_EDGE('',*,*,#3722,.T.);
#2530=ORIENTED_EDGE('',*,*,#3778,.F.);
#2531=ORIENTED_EDGE('',*,*,#3779,.F.);
#2532=ORIENTED_EDGE('',*,*,#3776,.T.);
#2533=ORIENTED_EDGE('',*,*,#3721,.T.);
#2534=ORIENTED_EDGE('',*,*,#3780,.F.);
#2535=ORIENTED_EDGE('',*,*,#3781,.F.);
#2536=ORIENTED_EDGE('',*,*,#3778,.T.);
#2537=ORIENTED_EDGE('',*,*,#3720,.T.);
#2538=ORIENTED_EDGE('',*,*,#3782,.F.);
#2539=ORIENTED_EDGE('',*,*,#3783,.F.);
#2540=ORIENTED_EDGE('',*,*,#3780,.T.);
#2541=ORIENTED_EDGE('',*,*,#3719,.T.);
#2542=ORIENTED_EDGE('',*,*,#3784,.F.);
#2543=ORIENTED_EDGE('',*,*,#3785,.F.);
#2544=ORIENTED_EDGE('',*,*,#3782,.T.);
#2545=ORIENTED_EDGE('',*,*,#3718,.T.);
#2546=ORIENTED_EDGE('',*,*,#3786,.T.);
#2547=ORIENTED_EDGE('',*,*,#3787,.F.);
#2548=ORIENTED_EDGE('',*,*,#3784,.T.);
#2549=ORIENTED_EDGE('',*,*,#3788,.F.);
#2550=ORIENTED_EDGE('',*,*,#3789,.T.);
#2551=ORIENTED_EDGE('',*,*,#3716,.T.);
#2552=ORIENTED_EDGE('',*,*,#3736,.F.);
#2553=ORIENTED_EDGE('',*,*,#3729,.F.);
#2554=ORIENTED_EDGE('',*,*,#3790,.F.);
#2555=ORIENTED_EDGE('',*,*,#3791,.T.);
#2556=ORIENTED_EDGE('',*,*,#3711,.T.);
#2557=ORIENTED_EDGE('',*,*,#3728,.T.);
#2558=ORIENTED_EDGE('',*,*,#3769,.F.);
#2559=ORIENTED_EDGE('',*,*,#3792,.F.);
#2560=ORIENTED_EDGE('',*,*,#3790,.T.);
#2561=ORIENTED_EDGE('',*,*,#3735,.T.);
#2562=ORIENTED_EDGE('',*,*,#3793,.T.);
#2563=ORIENTED_EDGE('',*,*,#3712,.T.);
#2564=ORIENTED_EDGE('',*,*,#3791,.F.);
#2565=ORIENTED_EDGE('',*,*,#3792,.T.);
#2566=ORIENTED_EDGE('',*,*,#3768,.T.);
#2567=ORIENTED_EDGE('',*,*,#3771,.T.);
#2568=ORIENTED_EDGE('',*,*,#3773,.T.);
#2569=ORIENTED_EDGE('',*,*,#3775,.T.);
#2570=ORIENTED_EDGE('',*,*,#3777,.T.);
#2571=ORIENTED_EDGE('',*,*,#3779,.T.);
#2572=ORIENTED_EDGE('',*,*,#3781,.T.);
#2573=ORIENTED_EDGE('',*,*,#3783,.T.);
#2574=ORIENTED_EDGE('',*,*,#3785,.T.);
#2575=ORIENTED_EDGE('',*,*,#3787,.T.);
#2576=ORIENTED_EDGE('',*,*,#3794,.T.);
#2577=ORIENTED_EDGE('',*,*,#3788,.T.);
#2578=ORIENTED_EDGE('',*,*,#3677,.T.);
#2579=ORIENTED_EDGE('',*,*,#3795,.F.);
#2580=ORIENTED_EDGE('',*,*,#3796,.F.);
#2581=ORIENTED_EDGE('',*,*,#3797,.T.);
#2582=ORIENTED_EDGE('',*,*,#3676,.T.);
#2583=ORIENTED_EDGE('',*,*,#3798,.F.);
#2584=ORIENTED_EDGE('',*,*,#3799,.F.);
#2585=ORIENTED_EDGE('',*,*,#3795,.T.);
#2586=ORIENTED_EDGE('',*,*,#3675,.T.);
#2587=ORIENTED_EDGE('',*,*,#3800,.F.);
#2588=ORIENTED_EDGE('',*,*,#3801,.F.);
#2589=ORIENTED_EDGE('',*,*,#3798,.T.);
#2590=ORIENTED_EDGE('',*,*,#3674,.T.);
#2591=ORIENTED_EDGE('',*,*,#3802,.F.);
#2592=ORIENTED_EDGE('',*,*,#3803,.F.);
#2593=ORIENTED_EDGE('',*,*,#3800,.T.);
#2594=ORIENTED_EDGE('',*,*,#3673,.T.);
#2595=ORIENTED_EDGE('',*,*,#3804,.F.);
#2596=ORIENTED_EDGE('',*,*,#3805,.F.);
#2597=ORIENTED_EDGE('',*,*,#3802,.T.);
#2598=ORIENTED_EDGE('',*,*,#3672,.T.);
#2599=ORIENTED_EDGE('',*,*,#3806,.F.);
#2600=ORIENTED_EDGE('',*,*,#3807,.F.);
#2601=ORIENTED_EDGE('',*,*,#3804,.T.);
#2602=ORIENTED_EDGE('',*,*,#3671,.T.);
#2603=ORIENTED_EDGE('',*,*,#3808,.F.);
#2604=ORIENTED_EDGE('',*,*,#3809,.F.);
#2605=ORIENTED_EDGE('',*,*,#3806,.T.);
#2606=ORIENTED_EDGE('',*,*,#3670,.T.);
#2607=ORIENTED_EDGE('',*,*,#3810,.F.);
#2608=ORIENTED_EDGE('',*,*,#3811,.F.);
#2609=ORIENTED_EDGE('',*,*,#3808,.T.);
#2610=ORIENTED_EDGE('',*,*,#3669,.F.);
#2611=ORIENTED_EDGE('',*,*,#3687,.F.);
#2612=ORIENTED_EDGE('',*,*,#3812,.T.);
#2613=ORIENTED_EDGE('',*,*,#3810,.T.);
#2614=ORIENTED_EDGE('',*,*,#3682,.T.);
#2615=ORIENTED_EDGE('',*,*,#3813,.T.);
#2616=ORIENTED_EDGE('',*,*,#3814,.F.);
#2617=ORIENTED_EDGE('',*,*,#3662,.T.);
#2618=ORIENTED_EDGE('',*,*,#3815,.F.);
#2619=ORIENTED_EDGE('',*,*,#3816,.T.);
#2620=ORIENTED_EDGE('',*,*,#3680,.T.);
#2621=ORIENTED_EDGE('',*,*,#3817,.F.);
#2622=ORIENTED_EDGE('',*,*,#3679,.T.);
#2623=ORIENTED_EDGE('',*,*,#3818,.F.);
#2624=ORIENTED_EDGE('',*,*,#3819,.F.);
#2625=ORIENTED_EDGE('',*,*,#3817,.T.);
#2626=ORIENTED_EDGE('',*,*,#3678,.T.);
#2627=ORIENTED_EDGE('',*,*,#3797,.F.);
#2628=ORIENTED_EDGE('',*,*,#3820,.F.);
#2629=ORIENTED_EDGE('',*,*,#3818,.T.);
#2630=ORIENTED_EDGE('',*,*,#3686,.T.);
#2631=ORIENTED_EDGE('',*,*,#3821,.T.);
#2632=ORIENTED_EDGE('',*,*,#3663,.T.);
#2633=ORIENTED_EDGE('',*,*,#3814,.T.);
#2634=ORIENTED_EDGE('',*,*,#3822,.T.);
#2635=ORIENTED_EDGE('',*,*,#3815,.T.);
#2636=ORIENTED_EDGE('',*,*,#3819,.T.);
#2637=ORIENTED_EDGE('',*,*,#3820,.T.);
#2638=ORIENTED_EDGE('',*,*,#3796,.T.);
#2639=ORIENTED_EDGE('',*,*,#3799,.T.);
#2640=ORIENTED_EDGE('',*,*,#3801,.T.);
#2641=ORIENTED_EDGE('',*,*,#3803,.T.);
#2642=ORIENTED_EDGE('',*,*,#3805,.T.);
#2643=ORIENTED_EDGE('',*,*,#3807,.T.);
#2644=ORIENTED_EDGE('',*,*,#3809,.T.);
#2645=ORIENTED_EDGE('',*,*,#3811,.T.);
#2646=ORIENTED_EDGE('',*,*,#3812,.F.);
#2647=ORIENTED_EDGE('',*,*,#3685,.F.);
#2648=ORIENTED_EDGE('',*,*,#3764,.F.);
#2649=ORIENTED_EDGE('',*,*,#3664,.F.);
#2650=ORIENTED_EDGE('',*,*,#3821,.F.);
#2651=ORIENTED_EDGE('',*,*,#3734,.F.);
#2652=ORIENTED_EDGE('',*,*,#3763,.F.);
#2653=ORIENTED_EDGE('',*,*,#3713,.F.);
#2654=ORIENTED_EDGE('',*,*,#3793,.F.);
#2655=ORIENTED_EDGE('',*,*,#3709,.F.);
#2656=ORIENTED_EDGE('',*,*,#3765,.F.);
#2657=ORIENTED_EDGE('',*,*,#3730,.F.);
#2658=ORIENTED_EDGE('',*,*,#3714,.F.);
#2659=ORIENTED_EDGE('',*,*,#3660,.F.);
#2660=ORIENTED_EDGE('',*,*,#3766,.F.);
#2661=ORIENTED_EDGE('',*,*,#3683,.F.);
#2662=ORIENTED_EDGE('',*,*,#3667,.F.);
#2663=ORIENTED_EDGE('',*,*,#3822,.F.);
#2664=ORIENTED_EDGE('',*,*,#3813,.F.);
#2665=ORIENTED_EDGE('',*,*,#3681,.F.);
#2666=ORIENTED_EDGE('',*,*,#3816,.F.);
#2667=ORIENTED_EDGE('',*,*,#3794,.F.);
#2668=ORIENTED_EDGE('',*,*,#3786,.F.);
#2669=ORIENTED_EDGE('',*,*,#3717,.F.);
#2670=ORIENTED_EDGE('',*,*,#3789,.F.);
#2671=EDGE_CURVE('',#3823,#3824,#4531,.T.);
#2672=EDGE_CURVE('',#3823,#3825,#4532,.T.);
#2673=EDGE_CURVE('',#3826,#3825,#4533,.T.);
#2674=EDGE_CURVE('',#3827,#3826,#4534,.T.);
#2675=EDGE_CURVE('',#3828,#3827,#4535,.T.);
#2676=EDGE_CURVE('',#3828,#3829,#4536,.T.);
#2677=EDGE_CURVE('',#3829,#3830,#4537,.T.);
#2678=EDGE_CURVE('',#3831,#3830,#4538,.T.);
#2679=EDGE_CURVE('',#3831,#3832,#4539,.T.);
#2680=EDGE_CURVE('',#3832,#3833,#4540,.T.);
#2681=EDGE_CURVE('',#3833,#3834,#4541,.T.);
#2682=EDGE_CURVE('',#3824,#3834,#4542,.T.);
#2683=EDGE_CURVE('',#3835,#3836,#4543,.T.);
#2684=EDGE_CURVE('',#3837,#3835,#229,.T.);
#2685=EDGE_CURVE('',#3838,#3837,#4544,.T.);
#2686=EDGE_CURVE('',#3839,#3838,#230,.T.);
#2687=EDGE_CURVE('',#3840,#3839,#4545,.T.);
#2688=EDGE_CURVE('',#3841,#3840,#231,.T.);
#2689=EDGE_CURVE('',#3842,#3841,#4546,.T.);
#2690=EDGE_CURVE('',#3843,#3842,#4547,.T.);
#2691=EDGE_CURVE('',#3844,#3843,#4548,.T.);
#2692=EDGE_CURVE('',#3845,#3844,#232,.T.);
#2693=EDGE_CURVE('',#3846,#3845,#4549,.T.);
#2694=EDGE_CURVE('',#3847,#3846,#233,.T.);
#2695=EDGE_CURVE('',#3848,#3847,#4550,.T.);
#2696=EDGE_CURVE('',#3849,#3848,#234,.T.);
#2697=EDGE_CURVE('',#3850,#3849,#4551,.T.);
#2698=EDGE_CURVE('',#3851,#3850,#235,.T.);
#2699=EDGE_CURVE('',#3852,#3851,#4552,.T.);
#2700=EDGE_CURVE('',#3853,#3852,#4553,.T.);
#2701=EDGE_CURVE('',#3854,#3853,#4554,.T.);
#2702=EDGE_CURVE('',#3836,#3854,#236,.T.);
#2703=EDGE_CURVE('',#3855,#3856,#4555,.T.);
#2704=EDGE_CURVE('',#3855,#3857,#4556,.T.);
#2705=EDGE_CURVE('',#3857,#3858,#4557,.T.);
#2706=EDGE_CURVE('',#3859,#3858,#4558,.T.);
#2707=EDGE_CURVE('',#3860,#3859,#4559,.T.);
#2708=EDGE_CURVE('',#3860,#3861,#4560,.T.);
#2709=EDGE_CURVE('',#3862,#3861,#4561,.T.);
#2710=EDGE_CURVE('',#3863,#3862,#4562,.T.);
#2711=EDGE_CURVE('',#3864,#3863,#4563,.T.);
#2712=EDGE_CURVE('',#3856,#3864,#4564,.T.);
#2713=EDGE_CURVE('',#3865,#3866,#4565,.T.);
#2714=EDGE_CURVE('',#3867,#3865,#237,.T.);
#2715=EDGE_CURVE('',#3868,#3867,#4566,.T.);
#2716=EDGE_CURVE('',#3869,#3868,#238,.T.);
#2717=EDGE_CURVE('',#3870,#3869,#4567,.T.);
#2718=EDGE_CURVE('',#3871,#3870,#239,.T.);
#2719=EDGE_CURVE('',#3872,#3871,#4568,.T.);
#2720=EDGE_CURVE('',#3873,#3872,#4569,.T.);
#2721=EDGE_CURVE('',#3874,#3873,#4570,.T.);
#2722=EDGE_CURVE('',#3875,#3874,#240,.T.);
#2723=EDGE_CURVE('',#3876,#3875,#4571,.T.);
#2724=EDGE_CURVE('',#3877,#3876,#241,.T.);
#2725=EDGE_CURVE('',#3878,#3877,#4572,.T.);
#2726=EDGE_CURVE('',#3879,#3878,#242,.T.);
#2727=EDGE_CURVE('',#3880,#3879,#4573,.T.);
#2728=EDGE_CURVE('',#3881,#3880,#243,.T.);
#2729=EDGE_CURVE('',#3882,#3881,#4574,.T.);
#2730=EDGE_CURVE('',#3883,#3882,#4575,.T.);
#2731=EDGE_CURVE('',#3884,#3883,#4576,.T.);
#2732=EDGE_CURVE('',#3866,#3884,#244,.T.);
#2733=EDGE_CURVE('',#3885,#3886,#4577,.T.);
#2734=EDGE_CURVE('',#3885,#3864,#4578,.T.);
#2735=EDGE_CURVE('',#3863,#3862,#245,.T.);
#2736=EDGE_CURVE('',#3861,#3887,#4579,.T.);
#2737=EDGE_CURVE('',#3888,#3887,#4580,.T.);
#2738=EDGE_CURVE('',#3889,#3888,#4581,.T.);
#2739=EDGE_CURVE('',#3889,#3890,#4582,.T.);
#2740=EDGE_CURVE('',#3890,#3891,#4583,.T.);
#2741=EDGE_CURVE('',#3892,#3891,#4584,.T.);
#2742=EDGE_CURVE('',#3892,#3893,#4585,.T.);
#2743=EDGE_CURVE('',#3893,#3894,#4586,.T.);
#2744=EDGE_CURVE('',#3894,#3886,#4587,.T.);
#2745=EDGE_CURVE('',#3895,#3896,#4588,.T.);
#2746=EDGE_CURVE('',#3895,#3834,#4589,.T.);
#2747=EDGE_CURVE('',#3833,#3897,#246,.T.);
#2748=EDGE_CURVE('',#3897,#3898,#247,.T.);
#2749=EDGE_CURVE('',#3898,#3899,#248,.T.);
#2750=EDGE_CURVE('',#3899,#3900,#4590,.T.);
#2751=EDGE_CURVE('',#3900,#3901,#249,.T.);
#2752=EDGE_CURVE('',#3901,#3902,#250,.T.);
#2753=EDGE_CURVE('',#3902,#3830,#251,.T.);
#2754=EDGE_CURVE('',#3829,#3903,#4591,.T.);
#2755=EDGE_CURVE('',#3904,#3903,#4592,.T.);
#2756=EDGE_CURVE('',#3904,#3905,#4593,.T.);
#2757=EDGE_CURVE('',#3905,#3906,#4594,.T.);
#2758=EDGE_CURVE('',#3906,#3907,#4595,.T.);
#2759=EDGE_CURVE('',#3907,#3908,#4596,.T.);
#2760=EDGE_CURVE('',#3908,#3909,#4597,.T.);
#2761=EDGE_CURVE('',#3909,#3910,#4598,.T.);
#2762=EDGE_CURVE('',#3896,#3910,#4599,.T.);
#2763=EDGE_CURVE('',#3911,#3912,#4600,.T.);
#2764=EDGE_CURVE('',#3912,#3905,#4601,.T.);
#2765=EDGE_CURVE('',#3913,#3904,#4602,.T.);
#2766=EDGE_CURVE('',#3914,#3913,#4603,.T.);
#2767=EDGE_CURVE('',#3886,#3914,#4604,.T.);
#2768=EDGE_CURVE('',#3911,#3894,#4605,.T.);
#2769=EDGE_CURVE('',#3915,#3916,#4606,.T.);
#2770=EDGE_CURVE('',#3917,#3915,#4607,.T.);
#2771=EDGE_CURVE('',#3918,#3917,#4608,.T.);
#2772=EDGE_CURVE('',#3919,#3918,#4609,.T.);
#2773=EDGE_CURVE('',#3920,#3919,#4610,.T.);
#2774=EDGE_CURVE('',#3921,#3920,#4611,.T.);
#2775=EDGE_CURVE('',#3922,#3921,#4612,.T.);
#2776=EDGE_CURVE('',#3916,#3922,#4613,.T.);
#2777=EDGE_CURVE('',#3923,#3924,#4614,.T.);
#2778=EDGE_CURVE('',#3924,#3889,#4615,.T.);
#2779=EDGE_CURVE('',#3888,#3925,#4616,.T.);
#2780=EDGE_CURVE('',#3925,#3926,#4617,.T.);
#2781=EDGE_CURVE('',#3926,#3896,#4618,.T.);
#2782=EDGE_CURVE('',#3923,#3910,#4619,.T.);
#2783=EDGE_CURVE('',#3927,#3907,#4620,.T.);
#2784=EDGE_CURVE('',#3927,#3928,#4621,.T.);
#2785=EDGE_CURVE('',#3928,#3908,#4622,.T.);
#2786=EDGE_CURVE('',#3929,#3891,#4623,.T.);
#2787=EDGE_CURVE('',#3930,#3929,#4624,.T.);
#2788=EDGE_CURVE('',#3930,#3892,#4625,.T.);
#2789=EDGE_CURVE('',#3916,#3931,#4626,.T.);
#2790=EDGE_CURVE('',#3931,#3932,#4627,.T.);
#2791=EDGE_CURVE('',#3915,#3932,#4628,.T.);
#2792=EDGE_CURVE('',#3922,#3933,#4629,.T.);
#2793=EDGE_CURVE('',#3933,#3931,#4630,.T.);
#2794=EDGE_CURVE('',#3921,#3934,#4631,.T.);
#2795=EDGE_CURVE('',#3934,#3933,#4632,.T.);
#2796=EDGE_CURVE('',#3920,#3935,#4633,.T.);
#2797=EDGE_CURVE('',#3935,#3934,#4634,.T.);
#2798=EDGE_CURVE('',#3919,#3936,#4635,.T.);
#2799=EDGE_CURVE('',#3936,#3935,#4636,.T.);
#2800=EDGE_CURVE('',#3918,#3937,#4637,.T.);
#2801=EDGE_CURVE('',#3937,#3936,#4638,.T.);
#2802=EDGE_CURVE('',#3917,#3938,#4639,.T.);
#2803=EDGE_CURVE('',#3938,#3937,#4640,.T.);
#2804=EDGE_CURVE('',#3932,#3938,#4641,.T.);
#2805=EDGE_CURVE('',#3939,#3940,#4642,.T.);
#2806=EDGE_CURVE('',#3940,#3941,#4643,.T.);
#2807=EDGE_CURVE('',#3941,#3942,#4644,.T.);
#2808=EDGE_CURVE('',#3942,#3943,#4645,.T.);
#2809=EDGE_CURVE('',#3943,#3944,#4646,.T.);
#2810=EDGE_CURVE('',#3944,#3945,#4647,.T.);
#2811=EDGE_CURVE('',#3945,#3946,#4648,.T.);
#2812=EDGE_CURVE('',#3946,#3939,#4649,.T.);
#2813=EDGE_CURVE('',#3947,#3948,#4650,.T.);
#2814=EDGE_CURVE('',#3948,#3949,#4651,.T.);
#2815=EDGE_CURVE('',#3949,#3950,#4652,.T.);
#2816=EDGE_CURVE('',#3950,#3947,#4653,.T.);
#2817=EDGE_CURVE('',#3951,#3952,#4654,.T.);
#2818=EDGE_CURVE('',#3952,#3953,#4655,.T.);
#2819=EDGE_CURVE('',#3953,#3954,#4656,.T.);
#2820=EDGE_CURVE('',#3954,#3951,#4657,.T.);
#2821=EDGE_CURVE('',#3955,#3956,#4658,.T.);
#2822=EDGE_CURVE('',#3956,#3957,#4659,.T.);
#2823=EDGE_CURVE('',#3957,#3958,#4660,.T.);
#2824=EDGE_CURVE('',#3958,#3955,#4661,.T.);
#2825=EDGE_CURVE('',#3959,#3960,#4662,.T.);
#2826=EDGE_CURVE('',#3960,#3961,#4663,.T.);
#2827=EDGE_CURVE('',#3961,#3962,#4664,.T.);
#2828=EDGE_CURVE('',#3962,#3959,#4665,.T.);
#2829=EDGE_CURVE('',#3963,#3964,#4666,.T.);
#2830=EDGE_CURVE('',#3964,#3965,#4667,.T.);
#2831=EDGE_CURVE('',#3965,#3966,#4668,.T.);
#2832=EDGE_CURVE('',#3966,#3963,#4669,.T.);
#2833=EDGE_CURVE('',#3967,#3968,#4670,.T.);
#2834=EDGE_CURVE('',#3968,#3969,#4671,.T.);
#2835=EDGE_CURVE('',#3969,#3970,#4672,.T.);
#2836=EDGE_CURVE('',#3970,#3967,#4673,.T.);
#2837=EDGE_CURVE('',#3971,#3972,#4674,.T.);
#2838=EDGE_CURVE('',#3972,#3973,#4675,.T.);
#2839=EDGE_CURVE('',#3973,#3974,#4676,.T.);
#2840=EDGE_CURVE('',#3974,#3971,#4677,.T.);
#2841=EDGE_CURVE('',#3975,#3976,#4678,.T.);
#2842=EDGE_CURVE('',#3976,#3977,#4679,.T.);
#2843=EDGE_CURVE('',#3977,#3978,#4680,.T.);
#2844=EDGE_CURVE('',#3978,#3975,#4681,.T.);
#2845=EDGE_CURVE('',#3979,#3980,#4682,.T.);
#2846=EDGE_CURVE('',#3980,#3981,#4683,.T.);
#2847=EDGE_CURVE('',#3981,#3982,#4684,.T.);
#2848=EDGE_CURVE('',#3982,#3979,#4685,.T.);
#2849=EDGE_CURVE('',#3983,#3984,#4686,.T.);
#2850=EDGE_CURVE('',#3984,#3985,#4687,.T.);
#2851=EDGE_CURVE('',#3985,#3986,#4688,.T.);
#2852=EDGE_CURVE('',#3986,#3983,#4689,.T.);
#2853=EDGE_CURVE('',#3987,#3988,#4690,.T.);
#2854=EDGE_CURVE('',#3988,#3989,#4691,.T.);
#2855=EDGE_CURVE('',#3989,#3990,#4692,.T.);
#2856=EDGE_CURVE('',#3990,#3987,#4693,.T.);
#2857=EDGE_CURVE('',#3991,#3992,#4694,.T.);
#2858=EDGE_CURVE('',#3992,#3993,#4695,.T.);
#2859=EDGE_CURVE('',#3993,#3994,#4696,.T.);
#2860=EDGE_CURVE('',#3994,#3991,#4697,.T.);
#2861=EDGE_CURVE('',#3995,#3996,#4698,.T.);
#2862=EDGE_CURVE('',#3996,#3997,#4699,.T.);
#2863=EDGE_CURVE('',#3997,#3998,#4700,.T.);
#2864=EDGE_CURVE('',#3998,#3995,#4701,.T.);
#2865=EDGE_CURVE('',#3999,#4000,#4702,.T.);
#2866=EDGE_CURVE('',#4000,#4001,#4703,.T.);
#2867=EDGE_CURVE('',#4001,#4002,#4704,.T.);
#2868=EDGE_CURVE('',#4002,#3999,#4705,.T.);
#2869=EDGE_CURVE('',#4003,#4004,#4706,.T.);
#2870=EDGE_CURVE('',#4004,#4005,#4707,.T.);
#2871=EDGE_CURVE('',#4005,#4006,#4708,.T.);
#2872=EDGE_CURVE('',#4006,#4003,#4709,.T.);
#2873=EDGE_CURVE('',#4007,#4008,#4710,.T.);
#2874=EDGE_CURVE('',#4008,#4009,#4711,.T.);
#2875=EDGE_CURVE('',#4009,#4010,#4712,.T.);
#2876=EDGE_CURVE('',#4010,#4007,#4713,.T.);
#2877=EDGE_CURVE('',#4011,#4012,#4714,.T.);
#2878=EDGE_CURVE('',#4012,#4013,#4715,.T.);
#2879=EDGE_CURVE('',#4013,#4014,#4716,.T.);
#2880=EDGE_CURVE('',#4014,#4011,#4717,.T.);
#2881=EDGE_CURVE('',#4015,#4016,#4718,.T.);
#2882=EDGE_CURVE('',#4016,#4017,#4719,.T.);
#2883=EDGE_CURVE('',#4017,#4018,#4720,.T.);
#2884=EDGE_CURVE('',#4018,#4015,#4721,.T.);
#2885=EDGE_CURVE('',#4019,#4020,#4722,.T.);
#2886=EDGE_CURVE('',#4020,#4021,#4723,.T.);
#2887=EDGE_CURVE('',#4021,#4022,#4724,.T.);
#2888=EDGE_CURVE('',#4022,#4019,#4725,.T.);
#2889=EDGE_CURVE('',#4023,#4024,#4726,.T.);
#2890=EDGE_CURVE('',#4024,#4025,#4727,.T.);
#2891=EDGE_CURVE('',#4025,#4026,#4728,.T.);
#2892=EDGE_CURVE('',#4026,#4023,#4729,.T.);
#2893=EDGE_CURVE('',#4027,#4028,#4730,.T.);
#2894=EDGE_CURVE('',#4028,#4029,#4731,.T.);
#2895=EDGE_CURVE('',#4029,#4030,#4732,.T.);
#2896=EDGE_CURVE('',#4030,#4027,#4733,.T.);
#2897=EDGE_CURVE('',#4031,#4032,#4734,.T.);
#2898=EDGE_CURVE('',#4032,#4033,#4735,.T.);
#2899=EDGE_CURVE('',#4033,#4034,#4736,.T.);
#2900=EDGE_CURVE('',#4034,#4031,#4737,.T.);
#2901=EDGE_CURVE('',#4035,#4036,#4738,.T.);
#2902=EDGE_CURVE('',#4036,#4037,#4739,.T.);
#2903=EDGE_CURVE('',#4037,#4038,#4740,.T.);
#2904=EDGE_CURVE('',#4038,#4035,#4741,.T.);
#2905=EDGE_CURVE('',#4039,#4040,#4742,.T.);
#2906=EDGE_CURVE('',#4040,#4041,#4743,.T.);
#2907=EDGE_CURVE('',#4041,#4042,#4744,.T.);
#2908=EDGE_CURVE('',#4042,#4039,#4745,.T.);
#2909=EDGE_CURVE('',#4043,#4044,#4746,.T.);
#2910=EDGE_CURVE('',#4044,#4045,#4747,.T.);
#2911=EDGE_CURVE('',#4045,#4046,#4748,.T.);
#2912=EDGE_CURVE('',#4046,#4043,#4749,.T.);
#2913=EDGE_CURVE('',#4047,#4048,#4750,.T.);
#2914=EDGE_CURVE('',#4048,#4049,#4751,.T.);
#2915=EDGE_CURVE('',#4049,#4050,#4752,.T.);
#2916=EDGE_CURVE('',#4050,#4047,#4753,.T.);
#2917=EDGE_CURVE('',#4051,#4052,#4754,.T.);
#2918=EDGE_CURVE('',#4053,#4051,#4755,.T.);
#2919=EDGE_CURVE('',#3930,#4053,#4756,.T.);
#2920=EDGE_CURVE('',#4054,#3929,#4757,.T.);
#2921=EDGE_CURVE('',#3924,#4054,#4758,.T.);
#2922=EDGE_CURVE('',#4055,#3923,#4759,.T.);
#2923=EDGE_CURVE('',#3928,#4055,#4760,.T.);
#2924=EDGE_CURVE('',#4056,#3927,#4761,.T.);
#2925=EDGE_CURVE('',#4052,#4056,#4762,.T.);
#2926=EDGE_CURVE('',#4057,#3857,#4763,.T.);
#2927=EDGE_CURVE('',#4057,#4058,#4764,.T.);
#2928=EDGE_CURVE('',#3858,#4058,#4765,.T.);
#2929=EDGE_CURVE('',#4059,#4057,#4766,.T.);
#2930=EDGE_CURVE('',#4059,#4060,#4767,.T.);
#2931=EDGE_CURVE('',#4060,#3885,#4768,.T.);
#2932=EDGE_CURVE('',#3914,#3925,#4769,.T.);
#2933=EDGE_CURVE('',#4061,#3887,#4770,.T.);
#2934=EDGE_CURVE('',#4061,#4062,#4771,.T.);
#2935=EDGE_CURVE('',#4062,#4058,#4772,.T.);
#2936=EDGE_CURVE('',#3913,#3926,#4773,.T.);
#2937=EDGE_CURVE('',#4063,#4064,#4774,.T.);
#2938=EDGE_CURVE('',#4065,#4064,#4775,.T.);
#2939=EDGE_CURVE('',#4065,#4066,#4776,.T.);
#2940=EDGE_CURVE('',#4066,#3895,#4777,.T.);
#2941=EDGE_CURVE('',#4067,#3903,#4778,.T.);
#2942=EDGE_CURVE('',#4067,#4068,#4779,.T.);
#2943=EDGE_CURVE('',#4068,#4063,#4780,.T.);
#2944=EDGE_CURVE('',#4064,#3825,#4781,.T.);
#2945=EDGE_CURVE('',#3826,#4063,#4782,.T.);
#2946=EDGE_CURVE('',#4068,#3827,#4783,.T.);
#2947=EDGE_CURVE('',#3823,#4065,#4784,.T.);
#2948=EDGE_CURVE('',#3855,#4059,#4785,.T.);
#2949=EDGE_CURVE('',#4062,#3859,#4786,.T.);
#2950=EDGE_CURVE('',#4056,#3906,#4787,.T.);
#2951=EDGE_CURVE('',#4069,#3912,#4788,.T.);
#2952=EDGE_CURVE('',#4069,#4052,#4789,.T.);
#2953=EDGE_CURVE('',#4051,#4070,#4790,.T.);
#2954=EDGE_CURVE('',#4070,#3911,#4791,.T.);
#2955=EDGE_CURVE('',#4053,#3893,#4792,.T.);
#2956=EDGE_CURVE('',#4054,#3890,#4793,.T.);
#2957=EDGE_CURVE('',#4055,#3909,#4794,.T.);
#2958=EDGE_CURVE('',#4071,#4071,#252,.T.);
#2959=EDGE_CURVE('',#3862,#3863,#253,.T.);
#2960=EDGE_CURVE('',#4072,#4072,#254,.F.);
#2961=EDGE_CURVE('',#4073,#3900,#4795,.T.);
#2962=EDGE_CURVE('',#4073,#4074,#255,.T.);
#2963=EDGE_CURVE('',#4074,#3901,#4796,.T.);
#2964=EDGE_CURVE('',#4074,#4075,#256,.T.);
#2965=EDGE_CURVE('',#4075,#3902,#4797,.T.);
#2966=EDGE_CURVE('',#4075,#3831,#257,.T.);
#2967=EDGE_CURVE('',#3832,#4076,#258,.T.);
#2968=EDGE_CURVE('',#4076,#3897,#4798,.T.);
#2969=EDGE_CURVE('',#4076,#4077,#259,.T.);
#2970=EDGE_CURVE('',#4077,#3898,#4799,.T.);
#2971=EDGE_CURVE('',#4077,#4078,#260,.T.);
#2972=EDGE_CURVE('',#4078,#3899,#4800,.T.);
#2973=EDGE_CURVE('',#4078,#4073,#4801,.T.);
#2974=EDGE_CURVE('',#4079,#4080,#261,.F.);
#2975=EDGE_CURVE('',#4080,#4081,#262,.F.);
#2976=EDGE_CURVE('',#4081,#4082,#263,.F.);
#2977=EDGE_CURVE('',#4082,#4083,#4802,.F.);
#2978=EDGE_CURVE('',#4083,#4084,#264,.F.);
#2979=EDGE_CURVE('',#4084,#4085,#265,.F.);
#2980=EDGE_CURVE('',#4085,#4086,#266,.F.);
#2981=EDGE_CURVE('',#4086,#4079,#4803,.F.);
#2982=EDGE_CURVE('',#4085,#4076,#267,.T.);
#2983=EDGE_CURVE('',#4077,#4084,#268,.T.);
#2984=EDGE_CURVE('',#4078,#4083,#269,.T.);
#2985=EDGE_CURVE('',#4086,#3832,#270,.T.);
#2986=EDGE_CURVE('',#4073,#4082,#271,.T.);
#2987=EDGE_CURVE('',#4079,#3831,#272,.T.);
#2988=EDGE_CURVE('',#4074,#4081,#273,.T.);
#2989=EDGE_CURVE('',#4080,#4075,#274,.T.);
#2990=EDGE_CURVE('',#4070,#4069,#4804,.T.);
#2991=EDGE_CURVE('',#4066,#3824,#4805,.T.);
#2992=EDGE_CURVE('',#3828,#4067,#4806,.T.);
#2993=EDGE_CURVE('',#3860,#4061,#4807,.T.);
#2994=EDGE_CURVE('',#4060,#3856,#4808,.T.);
#2995=EDGE_CURVE('',#4087,#3865,#4809,.T.);
#2996=EDGE_CURVE('',#4087,#4088,#275,.F.);
#2997=EDGE_CURVE('',#4088,#3867,#4810,.T.);
#2998=EDGE_CURVE('',#4089,#3866,#4811,.T.);
#2999=EDGE_CURVE('',#4089,#4087,#4812,.T.);
#3000=EDGE_CURVE('',#4090,#3884,#4813,.T.);
#3001=EDGE_CURVE('',#4090,#4089,#276,.F.);
#3002=EDGE_CURVE('',#4091,#3883,#4814,.T.);
#3003=EDGE_CURVE('',#4091,#4090,#4815,.T.);
#3004=EDGE_CURVE('',#4092,#3882,#4816,.T.);
#3005=EDGE_CURVE('',#4092,#4091,#4817,.T.);
#3006=EDGE_CURVE('',#4093,#3881,#4818,.T.);
#3007=EDGE_CURVE('',#4093,#4092,#4819,.T.);
#3008=EDGE_CURVE('',#4094,#3880,#4820,.T.);
#3009=EDGE_CURVE('',#4094,#4093,#277,.F.);
#3010=EDGE_CURVE('',#4095,#3879,#4821,.T.);
#3011=EDGE_CURVE('',#4095,#4094,#4822,.T.);
#3012=EDGE_CURVE('',#4096,#3878,#4823,.T.);
#3013=EDGE_CURVE('',#4096,#4095,#278,.F.);
#3014=EDGE_CURVE('',#4097,#3877,#4824,.T.);
#3015=EDGE_CURVE('',#4097,#4096,#4825,.T.);
#3016=EDGE_CURVE('',#4098,#3876,#4826,.T.);
#3017=EDGE_CURVE('',#4098,#4097,#279,.F.);
#3018=EDGE_CURVE('',#4099,#3875,#4827,.T.);
#3019=EDGE_CURVE('',#4099,#4098,#4828,.T.);
#3020=EDGE_CURVE('',#4100,#3874,#4829,.T.);
#3021=EDGE_CURVE('',#4100,#4099,#280,.F.);
#3022=EDGE_CURVE('',#4101,#3873,#4830,.T.);
#3023=EDGE_CURVE('',#4101,#4100,#4831,.T.);
#3024=EDGE_CURVE('',#4102,#3872,#4832,.T.);
#3025=EDGE_CURVE('',#4102,#4101,#4833,.T.);
#3026=EDGE_CURVE('',#4103,#3871,#4834,.T.);
#3027=EDGE_CURVE('',#4103,#4102,#4835,.T.);
#3028=EDGE_CURVE('',#4104,#3870,#4836,.T.);
#3029=EDGE_CURVE('',#4104,#4103,#281,.F.);
#3030=EDGE_CURVE('',#4105,#3869,#4837,.T.);
#3031=EDGE_CURVE('',#4105,#4104,#4838,.T.);
#3032=EDGE_CURVE('',#4106,#3868,#4839,.T.);
#3033=EDGE_CURVE('',#4106,#4105,#282,.F.);
#3034=EDGE_CURVE('',#4088,#4106,#4840,.T.);
#3035=EDGE_CURVE('',#4107,#4108,#4841,.T.);
#3036=EDGE_CURVE('',#4108,#4109,#4842,.T.);
#3037=EDGE_CURVE('',#4109,#4110,#4843,.T.);
#3038=EDGE_CURVE('',#4110,#4111,#4844,.T.);
#3039=EDGE_CURVE('',#4111,#4112,#4845,.T.);
#3040=EDGE_CURVE('',#4112,#4113,#4846,.T.);
#3041=EDGE_CURVE('',#4113,#4114,#4847,.T.);
#3042=EDGE_CURVE('',#4114,#4115,#4848,.T.);
#3043=EDGE_CURVE('',#4115,#4116,#4849,.T.);
#3044=EDGE_CURVE('',#4116,#4117,#4850,.T.);
#3045=EDGE_CURVE('',#4117,#4118,#4851,.T.);
#3046=EDGE_CURVE('',#4118,#4107,#4852,.T.);
#3047=EDGE_CURVE('',#4119,#3835,#4853,.T.);
#3048=EDGE_CURVE('',#4119,#4120,#283,.F.);
#3049=EDGE_CURVE('',#4120,#3837,#4854,.T.);
#3050=EDGE_CURVE('',#4121,#3836,#4855,.T.);
#3051=EDGE_CURVE('',#4121,#4119,#4856,.T.);
#3052=EDGE_CURVE('',#4122,#3854,#4857,.T.);
#3053=EDGE_CURVE('',#4122,#4121,#284,.F.);
#3054=EDGE_CURVE('',#4123,#3853,#4858,.T.);
#3055=EDGE_CURVE('',#4123,#4122,#4859,.T.);
#3056=EDGE_CURVE('',#4124,#3852,#4860,.T.);
#3057=EDGE_CURVE('',#4124,#4123,#4861,.T.);
#3058=EDGE_CURVE('',#4125,#3851,#4862,.T.);
#3059=EDGE_CURVE('',#4125,#4124,#4863,.T.);
#3060=EDGE_CURVE('',#4126,#3850,#4864,.T.);
#3061=EDGE_CURVE('',#4126,#4125,#285,.F.);
#3062=EDGE_CURVE('',#4127,#3849,#4865,.T.);
#3063=EDGE_CURVE('',#4127,#4126,#4866,.T.);
#3064=EDGE_CURVE('',#4128,#3848,#4867,.T.);
#3065=EDGE_CURVE('',#4128,#4127,#286,.F.);
#3066=EDGE_CURVE('',#4129,#3847,#4868,.T.);
#3067=EDGE_CURVE('',#4129,#4128,#4869,.T.);
#3068=EDGE_CURVE('',#4130,#3846,#4870,.T.);
#3069=EDGE_CURVE('',#4130,#4129,#287,.F.);
#3070=EDGE_CURVE('',#4131,#3845,#4871,.T.);
#3071=EDGE_CURVE('',#4131,#4130,#4872,.T.);
#3072=EDGE_CURVE('',#4132,#3844,#4873,.T.);
#3073=EDGE_CURVE('',#4132,#4131,#288,.F.);
#3074=EDGE_CURVE('',#4133,#3843,#4874,.T.);
#3075=EDGE_CURVE('',#4133,#4132,#4875,.T.);
#3076=EDGE_CURVE('',#4134,#3842,#4876,.T.);
#3077=EDGE_CURVE('',#4134,#4133,#4877,.T.);
#3078=EDGE_CURVE('',#4135,#3841,#4878,.T.);
#3079=EDGE_CURVE('',#4135,#4134,#4879,.T.);
#3080=EDGE_CURVE('',#4136,#3840,#4880,.T.);
#3081=EDGE_CURVE('',#4136,#4135,#289,.F.);
#3082=EDGE_CURVE('',#4137,#3839,#4881,.T.);
#3083=EDGE_CURVE('',#4137,#4136,#4882,.T.);
#3084=EDGE_CURVE('',#4138,#3838,#4883,.T.);
#3085=EDGE_CURVE('',#4138,#4137,#290,.F.);
#3086=EDGE_CURVE('',#4120,#4138,#4884,.T.);
#3087=EDGE_CURVE('',#4139,#4140,#4885,.T.);
#3088=EDGE_CURVE('',#4140,#4141,#4886,.T.);
#3089=EDGE_CURVE('',#4141,#4142,#4887,.T.);
#3090=EDGE_CURVE('',#4142,#4143,#4888,.T.);
#3091=EDGE_CURVE('',#4143,#4144,#4889,.T.);
#3092=EDGE_CURVE('',#4144,#4145,#4890,.T.);
#3093=EDGE_CURVE('',#4145,#4146,#4891,.T.);
#3094=EDGE_CURVE('',#4146,#4147,#4892,.T.);
#3095=EDGE_CURVE('',#4147,#4148,#4893,.T.);
#3096=EDGE_CURVE('',#4148,#4149,#4894,.T.);
#3097=EDGE_CURVE('',#4149,#4150,#4895,.T.);
#3098=EDGE_CURVE('',#4150,#4139,#4896,.T.);
#3099=EDGE_CURVE('',#4128,#4146,#4897,.T.);
#3100=EDGE_CURVE('',#4147,#4129,#4898,.T.);
#3101=EDGE_CURVE('',#4147,#4130,#4899,.T.);
#3102=EDGE_CURVE('',#4127,#4146,#4900,.T.);
#3103=EDGE_CURVE('',#4148,#4131,#4901,.T.);
#3104=EDGE_CURVE('',#4126,#4145,#4902,.T.);
#3105=EDGE_CURVE('',#4148,#4132,#4903,.T.);
#3106=EDGE_CURVE('',#4125,#4145,#4904,.T.);
#3107=EDGE_CURVE('',#4149,#4133,#4905,.F.);
#3108=EDGE_CURVE('',#4124,#4144,#4906,.T.);
#3109=EDGE_CURVE('',#4150,#4134,#4907,.F.);
#3110=EDGE_CURVE('',#4123,#4143,#4908,.T.);
#3111=EDGE_CURVE('',#4139,#4135,#4909,.T.);
#3112=EDGE_CURVE('',#4122,#4142,#4910,.T.);
#3113=EDGE_CURVE('',#4139,#4136,#4911,.T.);
#3114=EDGE_CURVE('',#4121,#4142,#4912,.T.);
#3115=EDGE_CURVE('',#4140,#4137,#4913,.T.);
#3116=EDGE_CURVE('',#4119,#4141,#4914,.T.);
#3117=EDGE_CURVE('',#4140,#4138,#4915,.T.);
#3118=EDGE_CURVE('',#4120,#4141,#4916,.T.);
#3119=EDGE_CURVE('',#4096,#4114,#4917,.T.);
#3120=EDGE_CURVE('',#4115,#4097,#4918,.T.);
#3121=EDGE_CURVE('',#4115,#4098,#4919,.T.);
#3122=EDGE_CURVE('',#4095,#4114,#4920,.T.);
#3123=EDGE_CURVE('',#4116,#4099,#4921,.T.);
#3124=EDGE_CURVE('',#4094,#4113,#4922,.T.);
#3125=EDGE_CURVE('',#4116,#4100,#4923,.T.);
#3126=EDGE_CURVE('',#4093,#4113,#4924,.T.);
#3127=EDGE_CURVE('',#4117,#4101,#4925,.F.);
#3128=EDGE_CURVE('',#4092,#4112,#4926,.T.);
#3129=EDGE_CURVE('',#4118,#4102,#4927,.F.);
#3130=EDGE_CURVE('',#4091,#4111,#4928,.T.);
#3131=EDGE_CURVE('',#4107,#4103,#4929,.T.);
#3132=EDGE_CURVE('',#4090,#4110,#4930,.T.);
#3133=EDGE_CURVE('',#4107,#4104,#4931,.T.);
#3134=EDGE_CURVE('',#4089,#4110,#4932,.T.);
#3135=EDGE_CURVE('',#4108,#4105,#4933,.T.);
#3136=EDGE_CURVE('',#4087,#4109,#4934,.T.);
#3137=EDGE_CURVE('',#4108,#4106,#4935,.T.);
#3138=EDGE_CURVE('',#4088,#4109,#4936,.T.);
#3139=EDGE_CURVE('',#4151,#4152,#4937,.T.);
#3140=EDGE_CURVE('',#4152,#4153,#4938,.T.);
#3141=EDGE_CURVE('',#4154,#4153,#4939,.T.);
#3142=EDGE_CURVE('',#4151,#4154,#4940,.T.);
#3143=EDGE_CURVE('',#4153,#4155,#4941,.T.);
#3144=EDGE_CURVE('',#4156,#4155,#4942,.T.);
#3145=EDGE_CURVE('',#4154,#4156,#4943,.T.);
#3146=EDGE_CURVE('',#4155,#4157,#4944,.T.);
#3147=EDGE_CURVE('',#4158,#4157,#4945,.T.);
#3148=EDGE_CURVE('',#4156,#4158,#4946,.T.);
#3149=EDGE_CURVE('',#4157,#4152,#4947,.T.);
#3150=EDGE_CURVE('',#4158,#4151,#4948,.T.);
#3151=EDGE_CURVE('',#4159,#4160,#4949,.T.);
#3152=EDGE_CURVE('',#4160,#4161,#4950,.T.);
#3153=EDGE_CURVE('',#4162,#4161,#4951,.T.);
#3154=EDGE_CURVE('',#4159,#4162,#4952,.T.);
#3155=EDGE_CURVE('',#4161,#4163,#4953,.T.);
#3156=EDGE_CURVE('',#4164,#4163,#4954,.T.);
#3157=EDGE_CURVE('',#4162,#4164,#4955,.T.);
#3158=EDGE_CURVE('',#4163,#4165,#4956,.T.);
#3159=EDGE_CURVE('',#4166,#4165,#4957,.T.);
#3160=EDGE_CURVE('',#4164,#4166,#4958,.T.);
#3161=EDGE_CURVE('',#4165,#4160,#4959,.T.);
#3162=EDGE_CURVE('',#4166,#4159,#4960,.T.);
#3163=EDGE_CURVE('',#4167,#4168,#4961,.T.);
#3164=EDGE_CURVE('',#4168,#4169,#4962,.T.);
#3165=EDGE_CURVE('',#4170,#4169,#4963,.T.);
#3166=EDGE_CURVE('',#4167,#4170,#4964,.T.);
#3167=EDGE_CURVE('',#4169,#4171,#4965,.T.);
#3168=EDGE_CURVE('',#4172,#4171,#4966,.T.);
#3169=EDGE_CURVE('',#4170,#4172,#4967,.T.);
#3170=EDGE_CURVE('',#4171,#4173,#4968,.T.);
#3171=EDGE_CURVE('',#4174,#4173,#4969,.T.);
#3172=EDGE_CURVE('',#4172,#4174,#4970,.T.);
#3173=EDGE_CURVE('',#4173,#4168,#4971,.T.);
#3174=EDGE_CURVE('',#4174,#4167,#4972,.T.);
#3175=EDGE_CURVE('',#4175,#4176,#4973,.T.);
#3176=EDGE_CURVE('',#4176,#4177,#4974,.T.);
#3177=EDGE_CURVE('',#4178,#4177,#4975,.T.);
#3178=EDGE_CURVE('',#4175,#4178,#4976,.T.);
#3179=EDGE_CURVE('',#4177,#4179,#4977,.T.);
#3180=EDGE_CURVE('',#4180,#4179,#4978,.T.);
#3181=EDGE_CURVE('',#4178,#4180,#4979,.T.);
#3182=EDGE_CURVE('',#4179,#4181,#4980,.T.);
#3183=EDGE_CURVE('',#4182,#4181,#4981,.T.);
#3184=EDGE_CURVE('',#4180,#4182,#4982,.T.);
#3185=EDGE_CURVE('',#4181,#4176,#4983,.T.);
#3186=EDGE_CURVE('',#4182,#4175,#4984,.T.);
#3187=EDGE_CURVE('',#4183,#4184,#4985,.T.);
#3188=EDGE_CURVE('',#4184,#4185,#4986,.T.);
#3189=EDGE_CURVE('',#4186,#4185,#4987,.T.);
#3190=EDGE_CURVE('',#4183,#4186,#4988,.T.);
#3191=EDGE_CURVE('',#4185,#4187,#4989,.T.);
#3192=EDGE_CURVE('',#4188,#4187,#4990,.T.);
#3193=EDGE_CURVE('',#4186,#4188,#4991,.T.);
#3194=EDGE_CURVE('',#4187,#4189,#4992,.T.);
#3195=EDGE_CURVE('',#4190,#4189,#4993,.T.);
#3196=EDGE_CURVE('',#4188,#4190,#4994,.T.);
#3197=EDGE_CURVE('',#4189,#4184,#4995,.T.);
#3198=EDGE_CURVE('',#4190,#4183,#4996,.T.);
#3199=EDGE_CURVE('',#4191,#4192,#4997,.T.);
#3200=EDGE_CURVE('',#4192,#4193,#4998,.T.);
#3201=EDGE_CURVE('',#4194,#4193,#4999,.T.);
#3202=EDGE_CURVE('',#4191,#4194,#5000,.T.);
#3203=EDGE_CURVE('',#4193,#4195,#5001,.T.);
#3204=EDGE_CURVE('',#4196,#4195,#5002,.T.);
#3205=EDGE_CURVE('',#4194,#4196,#5003,.T.);
#3206=EDGE_CURVE('',#4195,#4197,#5004,.T.);
#3207=EDGE_CURVE('',#4198,#4197,#5005,.T.);
#3208=EDGE_CURVE('',#4196,#4198,#5006,.T.);
#3209=EDGE_CURVE('',#4197,#4192,#5007,.T.);
#3210=EDGE_CURVE('',#4198,#4191,#5008,.T.);
#3211=EDGE_CURVE('',#4199,#4200,#5009,.T.);
#3212=EDGE_CURVE('',#4200,#4201,#5010,.T.);
#3213=EDGE_CURVE('',#4202,#4201,#5011,.T.);
#3214=EDGE_CURVE('',#4199,#4202,#5012,.T.);
#3215=EDGE_CURVE('',#4201,#4203,#5013,.T.);
#3216=EDGE_CURVE('',#4204,#4203,#5014,.T.);
#3217=EDGE_CURVE('',#4202,#4204,#5015,.T.);
#3218=EDGE_CURVE('',#4203,#4205,#5016,.T.);
#3219=EDGE_CURVE('',#4206,#4205,#5017,.T.);
#3220=EDGE_CURVE('',#4204,#4206,#5018,.T.);
#3221=EDGE_CURVE('',#4205,#4200,#5019,.T.);
#3222=EDGE_CURVE('',#4206,#4199,#5020,.T.);
#3223=EDGE_CURVE('',#4207,#4208,#5021,.T.);
#3224=EDGE_CURVE('',#4208,#4209,#5022,.T.);
#3225=EDGE_CURVE('',#4210,#4209,#5023,.T.);
#3226=EDGE_CURVE('',#4207,#4210,#5024,.T.);
#3227=EDGE_CURVE('',#4209,#4211,#5025,.T.);
#3228=EDGE_CURVE('',#4212,#4211,#5026,.T.);
#3229=EDGE_CURVE('',#4210,#4212,#5027,.T.);
#3230=EDGE_CURVE('',#4211,#4213,#5028,.T.);
#3231=EDGE_CURVE('',#4214,#4213,#5029,.T.);
#3232=EDGE_CURVE('',#4212,#4214,#5030,.T.);
#3233=EDGE_CURVE('',#4213,#4208,#5031,.T.);
#3234=EDGE_CURVE('',#4214,#4207,#5032,.T.);
#3235=EDGE_CURVE('',#4215,#4216,#5033,.T.);
#3236=EDGE_CURVE('',#4216,#4217,#5034,.T.);
#3237=EDGE_CURVE('',#4218,#4217,#5035,.T.);
#3238=EDGE_CURVE('',#4215,#4218,#5036,.T.);
#3239=EDGE_CURVE('',#4217,#4219,#5037,.T.);
#3240=EDGE_CURVE('',#4220,#4219,#5038,.T.);
#3241=EDGE_CURVE('',#4218,#4220,#5039,.T.);
#3242=EDGE_CURVE('',#4219,#4221,#5040,.T.);
#3243=EDGE_CURVE('',#4222,#4221,#5041,.T.);
#3244=EDGE_CURVE('',#4220,#4222,#5042,.T.);
#3245=EDGE_CURVE('',#4221,#4216,#5043,.T.);
#3246=EDGE_CURVE('',#4222,#4215,#5044,.T.);
#3247=EDGE_CURVE('',#4223,#4224,#5045,.T.);
#3248=EDGE_CURVE('',#4224,#4225,#5046,.T.);
#3249=EDGE_CURVE('',#4226,#4225,#5047,.T.);
#3250=EDGE_CURVE('',#4223,#4226,#5048,.T.);
#3251=EDGE_CURVE('',#4225,#4227,#5049,.T.);
#3252=EDGE_CURVE('',#4228,#4227,#5050,.T.);
#3253=EDGE_CURVE('',#4226,#4228,#5051,.T.);
#3254=EDGE_CURVE('',#4227,#4229,#5052,.T.);
#3255=EDGE_CURVE('',#4230,#4229,#5053,.T.);
#3256=EDGE_CURVE('',#4228,#4230,#5054,.T.);
#3257=EDGE_CURVE('',#4229,#4224,#5055,.T.);
#3258=EDGE_CURVE('',#4230,#4223,#5056,.T.);
#3259=EDGE_CURVE('',#4231,#4232,#5057,.T.);
#3260=EDGE_CURVE('',#4232,#4233,#5058,.T.);
#3261=EDGE_CURVE('',#4234,#4233,#5059,.T.);
#3262=EDGE_CURVE('',#4231,#4234,#5060,.T.);
#3263=EDGE_CURVE('',#4233,#4235,#5061,.T.);
#3264=EDGE_CURVE('',#4236,#4235,#5062,.T.);
#3265=EDGE_CURVE('',#4234,#4236,#5063,.T.);
#3266=EDGE_CURVE('',#4235,#4237,#5064,.T.);
#3267=EDGE_CURVE('',#4238,#4237,#5065,.T.);
#3268=EDGE_CURVE('',#4236,#4238,#5066,.T.);
#3269=EDGE_CURVE('',#4237,#4232,#5067,.T.);
#3270=EDGE_CURVE('',#4238,#4231,#5068,.T.);
#3271=EDGE_CURVE('',#4239,#4240,#5069,.T.);
#3272=EDGE_CURVE('',#4240,#4241,#5070,.T.);
#3273=EDGE_CURVE('',#4242,#4241,#5071,.T.);
#3274=EDGE_CURVE('',#4239,#4242,#5072,.T.);
#3275=EDGE_CURVE('',#4241,#4243,#5073,.T.);
#3276=EDGE_CURVE('',#4244,#4243,#5074,.T.);
#3277=EDGE_CURVE('',#4242,#4244,#5075,.T.);
#3278=EDGE_CURVE('',#4243,#4245,#5076,.T.);
#3279=EDGE_CURVE('',#4246,#4245,#5077,.T.);
#3280=EDGE_CURVE('',#4244,#4246,#5078,.T.);
#3281=EDGE_CURVE('',#4245,#4240,#5079,.T.);
#3282=EDGE_CURVE('',#4246,#4239,#5080,.T.);
#3283=EDGE_CURVE('',#4247,#4248,#5081,.T.);
#3284=EDGE_CURVE('',#4248,#4249,#5082,.T.);
#3285=EDGE_CURVE('',#4250,#4249,#5083,.T.);
#3286=EDGE_CURVE('',#4247,#4250,#5084,.T.);
#3287=EDGE_CURVE('',#4249,#4251,#5085,.T.);
#3288=EDGE_CURVE('',#4252,#4251,#5086,.T.);
#3289=EDGE_CURVE('',#4250,#4252,#5087,.T.);
#3290=EDGE_CURVE('',#4251,#4253,#5088,.T.);
#3291=EDGE_CURVE('',#4254,#4253,#5089,.T.);
#3292=EDGE_CURVE('',#4252,#4254,#5090,.T.);
#3293=EDGE_CURVE('',#4253,#4248,#5091,.T.);
#3294=EDGE_CURVE('',#4254,#4247,#5092,.T.);
#3295=EDGE_CURVE('',#4255,#4256,#5093,.T.);
#3296=EDGE_CURVE('',#4256,#4257,#5094,.T.);
#3297=EDGE_CURVE('',#4258,#4257,#5095,.T.);
#3298=EDGE_CURVE('',#4255,#4258,#5096,.T.);
#3299=EDGE_CURVE('',#4257,#4259,#5097,.T.);
#3300=EDGE_CURVE('',#4260,#4259,#5098,.T.);
#3301=EDGE_CURVE('',#4258,#4260,#5099,.T.);
#3302=EDGE_CURVE('',#4259,#4261,#5100,.T.);
#3303=EDGE_CURVE('',#4262,#4261,#5101,.T.);
#3304=EDGE_CURVE('',#4260,#4262,#5102,.T.);
#3305=EDGE_CURVE('',#4261,#4256,#5103,.T.);
#3306=EDGE_CURVE('',#4262,#4255,#5104,.T.);
#3307=EDGE_CURVE('',#4263,#4264,#5105,.T.);
#3308=EDGE_CURVE('',#4264,#4265,#5106,.T.);
#3309=EDGE_CURVE('',#4266,#4265,#5107,.T.);
#3310=EDGE_CURVE('',#4263,#4266,#5108,.T.);
#3311=EDGE_CURVE('',#4265,#4267,#5109,.T.);
#3312=EDGE_CURVE('',#4268,#4267,#5110,.T.);
#3313=EDGE_CURVE('',#4266,#4268,#5111,.T.);
#3314=EDGE_CURVE('',#4267,#4269,#5112,.T.);
#3315=EDGE_CURVE('',#4270,#4269,#5113,.T.);
#3316=EDGE_CURVE('',#4268,#4270,#5114,.T.);
#3317=EDGE_CURVE('',#4269,#4264,#5115,.T.);
#3318=EDGE_CURVE('',#4270,#4263,#5116,.T.);
#3319=EDGE_CURVE('',#4271,#4272,#5117,.T.);
#3320=EDGE_CURVE('',#4272,#4273,#5118,.T.);
#3321=EDGE_CURVE('',#4274,#4273,#5119,.T.);
#3322=EDGE_CURVE('',#4271,#4274,#5120,.T.);
#3323=EDGE_CURVE('',#4273,#4275,#5121,.T.);
#3324=EDGE_CURVE('',#4276,#4275,#5122,.T.);
#3325=EDGE_CURVE('',#4274,#4276,#5123,.T.);
#3326=EDGE_CURVE('',#4275,#4277,#5124,.T.);
#3327=EDGE_CURVE('',#4278,#4277,#5125,.T.);
#3328=EDGE_CURVE('',#4276,#4278,#5126,.T.);
#3329=EDGE_CURVE('',#4277,#4272,#5127,.T.);
#3330=EDGE_CURVE('',#4278,#4271,#5128,.T.);
#3331=EDGE_CURVE('',#4279,#4280,#5129,.T.);
#3332=EDGE_CURVE('',#4280,#4281,#5130,.T.);
#3333=EDGE_CURVE('',#4282,#4281,#5131,.T.);
#3334=EDGE_CURVE('',#4279,#4282,#5132,.T.);
#3335=EDGE_CURVE('',#4281,#4283,#5133,.T.);
#3336=EDGE_CURVE('',#4284,#4283,#5134,.T.);
#3337=EDGE_CURVE('',#4282,#4284,#5135,.T.);
#3338=EDGE_CURVE('',#4283,#4285,#5136,.T.);
#3339=EDGE_CURVE('',#4286,#4285,#5137,.T.);
#3340=EDGE_CURVE('',#4284,#4286,#5138,.T.);
#3341=EDGE_CURVE('',#4285,#4280,#5139,.T.);
#3342=EDGE_CURVE('',#4286,#4279,#5140,.T.);
#3343=EDGE_CURVE('',#4287,#4288,#5141,.T.);
#3344=EDGE_CURVE('',#4288,#4289,#5142,.T.);
#3345=EDGE_CURVE('',#4290,#4289,#5143,.T.);
#3346=EDGE_CURVE('',#4287,#4290,#5144,.T.);
#3347=EDGE_CURVE('',#4289,#4291,#5145,.T.);
#3348=EDGE_CURVE('',#4292,#4291,#5146,.T.);
#3349=EDGE_CURVE('',#4290,#4292,#5147,.T.);
#3350=EDGE_CURVE('',#4291,#4293,#5148,.T.);
#3351=EDGE_CURVE('',#4294,#4293,#5149,.T.);
#3352=EDGE_CURVE('',#4292,#4294,#5150,.T.);
#3353=EDGE_CURVE('',#4293,#4288,#5151,.T.);
#3354=EDGE_CURVE('',#4294,#4287,#5152,.T.);
#3355=EDGE_CURVE('',#4295,#4296,#5153,.T.);
#3356=EDGE_CURVE('',#4296,#4297,#5154,.T.);
#3357=EDGE_CURVE('',#4298,#4297,#5155,.T.);
#3358=EDGE_CURVE('',#4295,#4298,#5156,.T.);
#3359=EDGE_CURVE('',#4297,#4299,#5157,.T.);
#3360=EDGE_CURVE('',#4300,#4299,#5158,.T.);
#3361=EDGE_CURVE('',#4298,#4300,#5159,.T.);
#3362=EDGE_CURVE('',#4299,#4301,#5160,.T.);
#3363=EDGE_CURVE('',#4302,#4301,#5161,.T.);
#3364=EDGE_CURVE('',#4300,#4302,#5162,.T.);
#3365=EDGE_CURVE('',#4301,#4296,#5163,.T.);
#3366=EDGE_CURVE('',#4302,#4295,#5164,.T.);
#3367=EDGE_CURVE('',#4303,#4304,#5165,.T.);
#3368=EDGE_CURVE('',#4304,#4305,#5166,.T.);
#3369=EDGE_CURVE('',#4306,#4305,#5167,.T.);
#3370=EDGE_CURVE('',#4303,#4306,#5168,.T.);
#3371=EDGE_CURVE('',#4305,#4307,#5169,.T.);
#3372=EDGE_CURVE('',#4308,#4307,#5170,.T.);
#3373=EDGE_CURVE('',#4306,#4308,#5171,.T.);
#3374=EDGE_CURVE('',#4307,#4309,#5172,.T.);
#3375=EDGE_CURVE('',#4310,#4309,#5173,.T.);
#3376=EDGE_CURVE('',#4308,#4310,#5174,.T.);
#3377=EDGE_CURVE('',#4309,#4304,#5175,.T.);
#3378=EDGE_CURVE('',#4310,#4303,#5176,.T.);
#3379=EDGE_CURVE('',#4311,#4312,#5177,.T.);
#3380=EDGE_CURVE('',#4312,#4313,#5178,.T.);
#3381=EDGE_CURVE('',#4314,#4313,#5179,.T.);
#3382=EDGE_CURVE('',#4311,#4314,#5180,.T.);
#3383=EDGE_CURVE('',#4313,#4315,#5181,.T.);
#3384=EDGE_CURVE('',#4316,#4315,#5182,.T.);
#3385=EDGE_CURVE('',#4314,#4316,#5183,.T.);
#3386=EDGE_CURVE('',#4315,#4317,#5184,.T.);
#3387=EDGE_CURVE('',#4318,#4317,#5185,.T.);
#3388=EDGE_CURVE('',#4316,#4318,#5186,.T.);
#3389=EDGE_CURVE('',#4317,#4312,#5187,.T.);
#3390=EDGE_CURVE('',#4318,#4311,#5188,.T.);
#3391=EDGE_CURVE('',#4319,#4320,#5189,.T.);
#3392=EDGE_CURVE('',#4320,#4321,#5190,.T.);
#3393=EDGE_CURVE('',#4322,#4321,#5191,.T.);
#3394=EDGE_CURVE('',#4319,#4322,#5192,.T.);
#3395=EDGE_CURVE('',#4321,#4323,#5193,.T.);
#3396=EDGE_CURVE('',#4324,#4323,#5194,.T.);
#3397=EDGE_CURVE('',#4322,#4324,#5195,.T.);
#3398=EDGE_CURVE('',#4323,#4325,#5196,.T.);
#3399=EDGE_CURVE('',#4326,#4325,#5197,.T.);
#3400=EDGE_CURVE('',#4324,#4326,#5198,.T.);
#3401=EDGE_CURVE('',#4325,#4320,#5199,.T.);
#3402=EDGE_CURVE('',#4326,#4319,#5200,.T.);
#3403=EDGE_CURVE('',#4327,#4328,#5201,.T.);
#3404=EDGE_CURVE('',#4328,#4329,#5202,.T.);
#3405=EDGE_CURVE('',#4330,#4329,#5203,.T.);
#3406=EDGE_CURVE('',#4327,#4330,#5204,.T.);
#3407=EDGE_CURVE('',#4329,#4331,#5205,.T.);
#3408=EDGE_CURVE('',#4332,#4331,#5206,.T.);
#3409=EDGE_CURVE('',#4330,#4332,#5207,.T.);
#3410=EDGE_CURVE('',#4331,#4333,#5208,.T.);
#3411=EDGE_CURVE('',#4334,#4333,#5209,.T.);
#3412=EDGE_CURVE('',#4332,#4334,#5210,.T.);
#3413=EDGE_CURVE('',#4333,#4328,#5211,.T.);
#3414=EDGE_CURVE('',#4334,#4327,#5212,.T.);
#3415=EDGE_CURVE('',#4335,#4336,#5213,.T.);
#3416=EDGE_CURVE('',#4336,#4337,#5214,.T.);
#3417=EDGE_CURVE('',#4338,#4337,#5215,.T.);
#3418=EDGE_CURVE('',#4335,#4338,#5216,.T.);
#3419=EDGE_CURVE('',#4337,#4339,#5217,.T.);
#3420=EDGE_CURVE('',#4340,#4339,#5218,.T.);
#3421=EDGE_CURVE('',#4338,#4340,#5219,.T.);
#3422=EDGE_CURVE('',#4339,#4341,#5220,.T.);
#3423=EDGE_CURVE('',#4342,#4341,#5221,.T.);
#3424=EDGE_CURVE('',#4340,#4342,#5222,.T.);
#3425=EDGE_CURVE('',#4341,#4336,#5223,.T.);
#3426=EDGE_CURVE('',#4342,#4335,#5224,.T.);
#3427=EDGE_CURVE('',#4343,#4344,#5225,.T.);
#3428=EDGE_CURVE('',#4344,#4345,#5226,.T.);
#3429=EDGE_CURVE('',#4346,#4345,#5227,.T.);
#3430=EDGE_CURVE('',#4343,#4346,#5228,.T.);
#3431=EDGE_CURVE('',#4345,#4347,#5229,.T.);
#3432=EDGE_CURVE('',#4348,#4347,#5230,.T.);
#3433=EDGE_CURVE('',#4346,#4348,#5231,.T.);
#3434=EDGE_CURVE('',#4347,#4349,#5232,.T.);
#3435=EDGE_CURVE('',#4350,#4349,#5233,.T.);
#3436=EDGE_CURVE('',#4348,#4350,#5234,.T.);
#3437=EDGE_CURVE('',#4349,#4344,#5235,.T.);
#3438=EDGE_CURVE('',#4350,#4343,#5236,.T.);
#3439=EDGE_CURVE('',#4351,#4352,#5237,.T.);
#3440=EDGE_CURVE('',#4352,#4353,#5238,.T.);
#3441=EDGE_CURVE('',#4354,#4353,#5239,.T.);
#3442=EDGE_CURVE('',#4351,#4354,#5240,.T.);
#3443=EDGE_CURVE('',#4353,#4355,#5241,.T.);
#3444=EDGE_CURVE('',#4356,#4355,#5242,.T.);
#3445=EDGE_CURVE('',#4354,#4356,#5243,.T.);
#3446=EDGE_CURVE('',#4355,#4357,#5244,.T.);
#3447=EDGE_CURVE('',#4358,#4357,#5245,.T.);
#3448=EDGE_CURVE('',#4356,#4358,#5246,.T.);
#3449=EDGE_CURVE('',#4357,#4352,#5247,.T.);
#3450=EDGE_CURVE('',#4358,#4351,#5248,.T.);
#3451=EDGE_CURVE('',#3947,#4184,#5249,.T.);
#3452=EDGE_CURVE('',#4185,#3950,#5250,.F.);
#3453=EDGE_CURVE('',#4187,#3949,#5251,.F.);
#3454=EDGE_CURVE('',#3948,#4189,#5252,.F.);
#3455=EDGE_CURVE('',#3951,#4315,#5253,.T.);
#3456=EDGE_CURVE('',#4317,#3954,#5254,.F.);
#3457=EDGE_CURVE('',#4312,#3953,#5255,.F.);
#3458=EDGE_CURVE('',#3952,#4313,#5256,.F.);
#3459=EDGE_CURVE('',#3955,#4344,#5257,.T.);
#3460=EDGE_CURVE('',#4345,#3958,#5258,.F.);
#3461=EDGE_CURVE('',#4347,#3957,#5259,.F.);
#3462=EDGE_CURVE('',#3956,#4349,#5260,.F.);
#3463=EDGE_CURVE('',#3959,#4352,#5261,.F.);
#3464=EDGE_CURVE('',#4353,#3962,#5262,.T.);
#3465=EDGE_CURVE('',#4355,#3961,#5263,.F.);
#3466=EDGE_CURVE('',#3960,#4357,#5264,.F.);
#3467=EDGE_CURVE('',#3963,#4216,#5265,.T.);
#3468=EDGE_CURVE('',#4217,#3966,#5266,.F.);
#3469=EDGE_CURVE('',#4219,#3965,#5267,.F.);
#3470=EDGE_CURVE('',#3964,#4221,#5268,.F.);
#3471=EDGE_CURVE('',#3967,#4283,#5269,.T.);
#3472=EDGE_CURVE('',#4285,#3970,#5270,.F.);
#3473=EDGE_CURVE('',#4280,#3969,#5271,.F.);
#3474=EDGE_CURVE('',#3968,#4281,#5272,.F.);
#3475=EDGE_CURVE('',#3971,#4224,#5273,.T.);
#3476=EDGE_CURVE('',#4225,#3974,#5274,.F.);
#3477=EDGE_CURVE('',#4227,#3973,#5275,.F.);
#3478=EDGE_CURVE('',#3972,#4229,#5276,.F.);
#3479=EDGE_CURVE('',#3975,#4160,#5277,.T.);
#3480=EDGE_CURVE('',#4161,#3978,#5278,.F.);
#3481=EDGE_CURVE('',#4163,#3977,#5279,.F.);
#3482=EDGE_CURVE('',#3976,#4165,#5280,.F.);
#3483=EDGE_CURVE('',#3979,#4200,#5281,.T.);
#3484=EDGE_CURVE('',#4201,#3982,#5282,.F.);
#3485=EDGE_CURVE('',#4203,#3981,#5283,.F.);
#3486=EDGE_CURVE('',#3980,#4205,#5284,.F.);
#3487=EDGE_CURVE('',#3983,#4288,#5285,.T.);
#3488=EDGE_CURVE('',#4289,#3986,#5286,.F.);
#3489=EDGE_CURVE('',#4291,#3985,#5287,.F.);
#3490=EDGE_CURVE('',#3984,#4293,#5288,.F.);
#3491=EDGE_CURVE('',#3987,#4269,#5289,.T.);
#3492=EDGE_CURVE('',#4264,#3990,#5290,.F.);
#3493=EDGE_CURVE('',#4265,#3989,#5291,.F.);
#3494=EDGE_CURVE('',#3988,#4267,#5292,.F.);
#3495=EDGE_CURVE('',#3991,#4272,#5293,.F.);
#3496=EDGE_CURVE('',#4273,#3994,#5294,.T.);
#3497=EDGE_CURVE('',#4275,#3993,#5295,.F.);
#3498=EDGE_CURVE('',#3992,#4277,#5296,.F.);
#3499=EDGE_CURVE('',#3995,#4245,#5297,.T.);
#3500=EDGE_CURVE('',#4240,#3998,#5298,.F.);
#3501=EDGE_CURVE('',#4241,#3997,#5299,.F.);
#3502=EDGE_CURVE('',#3996,#4243,#5300,.F.);
#3503=EDGE_CURVE('',#3999,#4152,#5301,.F.);
#3504=EDGE_CURVE('',#4153,#4002,#5302,.T.);
#3505=EDGE_CURVE('',#4155,#4001,#5303,.F.);
#3506=EDGE_CURVE('',#4000,#4157,#5304,.F.);
#3507=EDGE_CURVE('',#4003,#4297,#5305,.T.);
#3508=EDGE_CURVE('',#4299,#4006,#5306,.F.);
#3509=EDGE_CURVE('',#4301,#4005,#5307,.F.);
#3510=EDGE_CURVE('',#4004,#4296,#5308,.F.);
#3511=EDGE_CURVE('',#4007,#4336,#5309,.T.);
#3512=EDGE_CURVE('',#4337,#4010,#5310,.F.);
#3513=EDGE_CURVE('',#4339,#4009,#5311,.F.);
#3514=EDGE_CURVE('',#4008,#4341,#5312,.F.);
#3515=EDGE_CURVE('',#4011,#4179,#5313,.T.);
#3516=EDGE_CURVE('',#4181,#4014,#5314,.F.);
#3517=EDGE_CURVE('',#4176,#4013,#5315,.F.);
#3518=EDGE_CURVE('',#4012,#4177,#5316,.F.);
#3519=EDGE_CURVE('',#4015,#4249,#5317,.T.);
#3520=EDGE_CURVE('',#4251,#4018,#5318,.F.);
#3521=EDGE_CURVE('',#4253,#4017,#5319,.F.);
#3522=EDGE_CURVE('',#4016,#4248,#5320,.F.);
#3523=EDGE_CURVE('',#4019,#4211,#5321,.T.);
#3524=EDGE_CURVE('',#4213,#4022,#5322,.F.);
#3525=EDGE_CURVE('',#4208,#4021,#5323,.F.);
#3526=EDGE_CURVE('',#4020,#4209,#5324,.F.);
#3527=EDGE_CURVE('',#4023,#4256,#5325,.F.);
#3528=EDGE_CURVE('',#4257,#4026,#5326,.T.);
#3529=EDGE_CURVE('',#4259,#4025,#5327,.F.);
#3530=EDGE_CURVE('',#4024,#4261,#5328,.F.);
#3531=EDGE_CURVE('',#4027,#4168,#5329,.F.);
#3532=EDGE_CURVE('',#4169,#4030,#5330,.T.);
#3533=EDGE_CURVE('',#4171,#4029,#5331,.F.);
#3534=EDGE_CURVE('',#4028,#4173,#5332,.F.);
#3535=EDGE_CURVE('',#4031,#4193,#5333,.T.);
#3536=EDGE_CURVE('',#4195,#4034,#5334,.F.);
#3537=EDGE_CURVE('',#4197,#4033,#5335,.F.);
#3538=EDGE_CURVE('',#4032,#4192,#5336,.F.);
#3539=EDGE_CURVE('',#4035,#4309,#5337,.F.);
#3540=EDGE_CURVE('',#4304,#4038,#5338,.T.);
#3541=EDGE_CURVE('',#4305,#4037,#5339,.F.);
#3542=EDGE_CURVE('',#4036,#4307,#5340,.F.);
#3543=EDGE_CURVE('',#4039,#4232,#5341,.F.);
#3544=EDGE_CURVE('',#4233,#4042,#5342,.T.);
#3545=EDGE_CURVE('',#4235,#4041,#5343,.F.);
#3546=EDGE_CURVE('',#4040,#4237,#5344,.F.);
#3547=EDGE_CURVE('',#4043,#4320,#5345,.T.);
#3548=EDGE_CURVE('',#4321,#4046,#5346,.F.);
#3549=EDGE_CURVE('',#4323,#4045,#5347,.F.);
#3550=EDGE_CURVE('',#4044,#4325,#5348,.F.);
#3551=EDGE_CURVE('',#4047,#4328,#5349,.F.);
#3552=EDGE_CURVE('',#4329,#4050,#5350,.T.);
#3553=EDGE_CURVE('',#4331,#4049,#5351,.F.);
#3554=EDGE_CURVE('',#4048,#4333,#5352,.F.);
#3555=EDGE_CURVE('',#3933,#3944,#5353,.T.);
#3556=EDGE_CURVE('',#3945,#3934,#5354,.F.);
#3557=EDGE_CURVE('',#3946,#3935,#5355,.F.);
#3558=EDGE_CURVE('',#3931,#3943,#5356,.T.);
#3559=EDGE_CURVE('',#3939,#3936,#5357,.F.);
#3560=EDGE_CURVE('',#3932,#3942,#5358,.T.);
#3561=EDGE_CURVE('',#3940,#3937,#5359,.F.);
#3562=EDGE_CURVE('',#3938,#3941,#5360,.F.);
#3563=EDGE_CURVE('',#4359,#4360,#291,.T.);
#3564=EDGE_CURVE('',#4361,#4360,#5361,.T.);
#3565=EDGE_CURVE('',#4362,#4361,#292,.T.);
#3566=EDGE_CURVE('',#4362,#4359,#5362,.T.);
#3567=EDGE_CURVE('',#4360,#4363,#5363,.T.);
#3568=EDGE_CURVE('',#4364,#4363,#5364,.T.);
#3569=EDGE_CURVE('',#4361,#4364,#5365,.T.);
#3570=EDGE_CURVE('',#4363,#4365,#5366,.T.);
#3571=EDGE_CURVE('',#4366,#4365,#5367,.T.);
#3572=EDGE_CURVE('',#4364,#4366,#5368,.T.);
#3573=EDGE_CURVE('',#4365,#4367,#5369,.T.);
#3574=EDGE_CURVE('',#4368,#4367,#5370,.T.);
#3575=EDGE_CURVE('',#4366,#4368,#5371,.T.);
#3576=EDGE_CURVE('',#4369,#4367,#293,.T.);
#3577=EDGE_CURVE('',#4370,#4369,#5372,.T.);
#3578=EDGE_CURVE('',#4370,#4368,#294,.T.);
#3579=EDGE_CURVE('',#4369,#4371,#5373,.T.);
#3580=EDGE_CURVE('',#4371,#4372,#295,.F.);
#3581=EDGE_CURVE('',#4373,#4372,#5374,.T.);
#3582=EDGE_CURVE('',#4373,#4374,#5375,.T.);
#3583=EDGE_CURVE('',#4374,#4375,#5376,.T.);
#3584=EDGE_CURVE('',#4375,#4376,#296,.T.);
#3585=EDGE_CURVE('',#4370,#4376,#5377,.T.);
#3586=EDGE_CURVE('',#4372,#4377,#5378,.T.);
#3587=EDGE_CURVE('',#4378,#4377,#5379,.T.);
#3588=EDGE_CURVE('',#4378,#4379,#297,.F.);
#3589=EDGE_CURVE('',#4379,#4380,#5380,.T.);
#3590=EDGE_CURVE('',#4380,#4373,#298,.F.);
#3591=EDGE_CURVE('',#4377,#4381,#299,.F.);
#3592=EDGE_CURVE('',#4381,#4382,#5381,.T.);
#3593=EDGE_CURVE('',#4383,#4382,#5382,.T.);
#3594=EDGE_CURVE('',#4384,#4383,#5383,.T.);
#3595=EDGE_CURVE('',#4384,#4385,#300,.T.);
#3596=EDGE_CURVE('',#4386,#4385,#5384,.T.);
#3597=EDGE_CURVE('',#4386,#4378,#5385,.T.);
#3598=EDGE_CURVE('',#4382,#4387,#301,.T.);
#3599=EDGE_CURVE('',#4388,#4387,#5386,.T.);
#3600=EDGE_CURVE('',#4383,#4388,#302,.T.);
#3601=EDGE_CURVE('',#4387,#4359,#5387,.T.);
#3602=EDGE_CURVE('',#4388,#4362,#5388,.T.);
#3603=EDGE_CURVE('',#4376,#4384,#5389,.F.);
#3604=EDGE_CURVE('',#4381,#4371,#5390,.F.);
#3605=EDGE_CURVE('',#4374,#4389,#303,.T.);
#3606=EDGE_CURVE('',#4389,#4390,#5391,.T.);
#3607=EDGE_CURVE('',#4390,#4386,#304,.T.);
#3608=EDGE_CURVE('',#4385,#4375,#5392,.T.);
#3609=EDGE_CURVE('',#4389,#4380,#5393,.F.);
#3610=EDGE_CURVE('',#4379,#4390,#5394,.F.);
#3611=EDGE_CURVE('',#4391,#4392,#5395,.T.);
#3612=EDGE_CURVE('',#4393,#4392,#5396,.T.);
#3613=EDGE_CURVE('',#4394,#4393,#5397,.T.);
#3614=EDGE_CURVE('',#4394,#4391,#5398,.T.);
#3615=EDGE_CURVE('',#4392,#4395,#5399,.T.);
#3616=EDGE_CURVE('',#4396,#4395,#5400,.T.);
#3617=EDGE_CURVE('',#4393,#4396,#5401,.T.);
#3618=EDGE_CURVE('',#4395,#4397,#5402,.T.);
#3619=EDGE_CURVE('',#4398,#4397,#5403,.T.);
#3620=EDGE_CURVE('',#4396,#4398,#5404,.T.);
#3621=EDGE_CURVE('',#4399,#4397,#305,.T.);
#3622=EDGE_CURVE('',#4400,#4399,#5405,.T.);
#3623=EDGE_CURVE('',#4400,#4398,#306,.T.);
#3624=EDGE_CURVE('',#4399,#4401,#5406,.T.);
#3625=EDGE_CURVE('',#4402,#4401,#5407,.T.);
#3626=EDGE_CURVE('',#4400,#4402,#5408,.T.);
#3627=EDGE_CURVE('',#4401,#4403,#307,.T.);
#3628=EDGE_CURVE('',#4404,#4403,#5409,.T.);
#3629=EDGE_CURVE('',#4402,#4404,#308,.T.);
#3630=EDGE_CURVE('',#4405,#4403,#309,.T.);
#3631=EDGE_CURVE('',#4406,#4405,#5410,.T.);
#3632=EDGE_CURVE('',#4406,#4404,#310,.T.);
#3633=EDGE_CURVE('',#4407,#4408,#5411,.T.);
#3634=EDGE_CURVE('',#4407,#4409,#311,.F.);
#3635=EDGE_CURVE('',#4406,#4409,#5412,.T.);
#3636=EDGE_CURVE('',#4405,#4410,#5413,.T.);
#3637=EDGE_CURVE('',#4410,#4411,#312,.T.);
#3638=EDGE_CURVE('',#4412,#4411,#5414,.T.);
#3639=EDGE_CURVE('',#4412,#4408,#5415,.T.);
#3640=EDGE_CURVE('',#4413,#4414,#5416,.T.);
#3641=EDGE_CURVE('',#4413,#4407,#5417,.F.);
#3642=EDGE_CURVE('',#4408,#4415,#313,.F.);
#3643=EDGE_CURVE('',#4415,#4416,#5418,.T.);
#3644=EDGE_CURVE('',#4416,#4414,#314,.F.);
#3645=EDGE_CURVE('',#4417,#4394,#5419,.T.);
#3646=EDGE_CURVE('',#4417,#4413,#315,.F.);
#3647=EDGE_CURVE('',#4414,#4418,#5420,.T.);
#3648=EDGE_CURVE('',#4418,#4419,#5421,.T.);
#3649=EDGE_CURVE('',#4419,#4420,#316,.T.);
#3650=EDGE_CURVE('',#4420,#4391,#5422,.T.);
#3651=EDGE_CURVE('',#4409,#4417,#5423,.T.);
#3652=EDGE_CURVE('',#4420,#4410,#5424,.T.);
#3653=EDGE_CURVE('',#4418,#4421,#317,.T.);
#3654=EDGE_CURVE('',#4421,#4422,#5425,.T.);
#3655=EDGE_CURVE('',#4422,#4412,#318,.T.);
#3656=EDGE_CURVE('',#4411,#4419,#5426,.F.);
#3657=EDGE_CURVE('',#4421,#4416,#5427,.F.);
#3658=EDGE_CURVE('',#4415,#4422,#5428,.F.);
#3659=EDGE_CURVE('',#4423,#4424,#5429,.T.);
#3660=EDGE_CURVE('',#4424,#4425,#319,.F.);
#3661=EDGE_CURVE('',#4426,#4425,#5430,.T.);
#3662=EDGE_CURVE('',#4427,#4426,#5431,.T.);
#3663=EDGE_CURVE('',#4428,#4427,#5432,.T.);
#3664=EDGE_CURVE('',#4428,#4429,#320,.T.);
#3665=EDGE_CURVE('',#4430,#4429,#5433,.T.);
#3666=EDGE_CURVE('',#4430,#4423,#5434,.T.);
#3667=EDGE_CURVE('',#4425,#4431,#5435,.T.);
#3668=EDGE_CURVE('',#4432,#4431,#5436,.T.);
#3669=EDGE_CURVE('',#4432,#4433,#321,.T.);
#3670=EDGE_CURVE('',#4434,#4433,#5437,.T.);
#3671=EDGE_CURVE('',#4435,#4434,#322,.T.);
#3672=EDGE_CURVE('',#4436,#4435,#5438,.T.);
#3673=EDGE_CURVE('',#4437,#4436,#323,.T.);
#3674=EDGE_CURVE('',#4438,#4437,#5439,.T.);
#3675=EDGE_CURVE('',#4439,#4438,#324,.T.);
#3676=EDGE_CURVE('',#4440,#4439,#5440,.T.);
#3677=EDGE_CURVE('',#4441,#4440,#325,.T.);
#3678=EDGE_CURVE('',#4442,#4441,#5441,.T.);
#3679=EDGE_CURVE('',#4443,#4442,#326,.T.);
#3680=EDGE_CURVE('',#4444,#4443,#5442,.T.);
#3681=EDGE_CURVE('',#4444,#4445,#327,.T.);
#3682=EDGE_CURVE('',#4426,#4445,#5443,.T.);
#3683=EDGE_CURVE('',#4431,#4446,#328,.F.);
#3684=EDGE_CURVE('',#4447,#4446,#5444,.T.);
#3685=EDGE_CURVE('',#4447,#4448,#329,.T.);
#3686=EDGE_CURVE('',#4449,#4448,#5445,.T.);
#3687=EDGE_CURVE('',#4449,#4432,#5446,.T.);
#3688=EDGE_CURVE('',#4446,#4450,#5447,.T.);
#3689=EDGE_CURVE('',#4451,#4450,#5448,.T.);
#3690=EDGE_CURVE('',#4447,#4451,#5449,.T.);
#3691=EDGE_CURVE('',#4450,#4452,#5450,.T.);
#3692=EDGE_CURVE('',#4453,#4452,#5451,.T.);
#3693=EDGE_CURVE('',#4451,#4453,#5452,.T.);
#3694=EDGE_CURVE('',#4452,#4454,#330,.T.);
#3695=EDGE_CURVE('',#4455,#4454,#5453,.T.);
#3696=EDGE_CURVE('',#4453,#4455,#331,.T.);
#3697=EDGE_CURVE('',#4454,#4456,#5454,.T.);
#3698=EDGE_CURVE('',#4457,#4456,#5455,.T.);
#3699=EDGE_CURVE('',#4455,#4457,#5456,.T.);
#3700=EDGE_CURVE('',#4456,#4458,#332,.T.);
#3701=EDGE_CURVE('',#4459,#4458,#5457,.T.);
#3702=EDGE_CURVE('',#4457,#4459,#333,.T.);
#3703=EDGE_CURVE('',#4458,#4460,#5458,.T.);
#3704=EDGE_CURVE('',#4461,#4460,#5459,.T.);
#3705=EDGE_CURVE('',#4459,#4461,#5460,.T.);
#3706=EDGE_CURVE('',#4460,#4462,#5461,.T.);
#3707=EDGE_CURVE('',#4463,#4462,#5462,.T.);
#3708=EDGE_CURVE('',#4461,#4463,#5463,.T.);
#3709=EDGE_CURVE('',#4462,#4464,#334,.F.);
#3710=EDGE_CURVE('',#4465,#4464,#5464,.T.);
#3711=EDGE_CURVE('',#4466,#4465,#5465,.T.);
#3712=EDGE_CURVE('',#4467,#4466,#5466,.T.);
#3713=EDGE_CURVE('',#4467,#4463,#335,.T.);
#3714=EDGE_CURVE('',#4464,#4468,#5467,.T.);
#3715=EDGE_CURVE('',#4469,#4468,#5468,.T.);
#3716=EDGE_CURVE('',#4470,#4469,#5469,.T.);
#3717=EDGE_CURVE('',#4470,#4471,#336,.T.);
#3718=EDGE_CURVE('',#4472,#4471,#5470,.T.);
#3719=EDGE_CURVE('',#4473,#4472,#337,.T.);
#3720=EDGE_CURVE('',#4474,#4473,#5471,.T.);
#3721=EDGE_CURVE('',#4475,#4474,#338,.T.);
#3722=EDGE_CURVE('',#4476,#4475,#5472,.T.);
#3723=EDGE_CURVE('',#4477,#4476,#339,.T.);
#3724=EDGE_CURVE('',#4478,#4477,#5473,.T.);
#3725=EDGE_CURVE('',#4479,#4478,#340,.T.);
#3726=EDGE_CURVE('',#4480,#4479,#5474,.T.);
#3727=EDGE_CURVE('',#4481,#4480,#341,.T.);
#3728=EDGE_CURVE('',#4482,#4481,#5475,.T.);
#3729=EDGE_CURVE('',#4482,#4465,#342,.T.);
#3730=EDGE_CURVE('',#4468,#4483,#343,.F.);
#3731=EDGE_CURVE('',#4483,#4484,#5476,.T.);
#3732=EDGE_CURVE('',#4485,#4484,#5477,.T.);
#3733=EDGE_CURVE('',#4486,#4485,#5478,.T.);
#3734=EDGE_CURVE('',#4486,#4487,#344,.T.);
#3735=EDGE_CURVE('',#4488,#4487,#5479,.T.);
#3736=EDGE_CURVE('',#4488,#4469,#5480,.T.);
#3737=EDGE_CURVE('',#4484,#4489,#345,.T.);
#3738=EDGE_CURVE('',#4490,#4489,#5481,.T.);
#3739=EDGE_CURVE('',#4485,#4490,#346,.T.);
#3740=EDGE_CURVE('',#4489,#4491,#5482,.T.);
#3741=EDGE_CURVE('',#4492,#4491,#5483,.T.);
#3742=EDGE_CURVE('',#4490,#4492,#5484,.T.);
#3743=EDGE_CURVE('',#4493,#4491,#347,.T.);
#3744=EDGE_CURVE('',#4494,#4493,#5485,.T.);
#3745=EDGE_CURVE('',#4494,#4492,#348,.T.);
#3746=EDGE_CURVE('',#4493,#4495,#5486,.T.);
#3747=EDGE_CURVE('',#4496,#4495,#5487,.T.);
#3748=EDGE_CURVE('',#4494,#4496,#5488,.T.);
#3749=EDGE_CURVE('',#4495,#4497,#5489,.T.);
#3750=EDGE_CURVE('',#4498,#4497,#5490,.T.);
#3751=EDGE_CURVE('',#4496,#4498,#5491,.T.);
#3752=EDGE_CURVE('',#4497,#4499,#5492,.T.);
#3753=EDGE_CURVE('',#4500,#4499,#5493,.T.);
#3754=EDGE_CURVE('',#4498,#4500,#5494,.T.);
#3755=EDGE_CURVE('',#4501,#4499,#349,.T.);
#3756=EDGE_CURVE('',#4502,#4501,#5495,.T.);
#3757=EDGE_CURVE('',#4502,#4500,#350,.T.);
#3758=EDGE_CURVE('',#4501,#4503,#5496,.T.);
#3759=EDGE_CURVE('',#4504,#4503,#5497,.T.);
#3760=EDGE_CURVE('',#4502,#4504,#5498,.T.);
#3761=EDGE_CURVE('',#4503,#4423,#351,.T.);
#3762=EDGE_CURVE('',#4504,#4430,#352,.T.);
#3763=EDGE_CURVE('',#4463,#4486,#5499,.F.);
#3764=EDGE_CURVE('',#4429,#4447,#5500,.F.);
#3765=EDGE_CURVE('',#4483,#4462,#5501,.F.);
#3766=EDGE_CURVE('',#4446,#4424,#5502,.F.);
#3767=EDGE_CURVE('',#4505,#4480,#5503,.T.);
#3768=EDGE_CURVE('',#4506,#4505,#353,.T.);
#3769=EDGE_CURVE('',#4506,#4481,#5504,.T.);
#3770=EDGE_CURVE('',#4507,#4479,#5505,.T.);
#3771=EDGE_CURVE('',#4505,#4507,#5506,.T.);
#3772=EDGE_CURVE('',#4508,#4478,#5507,.T.);
#3773=EDGE_CURVE('',#4507,#4508,#354,.T.);
#3774=EDGE_CURVE('',#4509,#4477,#5508,.T.);
#3775=EDGE_CURVE('',#4508,#4509,#5509,.T.);
#3776=EDGE_CURVE('',#4510,#4476,#5510,.T.);
#3777=EDGE_CURVE('',#4509,#4510,#355,.T.);
#3778=EDGE_CURVE('',#4511,#4475,#5511,.T.);
#3779=EDGE_CURVE('',#4510,#4511,#5512,.T.);
#3780=EDGE_CURVE('',#4512,#4474,#5513,.T.);
#3781=EDGE_CURVE('',#4511,#4512,#356,.T.);
#3782=EDGE_CURVE('',#4513,#4473,#5514,.T.);
#3783=EDGE_CURVE('',#4512,#4513,#5515,.T.);
#3784=EDGE_CURVE('',#4514,#4472,#5516,.T.);
#3785=EDGE_CURVE('',#4513,#4514,#357,.T.);
#3786=EDGE_CURVE('',#4471,#4515,#5517,.F.);
#3787=EDGE_CURVE('',#4514,#4515,#5518,.T.);
#3788=EDGE_CURVE('',#4516,#4488,#5519,.T.);
#3789=EDGE_CURVE('',#4516,#4470,#5520,.T.);
#3790=EDGE_CURVE('',#4517,#4482,#5521,.T.);
#3791=EDGE_CURVE('',#4517,#4466,#358,.T.);
#3792=EDGE_CURVE('',#4517,#4506,#5522,.T.);
#3793=EDGE_CURVE('',#4487,#4467,#5523,.T.);
#3794=EDGE_CURVE('',#4515,#4516,#359,.F.);
#3795=EDGE_CURVE('',#4518,#4440,#5524,.T.);
#3796=EDGE_CURVE('',#4519,#4518,#360,.T.);
#3797=EDGE_CURVE('',#4519,#4441,#5525,.T.);
#3798=EDGE_CURVE('',#4520,#4439,#5526,.T.);
#3799=EDGE_CURVE('',#4518,#4520,#5527,.T.);
#3800=EDGE_CURVE('',#4521,#4438,#5528,.T.);
#3801=EDGE_CURVE('',#4520,#4521,#361,.T.);
#3802=EDGE_CURVE('',#4522,#4437,#5529,.T.);
#3803=EDGE_CURVE('',#4521,#4522,#5530,.T.);
#3804=EDGE_CURVE('',#4523,#4436,#5531,.T.);
#3805=EDGE_CURVE('',#4522,#4523,#362,.T.);
#3806=EDGE_CURVE('',#4524,#4435,#5532,.T.);
#3807=EDGE_CURVE('',#4523,#4524,#5533,.T.);
#3808=EDGE_CURVE('',#4525,#4434,#5534,.T.);
#3809=EDGE_CURVE('',#4524,#4525,#363,.T.);
#3810=EDGE_CURVE('',#4526,#4433,#5535,.T.);
#3811=EDGE_CURVE('',#4525,#4526,#5536,.T.);
#3812=EDGE_CURVE('',#4449,#4526,#364,.T.);
#3813=EDGE_CURVE('',#4445,#4527,#5537,.F.);
#3814=EDGE_CURVE('',#4427,#4527,#5538,.T.);
#3815=EDGE_CURVE('',#4528,#4529,#5539,.T.);
#3816=EDGE_CURVE('',#4528,#4444,#5540,.T.);
#3817=EDGE_CURVE('',#4529,#4443,#5541,.T.);
#3818=EDGE_CURVE('',#4530,#4442,#5542,.T.);
#3819=EDGE_CURVE('',#4529,#4530,#365,.T.);
#3820=EDGE_CURVE('',#4530,#4519,#5543,.T.);
#3821=EDGE_CURVE('',#4448,#4428,#5544,.T.);
#3822=EDGE_CURVE('',#4527,#4528,#366,.F.);
#3823=VERTEX_POINT('',#11485);
#3824=VERTEX_POINT('',#11486);
#3825=VERTEX_POINT('',#11488);
#3826=VERTEX_POINT('',#11490);
#3827=VERTEX_POINT('',#11492);
#3828=VERTEX_POINT('',#11494);
#3829=VERTEX_POINT('',#11496);
#3830=VERTEX_POINT('',#11498);
#3831=VERTEX_POINT('',#11500);
#3832=VERTEX_POINT('',#11502);
#3833=VERTEX_POINT('',#11504);
#3834=VERTEX_POINT('',#11506);
#3835=VERTEX_POINT('',#11509);
#3836=VERTEX_POINT('',#11510);
#3837=VERTEX_POINT('',#11512);
#3838=VERTEX_POINT('',#11514);
#3839=VERTEX_POINT('',#11516);
#3840=VERTEX_POINT('',#11518);
#3841=VERTEX_POINT('',#11520);
#3842=VERTEX_POINT('',#11522);
#3843=VERTEX_POINT('',#11524);
#3844=VERTEX_POINT('',#11526);
#3845=VERTEX_POINT('',#11528);
#3846=VERTEX_POINT('',#11530);
#3847=VERTEX_POINT('',#11532);
#3848=VERTEX_POINT('',#11534);
#3849=VERTEX_POINT('',#11536);
#3850=VERTEX_POINT('',#11538);
#3851=VERTEX_POINT('',#11540);
#3852=VERTEX_POINT('',#11542);
#3853=VERTEX_POINT('',#11544);
#3854=VERTEX_POINT('',#11546);
#3855=VERTEX_POINT('',#11550);
#3856=VERTEX_POINT('',#11551);
#3857=VERTEX_POINT('',#11553);
#3858=VERTEX_POINT('',#11555);
#3859=VERTEX_POINT('',#11557);
#3860=VERTEX_POINT('',#11559);
#3861=VERTEX_POINT('',#11561);
#3862=VERTEX_POINT('',#11563);
#3863=VERTEX_POINT('',#11565);
#3864=VERTEX_POINT('',#11567);
#3865=VERTEX_POINT('',#11570);
#3866=VERTEX_POINT('',#11571);
#3867=VERTEX_POINT('',#11573);
#3868=VERTEX_POINT('',#11575);
#3869=VERTEX_POINT('',#11577);
#3870=VERTEX_POINT('',#11579);
#3871=VERTEX_POINT('',#11581);
#3872=VERTEX_POINT('',#11583);
#3873=VERTEX_POINT('',#11585);
#3874=VERTEX_POINT('',#11587);
#3875=VERTEX_POINT('',#11589);
#3876=VERTEX_POINT('',#11591);
#3877=VERTEX_POINT('',#11593);
#3878=VERTEX_POINT('',#11595);
#3879=VERTEX_POINT('',#11597);
#3880=VERTEX_POINT('',#11599);
#3881=VERTEX_POINT('',#11601);
#3882=VERTEX_POINT('',#11603);
#3883=VERTEX_POINT('',#11605);
#3884=VERTEX_POINT('',#11607);
#3885=VERTEX_POINT('',#11611);
#3886=VERTEX_POINT('',#11612);
#3887=VERTEX_POINT('',#11616);
#3888=VERTEX_POINT('',#11618);
#3889=VERTEX_POINT('',#11620);
#3890=VERTEX_POINT('',#11622);
#3891=VERTEX_POINT('',#11624);
#3892=VERTEX_POINT('',#11626);
#3893=VERTEX_POINT('',#11628);
#3894=VERTEX_POINT('',#11630);
#3895=VERTEX_POINT('',#11634);
#3896=VERTEX_POINT('',#11635);
#3897=VERTEX_POINT('',#11638);
#3898=VERTEX_POINT('',#11640);
#3899=VERTEX_POINT('',#11642);
#3900=VERTEX_POINT('',#11644);
#3901=VERTEX_POINT('',#11646);
#3902=VERTEX_POINT('',#11648);
#3903=VERTEX_POINT('',#11651);
#3904=VERTEX_POINT('',#11653);
#3905=VERTEX_POINT('',#11655);
#3906=VERTEX_POINT('',#11657);
#3907=VERTEX_POINT('',#11659);
#3908=VERTEX_POINT('',#11661);
#3909=VERTEX_POINT('',#11663);
#3910=VERTEX_POINT('',#11665);
#3911=VERTEX_POINT('',#11669);
#3912=VERTEX_POINT('',#11670);
#3913=VERTEX_POINT('',#11673);
#3914=VERTEX_POINT('',#11675);
#3915=VERTEX_POINT('',#11680);
#3916=VERTEX_POINT('',#11681);
#3917=VERTEX_POINT('',#11683);
#3918=VERTEX_POINT('',#11685);
#3919=VERTEX_POINT('',#11687);
#3920=VERTEX_POINT('',#11689);
#3921=VERTEX_POINT('',#11691);
#3922=VERTEX_POINT('',#11693);
#3923=VERTEX_POINT('',#11696);
#3924=VERTEX_POINT('',#11697);
#3925=VERTEX_POINT('',#11700);
#3926=VERTEX_POINT('',#11702);
#3927=VERTEX_POINT('',#11707);
#3928=VERTEX_POINT('',#11709);
#3929=VERTEX_POINT('',#11713);
#3930=VERTEX_POINT('',#11715);
#3931=VERTEX_POINT('',#11719);
#3932=VERTEX_POINT('',#11721);
#3933=VERTEX_POINT('',#11725);
#3934=VERTEX_POINT('',#11729);
#3935=VERTEX_POINT('',#11733);
#3936=VERTEX_POINT('',#11737);
#3937=VERTEX_POINT('',#11741);
#3938=VERTEX_POINT('',#11745);
#3939=VERTEX_POINT('',#11751);
#3940=VERTEX_POINT('',#11752);
#3941=VERTEX_POINT('',#11754);
#3942=VERTEX_POINT('',#11756);
#3943=VERTEX_POINT('',#11758);
#3944=VERTEX_POINT('',#11760);
#3945=VERTEX_POINT('',#11762);
#3946=VERTEX_POINT('',#11764);
#3947=VERTEX_POINT('',#11767);
#3948=VERTEX_POINT('',#11768);
#3949=VERTEX_POINT('',#11770);
#3950=VERTEX_POINT('',#11772);
#3951=VERTEX_POINT('',#11775);
#3952=VERTEX_POINT('',#11776);
#3953=VERTEX_POINT('',#11778);
#3954=VERTEX_POINT('',#11780);
#3955=VERTEX_POINT('',#11783);
#3956=VERTEX_POINT('',#11784);
#3957=VERTEX_POINT('',#11786);
#3958=VERTEX_POINT('',#11788);
#3959=VERTEX_POINT('',#11791);
#3960=VERTEX_POINT('',#11792);
#3961=VERTEX_POINT('',#11794);
#3962=VERTEX_POINT('',#11796);
#3963=VERTEX_POINT('',#11799);
#3964=VERTEX_POINT('',#11800);
#3965=VERTEX_POINT('',#11802);
#3966=VERTEX_POINT('',#11804);
#3967=VERTEX_POINT('',#11807);
#3968=VERTEX_POINT('',#11808);
#3969=VERTEX_POINT('',#11810);
#3970=VERTEX_POINT('',#11812);
#3971=VERTEX_POINT('',#11815);
#3972=VERTEX_POINT('',#11816);
#3973=VERTEX_POINT('',#11818);
#3974=VERTEX_POINT('',#11820);
#3975=VERTEX_POINT('',#11823);
#3976=VERTEX_POINT('',#11824);
#3977=VERTEX_POINT('',#11826);
#3978=VERTEX_POINT('',#11828);
#3979=VERTEX_POINT('',#11831);
#3980=VERTEX_POINT('',#11832);
#3981=VERTEX_POINT('',#11834);
#3982=VERTEX_POINT('',#11836);
#3983=VERTEX_POINT('',#11839);
#3984=VERTEX_POINT('',#11840);
#3985=VERTEX_POINT('',#11842);
#3986=VERTEX_POINT('',#11844);
#3987=VERTEX_POINT('',#11847);
#3988=VERTEX_POINT('',#11848);
#3989=VERTEX_POINT('',#11850);
#3990=VERTEX_POINT('',#11852);
#3991=VERTEX_POINT('',#11855);
#3992=VERTEX_POINT('',#11856);
#3993=VERTEX_POINT('',#11858);
#3994=VERTEX_POINT('',#11860);
#3995=VERTEX_POINT('',#11863);
#3996=VERTEX_POINT('',#11864);
#3997=VERTEX_POINT('',#11866);
#3998=VERTEX_POINT('',#11868);
#3999=VERTEX_POINT('',#11871);
#4000=VERTEX_POINT('',#11872);
#4001=VERTEX_POINT('',#11874);
#4002=VERTEX_POINT('',#11876);
#4003=VERTEX_POINT('',#11879);
#4004=VERTEX_POINT('',#11880);
#4005=VERTEX_POINT('',#11882);
#4006=VERTEX_POINT('',#11884);
#4007=VERTEX_POINT('',#11887);
#4008=VERTEX_POINT('',#11888);
#4009=VERTEX_POINT('',#11890);
#4010=VERTEX_POINT('',#11892);
#4011=VERTEX_POINT('',#11895);
#4012=VERTEX_POINT('',#11896);
#4013=VERTEX_POINT('',#11898);
#4014=VERTEX_POINT('',#11900);
#4015=VERTEX_POINT('',#11903);
#4016=VERTEX_POINT('',#11904);
#4017=VERTEX_POINT('',#11906);
#4018=VERTEX_POINT('',#11908);
#4019=VERTEX_POINT('',#11911);
#4020=VERTEX_POINT('',#11912);
#4021=VERTEX_POINT('',#11914);
#4022=VERTEX_POINT('',#11916);
#4023=VERTEX_POINT('',#11919);
#4024=VERTEX_POINT('',#11920);
#4025=VERTEX_POINT('',#11922);
#4026=VERTEX_POINT('',#11924);
#4027=VERTEX_POINT('',#11927);
#4028=VERTEX_POINT('',#11928);
#4029=VERTEX_POINT('',#11930);
#4030=VERTEX_POINT('',#11932);
#4031=VERTEX_POINT('',#11935);
#4032=VERTEX_POINT('',#11936);
#4033=VERTEX_POINT('',#11938);
#4034=VERTEX_POINT('',#11940);
#4035=VERTEX_POINT('',#11943);
#4036=VERTEX_POINT('',#11944);
#4037=VERTEX_POINT('',#11946);
#4038=VERTEX_POINT('',#11948);
#4039=VERTEX_POINT('',#11951);
#4040=VERTEX_POINT('',#11952);
#4041=VERTEX_POINT('',#11954);
#4042=VERTEX_POINT('',#11956);
#4043=VERTEX_POINT('',#11959);
#4044=VERTEX_POINT('',#11960);
#4045=VERTEX_POINT('',#11962);
#4046=VERTEX_POINT('',#11964);
#4047=VERTEX_POINT('',#11967);
#4048=VERTEX_POINT('',#11968);
#4049=VERTEX_POINT('',#11970);
#4050=VERTEX_POINT('',#11972);
#4051=VERTEX_POINT('',#11976);
#4052=VERTEX_POINT('',#11977);
#4053=VERTEX_POINT('',#11979);
#4054=VERTEX_POINT('',#11982);
#4055=VERTEX_POINT('',#11985);
#4056=VERTEX_POINT('',#11988);
#4057=VERTEX_POINT('',#11992);
#4058=VERTEX_POINT('',#11994);
#4059=VERTEX_POINT('',#11998);
#4060=VERTEX_POINT('',#12000);
#4061=VERTEX_POINT('',#12004);
#4062=VERTEX_POINT('',#12006);
#4063=VERTEX_POINT('',#12012);
#4064=VERTEX_POINT('',#12013);
#4065=VERTEX_POINT('',#12015);
#4066=VERTEX_POINT('',#12017);
#4067=VERTEX_POINT('',#12020);
#4068=VERTEX_POINT('',#12022);
#4069=VERTEX_POINT('',#12038);
#4070=VERTEX_POINT('',#12043);
#4071=VERTEX_POINT('',#12055);
#4072=VERTEX_POINT('',#12059);
#4073=VERTEX_POINT('',#12064);
#4074=VERTEX_POINT('',#12066);
#4075=VERTEX_POINT('',#12070);
#4076=VERTEX_POINT('',#12076);
#4077=VERTEX_POINT('',#12080);
#4078=VERTEX_POINT('',#12084);
#4079=VERTEX_POINT('',#12090);
#4080=VERTEX_POINT('',#12091);
#4081=VERTEX_POINT('',#12093);
#4082=VERTEX_POINT('',#12095);
#4083=VERTEX_POINT('',#12097);
#4084=VERTEX_POINT('',#12099);
#4085=VERTEX_POINT('',#12101);
#4086=VERTEX_POINT('',#12103);
#4087=VERTEX_POINT('',#12138);
#4088=VERTEX_POINT('',#12140);
#4089=VERTEX_POINT('',#12144);
#4090=VERTEX_POINT('',#12148);
#4091=VERTEX_POINT('',#12152);
#4092=VERTEX_POINT('',#12156);
#4093=VERTEX_POINT('',#12160);
#4094=VERTEX_POINT('',#12164);
#4095=VERTEX_POINT('',#12168);
#4096=VERTEX_POINT('',#12172);
#4097=VERTEX_POINT('',#12176);
#4098=VERTEX_POINT('',#12180);
#4099=VERTEX_POINT('',#12184);
#4100=VERTEX_POINT('',#12188);
#4101=VERTEX_POINT('',#12192);
#4102=VERTEX_POINT('',#12196);
#4103=VERTEX_POINT('',#12200);
#4104=VERTEX_POINT('',#12204);
#4105=VERTEX_POINT('',#12208);
#4106=VERTEX_POINT('',#12212);
#4107=VERTEX_POINT('',#12218);
#4108=VERTEX_POINT('',#12219);
#4109=VERTEX_POINT('',#12221);
#4110=VERTEX_POINT('',#12223);
#4111=VERTEX_POINT('',#12225);
#4112=VERTEX_POINT('',#12227);
#4113=VERTEX_POINT('',#12229);
#4114=VERTEX_POINT('',#12231);
#4115=VERTEX_POINT('',#12233);
#4116=VERTEX_POINT('',#12235);
#4117=VERTEX_POINT('',#12237);
#4118=VERTEX_POINT('',#12239);
#4119=VERTEX_POINT('',#12243);
#4120=VERTEX_POINT('',#12245);
#4121=VERTEX_POINT('',#12249);
#4122=VERTEX_POINT('',#12253);
#4123=VERTEX_POINT('',#12257);
#4124=VERTEX_POINT('',#12261);
#4125=VERTEX_POINT('',#12265);
#4126=VERTEX_POINT('',#12269);
#4127=VERTEX_POINT('',#12273);
#4128=VERTEX_POINT('',#12277);
#4129=VERTEX_POINT('',#12281);
#4130=VERTEX_POINT('',#12285);
#4131=VERTEX_POINT('',#12289);
#4132=VERTEX_POINT('',#12293);
#4133=VERTEX_POINT('',#12297);
#4134=VERTEX_POINT('',#12301);
#4135=VERTEX_POINT('',#12305);
#4136=VERTEX_POINT('',#12309);
#4137=VERTEX_POINT('',#12313);
#4138=VERTEX_POINT('',#12317);
#4139=VERTEX_POINT('',#12323);
#4140=VERTEX_POINT('',#12324);
#4141=VERTEX_POINT('',#12326);
#4142=VERTEX_POINT('',#12328);
#4143=VERTEX_POINT('',#12330);
#4144=VERTEX_POINT('',#12332);
#4145=VERTEX_POINT('',#12334);
#4146=VERTEX_POINT('',#12336);
#4147=VERTEX_POINT('',#12338);
#4148=VERTEX_POINT('',#12340);
#4149=VERTEX_POINT('',#12342);
#4150=VERTEX_POINT('',#12344);
#4151=VERTEX_POINT('',#12428);
#4152=VERTEX_POINT('',#12429);
#4153=VERTEX_POINT('',#12431);
#4154=VERTEX_POINT('',#12433);
#4155=VERTEX_POINT('',#12437);
#4156=VERTEX_POINT('',#12439);
#4157=VERTEX_POINT('',#12443);
#4158=VERTEX_POINT('',#12445);
#4159=VERTEX_POINT('',#12453);
#4160=VERTEX_POINT('',#12454);
#4161=VERTEX_POINT('',#12456);
#4162=VERTEX_POINT('',#12458);
#4163=VERTEX_POINT('',#12462);
#4164=VERTEX_POINT('',#12464);
#4165=VERTEX_POINT('',#12468);
#4166=VERTEX_POINT('',#12470);
#4167=VERTEX_POINT('',#12478);
#4168=VERTEX_POINT('',#12479);
#4169=VERTEX_POINT('',#12481);
#4170=VERTEX_POINT('',#12483);
#4171=VERTEX_POINT('',#12487);
#4172=VERTEX_POINT('',#12489);
#4173=VERTEX_POINT('',#12493);
#4174=VERTEX_POINT('',#12495);
#4175=VERTEX_POINT('',#12503);
#4176=VERTEX_POINT('',#12504);
#4177=VERTEX_POINT('',#12506);
#4178=VERTEX_POINT('',#12508);
#4179=VERTEX_POINT('',#12512);
#4180=VERTEX_POINT('',#12514);
#4181=VERTEX_POINT('',#12518);
#4182=VERTEX_POINT('',#12520);
#4183=VERTEX_POINT('',#12528);
#4184=VERTEX_POINT('',#12529);
#4185=VERTEX_POINT('',#12531);
#4186=VERTEX_POINT('',#12533);
#4187=VERTEX_POINT('',#12537);
#4188=VERTEX_POINT('',#12539);
#4189=VERTEX_POINT('',#12543);
#4190=VERTEX_POINT('',#12545);
#4191=VERTEX_POINT('',#12553);
#4192=VERTEX_POINT('',#12554);
#4193=VERTEX_POINT('',#12556);
#4194=VERTEX_POINT('',#12558);
#4195=VERTEX_POINT('',#12562);
#4196=VERTEX_POINT('',#12564);
#4197=VERTEX_POINT('',#12568);
#4198=VERTEX_POINT('',#12570);
#4199=VERTEX_POINT('',#12578);
#4200=VERTEX_POINT('',#12579);
#4201=VERTEX_POINT('',#12581);
#4202=VERTEX_POINT('',#12583);
#4203=VERTEX_POINT('',#12587);
#4204=VERTEX_POINT('',#12589);
#4205=VERTEX_POINT('',#12593);
#4206=VERTEX_POINT('',#12595);
#4207=VERTEX_POINT('',#12603);
#4208=VERTEX_POINT('',#12604);
#4209=VERTEX_POINT('',#12606);
#4210=VERTEX_POINT('',#12608);
#4211=VERTEX_POINT('',#12612);
#4212=VERTEX_POINT('',#12614);
#4213=VERTEX_POINT('',#12618);
#4214=VERTEX_POINT('',#12620);
#4215=VERTEX_POINT('',#12628);
#4216=VERTEX_POINT('',#12629);
#4217=VERTEX_POINT('',#12631);
#4218=VERTEX_POINT('',#12633);
#4219=VERTEX_POINT('',#12637);
#4220=VERTEX_POINT('',#12639);
#4221=VERTEX_POINT('',#12643);
#4222=VERTEX_POINT('',#12645);
#4223=VERTEX_POINT('',#12653);
#4224=VERTEX_POINT('',#12654);
#4225=VERTEX_POINT('',#12656);
#4226=VERTEX_POINT('',#12658);
#4227=VERTEX_POINT('',#12662);
#4228=VERTEX_POINT('',#12664);
#4229=VERTEX_POINT('',#12668);
#4230=VERTEX_POINT('',#12670);
#4231=VERTEX_POINT('',#12678);
#4232=VERTEX_POINT('',#12679);
#4233=VERTEX_POINT('',#12681);
#4234=VERTEX_POINT('',#12683);
#4235=VERTEX_POINT('',#12687);
#4236=VERTEX_POINT('',#12689);
#4237=VERTEX_POINT('',#12693);
#4238=VERTEX_POINT('',#12695);
#4239=VERTEX_POINT('',#12703);
#4240=VERTEX_POINT('',#12704);
#4241=VERTEX_POINT('',#12706);
#4242=VERTEX_POINT('',#12708);
#4243=VERTEX_POINT('',#12712);
#4244=VERTEX_POINT('',#12714);
#4245=VERTEX_POINT('',#12718);
#4246=VERTEX_POINT('',#12720);
#4247=VERTEX_POINT('',#12728);
#4248=VERTEX_POINT('',#12729);
#4249=VERTEX_POINT('',#12731);
#4250=VERTEX_POINT('',#12733);
#4251=VERTEX_POINT('',#12737);
#4252=VERTEX_POINT('',#12739);
#4253=VERTEX_POINT('',#12743);
#4254=VERTEX_POINT('',#12745);
#4255=VERTEX_POINT('',#12753);
#4256=VERTEX_POINT('',#12754);
#4257=VERTEX_POINT('',#12756);
#4258=VERTEX_POINT('',#12758);
#4259=VERTEX_POINT('',#12762);
#4260=VERTEX_POINT('',#12764);
#4261=VERTEX_POINT('',#12768);
#4262=VERTEX_POINT('',#12770);
#4263=VERTEX_POINT('',#12778);
#4264=VERTEX_POINT('',#12779);
#4265=VERTEX_POINT('',#12781);
#4266=VERTEX_POINT('',#12783);
#4267=VERTEX_POINT('',#12787);
#4268=VERTEX_POINT('',#12789);
#4269=VERTEX_POINT('',#12793);
#4270=VERTEX_POINT('',#12795);
#4271=VERTEX_POINT('',#12803);
#4272=VERTEX_POINT('',#12804);
#4273=VERTEX_POINT('',#12806);
#4274=VERTEX_POINT('',#12808);
#4275=VERTEX_POINT('',#12812);
#4276=VERTEX_POINT('',#12814);
#4277=VERTEX_POINT('',#12818);
#4278=VERTEX_POINT('',#12820);
#4279=VERTEX_POINT('',#12828);
#4280=VERTEX_POINT('',#12829);
#4281=VERTEX_POINT('',#12831);
#4282=VERTEX_POINT('',#12833);
#4283=VERTEX_POINT('',#12837);
#4284=VERTEX_POINT('',#12839);
#4285=VERTEX_POINT('',#12843);
#4286=VERTEX_POINT('',#12845);
#4287=VERTEX_POINT('',#12853);
#4288=VERTEX_POINT('',#12854);
#4289=VERTEX_POINT('',#12856);
#4290=VERTEX_POINT('',#12858);
#4291=VERTEX_POINT('',#12862);
#4292=VERTEX_POINT('',#12864);
#4293=VERTEX_POINT('',#12868);
#4294=VERTEX_POINT('',#12870);
#4295=VERTEX_POINT('',#12878);
#4296=VERTEX_POINT('',#12879);
#4297=VERTEX_POINT('',#12881);
#4298=VERTEX_POINT('',#12883);
#4299=VERTEX_POINT('',#12887);
#4300=VERTEX_POINT('',#12889);
#4301=VERTEX_POINT('',#12893);
#4302=VERTEX_POINT('',#12895);
#4303=VERTEX_POINT('',#12903);
#4304=VERTEX_POINT('',#12904);
#4305=VERTEX_POINT('',#12906);
#4306=VERTEX_POINT('',#12908);
#4307=VERTEX_POINT('',#12912);
#4308=VERTEX_POINT('',#12914);
#4309=VERTEX_POINT('',#12918);
#4310=VERTEX_POINT('',#12920);
#4311=VERTEX_POINT('',#12928);
#4312=VERTEX_POINT('',#12929);
#4313=VERTEX_POINT('',#12931);
#4314=VERTEX_POINT('',#12933);
#4315=VERTEX_POINT('',#12937);
#4316=VERTEX_POINT('',#12939);
#4317=VERTEX_POINT('',#12943);
#4318=VERTEX_POINT('',#12945);
#4319=VERTEX_POINT('',#12953);
#4320=VERTEX_POINT('',#12954);
#4321=VERTEX_POINT('',#12956);
#4322=VERTEX_POINT('',#12958);
#4323=VERTEX_POINT('',#12962);
#4324=VERTEX_POINT('',#12964);
#4325=VERTEX_POINT('',#12968);
#4326=VERTEX_POINT('',#12970);
#4327=VERTEX_POINT('',#12978);
#4328=VERTEX_POINT('',#12979);
#4329=VERTEX_POINT('',#12981);
#4330=VERTEX_POINT('',#12983);
#4331=VERTEX_POINT('',#12987);
#4332=VERTEX_POINT('',#12989);
#4333=VERTEX_POINT('',#12993);
#4334=VERTEX_POINT('',#12995);
#4335=VERTEX_POINT('',#13003);
#4336=VERTEX_POINT('',#13004);
#4337=VERTEX_POINT('',#13006);
#4338=VERTEX_POINT('',#13008);
#4339=VERTEX_POINT('',#13012);
#4340=VERTEX_POINT('',#13014);
#4341=VERTEX_POINT('',#13018);
#4342=VERTEX_POINT('',#13020);
#4343=VERTEX_POINT('',#13028);
#4344=VERTEX_POINT('',#13029);
#4345=VERTEX_POINT('',#13031);
#4346=VERTEX_POINT('',#13033);
#4347=VERTEX_POINT('',#13037);
#4348=VERTEX_POINT('',#13039);
#4349=VERTEX_POINT('',#13043);
#4350=VERTEX_POINT('',#13045);
#4351=VERTEX_POINT('',#13053);
#4352=VERTEX_POINT('',#13054);
#4353=VERTEX_POINT('',#13056);
#4354=VERTEX_POINT('',#13058);
#4355=VERTEX_POINT('',#13062);
#4356=VERTEX_POINT('',#13064);
#4357=VERTEX_POINT('',#13068);
#4358=VERTEX_POINT('',#13070);
#4359=VERTEX_POINT('',#13303);
#4360=VERTEX_POINT('',#13304);
#4361=VERTEX_POINT('',#13306);
#4362=VERTEX_POINT('',#13308);
#4363=VERTEX_POINT('',#13312);
#4364=VERTEX_POINT('',#13314);
#4365=VERTEX_POINT('',#13318);
#4366=VERTEX_POINT('',#13320);
#4367=VERTEX_POINT('',#13324);
#4368=VERTEX_POINT('',#13326);
#4369=VERTEX_POINT('',#13330);
#4370=VERTEX_POINT('',#13332);
#4371=VERTEX_POINT('',#13336);
#4372=VERTEX_POINT('',#13338);
#4373=VERTEX_POINT('',#13340);
#4374=VERTEX_POINT('',#13342);
#4375=VERTEX_POINT('',#13344);
#4376=VERTEX_POINT('',#13346);
#4377=VERTEX_POINT('',#13350);
#4378=VERTEX_POINT('',#13352);
#4379=VERTEX_POINT('',#13354);
#4380=VERTEX_POINT('',#13356);
#4381=VERTEX_POINT('',#13360);
#4382=VERTEX_POINT('',#13362);
#4383=VERTEX_POINT('',#13364);
#4384=VERTEX_POINT('',#13366);
#4385=VERTEX_POINT('',#13368);
#4386=VERTEX_POINT('',#13370);
#4387=VERTEX_POINT('',#13374);
#4388=VERTEX_POINT('',#13376);
#4389=VERTEX_POINT('',#13387);
#4390=VERTEX_POINT('',#13389);
#4391=VERTEX_POINT('',#13414);
#4392=VERTEX_POINT('',#13415);
#4393=VERTEX_POINT('',#13417);
#4394=VERTEX_POINT('',#13419);
#4395=VERTEX_POINT('',#13423);
#4396=VERTEX_POINT('',#13425);
#4397=VERTEX_POINT('',#13429);
#4398=VERTEX_POINT('',#13431);
#4399=VERTEX_POINT('',#13435);
#4400=VERTEX_POINT('',#13437);
#4401=VERTEX_POINT('',#13441);
#4402=VERTEX_POINT('',#13443);
#4403=VERTEX_POINT('',#13447);
#4404=VERTEX_POINT('',#13449);
#4405=VERTEX_POINT('',#13453);
#4406=VERTEX_POINT('',#13455);
#4407=VERTEX_POINT('',#13459);
#4408=VERTEX_POINT('',#13460);
#4409=VERTEX_POINT('',#13462);
#4410=VERTEX_POINT('',#13465);
#4411=VERTEX_POINT('',#13467);
#4412=VERTEX_POINT('',#13469);
#4413=VERTEX_POINT('',#13473);
#4414=VERTEX_POINT('',#13474);
#4415=VERTEX_POINT('',#13477);
#4416=VERTEX_POINT('',#13479);
#4417=VERTEX_POINT('',#13483);
#4418=VERTEX_POINT('',#13486);
#4419=VERTEX_POINT('',#13488);
#4420=VERTEX_POINT('',#13490);
#4421=VERTEX_POINT('',#13498);
#4422=VERTEX_POINT('',#13500);
#4423=VERTEX_POINT('',#13525);
#4424=VERTEX_POINT('',#13526);
#4425=VERTEX_POINT('',#13528);
#4426=VERTEX_POINT('',#13530);
#4427=VERTEX_POINT('',#13532);
#4428=VERTEX_POINT('',#13534);
#4429=VERTEX_POINT('',#13536);
#4430=VERTEX_POINT('',#13538);
#4431=VERTEX_POINT('',#13542);
#4432=VERTEX_POINT('',#13544);
#4433=VERTEX_POINT('',#13546);
#4434=VERTEX_POINT('',#13548);
#4435=VERTEX_POINT('',#13550);
#4436=VERTEX_POINT('',#13552);
#4437=VERTEX_POINT('',#13554);
#4438=VERTEX_POINT('',#13556);
#4439=VERTEX_POINT('',#13558);
#4440=VERTEX_POINT('',#13560);
#4441=VERTEX_POINT('',#13562);
#4442=VERTEX_POINT('',#13564);
#4443=VERTEX_POINT('',#13566);
#4444=VERTEX_POINT('',#13568);
#4445=VERTEX_POINT('',#13570);
#4446=VERTEX_POINT('',#13574);
#4447=VERTEX_POINT('',#13576);
#4448=VERTEX_POINT('',#13578);
#4449=VERTEX_POINT('',#13580);
#4450=VERTEX_POINT('',#13584);
#4451=VERTEX_POINT('',#13586);
#4452=VERTEX_POINT('',#13590);
#4453=VERTEX_POINT('',#13592);
#4454=VERTEX_POINT('',#13596);
#4455=VERTEX_POINT('',#13598);
#4456=VERTEX_POINT('',#13602);
#4457=VERTEX_POINT('',#13604);
#4458=VERTEX_POINT('',#13608);
#4459=VERTEX_POINT('',#13610);
#4460=VERTEX_POINT('',#13614);
#4461=VERTEX_POINT('',#13616);
#4462=VERTEX_POINT('',#13620);
#4463=VERTEX_POINT('',#13622);
#4464=VERTEX_POINT('',#13626);
#4465=VERTEX_POINT('',#13628);
#4466=VERTEX_POINT('',#13630);
#4467=VERTEX_POINT('',#13632);
#4468=VERTEX_POINT('',#13636);
#4469=VERTEX_POINT('',#13638);
#4470=VERTEX_POINT('',#13640);
#4471=VERTEX_POINT('',#13642);
#4472=VERTEX_POINT('',#13644);
#4473=VERTEX_POINT('',#13646);
#4474=VERTEX_POINT('',#13648);
#4475=VERTEX_POINT('',#13650);
#4476=VERTEX_POINT('',#13652);
#4477=VERTEX_POINT('',#13654);
#4478=VERTEX_POINT('',#13656);
#4479=VERTEX_POINT('',#13658);
#4480=VERTEX_POINT('',#13660);
#4481=VERTEX_POINT('',#13662);
#4482=VERTEX_POINT('',#13664);
#4483=VERTEX_POINT('',#13668);
#4484=VERTEX_POINT('',#13670);
#4485=VERTEX_POINT('',#13672);
#4486=VERTEX_POINT('',#13674);
#4487=VERTEX_POINT('',#13676);
#4488=VERTEX_POINT('',#13678);
#4489=VERTEX_POINT('',#13682);
#4490=VERTEX_POINT('',#13684);
#4491=VERTEX_POINT('',#13688);
#4492=VERTEX_POINT('',#13690);
#4493=VERTEX_POINT('',#13694);
#4494=VERTEX_POINT('',#13696);
#4495=VERTEX_POINT('',#13700);
#4496=VERTEX_POINT('',#13702);
#4497=VERTEX_POINT('',#13706);
#4498=VERTEX_POINT('',#13708);
#4499=VERTEX_POINT('',#13712);
#4500=VERTEX_POINT('',#13714);
#4501=VERTEX_POINT('',#13718);
#4502=VERTEX_POINT('',#13720);
#4503=VERTEX_POINT('',#13724);
#4504=VERTEX_POINT('',#13726);
#4505=VERTEX_POINT('',#13739);
#4506=VERTEX_POINT('',#13741);
#4507=VERTEX_POINT('',#13745);
#4508=VERTEX_POINT('',#13749);
#4509=VERTEX_POINT('',#13753);
#4510=VERTEX_POINT('',#13757);
#4511=VERTEX_POINT('',#13761);
#4512=VERTEX_POINT('',#13765);
#4513=VERTEX_POINT('',#13769);
#4514=VERTEX_POINT('',#13773);
#4515=VERTEX_POINT('',#13777);
#4516=VERTEX_POINT('',#13781);
#4517=VERTEX_POINT('',#13785);
#4518=VERTEX_POINT('',#13794);
#4519=VERTEX_POINT('',#13796);
#4520=VERTEX_POINT('',#13800);
#4521=VERTEX_POINT('',#13804);
#4522=VERTEX_POINT('',#13808);
#4523=VERTEX_POINT('',#13812);
#4524=VERTEX_POINT('',#13816);
#4525=VERTEX_POINT('',#13820);
#4526=VERTEX_POINT('',#13824);
#4527=VERTEX_POINT('',#13830);
#4528=VERTEX_POINT('',#13834);
#4529=VERTEX_POINT('',#13835);
#4530=VERTEX_POINT('',#13840);
#4531=LINE('',#11484,#5545);
#4532=LINE('',#11487,#5546);
#4533=LINE('',#11489,#5547);
#4534=LINE('',#11491,#5548);
#4535=LINE('',#11493,#5549);
#4536=LINE('',#11495,#5550);
#4537=LINE('',#11497,#5551);
#4538=LINE('',#11499,#5552);
#4539=LINE('',#11501,#5553);
#4540=LINE('',#11503,#5554);
#4541=LINE('',#11505,#5555);
#4542=LINE('',#11507,#5556);
#4543=LINE('',#11508,#5557);
#4544=LINE('',#11513,#5558);
#4545=LINE('',#11517,#5559);
#4546=LINE('',#11521,#5560);
#4547=LINE('',#11523,#5561);
#4548=LINE('',#11525,#5562);
#4549=LINE('',#11529,#5563);
#4550=LINE('',#11533,#5564);
#4551=LINE('',#11537,#5565);
#4552=LINE('',#11541,#5566);
#4553=LINE('',#11543,#5567);
#4554=LINE('',#11545,#5568);
#4555=LINE('',#11549,#5569);
#4556=LINE('',#11552,#5570);
#4557=LINE('',#11554,#5571);
#4558=LINE('',#11556,#5572);
#4559=LINE('',#11558,#5573);
#4560=LINE('',#11560,#5574);
#4561=LINE('',#11562,#5575);
#4562=LINE('',#11564,#5576);
#4563=LINE('',#11566,#5577);
#4564=LINE('',#11568,#5578);
#4565=LINE('',#11569,#5579);
#4566=LINE('',#11574,#5580);
#4567=LINE('',#11578,#5581);
#4568=LINE('',#11582,#5582);
#4569=LINE('',#11584,#5583);
#4570=LINE('',#11586,#5584);
#4571=LINE('',#11590,#5585);
#4572=LINE('',#11594,#5586);
#4573=LINE('',#11598,#5587);
#4574=LINE('',#11602,#5588);
#4575=LINE('',#11604,#5589);
#4576=LINE('',#11606,#5590);
#4577=LINE('',#11610,#5591);
#4578=LINE('',#11613,#5592);
#4579=LINE('',#11615,#5593);
#4580=LINE('',#11617,#5594);
#4581=LINE('',#11619,#5595);
#4582=LINE('',#11621,#5596);
#4583=LINE('',#11623,#5597);
#4584=LINE('',#11625,#5598);
#4585=LINE('',#11627,#5599);
#4586=LINE('',#11629,#5600);
#4587=LINE('',#11631,#5601);
#4588=LINE('',#11633,#5602);
#4589=LINE('',#11636,#5603);
#4590=LINE('',#11643,#5604);
#4591=LINE('',#11650,#5605);
#4592=LINE('',#11652,#5606);
#4593=LINE('',#11654,#5607);
#4594=LINE('',#11656,#5608);
#4595=LINE('',#11658,#5609);
#4596=LINE('',#11660,#5610);
#4597=LINE('',#11662,#5611);
#4598=LINE('',#11664,#5612);
#4599=LINE('',#11666,#5613);
#4600=LINE('',#11668,#5614);
#4601=LINE('',#11671,#5615);
#4602=LINE('',#11672,#5616);
#4603=LINE('',#11674,#5617);
#4604=LINE('',#11676,#5618);
#4605=LINE('',#11677,#5619);
#4606=LINE('',#11679,#5620);
#4607=LINE('',#11682,#5621);
#4608=LINE('',#11684,#5622);
#4609=LINE('',#11686,#5623);
#4610=LINE('',#11688,#5624);
#4611=LINE('',#11690,#5625);
#4612=LINE('',#11692,#5626);
#4613=LINE('',#11694,#5627);
#4614=LINE('',#11695,#5628);
#4615=LINE('',#11698,#5629);
#4616=LINE('',#11699,#5630);
#4617=LINE('',#11701,#5631);
#4618=LINE('',#11703,#5632);
#4619=LINE('',#11704,#5633);
#4620=LINE('',#11706,#5634);
#4621=LINE('',#11708,#5635);
#4622=LINE('',#11710,#5636);
#4623=LINE('',#11712,#5637);
#4624=LINE('',#11714,#5638);
#4625=LINE('',#11716,#5639);
#4626=LINE('',#11718,#5640);
#4627=LINE('',#11720,#5641);
#4628=LINE('',#11722,#5642);
#4629=LINE('',#11724,#5643);
#4630=LINE('',#11726,#5644);
#4631=LINE('',#11728,#5645);
#4632=LINE('',#11730,#5646);
#4633=LINE('',#11732,#5647);
#4634=LINE('',#11734,#5648);
#4635=LINE('',#11736,#5649);
#4636=LINE('',#11738,#5650);
#4637=LINE('',#11740,#5651);
#4638=LINE('',#11742,#5652);
#4639=LINE('',#11744,#5653);
#4640=LINE('',#11746,#5654);
#4641=LINE('',#11748,#5655);
#4642=LINE('',#11750,#5656);
#4643=LINE('',#11753,#5657);
#4644=LINE('',#11755,#5658);
#4645=LINE('',#11757,#5659);
#4646=LINE('',#11759,#5660);
#4647=LINE('',#11761,#5661);
#4648=LINE('',#11763,#5662);
#4649=LINE('',#11765,#5663);
#4650=LINE('',#11766,#5664);
#4651=LINE('',#11769,#5665);
#4652=LINE('',#11771,#5666);
#4653=LINE('',#11773,#5667);
#4654=LINE('',#11774,#5668);
#4655=LINE('',#11777,#5669);
#4656=LINE('',#11779,#5670);
#4657=LINE('',#11781,#5671);
#4658=LINE('',#11782,#5672);
#4659=LINE('',#11785,#5673);
#4660=LINE('',#11787,#5674);
#4661=LINE('',#11789,#5675);
#4662=LINE('',#11790,#5676);
#4663=LINE('',#11793,#5677);
#4664=LINE('',#11795,#5678);
#4665=LINE('',#11797,#5679);
#4666=LINE('',#11798,#5680);
#4667=LINE('',#11801,#5681);
#4668=LINE('',#11803,#5682);
#4669=LINE('',#11805,#5683);
#4670=LINE('',#11806,#5684);
#4671=LINE('',#11809,#5685);
#4672=LINE('',#11811,#5686);
#4673=LINE('',#11813,#5687);
#4674=LINE('',#11814,#5688);
#4675=LINE('',#11817,#5689);
#4676=LINE('',#11819,#5690);
#4677=LINE('',#11821,#5691);
#4678=LINE('',#11822,#5692);
#4679=LINE('',#11825,#5693);
#4680=LINE('',#11827,#5694);
#4681=LINE('',#11829,#5695);
#4682=LINE('',#11830,#5696);
#4683=LINE('',#11833,#5697);
#4684=LINE('',#11835,#5698);
#4685=LINE('',#11837,#5699);
#4686=LINE('',#11838,#5700);
#4687=LINE('',#11841,#5701);
#4688=LINE('',#11843,#5702);
#4689=LINE('',#11845,#5703);
#4690=LINE('',#11846,#5704);
#4691=LINE('',#11849,#5705);
#4692=LINE('',#11851,#5706);
#4693=LINE('',#11853,#5707);
#4694=LINE('',#11854,#5708);
#4695=LINE('',#11857,#5709);
#4696=LINE('',#11859,#5710);
#4697=LINE('',#11861,#5711);
#4698=LINE('',#11862,#5712);
#4699=LINE('',#11865,#5713);
#4700=LINE('',#11867,#5714);
#4701=LINE('',#11869,#5715);
#4702=LINE('',#11870,#5716);
#4703=LINE('',#11873,#5717);
#4704=LINE('',#11875,#5718);
#4705=LINE('',#11877,#5719);
#4706=LINE('',#11878,#5720);
#4707=LINE('',#11881,#5721);
#4708=LINE('',#11883,#5722);
#4709=LINE('',#11885,#5723);
#4710=LINE('',#11886,#5724);
#4711=LINE('',#11889,#5725);
#4712=LINE('',#11891,#5726);
#4713=LINE('',#11893,#5727);
#4714=LINE('',#11894,#5728);
#4715=LINE('',#11897,#5729);
#4716=LINE('',#11899,#5730);
#4717=LINE('',#11901,#5731);
#4718=LINE('',#11902,#5732);
#4719=LINE('',#11905,#5733);
#4720=LINE('',#11907,#5734);
#4721=LINE('',#11909,#5735);
#4722=LINE('',#11910,#5736);
#4723=LINE('',#11913,#5737);
#4724=LINE('',#11915,#5738);
#4725=LINE('',#11917,#5739);
#4726=LINE('',#11918,#5740);
#4727=LINE('',#11921,#5741);
#4728=LINE('',#11923,#5742);
#4729=LINE('',#11925,#5743);
#4730=LINE('',#11926,#5744);
#4731=LINE('',#11929,#5745);
#4732=LINE('',#11931,#5746);
#4733=LINE('',#11933,#5747);
#4734=LINE('',#11934,#5748);
#4735=LINE('',#11937,#5749);
#4736=LINE('',#11939,#5750);
#4737=LINE('',#11941,#5751);
#4738=LINE('',#11942,#5752);
#4739=LINE('',#11945,#5753);
#4740=LINE('',#11947,#5754);
#4741=LINE('',#11949,#5755);
#4742=LINE('',#11950,#5756);
#4743=LINE('',#11953,#5757);
#4744=LINE('',#11955,#5758);
#4745=LINE('',#11957,#5759);
#4746=LINE('',#11958,#5760);
#4747=LINE('',#11961,#5761);
#4748=LINE('',#11963,#5762);
#4749=LINE('',#11965,#5763);
#4750=LINE('',#11966,#5764);
#4751=LINE('',#11969,#5765);
#4752=LINE('',#11971,#5766);
#4753=LINE('',#11973,#5767);
#4754=LINE('',#11975,#5768);
#4755=LINE('',#11978,#5769);
#4756=LINE('',#11980,#5770);
#4757=LINE('',#11981,#5771);
#4758=LINE('',#11983,#5772);
#4759=LINE('',#11984,#5773);
#4760=LINE('',#11986,#5774);
#4761=LINE('',#11987,#5775);
#4762=LINE('',#11989,#5776);
#4763=LINE('',#11991,#5777);
#4764=LINE('',#11993,#5778);
#4765=LINE('',#11995,#5779);
#4766=LINE('',#11997,#5780);
#4767=LINE('',#11999,#5781);
#4768=LINE('',#12001,#5782);
#4769=LINE('',#12002,#5783);
#4770=LINE('',#12003,#5784);
#4771=LINE('',#12005,#5785);
#4772=LINE('',#12007,#5786);
#4773=LINE('',#12009,#5787);
#4774=LINE('',#12011,#5788);
#4775=LINE('',#12014,#5789);
#4776=LINE('',#12016,#5790);
#4777=LINE('',#12018,#5791);
#4778=LINE('',#12019,#5792);
#4779=LINE('',#12021,#5793);
#4780=LINE('',#12023,#5794);
#4781=LINE('',#12025,#5795);
#4782=LINE('',#12026,#5796);
#4783=LINE('',#12028,#5797);
#4784=LINE('',#12030,#5798);
#4785=LINE('',#12032,#5799);
#4786=LINE('',#12034,#5800);
#4787=LINE('',#12036,#5801);
#4788=LINE('',#12037,#5802);
#4789=LINE('',#12039,#5803);
#4790=LINE('',#12042,#5804);
#4791=LINE('',#12044,#5805);
#4792=LINE('',#12045,#5806);
#4793=LINE('',#12048,#5807);
#4794=LINE('',#12051,#5808);
#4795=LINE('',#12063,#5809);
#4796=LINE('',#12067,#5810);
#4797=LINE('',#12071,#5811);
#4798=LINE('',#12077,#5812);
#4799=LINE('',#12081,#5813);
#4800=LINE('',#12085,#5814);
#4801=LINE('',#12087,#5815);
#4802=LINE('',#12096,#5816);
#4803=LINE('',#12104,#5817);
#4804=LINE('',#12122,#5818);
#4805=LINE('',#12125,#5819);
#4806=LINE('',#12128,#5820);
#4807=LINE('',#12131,#5821);
#4808=LINE('',#12134,#5822);
#4809=LINE('',#12137,#5823);
#4810=LINE('',#12141,#5824);
#4811=LINE('',#12143,#5825);
#4812=LINE('',#12145,#5826);
#4813=LINE('',#12147,#5827);
#4814=LINE('',#12151,#5828);
#4815=LINE('',#12153,#5829);
#4816=LINE('',#12155,#5830);
#4817=LINE('',#12157,#5831);
#4818=LINE('',#12159,#5832);
#4819=LINE('',#12161,#5833);
#4820=LINE('',#12163,#5834);
#4821=LINE('',#12167,#5835);
#4822=LINE('',#12169,#5836);
#4823=LINE('',#12171,#5837);
#4824=LINE('',#12175,#5838);
#4825=LINE('',#12177,#5839);
#4826=LINE('',#12179,#5840);
#4827=LINE('',#12183,#5841);
#4828=LINE('',#12185,#5842);
#4829=LINE('',#12187,#5843);
#4830=LINE('',#12191,#5844);
#4831=LINE('',#12193,#5845);
#4832=LINE('',#12195,#5846);
#4833=LINE('',#12197,#5847);
#4834=LINE('',#12199,#5848);
#4835=LINE('',#12201,#5849);
#4836=LINE('',#12203,#5850);
#4837=LINE('',#12207,#5851);
#4838=LINE('',#12209,#5852);
#4839=LINE('',#12211,#5853);
#4840=LINE('',#12215,#5854);
#4841=LINE('',#12217,#5855);
#4842=LINE('',#12220,#5856);
#4843=LINE('',#12222,#5857);
#4844=LINE('',#12224,#5858);
#4845=LINE('',#12226,#5859);
#4846=LINE('',#12228,#5860);
#4847=LINE('',#12230,#5861);
#4848=LINE('',#12232,#5862);
#4849=LINE('',#12234,#5863);
#4850=LINE('',#12236,#5864);
#4851=LINE('',#12238,#5865);
#4852=LINE('',#12240,#5866);
#4853=LINE('',#12242,#5867);
#4854=LINE('',#12246,#5868);
#4855=LINE('',#12248,#5869);
#4856=LINE('',#12250,#5870);
#4857=LINE('',#12252,#5871);
#4858=LINE('',#12256,#5872);
#4859=LINE('',#12258,#5873);
#4860=LINE('',#12260,#5874);
#4861=LINE('',#12262,#5875);
#4862=LINE('',#12264,#5876);
#4863=LINE('',#12266,#5877);
#4864=LINE('',#12268,#5878);
#4865=LINE('',#12272,#5879);
#4866=LINE('',#12274,#5880);
#4867=LINE('',#12276,#5881);
#4868=LINE('',#12280,#5882);
#4869=LINE('',#12282,#5883);
#4870=LINE('',#12284,#5884);
#4871=LINE('',#12288,#5885);
#4872=LINE('',#12290,#5886);
#4873=LINE('',#12292,#5887);
#4874=LINE('',#12296,#5888);
#4875=LINE('',#12298,#5889);
#4876=LINE('',#12300,#5890);
#4877=LINE('',#12302,#5891);
#4878=LINE('',#12304,#5892);
#4879=LINE('',#12306,#5893);
#4880=LINE('',#12308,#5894);
#4881=LINE('',#12312,#5895);
#4882=LINE('',#12314,#5896);
#4883=LINE('',#12316,#5897);
#4884=LINE('',#12320,#5898);
#4885=LINE('',#12322,#5899);
#4886=LINE('',#12325,#5900);
#4887=LINE('',#12327,#5901);
#4888=LINE('',#12329,#5902);
#4889=LINE('',#12331,#5903);
#4890=LINE('',#12333,#5904);
#4891=LINE('',#12335,#5905);
#4892=LINE('',#12337,#5906);
#4893=LINE('',#12339,#5907);
#4894=LINE('',#12341,#5908);
#4895=LINE('',#12343,#5909);
#4896=LINE('',#12345,#5910);
#4897=LINE('',#12347,#5911);
#4898=LINE('',#12348,#5912);
#4899=LINE('',#12350,#5913);
#4900=LINE('',#12352,#5914);
#4901=LINE('',#12354,#5915);
#4902=LINE('',#12356,#5916);
#4903=LINE('',#12358,#5917);
#4904=LINE('',#12360,#5918);
#4905=LINE('',#12362,#5919);
#4906=LINE('',#12364,#5920);
#4907=LINE('',#12366,#5921);
#4908=LINE('',#12368,#5922);
#4909=LINE('',#12370,#5923);
#4910=LINE('',#12372,#5924);
#4911=LINE('',#12374,#5925);
#4912=LINE('',#12376,#5926);
#4913=LINE('',#12378,#5927);
#4914=LINE('',#12380,#5928);
#4915=LINE('',#12382,#5929);
#4916=LINE('',#12384,#5930);
#4917=LINE('',#12387,#5931);
#4918=LINE('',#12388,#5932);
#4919=LINE('',#12390,#5933);
#4920=LINE('',#12392,#5934);
#4921=LINE('',#12394,#5935);
#4922=LINE('',#12396,#5936);
#4923=LINE('',#12398,#5937);
#4924=LINE('',#12400,#5938);
#4925=LINE('',#12402,#5939);
#4926=LINE('',#12404,#5940);
#4927=LINE('',#12406,#5941);
#4928=LINE('',#12408,#5942);
#4929=LINE('',#12410,#5943);
#4930=LINE('',#12412,#5944);
#4931=LINE('',#12414,#5945);
#4932=LINE('',#12416,#5946);
#4933=LINE('',#12418,#5947);
#4934=LINE('',#12420,#5948);
#4935=LINE('',#12422,#5949);
#4936=LINE('',#12424,#5950);
#4937=LINE('',#12427,#5951);
#4938=LINE('',#12430,#5952);
#4939=LINE('',#12432,#5953);
#4940=LINE('',#12434,#5954);
#4941=LINE('',#12436,#5955);
#4942=LINE('',#12438,#5956);
#4943=LINE('',#12440,#5957);
#4944=LINE('',#12442,#5958);
#4945=LINE('',#12444,#5959);
#4946=LINE('',#12446,#5960);
#4947=LINE('',#12448,#5961);
#4948=LINE('',#12449,#5962);
#4949=LINE('',#12452,#5963);
#4950=LINE('',#12455,#5964);
#4951=LINE('',#12457,#5965);
#4952=LINE('',#12459,#5966);
#4953=LINE('',#12461,#5967);
#4954=LINE('',#12463,#5968);
#4955=LINE('',#12465,#5969);
#4956=LINE('',#12467,#5970);
#4957=LINE('',#12469,#5971);
#4958=LINE('',#12471,#5972);
#4959=LINE('',#12473,#5973);
#4960=LINE('',#12474,#5974);
#4961=LINE('',#12477,#5975);
#4962=LINE('',#12480,#5976);
#4963=LINE('',#12482,#5977);
#4964=LINE('',#12484,#5978);
#4965=LINE('',#12486,#5979);
#4966=LINE('',#12488,#5980);
#4967=LINE('',#12490,#5981);
#4968=LINE('',#12492,#5982);
#4969=LINE('',#12494,#5983);
#4970=LINE('',#12496,#5984);
#4971=LINE('',#12498,#5985);
#4972=LINE('',#12499,#5986);
#4973=LINE('',#12502,#5987);
#4974=LINE('',#12505,#5988);
#4975=LINE('',#12507,#5989);
#4976=LINE('',#12509,#5990);
#4977=LINE('',#12511,#5991);
#4978=LINE('',#12513,#5992);
#4979=LINE('',#12515,#5993);
#4980=LINE('',#12517,#5994);
#4981=LINE('',#12519,#5995);
#4982=LINE('',#12521,#5996);
#4983=LINE('',#12523,#5997);
#4984=LINE('',#12524,#5998);
#4985=LINE('',#12527,#5999);
#4986=LINE('',#12530,#6000);
#4987=LINE('',#12532,#6001);
#4988=LINE('',#12534,#6002);
#4989=LINE('',#12536,#6003);
#4990=LINE('',#12538,#6004);
#4991=LINE('',#12540,#6005);
#4992=LINE('',#12542,#6006);
#4993=LINE('',#12544,#6007);
#4994=LINE('',#12546,#6008);
#4995=LINE('',#12548,#6009);
#4996=LINE('',#12549,#6010);
#4997=LINE('',#12552,#6011);
#4998=LINE('',#12555,#6012);
#4999=LINE('',#12557,#6013);
#5000=LINE('',#12559,#6014);
#5001=LINE('',#12561,#6015);
#5002=LINE('',#12563,#6016);
#5003=LINE('',#12565,#6017);
#5004=LINE('',#12567,#6018);
#5005=LINE('',#12569,#6019);
#5006=LINE('',#12571,#6020);
#5007=LINE('',#12573,#6021);
#5008=LINE('',#12574,#6022);
#5009=LINE('',#12577,#6023);
#5010=LINE('',#12580,#6024);
#5011=LINE('',#12582,#6025);
#5012=LINE('',#12584,#6026);
#5013=LINE('',#12586,#6027);
#5014=LINE('',#12588,#6028);
#5015=LINE('',#12590,#6029);
#5016=LINE('',#12592,#6030);
#5017=LINE('',#12594,#6031);
#5018=LINE('',#12596,#6032);
#5019=LINE('',#12598,#6033);
#5020=LINE('',#12599,#6034);
#5021=LINE('',#12602,#6035);
#5022=LINE('',#12605,#6036);
#5023=LINE('',#12607,#6037);
#5024=LINE('',#12609,#6038);
#5025=LINE('',#12611,#6039);
#5026=LINE('',#12613,#6040);
#5027=LINE('',#12615,#6041);
#5028=LINE('',#12617,#6042);
#5029=LINE('',#12619,#6043);
#5030=LINE('',#12621,#6044);
#5031=LINE('',#12623,#6045);
#5032=LINE('',#12624,#6046);
#5033=LINE('',#12627,#6047);
#5034=LINE('',#12630,#6048);
#5035=LINE('',#12632,#6049);
#5036=LINE('',#12634,#6050);
#5037=LINE('',#12636,#6051);
#5038=LINE('',#12638,#6052);
#5039=LINE('',#12640,#6053);
#5040=LINE('',#12642,#6054);
#5041=LINE('',#12644,#6055);
#5042=LINE('',#12646,#6056);
#5043=LINE('',#12648,#6057);
#5044=LINE('',#12649,#6058);
#5045=LINE('',#12652,#6059);
#5046=LINE('',#12655,#6060);
#5047=LINE('',#12657,#6061);
#5048=LINE('',#12659,#6062);
#5049=LINE('',#12661,#6063);
#5050=LINE('',#12663,#6064);
#5051=LINE('',#12665,#6065);
#5052=LINE('',#12667,#6066);
#5053=LINE('',#12669,#6067);
#5054=LINE('',#12671,#6068);
#5055=LINE('',#12673,#6069);
#5056=LINE('',#12674,#6070);
#5057=LINE('',#12677,#6071);
#5058=LINE('',#12680,#6072);
#5059=LINE('',#12682,#6073);
#5060=LINE('',#12684,#6074);
#5061=LINE('',#12686,#6075);
#5062=LINE('',#12688,#6076);
#5063=LINE('',#12690,#6077);
#5064=LINE('',#12692,#6078);
#5065=LINE('',#12694,#6079);
#5066=LINE('',#12696,#6080);
#5067=LINE('',#12698,#6081);
#5068=LINE('',#12699,#6082);
#5069=LINE('',#12702,#6083);
#5070=LINE('',#12705,#6084);
#5071=LINE('',#12707,#6085);
#5072=LINE('',#12709,#6086);
#5073=LINE('',#12711,#6087);
#5074=LINE('',#12713,#6088);
#5075=LINE('',#12715,#6089);
#5076=LINE('',#12717,#6090);
#5077=LINE('',#12719,#6091);
#5078=LINE('',#12721,#6092);
#5079=LINE('',#12723,#6093);
#5080=LINE('',#12724,#6094);
#5081=LINE('',#12727,#6095);
#5082=LINE('',#12730,#6096);
#5083=LINE('',#12732,#6097);
#5084=LINE('',#12734,#6098);
#5085=LINE('',#12736,#6099);
#5086=LINE('',#12738,#6100);
#5087=LINE('',#12740,#6101);
#5088=LINE('',#12742,#6102);
#5089=LINE('',#12744,#6103);
#5090=LINE('',#12746,#6104);
#5091=LINE('',#12748,#6105);
#5092=LINE('',#12749,#6106);
#5093=LINE('',#12752,#6107);
#5094=LINE('',#12755,#6108);
#5095=LINE('',#12757,#6109);
#5096=LINE('',#12759,#6110);
#5097=LINE('',#12761,#6111);
#5098=LINE('',#12763,#6112);
#5099=LINE('',#12765,#6113);
#5100=LINE('',#12767,#6114);
#5101=LINE('',#12769,#6115);
#5102=LINE('',#12771,#6116);
#5103=LINE('',#12773,#6117);
#5104=LINE('',#12774,#6118);
#5105=LINE('',#12777,#6119);
#5106=LINE('',#12780,#6120);
#5107=LINE('',#12782,#6121);
#5108=LINE('',#12784,#6122);
#5109=LINE('',#12786,#6123);
#5110=LINE('',#12788,#6124);
#5111=LINE('',#12790,#6125);
#5112=LINE('',#12792,#6126);
#5113=LINE('',#12794,#6127);
#5114=LINE('',#12796,#6128);
#5115=LINE('',#12798,#6129);
#5116=LINE('',#12799,#6130);
#5117=LINE('',#12802,#6131);
#5118=LINE('',#12805,#6132);
#5119=LINE('',#12807,#6133);
#5120=LINE('',#12809,#6134);
#5121=LINE('',#12811,#6135);
#5122=LINE('',#12813,#6136);
#5123=LINE('',#12815,#6137);
#5124=LINE('',#12817,#6138);
#5125=LINE('',#12819,#6139);
#5126=LINE('',#12821,#6140);
#5127=LINE('',#12823,#6141);
#5128=LINE('',#12824,#6142);
#5129=LINE('',#12827,#6143);
#5130=LINE('',#12830,#6144);
#5131=LINE('',#12832,#6145);
#5132=LINE('',#12834,#6146);
#5133=LINE('',#12836,#6147);
#5134=LINE('',#12838,#6148);
#5135=LINE('',#12840,#6149);
#5136=LINE('',#12842,#6150);
#5137=LINE('',#12844,#6151);
#5138=LINE('',#12846,#6152);
#5139=LINE('',#12848,#6153);
#5140=LINE('',#12849,#6154);
#5141=LINE('',#12852,#6155);
#5142=LINE('',#12855,#6156);
#5143=LINE('',#12857,#6157);
#5144=LINE('',#12859,#6158);
#5145=LINE('',#12861,#6159);
#5146=LINE('',#12863,#6160);
#5147=LINE('',#12865,#6161);
#5148=LINE('',#12867,#6162);
#5149=LINE('',#12869,#6163);
#5150=LINE('',#12871,#6164);
#5151=LINE('',#12873,#6165);
#5152=LINE('',#12874,#6166);
#5153=LINE('',#12877,#6167);
#5154=LINE('',#12880,#6168);
#5155=LINE('',#12882,#6169);
#5156=LINE('',#12884,#6170);
#5157=LINE('',#12886,#6171);
#5158=LINE('',#12888,#6172);
#5159=LINE('',#12890,#6173);
#5160=LINE('',#12892,#6174);
#5161=LINE('',#12894,#6175);
#5162=LINE('',#12896,#6176);
#5163=LINE('',#12898,#6177);
#5164=LINE('',#12899,#6178);
#5165=LINE('',#12902,#6179);
#5166=LINE('',#12905,#6180);
#5167=LINE('',#12907,#6181);
#5168=LINE('',#12909,#6182);
#5169=LINE('',#12911,#6183);
#5170=LINE('',#12913,#6184);
#5171=LINE('',#12915,#6185);
#5172=LINE('',#12917,#6186);
#5173=LINE('',#12919,#6187);
#5174=LINE('',#12921,#6188);
#5175=LINE('',#12923,#6189);
#5176=LINE('',#12924,#6190);
#5177=LINE('',#12927,#6191);
#5178=LINE('',#12930,#6192);
#5179=LINE('',#12932,#6193);
#5180=LINE('',#12934,#6194);
#5181=LINE('',#12936,#6195);
#5182=LINE('',#12938,#6196);
#5183=LINE('',#12940,#6197);
#5184=LINE('',#12942,#6198);
#5185=LINE('',#12944,#6199);
#5186=LINE('',#12946,#6200);
#5187=LINE('',#12948,#6201);
#5188=LINE('',#12949,#6202);
#5189=LINE('',#12952,#6203);
#5190=LINE('',#12955,#6204);
#5191=LINE('',#12957,#6205);
#5192=LINE('',#12959,#6206);
#5193=LINE('',#12961,#6207);
#5194=LINE('',#12963,#6208);
#5195=LINE('',#12965,#6209);
#5196=LINE('',#12967,#6210);
#5197=LINE('',#12969,#6211);
#5198=LINE('',#12971,#6212);
#5199=LINE('',#12973,#6213);
#5200=LINE('',#12974,#6214);
#5201=LINE('',#12977,#6215);
#5202=LINE('',#12980,#6216);
#5203=LINE('',#12982,#6217);
#5204=LINE('',#12984,#6218);
#5205=LINE('',#12986,#6219);
#5206=LINE('',#12988,#6220);
#5207=LINE('',#12990,#6221);
#5208=LINE('',#12992,#6222);
#5209=LINE('',#12994,#6223);
#5210=LINE('',#12996,#6224);
#5211=LINE('',#12998,#6225);
#5212=LINE('',#12999,#6226);
#5213=LINE('',#13002,#6227);
#5214=LINE('',#13005,#6228);
#5215=LINE('',#13007,#6229);
#5216=LINE('',#13009,#6230);
#5217=LINE('',#13011,#6231);
#5218=LINE('',#13013,#6232);
#5219=LINE('',#13015,#6233);
#5220=LINE('',#13017,#6234);
#5221=LINE('',#13019,#6235);
#5222=LINE('',#13021,#6236);
#5223=LINE('',#13023,#6237);
#5224=LINE('',#13024,#6238);
#5225=LINE('',#13027,#6239);
#5226=LINE('',#13030,#6240);
#5227=LINE('',#13032,#6241);
#5228=LINE('',#13034,#6242);
#5229=LINE('',#13036,#6243);
#5230=LINE('',#13038,#6244);
#5231=LINE('',#13040,#6245);
#5232=LINE('',#13042,#6246);
#5233=LINE('',#13044,#6247);
#5234=LINE('',#13046,#6248);
#5235=LINE('',#13048,#6249);
#5236=LINE('',#13049,#6250);
#5237=LINE('',#13052,#6251);
#5238=LINE('',#13055,#6252);
#5239=LINE('',#13057,#6253);
#5240=LINE('',#13059,#6254);
#5241=LINE('',#13061,#6255);
#5242=LINE('',#13063,#6256);
#5243=LINE('',#13065,#6257);
#5244=LINE('',#13067,#6258);
#5245=LINE('',#13069,#6259);
#5246=LINE('',#13071,#6260);
#5247=LINE('',#13073,#6261);
#5248=LINE('',#13074,#6262);
#5249=LINE('',#13077,#6263);
#5250=LINE('',#13078,#6264);
#5251=LINE('',#13080,#6265);
#5252=LINE('',#13082,#6266);
#5253=LINE('',#13085,#6267);
#5254=LINE('',#13086,#6268);
#5255=LINE('',#13088,#6269);
#5256=LINE('',#13090,#6270);
#5257=LINE('',#13093,#6271);
#5258=LINE('',#13094,#6272);
#5259=LINE('',#13096,#6273);
#5260=LINE('',#13098,#6274);
#5261=LINE('',#13101,#6275);
#5262=LINE('',#13102,#6276);
#5263=LINE('',#13104,#6277);
#5264=LINE('',#13106,#6278);
#5265=LINE('',#13109,#6279);
#5266=LINE('',#13110,#6280);
#5267=LINE('',#13112,#6281);
#5268=LINE('',#13114,#6282);
#5269=LINE('',#13117,#6283);
#5270=LINE('',#13118,#6284);
#5271=LINE('',#13120,#6285);
#5272=LINE('',#13122,#6286);
#5273=LINE('',#13125,#6287);
#5274=LINE('',#13126,#6288);
#5275=LINE('',#13128,#6289);
#5276=LINE('',#13130,#6290);
#5277=LINE('',#13133,#6291);
#5278=LINE('',#13134,#6292);
#5279=LINE('',#13136,#6293);
#5280=LINE('',#13138,#6294);
#5281=LINE('',#13141,#6295);
#5282=LINE('',#13142,#6296);
#5283=LINE('',#13144,#6297);
#5284=LINE('',#13146,#6298);
#5285=LINE('',#13149,#6299);
#5286=LINE('',#13150,#6300);
#5287=LINE('',#13152,#6301);
#5288=LINE('',#13154,#6302);
#5289=LINE('',#13157,#6303);
#5290=LINE('',#13158,#6304);
#5291=LINE('',#13160,#6305);
#5292=LINE('',#13162,#6306);
#5293=LINE('',#13165,#6307);
#5294=LINE('',#13166,#6308);
#5295=LINE('',#13168,#6309);
#5296=LINE('',#13170,#6310);
#5297=LINE('',#13173,#6311);
#5298=LINE('',#13174,#6312);
#5299=LINE('',#13176,#6313);
#5300=LINE('',#13178,#6314);
#5301=LINE('',#13181,#6315);
#5302=LINE('',#13182,#6316);
#5303=LINE('',#13184,#6317);
#5304=LINE('',#13186,#6318);
#5305=LINE('',#13189,#6319);
#5306=LINE('',#13190,#6320);
#5307=LINE('',#13192,#6321);
#5308=LINE('',#13194,#6322);
#5309=LINE('',#13197,#6323);
#5310=LINE('',#13198,#6324);
#5311=LINE('',#13200,#6325);
#5312=LINE('',#13202,#6326);
#5313=LINE('',#13205,#6327);
#5314=LINE('',#13206,#6328);
#5315=LINE('',#13208,#6329);
#5316=LINE('',#13210,#6330);
#5317=LINE('',#13213,#6331);
#5318=LINE('',#13214,#6332);
#5319=LINE('',#13216,#6333);
#5320=LINE('',#13218,#6334);
#5321=LINE('',#13221,#6335);
#5322=LINE('',#13222,#6336);
#5323=LINE('',#13224,#6337);
#5324=LINE('',#13226,#6338);
#5325=LINE('',#13229,#6339);
#5326=LINE('',#13230,#6340);
#5327=LINE('',#13232,#6341);
#5328=LINE('',#13234,#6342);
#5329=LINE('',#13237,#6343);
#5330=LINE('',#13238,#6344);
#5331=LINE('',#13240,#6345);
#5332=LINE('',#13242,#6346);
#5333=LINE('',#13245,#6347);
#5334=LINE('',#13246,#6348);
#5335=LINE('',#13248,#6349);
#5336=LINE('',#13250,#6350);
#5337=LINE('',#13253,#6351);
#5338=LINE('',#13254,#6352);
#5339=LINE('',#13256,#6353);
#5340=LINE('',#13258,#6354);
#5341=LINE('',#13261,#6355);
#5342=LINE('',#13262,#6356);
#5343=LINE('',#13264,#6357);
#5344=LINE('',#13266,#6358);
#5345=LINE('',#13269,#6359);
#5346=LINE('',#13270,#6360);
#5347=LINE('',#13272,#6361);
#5348=LINE('',#13274,#6362);
#5349=LINE('',#13277,#6363);
#5350=LINE('',#13278,#6364);
#5351=LINE('',#13280,#6365);
#5352=LINE('',#13282,#6366);
#5353=LINE('',#13285,#6367);
#5354=LINE('',#13286,#6368);
#5355=LINE('',#13288,#6369);
#5356=LINE('',#13290,#6370);
#5357=LINE('',#13292,#6371);
#5358=LINE('',#13294,#6372);
#5359=LINE('',#13296,#6373);
#5360=LINE('',#13298,#6374);
#5361=LINE('',#13305,#6375);
#5362=LINE('',#13309,#6376);
#5363=LINE('',#13311,#6377);
#5364=LINE('',#13313,#6378);
#5365=LINE('',#13315,#6379);
#5366=LINE('',#13317,#6380);
#5367=LINE('',#13319,#6381);
#5368=LINE('',#13321,#6382);
#5369=LINE('',#13323,#6383);
#5370=LINE('',#13325,#6384);
#5371=LINE('',#13327,#6385);
#5372=LINE('',#13331,#6386);
#5373=LINE('',#13335,#6387);
#5374=LINE('',#13339,#6388);
#5375=LINE('',#13341,#6389);
#5376=LINE('',#13343,#6390);
#5377=LINE('',#13347,#6391);
#5378=LINE('',#13349,#6392);
#5379=LINE('',#13351,#6393);
#5380=LINE('',#13355,#6394);
#5381=LINE('',#13361,#6395);
#5382=LINE('',#13363,#6396);
#5383=LINE('',#13365,#6397);
#5384=LINE('',#13369,#6398);
#5385=LINE('',#13371,#6399);
#5386=LINE('',#13375,#6400);
#5387=LINE('',#13379,#6401);
#5388=LINE('',#13380,#6402);
#5389=LINE('',#13382,#6403);
#5390=LINE('',#13384,#6404);
#5391=LINE('',#13388,#6405);
#5392=LINE('',#13391,#6406);
#5393=LINE('',#13393,#6407);
#5394=LINE('',#13394,#6408);
#5395=LINE('',#13413,#6409);
#5396=LINE('',#13416,#6410);
#5397=LINE('',#13418,#6411);
#5398=LINE('',#13420,#6412);
#5399=LINE('',#13422,#6413);
#5400=LINE('',#13424,#6414);
#5401=LINE('',#13426,#6415);
#5402=LINE('',#13428,#6416);
#5403=LINE('',#13430,#6417);
#5404=LINE('',#13432,#6418);
#5405=LINE('',#13436,#6419);
#5406=LINE('',#13440,#6420);
#5407=LINE('',#13442,#6421);
#5408=LINE('',#13444,#6422);
#5409=LINE('',#13448,#6423);
#5410=LINE('',#13454,#6424);
#5411=LINE('',#13458,#6425);
#5412=LINE('',#13463,#6426);
#5413=LINE('',#13464,#6427);
#5414=LINE('',#13468,#6428);
#5415=LINE('',#13470,#6429);
#5416=LINE('',#13472,#6430);
#5417=LINE('',#13475,#6431);
#5418=LINE('',#13478,#6432);
#5419=LINE('',#13482,#6433);
#5420=LINE('',#13485,#6434);
#5421=LINE('',#13487,#6435);
#5422=LINE('',#13491,#6436);
#5423=LINE('',#13493,#6437);
#5424=LINE('',#13495,#6438);
#5425=LINE('',#13499,#6439);
#5426=LINE('',#13502,#6440);
#5427=LINE('',#13504,#6441);
#5428=LINE('',#13505,#6442);
#5429=LINE('',#13524,#6443);
#5430=LINE('',#13529,#6444);
#5431=LINE('',#13531,#6445);
#5432=LINE('',#13533,#6446);
#5433=LINE('',#13537,#6447);
#5434=LINE('',#13539,#6448);
#5435=LINE('',#13541,#6449);
#5436=LINE('',#13543,#6450);
#5437=LINE('',#13547,#6451);
#5438=LINE('',#13551,#6452);
#5439=LINE('',#13555,#6453);
#5440=LINE('',#13559,#6454);
#5441=LINE('',#13563,#6455);
#5442=LINE('',#13567,#6456);
#5443=LINE('',#13571,#6457);
#5444=LINE('',#13575,#6458);
#5445=LINE('',#13579,#6459);
#5446=LINE('',#13581,#6460);
#5447=LINE('',#13583,#6461);
#5448=LINE('',#13585,#6462);
#5449=LINE('',#13587,#6463);
#5450=LINE('',#13589,#6464);
#5451=LINE('',#13591,#6465);
#5452=LINE('',#13593,#6466);
#5453=LINE('',#13597,#6467);
#5454=LINE('',#13601,#6468);
#5455=LINE('',#13603,#6469);
#5456=LINE('',#13605,#6470);
#5457=LINE('',#13609,#6471);
#5458=LINE('',#13613,#6472);
#5459=LINE('',#13615,#6473);
#5460=LINE('',#13617,#6474);
#5461=LINE('',#13619,#6475);
#5462=LINE('',#13621,#6476);
#5463=LINE('',#13623,#6477);
#5464=LINE('',#13627,#6478);
#5465=LINE('',#13629,#6479);
#5466=LINE('',#13631,#6480);
#5467=LINE('',#13635,#6481);
#5468=LINE('',#13637,#6482);
#5469=LINE('',#13639,#6483);
#5470=LINE('',#13643,#6484);
#5471=LINE('',#13647,#6485);
#5472=LINE('',#13651,#6486);
#5473=LINE('',#13655,#6487);
#5474=LINE('',#13659,#6488);
#5475=LINE('',#13663,#6489);
#5476=LINE('',#13669,#6490);
#5477=LINE('',#13671,#6491);
#5478=LINE('',#13673,#6492);
#5479=LINE('',#13677,#6493);
#5480=LINE('',#13679,#6494);
#5481=LINE('',#13683,#6495);
#5482=LINE('',#13687,#6496);
#5483=LINE('',#13689,#6497);
#5484=LINE('',#13691,#6498);
#5485=LINE('',#13695,#6499);
#5486=LINE('',#13699,#6500);
#5487=LINE('',#13701,#6501);
#5488=LINE('',#13703,#6502);
#5489=LINE('',#13705,#6503);
#5490=LINE('',#13707,#6504);
#5491=LINE('',#13709,#6505);
#5492=LINE('',#13711,#6506);
#5493=LINE('',#13713,#6507);
#5494=LINE('',#13715,#6508);
#5495=LINE('',#13719,#6509);
#5496=LINE('',#13723,#6510);
#5497=LINE('',#13725,#6511);
#5498=LINE('',#13727,#6512);
#5499=LINE('',#13732,#6513);
#5500=LINE('',#13733,#6514);
#5501=LINE('',#13735,#6515);
#5502=LINE('',#13736,#6516);
#5503=LINE('',#13738,#6517);
#5504=LINE('',#13742,#6518);
#5505=LINE('',#13744,#6519);
#5506=LINE('',#13746,#6520);
#5507=LINE('',#13748,#6521);
#5508=LINE('',#13752,#6522);
#5509=LINE('',#13754,#6523);
#5510=LINE('',#13756,#6524);
#5511=LINE('',#13760,#6525);
#5512=LINE('',#13762,#6526);
#5513=LINE('',#13764,#6527);
#5514=LINE('',#13768,#6528);
#5515=LINE('',#13770,#6529);
#5516=LINE('',#13772,#6530);
#5517=LINE('',#13776,#6531);
#5518=LINE('',#13778,#6532);
#5519=LINE('',#13780,#6533);
#5520=LINE('',#13782,#6534);
#5521=LINE('',#13784,#6535);
#5522=LINE('',#13788,#6536);
#5523=LINE('',#13790,#6537);
#5524=LINE('',#13793,#6538);
#5525=LINE('',#13797,#6539);
#5526=LINE('',#13799,#6540);
#5527=LINE('',#13801,#6541);
#5528=LINE('',#13803,#6542);
#5529=LINE('',#13807,#6543);
#5530=LINE('',#13809,#6544);
#5531=LINE('',#13811,#6545);
#5532=LINE('',#13815,#6546);
#5533=LINE('',#13817,#6547);
#5534=LINE('',#13819,#6548);
#5535=LINE('',#13823,#6549);
#5536=LINE('',#13825,#6550);
#5537=LINE('',#13829,#6551);
#5538=LINE('',#13831,#6552);
#5539=LINE('',#13833,#6553);
#5540=LINE('',#13836,#6554);
#5541=LINE('',#13837,#6555);
#5542=LINE('',#13839,#6556);
#5543=LINE('',#13843,#6557);
#5544=LINE('',#13845,#6558);
#5545=VECTOR('',#9170,1000.);
#5546=VECTOR('',#9171,1000.);
#5547=VECTOR('',#9172,1000.);
#5548=VECTOR('',#9173,1000.);
#5549=VECTOR('',#9174,1000.);
#5550=VECTOR('',#9175,1000.);
#5551=VECTOR('',#9176,1000.);
#5552=VECTOR('',#9177,1000.);
#5553=VECTOR('',#9178,1000.);
#5554=VECTOR('',#9179,1000.);
#5555=VECTOR('',#9180,1000.);
#5556=VECTOR('',#9181,1000.);
#5557=VECTOR('',#9182,1000.);
#5558=VECTOR('',#9185,1000.);
#5559=VECTOR('',#9188,1000.);
#5560=VECTOR('',#9191,1000.);
#5561=VECTOR('',#9192,1000.);
#5562=VECTOR('',#9193,1000.);
#5563=VECTOR('',#9196,1000.);
#5564=VECTOR('',#9199,1000.);
#5565=VECTOR('',#9202,1000.);
#5566=VECTOR('',#9205,1000.);
#5567=VECTOR('',#9206,1000.);
#5568=VECTOR('',#9207,1000.);
#5569=VECTOR('',#9212,1000.);
#5570=VECTOR('',#9213,1000.);
#5571=VECTOR('',#9214,1000.);
#5572=VECTOR('',#9215,1000.);
#5573=VECTOR('',#9216,1000.);
#5574=VECTOR('',#9217,1000.);
#5575=VECTOR('',#9218,1000.);
#5576=VECTOR('',#9219,1000.);
#5577=VECTOR('',#9220,1000.);
#5578=VECTOR('',#9221,1000.);
#5579=VECTOR('',#9222,1000.);
#5580=VECTOR('',#9225,1000.);
#5581=VECTOR('',#9228,1000.);
#5582=VECTOR('',#9231,1000.);
#5583=VECTOR('',#9232,1000.);
#5584=VECTOR('',#9233,1000.);
#5585=VECTOR('',#9236,1000.);
#5586=VECTOR('',#9239,1000.);
#5587=VECTOR('',#9242,1000.);
#5588=VECTOR('',#9245,1000.);
#5589=VECTOR('',#9246,1000.);
#5590=VECTOR('',#9247,1000.);
#5591=VECTOR('',#9252,1000.);
#5592=VECTOR('',#9253,1000.);
#5593=VECTOR('',#9256,1000.);
#5594=VECTOR('',#9257,1000.);
#5595=VECTOR('',#9258,1000.);
#5596=VECTOR('',#9259,1000.);
#5597=VECTOR('',#9260,1000.);
#5598=VECTOR('',#9261,1000.);
#5599=VECTOR('',#9262,1000.);
#5600=VECTOR('',#9263,1000.);
#5601=VECTOR('',#9264,1000.);
#5602=VECTOR('',#9267,1000.);
#5603=VECTOR('',#9268,1000.);
#5604=VECTOR('',#9275,1000.);
#5605=VECTOR('',#9282,1000.);
#5606=VECTOR('',#9283,1000.);
#5607=VECTOR('',#9284,1000.);
#5608=VECTOR('',#9285,1000.);
#5609=VECTOR('',#9286,1000.);
#5610=VECTOR('',#9287,1000.);
#5611=VECTOR('',#9288,1000.);
#5612=VECTOR('',#9289,1000.);
#5613=VECTOR('',#9290,1000.);
#5614=VECTOR('',#9293,1000.);
#5615=VECTOR('',#9294,1000.);
#5616=VECTOR('',#9295,1000.);
#5617=VECTOR('',#9296,1000.);
#5618=VECTOR('',#9297,1000.);
#5619=VECTOR('',#9298,1000.);
#5620=VECTOR('',#9301,1000.);
#5621=VECTOR('',#9302,1000.);
#5622=VECTOR('',#9303,1000.);
#5623=VECTOR('',#9304,1000.);
#5624=VECTOR('',#9305,1000.);
#5625=VECTOR('',#9306,1000.);
#5626=VECTOR('',#9307,1000.);
#5627=VECTOR('',#9308,1000.);
#5628=VECTOR('',#9309,1000.);
#5629=VECTOR('',#9310,1000.);
#5630=VECTOR('',#9311,1000.);
#5631=VECTOR('',#9312,1000.);
#5632=VECTOR('',#9313,1000.);
#5633=VECTOR('',#9314,1000.);
#5634=VECTOR('',#9317,1000.);
#5635=VECTOR('',#9318,1000.);
#5636=VECTOR('',#9319,1000.);
#5637=VECTOR('',#9322,1000.);
#5638=VECTOR('',#9323,1000.);
#5639=VECTOR('',#9324,1000.);
#5640=VECTOR('',#9327,1000.);
#5641=VECTOR('',#9328,1000.);
#5642=VECTOR('',#9329,1000.);
#5643=VECTOR('',#9332,1000.);
#5644=VECTOR('',#9333,1000.);
#5645=VECTOR('',#9336,1000.);
#5646=VECTOR('',#9337,1000.);
#5647=VECTOR('',#9340,1000.);
#5648=VECTOR('',#9341,1000.);
#5649=VECTOR('',#9344,1000.);
#5650=VECTOR('',#9345,1000.);
#5651=VECTOR('',#9348,1000.);
#5652=VECTOR('',#9349,1000.);
#5653=VECTOR('',#9352,1000.);
#5654=VECTOR('',#9353,1000.);
#5655=VECTOR('',#9356,1000.);
#5656=VECTOR('',#9359,1000.);
#5657=VECTOR('',#9360,1000.);
#5658=VECTOR('',#9361,1000.);
#5659=VECTOR('',#9362,1000.);
#5660=VECTOR('',#9363,1000.);
#5661=VECTOR('',#9364,1000.);
#5662=VECTOR('',#9365,1000.);
#5663=VECTOR('',#9366,1000.);
#5664=VECTOR('',#9367,1000.);
#5665=VECTOR('',#9368,1000.);
#5666=VECTOR('',#9369,1000.);
#5667=VECTOR('',#9370,1000.);
#5668=VECTOR('',#9371,1000.);
#5669=VECTOR('',#9372,1000.);
#5670=VECTOR('',#9373,1000.);
#5671=VECTOR('',#9374,1000.);
#5672=VECTOR('',#9375,1000.);
#5673=VECTOR('',#9376,1000.);
#5674=VECTOR('',#9377,1000.);
#5675=VECTOR('',#9378,1000.);
#5676=VECTOR('',#9379,1000.);
#5677=VECTOR('',#9380,1000.);
#5678=VECTOR('',#9381,1000.);
#5679=VECTOR('',#9382,1000.);
#5680=VECTOR('',#9383,1000.);
#5681=VECTOR('',#9384,1000.);
#5682=VECTOR('',#9385,1000.);
#5683=VECTOR('',#9386,1000.);
#5684=VECTOR('',#9387,1000.);
#5685=VECTOR('',#9388,1000.);
#5686=VECTOR('',#9389,1000.);
#5687=VECTOR('',#9390,1000.);
#5688=VECTOR('',#9391,1000.);
#5689=VECTOR('',#9392,1000.);
#5690=VECTOR('',#9393,1000.);
#5691=VECTOR('',#9394,1000.);
#5692=VECTOR('',#9395,1000.);
#5693=VECTOR('',#9396,1000.);
#5694=VECTOR('',#9397,1000.);
#5695=VECTOR('',#9398,1000.);
#5696=VECTOR('',#9399,1000.);
#5697=VECTOR('',#9400,1000.);
#5698=VECTOR('',#9401,1000.);
#5699=VECTOR('',#9402,1000.);
#5700=VECTOR('',#9403,1000.);
#5701=VECTOR('',#9404,1000.);
#5702=VECTOR('',#9405,1000.);
#5703=VECTOR('',#9406,1000.);
#5704=VECTOR('',#9407,1000.);
#5705=VECTOR('',#9408,1000.);
#5706=VECTOR('',#9409,1000.);
#5707=VECTOR('',#9410,1000.);
#5708=VECTOR('',#9411,1000.);
#5709=VECTOR('',#9412,1000.);
#5710=VECTOR('',#9413,1000.);
#5711=VECTOR('',#9414,1000.);
#5712=VECTOR('',#9415,1000.);
#5713=VECTOR('',#9416,1000.);
#5714=VECTOR('',#9417,1000.);
#5715=VECTOR('',#9418,1000.);
#5716=VECTOR('',#9419,1000.);
#5717=VECTOR('',#9420,1000.);
#5718=VECTOR('',#9421,1000.);
#5719=VECTOR('',#9422,1000.);
#5720=VECTOR('',#9423,1000.);
#5721=VECTOR('',#9424,1000.);
#5722=VECTOR('',#9425,1000.);
#5723=VECTOR('',#9426,1000.);
#5724=VECTOR('',#9427,1000.);
#5725=VECTOR('',#9428,1000.);
#5726=VECTOR('',#9429,1000.);
#5727=VECTOR('',#9430,1000.);
#5728=VECTOR('',#9431,1000.);
#5729=VECTOR('',#9432,1000.);
#5730=VECTOR('',#9433,1000.);
#5731=VECTOR('',#9434,1000.);
#5732=VECTOR('',#9435,1000.);
#5733=VECTOR('',#9436,1000.);
#5734=VECTOR('',#9437,1000.);
#5735=VECTOR('',#9438,1000.);
#5736=VECTOR('',#9439,1000.);
#5737=VECTOR('',#9440,1000.);
#5738=VECTOR('',#9441,1000.);
#5739=VECTOR('',#9442,1000.);
#5740=VECTOR('',#9443,1000.);
#5741=VECTOR('',#9444,1000.);
#5742=VECTOR('',#9445,1000.);
#5743=VECTOR('',#9446,1000.);
#5744=VECTOR('',#9447,1000.);
#5745=VECTOR('',#9448,1000.);
#5746=VECTOR('',#9449,1000.);
#5747=VECTOR('',#9450,1000.);
#5748=VECTOR('',#9451,1000.);
#5749=VECTOR('',#9452,1000.);
#5750=VECTOR('',#9453,1000.);
#5751=VECTOR('',#9454,1000.);
#5752=VECTOR('',#9455,1000.);
#5753=VECTOR('',#9456,1000.);
#5754=VECTOR('',#9457,1000.);
#5755=VECTOR('',#9458,1000.);
#5756=VECTOR('',#9459,1000.);
#5757=VECTOR('',#9460,1000.);
#5758=VECTOR('',#9461,1000.);
#5759=VECTOR('',#9462,1000.);
#5760=VECTOR('',#9463,1000.);
#5761=VECTOR('',#9464,1000.);
#5762=VECTOR('',#9465,1000.);
#5763=VECTOR('',#9466,1000.);
#5764=VECTOR('',#9467,1000.);
#5765=VECTOR('',#9468,1000.);
#5766=VECTOR('',#9469,1000.);
#5767=VECTOR('',#9470,1000.);
#5768=VECTOR('',#9473,1000.);
#5769=VECTOR('',#9474,1000.);
#5770=VECTOR('',#9475,1000.);
#5771=VECTOR('',#9476,1000.);
#5772=VECTOR('',#9477,1000.);
#5773=VECTOR('',#9478,1000.);
#5774=VECTOR('',#9479,1000.);
#5775=VECTOR('',#9480,1000.);
#5776=VECTOR('',#9481,1000.);
#5777=VECTOR('',#9484,1000.);
#5778=VECTOR('',#9485,1000.);
#5779=VECTOR('',#9486,1000.);
#5780=VECTOR('',#9489,1000.);
#5781=VECTOR('',#9490,1000.);
#5782=VECTOR('',#9491,1000.);
#5783=VECTOR('',#9492,1000.);
#5784=VECTOR('',#9493,1000.);
#5785=VECTOR('',#9494,1000.);
#5786=VECTOR('',#9495,1000.);
#5787=VECTOR('',#9498,1000.);
#5788=VECTOR('',#9501,1000.);
#5789=VECTOR('',#9502,1000.);
#5790=VECTOR('',#9503,1000.);
#5791=VECTOR('',#9504,1000.);
#5792=VECTOR('',#9505,1000.);
#5793=VECTOR('',#9506,1000.);
#5794=VECTOR('',#9507,1000.);
#5795=VECTOR('',#9510,1000.);
#5796=VECTOR('',#9511,1000.);
#5797=VECTOR('',#9514,1000.);
#5798=VECTOR('',#9517,1000.);
#5799=VECTOR('',#9520,1000.);
#5800=VECTOR('',#9523,1000.);
#5801=VECTOR('',#9526,1000.);
#5802=VECTOR('',#9527,1000.);
#5803=VECTOR('',#9528,1000.);
#5804=VECTOR('',#9533,1000.);
#5805=VECTOR('',#9534,1000.);
#5806=VECTOR('',#9535,1000.);
#5807=VECTOR('',#9540,1000.);
#5808=VECTOR('',#9545,1000.);
#5809=VECTOR('',#9564,1000.);
#5810=VECTOR('',#9567,1000.);
#5811=VECTOR('',#9572,1000.);
#5812=VECTOR('',#9581,1000.);
#5813=VECTOR('',#9586,1000.);
#5814=VECTOR('',#9591,1000.);
#5815=VECTOR('',#9594,1000.);
#5816=VECTOR('',#9603,1000.);
#5817=VECTOR('',#9610,1000.);
#5818=VECTOR('',#9645,1000.);
#5819=VECTOR('',#9650,1000.);
#5820=VECTOR('',#9655,1000.);
#5821=VECTOR('',#9660,1000.);
#5822=VECTOR('',#9665,1000.);
#5823=VECTOR('',#9670,1000.);
#5824=VECTOR('',#9673,1000.);
#5825=VECTOR('',#9676,1000.);
#5826=VECTOR('',#9677,1000.);
#5827=VECTOR('',#9680,1000.);
#5828=VECTOR('',#9685,1000.);
#5829=VECTOR('',#9686,1000.);
#5830=VECTOR('',#9689,1000.);
#5831=VECTOR('',#9690,1000.);
#5832=VECTOR('',#9693,1000.);
#5833=VECTOR('',#9694,1000.);
#5834=VECTOR('',#9697,1000.);
#5835=VECTOR('',#9702,1000.);
#5836=VECTOR('',#9703,1000.);
#5837=VECTOR('',#9706,1000.);
#5838=VECTOR('',#9711,1000.);
#5839=VECTOR('',#9712,1000.);
#5840=VECTOR('',#9715,1000.);
#5841=VECTOR('',#9720,1000.);
#5842=VECTOR('',#9721,1000.);
#5843=VECTOR('',#9724,1000.);
#5844=VECTOR('',#9729,1000.);
#5845=VECTOR('',#9730,1000.);
#5846=VECTOR('',#9733,1000.);
#5847=VECTOR('',#9734,1000.);
#5848=VECTOR('',#9737,1000.);
#5849=VECTOR('',#9738,1000.);
#5850=VECTOR('',#9741,1000.);
#5851=VECTOR('',#9746,1000.);
#5852=VECTOR('',#9747,1000.);
#5853=VECTOR('',#9750,1000.);
#5854=VECTOR('',#9755,1000.);
#5855=VECTOR('',#9758,1000.);
#5856=VECTOR('',#9759,1000.);
#5857=VECTOR('',#9760,1000.);
#5858=VECTOR('',#9761,1000.);
#5859=VECTOR('',#9762,1000.);
#5860=VECTOR('',#9763,1000.);
#5861=VECTOR('',#9764,1000.);
#5862=VECTOR('',#9765,1000.);
#5863=VECTOR('',#9766,1000.);
#5864=VECTOR('',#9767,1000.);
#5865=VECTOR('',#9768,1000.);
#5866=VECTOR('',#9769,1000.);
#5867=VECTOR('',#9772,1000.);
#5868=VECTOR('',#9775,1000.);
#5869=VECTOR('',#9778,1000.);
#5870=VECTOR('',#9779,1000.);
#5871=VECTOR('',#9782,1000.);
#5872=VECTOR('',#9787,1000.);
#5873=VECTOR('',#9788,1000.);
#5874=VECTOR('',#9791,1000.);
#5875=VECTOR('',#9792,1000.);
#5876=VECTOR('',#9795,1000.);
#5877=VECTOR('',#9796,1000.);
#5878=VECTOR('',#9799,1000.);
#5879=VECTOR('',#9804,1000.);
#5880=VECTOR('',#9805,1000.);
#5881=VECTOR('',#9808,1000.);
#5882=VECTOR('',#9813,1000.);
#5883=VECTOR('',#9814,1000.);
#5884=VECTOR('',#9817,1000.);
#5885=VECTOR('',#9822,1000.);
#5886=VECTOR('',#9823,1000.);
#5887=VECTOR('',#9826,1000.);
#5888=VECTOR('',#9831,1000.);
#5889=VECTOR('',#9832,1000.);
#5890=VECTOR('',#9835,1000.);
#5891=VECTOR('',#9836,1000.);
#5892=VECTOR('',#9839,1000.);
#5893=VECTOR('',#9840,1000.);
#5894=VECTOR('',#9843,1000.);
#5895=VECTOR('',#9848,1000.);
#5896=VECTOR('',#9849,1000.);
#5897=VECTOR('',#9852,1000.);
#5898=VECTOR('',#9857,1000.);
#5899=VECTOR('',#9860,1000.);
#5900=VECTOR('',#9861,1000.);
#5901=VECTOR('',#9862,1000.);
#5902=VECTOR('',#9863,1000.);
#5903=VECTOR('',#9864,1000.);
#5904=VECTOR('',#9865,1000.);
#5905=VECTOR('',#9866,1000.);
#5906=VECTOR('',#9867,1000.);
#5907=VECTOR('',#9868,1000.);
#5908=VECTOR('',#9869,1000.);
#5909=VECTOR('',#9870,1000.);
#5910=VECTOR('',#9871,1000.);
#5911=VECTOR('',#9874,1000.);
#5912=VECTOR('',#9875,1000.);
#5913=VECTOR('',#9878,1000.);
#5914=VECTOR('',#9881,1000.);
#5915=VECTOR('',#9884,1000.);
#5916=VECTOR('',#9887,1000.);
#5917=VECTOR('',#9890,1000.);
#5918=VECTOR('',#9893,1000.);
#5919=VECTOR('',#9896,1000.);
#5920=VECTOR('',#9899,1000.);
#5921=VECTOR('',#9902,1000.);
#5922=VECTOR('',#9905,1000.);
#5923=VECTOR('',#9908,1000.);
#5924=VECTOR('',#9911,1000.);
#5925=VECTOR('',#9914,1000.);
#5926=VECTOR('',#9917,1000.);
#5927=VECTOR('',#9920,1000.);
#5928=VECTOR('',#9923,1000.);
#5929=VECTOR('',#9926,1000.);
#5930=VECTOR('',#9929,1000.);
#5931=VECTOR('',#9934,1000.);
#5932=VECTOR('',#9935,1000.);
#5933=VECTOR('',#9938,1000.);
#5934=VECTOR('',#9941,1000.);
#5935=VECTOR('',#9944,1000.);
#5936=VECTOR('',#9947,1000.);
#5937=VECTOR('',#9950,1000.);
#5938=VECTOR('',#9953,1000.);
#5939=VECTOR('',#9956,1000.);
#5940=VECTOR('',#9959,1000.);
#5941=VECTOR('',#9962,1000.);
#5942=VECTOR('',#9965,1000.);
#5943=VECTOR('',#9968,1000.);
#5944=VECTOR('',#9971,1000.);
#5945=VECTOR('',#9974,1000.);
#5946=VECTOR('',#9977,1000.);
#5947=VECTOR('',#9980,1000.);
#5948=VECTOR('',#9983,1000.);
#5949=VECTOR('',#9986,1000.);
#5950=VECTOR('',#9989,1000.);
#5951=VECTOR('',#9994,1000.);
#5952=VECTOR('',#9995,1000.);
#5953=VECTOR('',#9996,1000.);
#5954=VECTOR('',#9997,1000.);
#5955=VECTOR('',#10000,1000.);
#5956=VECTOR('',#10001,1000.);
#5957=VECTOR('',#10002,1000.);
#5958=VECTOR('',#10005,1000.);
#5959=VECTOR('',#10006,1000.);
#5960=VECTOR('',#10007,1000.);
#5961=VECTOR('',#10010,1000.);
#5962=VECTOR('',#10011,1000.);
#5963=VECTOR('',#10016,1000.);
#5964=VECTOR('',#10017,1000.);
#5965=VECTOR('',#10018,1000.);
#5966=VECTOR('',#10019,1000.);
#5967=VECTOR('',#10022,1000.);
#5968=VECTOR('',#10023,1000.);
#5969=VECTOR('',#10024,1000.);
#5970=VECTOR('',#10027,1000.);
#5971=VECTOR('',#10028,1000.);
#5972=VECTOR('',#10029,1000.);
#5973=VECTOR('',#10032,1000.);
#5974=VECTOR('',#10033,1000.);
#5975=VECTOR('',#10038,1000.);
#5976=VECTOR('',#10039,1000.);
#5977=VECTOR('',#10040,1000.);
#5978=VECTOR('',#10041,1000.);
#5979=VECTOR('',#10044,1000.);
#5980=VECTOR('',#10045,1000.);
#5981=VECTOR('',#10046,1000.);
#5982=VECTOR('',#10049,1000.);
#5983=VECTOR('',#10050,1000.);
#5984=VECTOR('',#10051,1000.);
#5985=VECTOR('',#10054,1000.);
#5986=VECTOR('',#10055,1000.);
#5987=VECTOR('',#10060,1000.);
#5988=VECTOR('',#10061,1000.);
#5989=VECTOR('',#10062,1000.);
#5990=VECTOR('',#10063,1000.);
#5991=VECTOR('',#10066,1000.);
#5992=VECTOR('',#10067,1000.);
#5993=VECTOR('',#10068,1000.);
#5994=VECTOR('',#10071,1000.);
#5995=VECTOR('',#10072,1000.);
#5996=VECTOR('',#10073,1000.);
#5997=VECTOR('',#10076,1000.);
#5998=VECTOR('',#10077,1000.);
#5999=VECTOR('',#10082,1000.);
#6000=VECTOR('',#10083,1000.);
#6001=VECTOR('',#10084,1000.);
#6002=VECTOR('',#10085,1000.);
#6003=VECTOR('',#10088,1000.);
#6004=VECTOR('',#10089,1000.);
#6005=VECTOR('',#10090,1000.);
#6006=VECTOR('',#10093,1000.);
#6007=VECTOR('',#10094,1000.);
#6008=VECTOR('',#10095,1000.);
#6009=VECTOR('',#10098,1000.);
#6010=VECTOR('',#10099,1000.);
#6011=VECTOR('',#10104,1000.);
#6012=VECTOR('',#10105,1000.);
#6013=VECTOR('',#10106,1000.);
#6014=VECTOR('',#10107,1000.);
#6015=VECTOR('',#10110,1000.);
#6016=VECTOR('',#10111,1000.);
#6017=VECTOR('',#10112,1000.);
#6018=VECTOR('',#10115,1000.);
#6019=VECTOR('',#10116,1000.);
#6020=VECTOR('',#10117,1000.);
#6021=VECTOR('',#10120,1000.);
#6022=VECTOR('',#10121,1000.);
#6023=VECTOR('',#10126,1000.);
#6024=VECTOR('',#10127,1000.);
#6025=VECTOR('',#10128,1000.);
#6026=VECTOR('',#10129,1000.);
#6027=VECTOR('',#10132,1000.);
#6028=VECTOR('',#10133,1000.);
#6029=VECTOR('',#10134,1000.);
#6030=VECTOR('',#10137,1000.);
#6031=VECTOR('',#10138,1000.);
#6032=VECTOR('',#10139,1000.);
#6033=VECTOR('',#10142,1000.);
#6034=VECTOR('',#10143,1000.);
#6035=VECTOR('',#10148,1000.);
#6036=VECTOR('',#10149,1000.);
#6037=VECTOR('',#10150,1000.);
#6038=VECTOR('',#10151,1000.);
#6039=VECTOR('',#10154,1000.);
#6040=VECTOR('',#10155,1000.);
#6041=VECTOR('',#10156,1000.);
#6042=VECTOR('',#10159,1000.);
#6043=VECTOR('',#10160,1000.);
#6044=VECTOR('',#10161,1000.);
#6045=VECTOR('',#10164,1000.);
#6046=VECTOR('',#10165,1000.);
#6047=VECTOR('',#10170,1000.);
#6048=VECTOR('',#10171,1000.);
#6049=VECTOR('',#10172,1000.);
#6050=VECTOR('',#10173,1000.);
#6051=VECTOR('',#10176,1000.);
#6052=VECTOR('',#10177,1000.);
#6053=VECTOR('',#10178,1000.);
#6054=VECTOR('',#10181,1000.);
#6055=VECTOR('',#10182,1000.);
#6056=VECTOR('',#10183,1000.);
#6057=VECTOR('',#10186,1000.);
#6058=VECTOR('',#10187,1000.);
#6059=VECTOR('',#10192,1000.);
#6060=VECTOR('',#10193,1000.);
#6061=VECTOR('',#10194,1000.);
#6062=VECTOR('',#10195,1000.);
#6063=VECTOR('',#10198,1000.);
#6064=VECTOR('',#10199,1000.);
#6065=VECTOR('',#10200,1000.);
#6066=VECTOR('',#10203,1000.);
#6067=VECTOR('',#10204,1000.);
#6068=VECTOR('',#10205,1000.);
#6069=VECTOR('',#10208,1000.);
#6070=VECTOR('',#10209,1000.);
#6071=VECTOR('',#10214,1000.);
#6072=VECTOR('',#10215,1000.);
#6073=VECTOR('',#10216,1000.);
#6074=VECTOR('',#10217,1000.);
#6075=VECTOR('',#10220,1000.);
#6076=VECTOR('',#10221,1000.);
#6077=VECTOR('',#10222,1000.);
#6078=VECTOR('',#10225,1000.);
#6079=VECTOR('',#10226,1000.);
#6080=VECTOR('',#10227,1000.);
#6081=VECTOR('',#10230,1000.);
#6082=VECTOR('',#10231,1000.);
#6083=VECTOR('',#10236,1000.);
#6084=VECTOR('',#10237,1000.);
#6085=VECTOR('',#10238,1000.);
#6086=VECTOR('',#10239,1000.);
#6087=VECTOR('',#10242,1000.);
#6088=VECTOR('',#10243,1000.);
#6089=VECTOR('',#10244,1000.);
#6090=VECTOR('',#10247,1000.);
#6091=VECTOR('',#10248,1000.);
#6092=VECTOR('',#10249,1000.);
#6093=VECTOR('',#10252,1000.);
#6094=VECTOR('',#10253,1000.);
#6095=VECTOR('',#10258,1000.);
#6096=VECTOR('',#10259,1000.);
#6097=VECTOR('',#10260,1000.);
#6098=VECTOR('',#10261,1000.);
#6099=VECTOR('',#10264,1000.);
#6100=VECTOR('',#10265,1000.);
#6101=VECTOR('',#10266,1000.);
#6102=VECTOR('',#10269,1000.);
#6103=VECTOR('',#10270,1000.);
#6104=VECTOR('',#10271,1000.);
#6105=VECTOR('',#10274,1000.);
#6106=VECTOR('',#10275,1000.);
#6107=VECTOR('',#10280,1000.);
#6108=VECTOR('',#10281,1000.);
#6109=VECTOR('',#10282,1000.);
#6110=VECTOR('',#10283,1000.);
#6111=VECTOR('',#10286,1000.);
#6112=VECTOR('',#10287,1000.);
#6113=VECTOR('',#10288,1000.);
#6114=VECTOR('',#10291,1000.);
#6115=VECTOR('',#10292,1000.);
#6116=VECTOR('',#10293,1000.);
#6117=VECTOR('',#10296,1000.);
#6118=VECTOR('',#10297,1000.);
#6119=VECTOR('',#10302,1000.);
#6120=VECTOR('',#10303,1000.);
#6121=VECTOR('',#10304,1000.);
#6122=VECTOR('',#10305,1000.);
#6123=VECTOR('',#10308,1000.);
#6124=VECTOR('',#10309,1000.);
#6125=VECTOR('',#10310,1000.);
#6126=VECTOR('',#10313,1000.);
#6127=VECTOR('',#10314,1000.);
#6128=VECTOR('',#10315,1000.);
#6129=VECTOR('',#10318,1000.);
#6130=VECTOR('',#10319,1000.);
#6131=VECTOR('',#10324,1000.);
#6132=VECTOR('',#10325,1000.);
#6133=VECTOR('',#10326,1000.);
#6134=VECTOR('',#10327,1000.);
#6135=VECTOR('',#10330,1000.);
#6136=VECTOR('',#10331,1000.);
#6137=VECTOR('',#10332,1000.);
#6138=VECTOR('',#10335,1000.);
#6139=VECTOR('',#10336,1000.);
#6140=VECTOR('',#10337,1000.);
#6141=VECTOR('',#10340,1000.);
#6142=VECTOR('',#10341,1000.);
#6143=VECTOR('',#10346,1000.);
#6144=VECTOR('',#10347,1000.);
#6145=VECTOR('',#10348,1000.);
#6146=VECTOR('',#10349,1000.);
#6147=VECTOR('',#10352,1000.);
#6148=VECTOR('',#10353,1000.);
#6149=VECTOR('',#10354,1000.);
#6150=VECTOR('',#10357,1000.);
#6151=VECTOR('',#10358,1000.);
#6152=VECTOR('',#10359,1000.);
#6153=VECTOR('',#10362,1000.);
#6154=VECTOR('',#10363,1000.);
#6155=VECTOR('',#10368,1000.);
#6156=VECTOR('',#10369,1000.);
#6157=VECTOR('',#10370,1000.);
#6158=VECTOR('',#10371,1000.);
#6159=VECTOR('',#10374,1000.);
#6160=VECTOR('',#10375,1000.);
#6161=VECTOR('',#10376,1000.);
#6162=VECTOR('',#10379,1000.);
#6163=VECTOR('',#10380,1000.);
#6164=VECTOR('',#10381,1000.);
#6165=VECTOR('',#10384,1000.);
#6166=VECTOR('',#10385,1000.);
#6167=VECTOR('',#10390,1000.);
#6168=VECTOR('',#10391,1000.);
#6169=VECTOR('',#10392,1000.);
#6170=VECTOR('',#10393,1000.);
#6171=VECTOR('',#10396,1000.);
#6172=VECTOR('',#10397,1000.);
#6173=VECTOR('',#10398,1000.);
#6174=VECTOR('',#10401,1000.);
#6175=VECTOR('',#10402,1000.);
#6176=VECTOR('',#10403,1000.);
#6177=VECTOR('',#10406,1000.);
#6178=VECTOR('',#10407,1000.);
#6179=VECTOR('',#10412,1000.);
#6180=VECTOR('',#10413,1000.);
#6181=VECTOR('',#10414,1000.);
#6182=VECTOR('',#10415,1000.);
#6183=VECTOR('',#10418,1000.);
#6184=VECTOR('',#10419,1000.);
#6185=VECTOR('',#10420,1000.);
#6186=VECTOR('',#10423,1000.);
#6187=VECTOR('',#10424,1000.);
#6188=VECTOR('',#10425,1000.);
#6189=VECTOR('',#10428,1000.);
#6190=VECTOR('',#10429,1000.);
#6191=VECTOR('',#10434,1000.);
#6192=VECTOR('',#10435,1000.);
#6193=VECTOR('',#10436,1000.);
#6194=VECTOR('',#10437,1000.);
#6195=VECTOR('',#10440,1000.);
#6196=VECTOR('',#10441,1000.);
#6197=VECTOR('',#10442,1000.);
#6198=VECTOR('',#10445,1000.);
#6199=VECTOR('',#10446,1000.);
#6200=VECTOR('',#10447,1000.);
#6201=VECTOR('',#10450,1000.);
#6202=VECTOR('',#10451,1000.);
#6203=VECTOR('',#10456,1000.);
#6204=VECTOR('',#10457,1000.);
#6205=VECTOR('',#10458,1000.);
#6206=VECTOR('',#10459,1000.);
#6207=VECTOR('',#10462,1000.);
#6208=VECTOR('',#10463,1000.);
#6209=VECTOR('',#10464,1000.);
#6210=VECTOR('',#10467,1000.);
#6211=VECTOR('',#10468,1000.);
#6212=VECTOR('',#10469,1000.);
#6213=VECTOR('',#10472,1000.);
#6214=VECTOR('',#10473,1000.);
#6215=VECTOR('',#10478,1000.);
#6216=VECTOR('',#10479,1000.);
#6217=VECTOR('',#10480,1000.);
#6218=VECTOR('',#10481,1000.);
#6219=VECTOR('',#10484,1000.);
#6220=VECTOR('',#10485,1000.);
#6221=VECTOR('',#10486,1000.);
#6222=VECTOR('',#10489,1000.);
#6223=VECTOR('',#10490,1000.);
#6224=VECTOR('',#10491,1000.);
#6225=VECTOR('',#10494,1000.);
#6226=VECTOR('',#10495,1000.);
#6227=VECTOR('',#10500,1000.);
#6228=VECTOR('',#10501,1000.);
#6229=VECTOR('',#10502,1000.);
#6230=VECTOR('',#10503,1000.);
#6231=VECTOR('',#10506,1000.);
#6232=VECTOR('',#10507,1000.);
#6233=VECTOR('',#10508,1000.);
#6234=VECTOR('',#10511,1000.);
#6235=VECTOR('',#10512,1000.);
#6236=VECTOR('',#10513,1000.);
#6237=VECTOR('',#10516,1000.);
#6238=VECTOR('',#10517,1000.);
#6239=VECTOR('',#10522,1000.);
#6240=VECTOR('',#10523,1000.);
#6241=VECTOR('',#10524,1000.);
#6242=VECTOR('',#10525,1000.);
#6243=VECTOR('',#10528,1000.);
#6244=VECTOR('',#10529,1000.);
#6245=VECTOR('',#10530,1000.);
#6246=VECTOR('',#10533,1000.);
#6247=VECTOR('',#10534,1000.);
#6248=VECTOR('',#10535,1000.);
#6249=VECTOR('',#10538,1000.);
#6250=VECTOR('',#10539,1000.);
#6251=VECTOR('',#10544,1000.);
#6252=VECTOR('',#10545,1000.);
#6253=VECTOR('',#10546,1000.);
#6254=VECTOR('',#10547,1000.);
#6255=VECTOR('',#10550,1000.);
#6256=VECTOR('',#10551,1000.);
#6257=VECTOR('',#10552,1000.);
#6258=VECTOR('',#10555,1000.);
#6259=VECTOR('',#10556,1000.);
#6260=VECTOR('',#10557,1000.);
#6261=VECTOR('',#10560,1000.);
#6262=VECTOR('',#10561,1000.);
#6263=VECTOR('',#10566,1000.);
#6264=VECTOR('',#10567,1000.);
#6265=VECTOR('',#10570,1000.);
#6266=VECTOR('',#10573,1000.);
#6267=VECTOR('',#10578,1000.);
#6268=VECTOR('',#10579,1000.);
#6269=VECTOR('',#10582,1000.);
#6270=VECTOR('',#10585,1000.);
#6271=VECTOR('',#10590,1000.);
#6272=VECTOR('',#10591,1000.);
#6273=VECTOR('',#10594,1000.);
#6274=VECTOR('',#10597,1000.);
#6275=VECTOR('',#10602,1000.);
#6276=VECTOR('',#10603,1000.);
#6277=VECTOR('',#10606,1000.);
#6278=VECTOR('',#10609,1000.);
#6279=VECTOR('',#10614,1000.);
#6280=VECTOR('',#10615,1000.);
#6281=VECTOR('',#10618,1000.);
#6282=VECTOR('',#10621,1000.);
#6283=VECTOR('',#10626,1000.);
#6284=VECTOR('',#10627,1000.);
#6285=VECTOR('',#10630,1000.);
#6286=VECTOR('',#10633,1000.);
#6287=VECTOR('',#10638,1000.);
#6288=VECTOR('',#10639,1000.);
#6289=VECTOR('',#10642,1000.);
#6290=VECTOR('',#10645,1000.);
#6291=VECTOR('',#10650,1000.);
#6292=VECTOR('',#10651,1000.);
#6293=VECTOR('',#10654,1000.);
#6294=VECTOR('',#10657,1000.);
#6295=VECTOR('',#10662,1000.);
#6296=VECTOR('',#10663,1000.);
#6297=VECTOR('',#10666,1000.);
#6298=VECTOR('',#10669,1000.);
#6299=VECTOR('',#10674,1000.);
#6300=VECTOR('',#10675,1000.);
#6301=VECTOR('',#10678,1000.);
#6302=VECTOR('',#10681,1000.);
#6303=VECTOR('',#10686,1000.);
#6304=VECTOR('',#10687,1000.);
#6305=VECTOR('',#10690,1000.);
#6306=VECTOR('',#10693,1000.);
#6307=VECTOR('',#10698,1000.);
#6308=VECTOR('',#10699,1000.);
#6309=VECTOR('',#10702,1000.);
#6310=VECTOR('',#10705,1000.);
#6311=VECTOR('',#10710,1000.);
#6312=VECTOR('',#10711,1000.);
#6313=VECTOR('',#10714,1000.);
#6314=VECTOR('',#10717,1000.);
#6315=VECTOR('',#10722,1000.);
#6316=VECTOR('',#10723,1000.);
#6317=VECTOR('',#10726,1000.);
#6318=VECTOR('',#10729,1000.);
#6319=VECTOR('',#10734,1000.);
#6320=VECTOR('',#10735,1000.);
#6321=VECTOR('',#10738,1000.);
#6322=VECTOR('',#10741,1000.);
#6323=VECTOR('',#10746,1000.);
#6324=VECTOR('',#10747,1000.);
#6325=VECTOR('',#10750,1000.);
#6326=VECTOR('',#10753,1000.);
#6327=VECTOR('',#10758,1000.);
#6328=VECTOR('',#10759,1000.);
#6329=VECTOR('',#10762,1000.);
#6330=VECTOR('',#10765,1000.);
#6331=VECTOR('',#10770,1000.);
#6332=VECTOR('',#10771,1000.);
#6333=VECTOR('',#10774,1000.);
#6334=VECTOR('',#10777,1000.);
#6335=VECTOR('',#10782,1000.);
#6336=VECTOR('',#10783,1000.);
#6337=VECTOR('',#10786,1000.);
#6338=VECTOR('',#10789,1000.);
#6339=VECTOR('',#10794,1000.);
#6340=VECTOR('',#10795,1000.);
#6341=VECTOR('',#10798,1000.);
#6342=VECTOR('',#10801,1000.);
#6343=VECTOR('',#10806,1000.);
#6344=VECTOR('',#10807,1000.);
#6345=VECTOR('',#10810,1000.);
#6346=VECTOR('',#10813,1000.);
#6347=VECTOR('',#10818,1000.);
#6348=VECTOR('',#10819,1000.);
#6349=VECTOR('',#10822,1000.);
#6350=VECTOR('',#10825,1000.);
#6351=VECTOR('',#10830,1000.);
#6352=VECTOR('',#10831,1000.);
#6353=VECTOR('',#10834,1000.);
#6354=VECTOR('',#10837,1000.);
#6355=VECTOR('',#10842,1000.);
#6356=VECTOR('',#10843,1000.);
#6357=VECTOR('',#10846,1000.);
#6358=VECTOR('',#10849,1000.);
#6359=VECTOR('',#10854,1000.);
#6360=VECTOR('',#10855,1000.);
#6361=VECTOR('',#10858,1000.);
#6362=VECTOR('',#10861,1000.);
#6363=VECTOR('',#10866,1000.);
#6364=VECTOR('',#10867,1000.);
#6365=VECTOR('',#10870,1000.);
#6366=VECTOR('',#10873,1000.);
#6367=VECTOR('',#10878,1000.);
#6368=VECTOR('',#10879,1000.);
#6369=VECTOR('',#10882,1000.);
#6370=VECTOR('',#10885,1000.);
#6371=VECTOR('',#10888,1000.);
#6372=VECTOR('',#10891,1000.);
#6373=VECTOR('',#10894,1000.);
#6374=VECTOR('',#10897,1000.);
#6375=VECTOR('',#10906,1000.);
#6376=VECTOR('',#10909,1000.);
#6377=VECTOR('',#10912,1000.);
#6378=VECTOR('',#10913,1000.);
#6379=VECTOR('',#10914,1000.);
#6380=VECTOR('',#10917,1000.);
#6381=VECTOR('',#10918,1000.);
#6382=VECTOR('',#10919,1000.);
#6383=VECTOR('',#10922,1000.);
#6384=VECTOR('',#10923,1000.);
#6385=VECTOR('',#10924,1000.);
#6386=VECTOR('',#10929,1000.);
#6387=VECTOR('',#10934,1000.);
#6388=VECTOR('',#10937,1000.);
#6389=VECTOR('',#10938,1000.);
#6390=VECTOR('',#10939,1000.);
#6391=VECTOR('',#10942,1000.);
#6392=VECTOR('',#10945,1000.);
#6393=VECTOR('',#10946,1000.);
#6394=VECTOR('',#10949,1000.);
#6395=VECTOR('',#10956,1000.);
#6396=VECTOR('',#10957,1000.);
#6397=VECTOR('',#10958,1000.);
#6398=VECTOR('',#10961,1000.);
#6399=VECTOR('',#10962,1000.);
#6400=VECTOR('',#10967,1000.);
#6401=VECTOR('',#10972,1000.);
#6402=VECTOR('',#10973,1000.);
#6403=VECTOR('',#10976,1000.);
#6404=VECTOR('',#10979,1000.);
#6405=VECTOR('',#10984,1000.);
#6406=VECTOR('',#10987,1000.);
#6407=VECTOR('',#10990,1000.);
#6408=VECTOR('',#10991,1000.);
#6409=VECTOR('',#11028,1000.);
#6410=VECTOR('',#11029,1000.);
#6411=VECTOR('',#11030,1000.);
#6412=VECTOR('',#11031,1000.);
#6413=VECTOR('',#11034,1000.);
#6414=VECTOR('',#11035,1000.);
#6415=VECTOR('',#11036,1000.);
#6416=VECTOR('',#11039,1000.);
#6417=VECTOR('',#11040,1000.);
#6418=VECTOR('',#11041,1000.);
#6419=VECTOR('',#11046,1000.);
#6420=VECTOR('',#11051,1000.);
#6421=VECTOR('',#11052,1000.);
#6422=VECTOR('',#11053,1000.);
#6423=VECTOR('',#11058,1000.);
#6424=VECTOR('',#11065,1000.);
#6425=VECTOR('',#11070,1000.);
#6426=VECTOR('',#11073,1000.);
#6427=VECTOR('',#11074,1000.);
#6428=VECTOR('',#11077,1000.);
#6429=VECTOR('',#11078,1000.);
#6430=VECTOR('',#11081,1000.);
#6431=VECTOR('',#11082,1000.);
#6432=VECTOR('',#11085,1000.);
#6433=VECTOR('',#11090,1000.);
#6434=VECTOR('',#11093,1000.);
#6435=VECTOR('',#11094,1000.);
#6436=VECTOR('',#11097,1000.);
#6437=VECTOR('',#11100,1000.);
#6438=VECTOR('',#11103,1000.);
#6439=VECTOR('',#11108,1000.);
#6440=VECTOR('',#11111,1000.);
#6441=VECTOR('',#11114,1000.);
#6442=VECTOR('',#11115,1000.);
#6443=VECTOR('',#11152,1000.);
#6444=VECTOR('',#11155,1000.);
#6445=VECTOR('',#11156,1000.);
#6446=VECTOR('',#11157,1000.);
#6447=VECTOR('',#11160,1000.);
#6448=VECTOR('',#11161,1000.);
#6449=VECTOR('',#11164,1000.);
#6450=VECTOR('',#11165,1000.);
#6451=VECTOR('',#11168,1000.);
#6452=VECTOR('',#11171,1000.);
#6453=VECTOR('',#11174,1000.);
#6454=VECTOR('',#11177,1000.);
#6455=VECTOR('',#11180,1000.);
#6456=VECTOR('',#11183,1000.);
#6457=VECTOR('',#11186,1000.);
#6458=VECTOR('',#11191,1000.);
#6459=VECTOR('',#11194,1000.);
#6460=VECTOR('',#11195,1000.);
#6461=VECTOR('',#11198,1000.);
#6462=VECTOR('',#11199,1000.);
#6463=VECTOR('',#11200,1000.);
#6464=VECTOR('',#11203,1000.);
#6465=VECTOR('',#11204,1000.);
#6466=VECTOR('',#11205,1000.);
#6467=VECTOR('',#11210,1000.);
#6468=VECTOR('',#11215,1000.);
#6469=VECTOR('',#11216,1000.);
#6470=VECTOR('',#11217,1000.);
#6471=VECTOR('',#11222,1000.);
#6472=VECTOR('',#11227,1000.);
#6473=VECTOR('',#11228,1000.);
#6474=VECTOR('',#11229,1000.);
#6475=VECTOR('',#11232,1000.);
#6476=VECTOR('',#11233,1000.);
#6477=VECTOR('',#11234,1000.);
#6478=VECTOR('',#11239,1000.);
#6479=VECTOR('',#11240,1000.);
#6480=VECTOR('',#11241,1000.);
#6481=VECTOR('',#11246,1000.);
#6482=VECTOR('',#11247,1000.);
#6483=VECTOR('',#11248,1000.);
#6484=VECTOR('',#11251,1000.);
#6485=VECTOR('',#11254,1000.);
#6486=VECTOR('',#11257,1000.);
#6487=VECTOR('',#11260,1000.);
#6488=VECTOR('',#11263,1000.);
#6489=VECTOR('',#11266,1000.);
#6490=VECTOR('',#11273,1000.);
#6491=VECTOR('',#11274,1000.);
#6492=VECTOR('',#11275,1000.);
#6493=VECTOR('',#11278,1000.);
#6494=VECTOR('',#11279,1000.);
#6495=VECTOR('',#11284,1000.);
#6496=VECTOR('',#11289,1000.);
#6497=VECTOR('',#11290,1000.);
#6498=VECTOR('',#11291,1000.);
#6499=VECTOR('',#11296,1000.);
#6500=VECTOR('',#11301,1000.);
#6501=VECTOR('',#11302,1000.);
#6502=VECTOR('',#11303,1000.);
#6503=VECTOR('',#11306,1000.);
#6504=VECTOR('',#11307,1000.);
#6505=VECTOR('',#11308,1000.);
#6506=VECTOR('',#11311,1000.);
#6507=VECTOR('',#11312,1000.);
#6508=VECTOR('',#11313,1000.);
#6509=VECTOR('',#11318,1000.);
#6510=VECTOR('',#11323,1000.);
#6511=VECTOR('',#11324,1000.);
#6512=VECTOR('',#11325,1000.);
#6513=VECTOR('',#11334,1000.);
#6514=VECTOR('',#11335,1000.);
#6515=VECTOR('',#11338,1000.);
#6516=VECTOR('',#11339,1000.);
#6517=VECTOR('',#11342,1000.);
#6518=VECTOR('',#11345,1000.);
#6519=VECTOR('',#11348,1000.);
#6520=VECTOR('',#11349,1000.);
#6521=VECTOR('',#11352,1000.);
#6522=VECTOR('',#11357,1000.);
#6523=VECTOR('',#11358,1000.);
#6524=VECTOR('',#11361,1000.);
#6525=VECTOR('',#11366,1000.);
#6526=VECTOR('',#11367,1000.);
#6527=VECTOR('',#11370,1000.);
#6528=VECTOR('',#11375,1000.);
#6529=VECTOR('',#11376,1000.);
#6530=VECTOR('',#11379,1000.);
#6531=VECTOR('',#11384,1000.);
#6532=VECTOR('',#11385,1000.);
#6533=VECTOR('',#11388,1000.);
#6534=VECTOR('',#11389,1000.);
#6535=VECTOR('',#11392,1000.);
#6536=VECTOR('',#11397,1000.);
#6537=VECTOR('',#11400,1000.);
#6538=VECTOR('',#11405,1000.);
#6539=VECTOR('',#11408,1000.);
#6540=VECTOR('',#11411,1000.);
#6541=VECTOR('',#11412,1000.);
#6542=VECTOR('',#11415,1000.);
#6543=VECTOR('',#11420,1000.);
#6544=VECTOR('',#11421,1000.);
#6545=VECTOR('',#11424,1000.);
#6546=VECTOR('',#11429,1000.);
#6547=VECTOR('',#11430,1000.);
#6548=VECTOR('',#11433,1000.);
#6549=VECTOR('',#11438,1000.);
#6550=VECTOR('',#11439,1000.);
#6551=VECTOR('',#11446,1000.);
#6552=VECTOR('',#11447,1000.);
#6553=VECTOR('',#11450,1000.);
#6554=VECTOR('',#11451,1000.);
#6555=VECTOR('',#11452,1000.);
#6556=VECTOR('',#11455,1000.);
#6557=VECTOR('',#11460,1000.);
#6558=VECTOR('',#11463,1000.);
#6559=EDGE_LOOP('',(#367,#368,#369,#370,#371,#372,#373,#374,#375,#376,#377,
#378));
#6560=EDGE_LOOP('',(#379,#380,#381,#382,#383,#384,#385,#386,#387,#388,#389,
#390,#391,#392,#393,#394,#395,#396,#397,#398));
#6561=EDGE_LOOP('',(#399,#400,#401,#402,#403,#404,#405,#406,#407,#408));
#6562=EDGE_LOOP('',(#409,#410,#411,#412,#413,#414,#415,#416,#417,#418,#419,
#420,#421,#422,#423,#424,#425,#426,#427,#428));
#6563=EDGE_LOOP('',(#429,#430,#431,#432,#433,#434,#435,#436,#437,#438,#439,
#440,#441,#442));
#6564=EDGE_LOOP('',(#443,#444,#445,#446,#447,#448,#449,#450,#451,#452,#453,
#454,#455,#456,#457,#458,#459,#460,#461,#462));
#6565=EDGE_LOOP('',(#463,#464,#465,#466,#467,#468,#469,#470));
#6566=EDGE_LOOP('',(#471,#472,#473,#474,#475,#476,#477,#478));
#6567=EDGE_LOOP('',(#479,#480,#481,#482,#483,#484,#485,#486));
#6568=EDGE_LOOP('',(#487,#488,#489,#490));
#6569=EDGE_LOOP('',(#491,#492,#493,#494));
#6570=EDGE_LOOP('',(#495,#496,#497,#498));
#6571=EDGE_LOOP('',(#499,#500,#501,#502));
#6572=EDGE_LOOP('',(#503,#504,#505,#506));
#6573=EDGE_LOOP('',(#507,#508,#509,#510));
#6574=EDGE_LOOP('',(#511,#512,#513,#514));
#6575=EDGE_LOOP('',(#515,#516,#517,#518));
#6576=EDGE_LOOP('',(#519,#520,#521,#522));
#6577=EDGE_LOOP('',(#523,#524,#525,#526));
#6578=EDGE_LOOP('',(#527,#528,#529,#530,#531,#532,#533,#534));
#6579=EDGE_LOOP('',(#535,#536,#537,#538));
#6580=EDGE_LOOP('',(#539,#540,#541,#542));
#6581=EDGE_LOOP('',(#543,#544,#545,#546));
#6582=EDGE_LOOP('',(#547,#548,#549,#550));
#6583=EDGE_LOOP('',(#551,#552,#553,#554));
#6584=EDGE_LOOP('',(#555,#556,#557,#558));
#6585=EDGE_LOOP('',(#559,#560,#561,#562));
#6586=EDGE_LOOP('',(#563,#564,#565,#566));
#6587=EDGE_LOOP('',(#567,#568,#569,#570));
#6588=EDGE_LOOP('',(#571,#572,#573,#574));
#6589=EDGE_LOOP('',(#575,#576,#577,#578));
#6590=EDGE_LOOP('',(#579,#580,#581,#582));
#6591=EDGE_LOOP('',(#583,#584,#585,#586));
#6592=EDGE_LOOP('',(#587,#588,#589,#590));
#6593=EDGE_LOOP('',(#591,#592,#593,#594));
#6594=EDGE_LOOP('',(#595,#596,#597,#598));
#6595=EDGE_LOOP('',(#599,#600,#601,#602));
#6596=EDGE_LOOP('',(#603,#604,#605,#606));
#6597=EDGE_LOOP('',(#607,#608,#609,#610));
#6598=EDGE_LOOP('',(#611,#612,#613,#614));
#6599=EDGE_LOOP('',(#615,#616,#617,#618));
#6600=EDGE_LOOP('',(#619,#620,#621,#622));
#6601=EDGE_LOOP('',(#623,#624,#625,#626));
#6602=EDGE_LOOP('',(#627,#628,#629,#630));
#6603=EDGE_LOOP('',(#631,#632,#633,#634));
#6604=EDGE_LOOP('',(#635,#636,#637,#638));
#6605=EDGE_LOOP('',(#639,#640,#641,#642,#643,#644,#645,#646,#647,#648,#649,
#650));
#6606=EDGE_LOOP('',(#651,#652,#653,#654));
#6607=EDGE_LOOP('',(#655,#656,#657,#658,#659,#660,#661,#662,#663,#664,#665,
#666));
#6608=EDGE_LOOP('',(#667,#668,#669,#670));
#6609=EDGE_LOOP('',(#671,#672,#673,#674,#675,#676,#677,#678,#679,#680,#681,
#682));
#6610=EDGE_LOOP('',(#683,#684,#685,#686));
#6611=EDGE_LOOP('',(#687,#688,#689,#690));
#6612=EDGE_LOOP('',(#691,#692,#693,#694));
#6613=EDGE_LOOP('',(#695,#696,#697,#698));
#6614=EDGE_LOOP('',(#699,#700,#701,#702));
#6615=EDGE_LOOP('',(#703,#704,#705,#706,#707,#708));
#6616=EDGE_LOOP('',(#709,#710,#711,#712));
#6617=EDGE_LOOP('',(#713,#714,#715,#716,#717,#718));
#6618=EDGE_LOOP('',(#719,#720,#721,#722));
#6619=EDGE_LOOP('',(#723,#724,#725,#726));
#6620=EDGE_LOOP('',(#727,#728,#729,#730));
#6621=EDGE_LOOP('',(#731,#732,#733,#734));
#6622=EDGE_LOOP('',(#735,#736,#737,#738));
#6623=EDGE_LOOP('',(#739));
#6624=EDGE_LOOP('',(#740,#741));
#6625=EDGE_LOOP('',(#742));
#6626=EDGE_LOOP('',(#743,#744));
#6627=EDGE_LOOP('',(#745));
#6628=EDGE_LOOP('',(#746));
#6629=EDGE_LOOP('',(#747,#748,#749,#750));
#6630=EDGE_LOOP('',(#751,#752,#753,#754));
#6631=EDGE_LOOP('',(#755,#756,#757,#758));
#6632=EDGE_LOOP('',(#759,#760,#761,#762));
#6633=EDGE_LOOP('',(#763,#764,#765,#766));
#6634=EDGE_LOOP('',(#767,#768,#769,#770));
#6635=EDGE_LOOP('',(#771,#772,#773,#774));
#6636=EDGE_LOOP('',(#775,#776,#777,#778,#779,#780,#781,#782));
#6637=EDGE_LOOP('',(#783,#784,#785,#786));
#6638=EDGE_LOOP('',(#787,#788,#789,#790));
#6639=EDGE_LOOP('',(#791,#792,#793,#794));
#6640=EDGE_LOOP('',(#795,#796,#797,#798));
#6641=EDGE_LOOP('',(#799,#800,#801,#802));
#6642=EDGE_LOOP('',(#803,#804,#805,#806));
#6643=EDGE_LOOP('',(#807,#808,#809,#810));
#6644=EDGE_LOOP('',(#811,#812,#813,#814));
#6645=EDGE_LOOP('',(#815,#816,#817,#818));
#6646=EDGE_LOOP('',(#819,#820,#821,#822));
#6647=EDGE_LOOP('',(#823,#824,#825,#826));
#6648=EDGE_LOOP('',(#827,#828,#829,#830));
#6649=EDGE_LOOP('',(#831,#832,#833,#834));
#6650=EDGE_LOOP('',(#835,#836,#837,#838));
#6651=EDGE_LOOP('',(#839,#840,#841,#842));
#6652=EDGE_LOOP('',(#843,#844,#845,#846));
#6653=EDGE_LOOP('',(#847,#848,#849,#850));
#6654=EDGE_LOOP('',(#851,#852,#853,#854));
#6655=EDGE_LOOP('',(#855,#856,#857,#858));
#6656=EDGE_LOOP('',(#859,#860,#861,#862));
#6657=EDGE_LOOP('',(#863,#864,#865,#866));
#6658=EDGE_LOOP('',(#867,#868,#869,#870));
#6659=EDGE_LOOP('',(#871,#872,#873,#874));
#6660=EDGE_LOOP('',(#875,#876,#877,#878));
#6661=EDGE_LOOP('',(#879,#880,#881,#882));
#6662=EDGE_LOOP('',(#883,#884,#885,#886));
#6663=EDGE_LOOP('',(#887,#888,#889,#890));
#6664=EDGE_LOOP('',(#891,#892,#893,#894));
#6665=EDGE_LOOP('',(#895,#896,#897,#898));
#6666=EDGE_LOOP('',(#899,#900,#901,#902));
#6667=EDGE_LOOP('',(#903,#904,#905,#906));
#6668=EDGE_LOOP('',(#907,#908,#909,#910));
#6669=EDGE_LOOP('',(#911,#912,#913,#914));
#6670=EDGE_LOOP('',(#915,#916,#917,#918));
#6671=EDGE_LOOP('',(#919,#920,#921,#922));
#6672=EDGE_LOOP('',(#923,#924,#925,#926));
#6673=EDGE_LOOP('',(#927,#928,#929,#930));
#6674=EDGE_LOOP('',(#931,#932,#933,#934));
#6675=EDGE_LOOP('',(#935,#936,#937,#938,#939,#940,#941,#942,#943,#944,#945,
#946));
#6676=EDGE_LOOP('',(#947,#948,#949,#950));
#6677=EDGE_LOOP('',(#951,#952,#953,#954));
#6678=EDGE_LOOP('',(#955,#956,#957,#958));
#6679=EDGE_LOOP('',(#959,#960,#961,#962));
#6680=EDGE_LOOP('',(#963,#964,#965,#966));
#6681=EDGE_LOOP('',(#967,#968,#969,#970));
#6682=EDGE_LOOP('',(#971,#972,#973,#974));
#6683=EDGE_LOOP('',(#975,#976,#977,#978));
#6684=EDGE_LOOP('',(#979,#980,#981,#982));
#6685=EDGE_LOOP('',(#983,#984,#985,#986));
#6686=EDGE_LOOP('',(#987,#988,#989,#990));
#6687=EDGE_LOOP('',(#991,#992,#993,#994));
#6688=EDGE_LOOP('',(#995,#996,#997,#998));
#6689=EDGE_LOOP('',(#999,#1000,#1001,#1002));
#6690=EDGE_LOOP('',(#1003,#1004,#1005,#1006));
#6691=EDGE_LOOP('',(#1007,#1008,#1009,#1010));
#6692=EDGE_LOOP('',(#1011,#1012,#1013,#1014));
#6693=EDGE_LOOP('',(#1015,#1016,#1017,#1018));
#6694=EDGE_LOOP('',(#1019,#1020,#1021,#1022));
#6695=EDGE_LOOP('',(#1023,#1024,#1025,#1026));
#6696=EDGE_LOOP('',(#1027,#1028,#1029,#1030,#1031,#1032,#1033,#1034,#1035,
#1036,#1037,#1038));
#6697=EDGE_LOOP('',(#1039,#1040,#1041,#1042));
#6698=EDGE_LOOP('',(#1043,#1044,#1045));
#6699=EDGE_LOOP('',(#1046,#1047,#1048));
#6700=EDGE_LOOP('',(#1049,#1050,#1051,#1052));
#6701=EDGE_LOOP('',(#1053,#1054,#1055,#1056));
#6702=EDGE_LOOP('',(#1057,#1058,#1059));
#6703=EDGE_LOOP('',(#1060,#1061,#1062));
#6704=EDGE_LOOP('',(#1063,#1064,#1065,#1066));
#6705=EDGE_LOOP('',(#1067,#1068,#1069,#1070));
#6706=EDGE_LOOP('',(#1071,#1072,#1073,#1074));
#6707=EDGE_LOOP('',(#1075,#1076,#1077,#1078));
#6708=EDGE_LOOP('',(#1079,#1080,#1081,#1082));
#6709=EDGE_LOOP('',(#1083,#1084,#1085,#1086));
#6710=EDGE_LOOP('',(#1087,#1088,#1089));
#6711=EDGE_LOOP('',(#1090,#1091,#1092));
#6712=EDGE_LOOP('',(#1093,#1094,#1095,#1096));
#6713=EDGE_LOOP('',(#1097,#1098,#1099,#1100));
#6714=EDGE_LOOP('',(#1101,#1102,#1103));
#6715=EDGE_LOOP('',(#1104,#1105,#1106));
#6716=EDGE_LOOP('',(#1107,#1108,#1109,#1110));
#6717=EDGE_LOOP('',(#1111,#1112,#1113,#1114));
#6718=EDGE_LOOP('',(#1115,#1116,#1117));
#6719=EDGE_LOOP('',(#1118,#1119,#1120));
#6720=EDGE_LOOP('',(#1121,#1122,#1123,#1124));
#6721=EDGE_LOOP('',(#1125,#1126,#1127,#1128));
#6722=EDGE_LOOP('',(#1129,#1130,#1131));
#6723=EDGE_LOOP('',(#1132,#1133,#1134));
#6724=EDGE_LOOP('',(#1135,#1136,#1137,#1138));
#6725=EDGE_LOOP('',(#1139,#1140,#1141,#1142));
#6726=EDGE_LOOP('',(#1143,#1144,#1145,#1146));
#6727=EDGE_LOOP('',(#1147,#1148,#1149,#1150));
#6728=EDGE_LOOP('',(#1151,#1152,#1153,#1154));
#6729=EDGE_LOOP('',(#1155,#1156,#1157,#1158));
#6730=EDGE_LOOP('',(#1159,#1160,#1161));
#6731=EDGE_LOOP('',(#1162,#1163,#1164));
#6732=EDGE_LOOP('',(#1165,#1166,#1167,#1168));
#6733=EDGE_LOOP('',(#1169,#1170,#1171,#1172));
#6734=EDGE_LOOP('',(#1173,#1174,#1175));
#6735=EDGE_LOOP('',(#1176,#1177,#1178));
#6736=EDGE_LOOP('',(#1179,#1180,#1181,#1182));
#6737=EDGE_LOOP('',(#1183,#1184,#1185,#1186));
#6738=EDGE_LOOP('',(#1187,#1188,#1189,#1190));
#6739=EDGE_LOOP('',(#1191,#1192,#1193,#1194));
#6740=EDGE_LOOP('',(#1195,#1196,#1197,#1198));
#6741=EDGE_LOOP('',(#1199,#1200,#1201,#1202));
#6742=EDGE_LOOP('',(#1203,#1204,#1205,#1206));
#6743=EDGE_LOOP('',(#1207,#1208,#1209,#1210));
#6744=EDGE_LOOP('',(#1211,#1212,#1213,#1214));
#6745=EDGE_LOOP('',(#1215,#1216,#1217,#1218));
#6746=EDGE_LOOP('',(#1219,#1220,#1221,#1222));
#6747=EDGE_LOOP('',(#1223,#1224,#1225,#1226));
#6748=EDGE_LOOP('',(#1227,#1228,#1229,#1230));
#6749=EDGE_LOOP('',(#1231,#1232,#1233,#1234));
#6750=EDGE_LOOP('',(#1235,#1236,#1237,#1238));
#6751=EDGE_LOOP('',(#1239,#1240,#1241,#1242));
#6752=EDGE_LOOP('',(#1243,#1244,#1245,#1246));
#6753=EDGE_LOOP('',(#1247,#1248,#1249,#1250));
#6754=EDGE_LOOP('',(#1251,#1252,#1253,#1254));
#6755=EDGE_LOOP('',(#1255,#1256,#1257,#1258));
#6756=EDGE_LOOP('',(#1259,#1260,#1261,#1262));
#6757=EDGE_LOOP('',(#1263,#1264,#1265,#1266));
#6758=EDGE_LOOP('',(#1267,#1268,#1269,#1270));
#6759=EDGE_LOOP('',(#1271,#1272,#1273,#1274));
#6760=EDGE_LOOP('',(#1275,#1276,#1277,#1278));
#6761=EDGE_LOOP('',(#1279,#1280,#1281,#1282));
#6762=EDGE_LOOP('',(#1283,#1284,#1285,#1286));
#6763=EDGE_LOOP('',(#1287,#1288,#1289,#1290));
#6764=EDGE_LOOP('',(#1291,#1292,#1293,#1294));
#6765=EDGE_LOOP('',(#1295,#1296,#1297,#1298));
#6766=EDGE_LOOP('',(#1299,#1300,#1301,#1302));
#6767=EDGE_LOOP('',(#1303,#1304,#1305,#1306));
#6768=EDGE_LOOP('',(#1307,#1308,#1309,#1310));
#6769=EDGE_LOOP('',(#1311,#1312,#1313,#1314));
#6770=EDGE_LOOP('',(#1315,#1316,#1317,#1318));
#6771=EDGE_LOOP('',(#1319,#1320,#1321,#1322));
#6772=EDGE_LOOP('',(#1323,#1324,#1325,#1326));
#6773=EDGE_LOOP('',(#1327,#1328,#1329,#1330));
#6774=EDGE_LOOP('',(#1331,#1332,#1333,#1334));
#6775=EDGE_LOOP('',(#1335,#1336,#1337,#1338));
#6776=EDGE_LOOP('',(#1339,#1340,#1341,#1342));
#6777=EDGE_LOOP('',(#1343,#1344,#1345,#1346));
#6778=EDGE_LOOP('',(#1347,#1348,#1349,#1350));
#6779=EDGE_LOOP('',(#1351,#1352,#1353,#1354));
#6780=EDGE_LOOP('',(#1355,#1356,#1357,#1358));
#6781=EDGE_LOOP('',(#1359,#1360,#1361,#1362));
#6782=EDGE_LOOP('',(#1363,#1364,#1365,#1366));
#6783=EDGE_LOOP('',(#1367,#1368,#1369,#1370));
#6784=EDGE_LOOP('',(#1371,#1372,#1373,#1374));
#6785=EDGE_LOOP('',(#1375,#1376,#1377,#1378));
#6786=EDGE_LOOP('',(#1379,#1380,#1381,#1382));
#6787=EDGE_LOOP('',(#1383,#1384,#1385,#1386));
#6788=EDGE_LOOP('',(#1387,#1388,#1389,#1390));
#6789=EDGE_LOOP('',(#1391,#1392,#1393,#1394));
#6790=EDGE_LOOP('',(#1395,#1396,#1397,#1398));
#6791=EDGE_LOOP('',(#1399,#1400,#1401,#1402));
#6792=EDGE_LOOP('',(#1403,#1404,#1405,#1406));
#6793=EDGE_LOOP('',(#1407,#1408,#1409,#1410));
#6794=EDGE_LOOP('',(#1411,#1412,#1413,#1414));
#6795=EDGE_LOOP('',(#1415,#1416,#1417,#1418));
#6796=EDGE_LOOP('',(#1419,#1420,#1421,#1422));
#6797=EDGE_LOOP('',(#1423,#1424,#1425,#1426));
#6798=EDGE_LOOP('',(#1427,#1428,#1429,#1430));
#6799=EDGE_LOOP('',(#1431,#1432,#1433,#1434));
#6800=EDGE_LOOP('',(#1435,#1436,#1437,#1438));
#6801=EDGE_LOOP('',(#1439,#1440,#1441,#1442));
#6802=EDGE_LOOP('',(#1443,#1444,#1445,#1446));
#6803=EDGE_LOOP('',(#1447,#1448,#1449,#1450));
#6804=EDGE_LOOP('',(#1451,#1452,#1453,#1454));
#6805=EDGE_LOOP('',(#1455,#1456,#1457,#1458));
#6806=EDGE_LOOP('',(#1459,#1460,#1461,#1462));
#6807=EDGE_LOOP('',(#1463,#1464,#1465,#1466));
#6808=EDGE_LOOP('',(#1467,#1468,#1469,#1470));
#6809=EDGE_LOOP('',(#1471,#1472,#1473,#1474));
#6810=EDGE_LOOP('',(#1475,#1476,#1477,#1478));
#6811=EDGE_LOOP('',(#1479,#1480,#1481,#1482));
#6812=EDGE_LOOP('',(#1483,#1484,#1485,#1486));
#6813=EDGE_LOOP('',(#1487,#1488,#1489,#1490));
#6814=EDGE_LOOP('',(#1491,#1492,#1493,#1494));
#6815=EDGE_LOOP('',(#1495,#1496,#1497,#1498));
#6816=EDGE_LOOP('',(#1499,#1500,#1501,#1502));
#6817=EDGE_LOOP('',(#1503,#1504,#1505,#1506));
#6818=EDGE_LOOP('',(#1507,#1508,#1509,#1510));
#6819=EDGE_LOOP('',(#1511,#1512,#1513,#1514));
#6820=EDGE_LOOP('',(#1515,#1516,#1517,#1518));
#6821=EDGE_LOOP('',(#1519,#1520,#1521,#1522));
#6822=EDGE_LOOP('',(#1523,#1524,#1525,#1526));
#6823=EDGE_LOOP('',(#1527,#1528,#1529,#1530));
#6824=EDGE_LOOP('',(#1531,#1532,#1533,#1534));
#6825=EDGE_LOOP('',(#1535,#1536,#1537,#1538));
#6826=EDGE_LOOP('',(#1539,#1540,#1541,#1542));
#6827=EDGE_LOOP('',(#1543,#1544,#1545,#1546));
#6828=EDGE_LOOP('',(#1547,#1548,#1549,#1550));
#6829=EDGE_LOOP('',(#1551,#1552,#1553,#1554));
#6830=EDGE_LOOP('',(#1555,#1556,#1557,#1558));
#6831=EDGE_LOOP('',(#1559,#1560,#1561,#1562));
#6832=EDGE_LOOP('',(#1563,#1564,#1565,#1566));
#6833=EDGE_LOOP('',(#1567,#1568,#1569,#1570));
#6834=EDGE_LOOP('',(#1571,#1572,#1573,#1574));
#6835=EDGE_LOOP('',(#1575,#1576,#1577,#1578));
#6836=EDGE_LOOP('',(#1579,#1580,#1581,#1582));
#6837=EDGE_LOOP('',(#1583,#1584,#1585,#1586));
#6838=EDGE_LOOP('',(#1587,#1588,#1589,#1590));
#6839=EDGE_LOOP('',(#1591,#1592,#1593,#1594));
#6840=EDGE_LOOP('',(#1595,#1596,#1597,#1598));
#6841=EDGE_LOOP('',(#1599,#1600,#1601,#1602));
#6842=EDGE_LOOP('',(#1603,#1604,#1605,#1606));
#6843=EDGE_LOOP('',(#1607,#1608,#1609,#1610));
#6844=EDGE_LOOP('',(#1611,#1612,#1613,#1614));
#6845=EDGE_LOOP('',(#1615,#1616,#1617,#1618));
#6846=EDGE_LOOP('',(#1619,#1620,#1621,#1622));
#6847=EDGE_LOOP('',(#1623,#1624,#1625,#1626));
#6848=EDGE_LOOP('',(#1627,#1628,#1629,#1630));
#6849=EDGE_LOOP('',(#1631,#1632,#1633,#1634));
#6850=EDGE_LOOP('',(#1635,#1636,#1637,#1638));
#6851=EDGE_LOOP('',(#1639,#1640,#1641,#1642));
#6852=EDGE_LOOP('',(#1643,#1644,#1645,#1646));
#6853=EDGE_LOOP('',(#1647,#1648,#1649,#1650));
#6854=EDGE_LOOP('',(#1651,#1652,#1653,#1654));
#6855=EDGE_LOOP('',(#1655,#1656,#1657,#1658));
#6856=EDGE_LOOP('',(#1659,#1660,#1661,#1662));
#6857=EDGE_LOOP('',(#1663,#1664,#1665,#1666));
#6858=EDGE_LOOP('',(#1667,#1668,#1669,#1670));
#6859=EDGE_LOOP('',(#1671,#1672,#1673,#1674));
#6860=EDGE_LOOP('',(#1675,#1676,#1677,#1678));
#6861=EDGE_LOOP('',(#1679,#1680,#1681,#1682));
#6862=EDGE_LOOP('',(#1683,#1684,#1685,#1686));
#6863=EDGE_LOOP('',(#1687,#1688,#1689,#1690));
#6864=EDGE_LOOP('',(#1691,#1692,#1693,#1694));
#6865=EDGE_LOOP('',(#1695,#1696,#1697,#1698));
#6866=EDGE_LOOP('',(#1699,#1700,#1701,#1702));
#6867=EDGE_LOOP('',(#1703,#1704,#1705,#1706));
#6868=EDGE_LOOP('',(#1707,#1708,#1709,#1710));
#6869=EDGE_LOOP('',(#1711,#1712,#1713,#1714));
#6870=EDGE_LOOP('',(#1715,#1716,#1717,#1718));
#6871=EDGE_LOOP('',(#1719,#1720,#1721,#1722));
#6872=EDGE_LOOP('',(#1723,#1724,#1725,#1726));
#6873=EDGE_LOOP('',(#1727,#1728,#1729,#1730));
#6874=EDGE_LOOP('',(#1731,#1732,#1733,#1734));
#6875=EDGE_LOOP('',(#1735,#1736,#1737,#1738));
#6876=EDGE_LOOP('',(#1739,#1740,#1741,#1742));
#6877=EDGE_LOOP('',(#1743,#1744,#1745,#1746));
#6878=EDGE_LOOP('',(#1747,#1748,#1749,#1750));
#6879=EDGE_LOOP('',(#1751,#1752,#1753,#1754));
#6880=EDGE_LOOP('',(#1755,#1756,#1757,#1758));
#6881=EDGE_LOOP('',(#1759,#1760,#1761,#1762));
#6882=EDGE_LOOP('',(#1763,#1764,#1765,#1766));
#6883=EDGE_LOOP('',(#1767,#1768,#1769,#1770));
#6884=EDGE_LOOP('',(#1771,#1772,#1773,#1774));
#6885=EDGE_LOOP('',(#1775,#1776,#1777,#1778));
#6886=EDGE_LOOP('',(#1779,#1780,#1781,#1782));
#6887=EDGE_LOOP('',(#1783,#1784,#1785,#1786));
#6888=EDGE_LOOP('',(#1787,#1788,#1789,#1790));
#6889=EDGE_LOOP('',(#1791,#1792,#1793,#1794));
#6890=EDGE_LOOP('',(#1795,#1796,#1797,#1798));
#6891=EDGE_LOOP('',(#1799,#1800,#1801,#1802));
#6892=EDGE_LOOP('',(#1803,#1804,#1805,#1806));
#6893=EDGE_LOOP('',(#1807,#1808,#1809,#1810));
#6894=EDGE_LOOP('',(#1811,#1812,#1813,#1814));
#6895=EDGE_LOOP('',(#1815,#1816,#1817,#1818));
#6896=EDGE_LOOP('',(#1819,#1820,#1821,#1822));
#6897=EDGE_LOOP('',(#1823,#1824,#1825,#1826));
#6898=EDGE_LOOP('',(#1827,#1828,#1829,#1830));
#6899=EDGE_LOOP('',(#1831,#1832,#1833,#1834));
#6900=EDGE_LOOP('',(#1835,#1836,#1837,#1838));
#6901=EDGE_LOOP('',(#1839,#1840,#1841,#1842));
#6902=EDGE_LOOP('',(#1843,#1844,#1845,#1846));
#6903=EDGE_LOOP('',(#1847,#1848,#1849,#1850));
#6904=EDGE_LOOP('',(#1851,#1852,#1853,#1854));
#6905=EDGE_LOOP('',(#1855,#1856,#1857,#1858));
#6906=EDGE_LOOP('',(#1859,#1860,#1861,#1862));
#6907=EDGE_LOOP('',(#1863,#1864,#1865,#1866));
#6908=EDGE_LOOP('',(#1867,#1868,#1869,#1870));
#6909=EDGE_LOOP('',(#1871,#1872,#1873,#1874));
#6910=EDGE_LOOP('',(#1875,#1876,#1877,#1878));
#6911=EDGE_LOOP('',(#1879,#1880,#1881,#1882));
#6912=EDGE_LOOP('',(#1883,#1884,#1885,#1886));
#6913=EDGE_LOOP('',(#1887,#1888,#1889,#1890));
#6914=EDGE_LOOP('',(#1891,#1892,#1893,#1894));
#6915=EDGE_LOOP('',(#1895,#1896,#1897,#1898));
#6916=EDGE_LOOP('',(#1899,#1900,#1901,#1902));
#6917=EDGE_LOOP('',(#1903,#1904,#1905,#1906));
#6918=EDGE_LOOP('',(#1907,#1908,#1909,#1910));
#6919=EDGE_LOOP('',(#1911,#1912,#1913,#1914));
#6920=EDGE_LOOP('',(#1915,#1916,#1917,#1918));
#6921=EDGE_LOOP('',(#1919,#1920,#1921,#1922));
#6922=EDGE_LOOP('',(#1923,#1924,#1925,#1926));
#6923=EDGE_LOOP('',(#1927,#1928,#1929,#1930));
#6924=EDGE_LOOP('',(#1931,#1932,#1933,#1934));
#6925=EDGE_LOOP('',(#1935,#1936,#1937,#1938));
#6926=EDGE_LOOP('',(#1939,#1940,#1941,#1942));
#6927=EDGE_LOOP('',(#1943,#1944,#1945,#1946));
#6928=EDGE_LOOP('',(#1947,#1948,#1949,#1950));
#6929=EDGE_LOOP('',(#1951,#1952,#1953,#1954));
#6930=EDGE_LOOP('',(#1955,#1956,#1957,#1958));
#6931=EDGE_LOOP('',(#1959,#1960,#1961,#1962));
#6932=EDGE_LOOP('',(#1963,#1964,#1965,#1966));
#6933=EDGE_LOOP('',(#1967,#1968,#1969,#1970));
#6934=EDGE_LOOP('',(#1971,#1972,#1973,#1974));
#6935=EDGE_LOOP('',(#1975,#1976,#1977,#1978));
#6936=EDGE_LOOP('',(#1979,#1980,#1981,#1982));
#6937=EDGE_LOOP('',(#1983,#1984,#1985,#1986));
#6938=EDGE_LOOP('',(#1987,#1988,#1989,#1990));
#6939=EDGE_LOOP('',(#1991,#1992,#1993,#1994));
#6940=EDGE_LOOP('',(#1995,#1996,#1997,#1998));
#6941=EDGE_LOOP('',(#1999,#2000,#2001,#2002));
#6942=EDGE_LOOP('',(#2003,#2004,#2005,#2006));
#6943=EDGE_LOOP('',(#2007,#2008,#2009,#2010));
#6944=EDGE_LOOP('',(#2011,#2012,#2013,#2014));
#6945=EDGE_LOOP('',(#2015,#2016,#2017,#2018));
#6946=EDGE_LOOP('',(#2019,#2020,#2021,#2022));
#6947=EDGE_LOOP('',(#2023,#2024,#2025,#2026));
#6948=EDGE_LOOP('',(#2027,#2028,#2029,#2030));
#6949=EDGE_LOOP('',(#2031,#2032,#2033,#2034));
#6950=EDGE_LOOP('',(#2035,#2036,#2037,#2038));
#6951=EDGE_LOOP('',(#2039,#2040,#2041,#2042));
#6952=EDGE_LOOP('',(#2043,#2044,#2045,#2046));
#6953=EDGE_LOOP('',(#2047,#2048,#2049,#2050));
#6954=EDGE_LOOP('',(#2051,#2052,#2053,#2054));
#6955=EDGE_LOOP('',(#2055,#2056,#2057,#2058));
#6956=EDGE_LOOP('',(#2059,#2060,#2061,#2062));
#6957=EDGE_LOOP('',(#2063,#2064,#2065,#2066));
#6958=EDGE_LOOP('',(#2067,#2068,#2069,#2070));
#6959=EDGE_LOOP('',(#2071,#2072,#2073,#2074));
#6960=EDGE_LOOP('',(#2075,#2076,#2077,#2078));
#6961=EDGE_LOOP('',(#2079,#2080,#2081,#2082));
#6962=EDGE_LOOP('',(#2083,#2084,#2085,#2086));
#6963=EDGE_LOOP('',(#2087,#2088,#2089,#2090));
#6964=EDGE_LOOP('',(#2091,#2092,#2093,#2094));
#6965=EDGE_LOOP('',(#2095,#2096,#2097,#2098));
#6966=EDGE_LOOP('',(#2099,#2100,#2101,#2102));
#6967=EDGE_LOOP('',(#2103,#2104,#2105,#2106));
#6968=EDGE_LOOP('',(#2107,#2108,#2109,#2110));
#6969=EDGE_LOOP('',(#2111,#2112,#2113,#2114));
#6970=EDGE_LOOP('',(#2115,#2116,#2117,#2118));
#6971=EDGE_LOOP('',(#2119,#2120,#2121,#2122));
#6972=EDGE_LOOP('',(#2123,#2124,#2125,#2126));
#6973=EDGE_LOOP('',(#2127,#2128,#2129,#2130));
#6974=EDGE_LOOP('',(#2131,#2132,#2133,#2134));
#6975=EDGE_LOOP('',(#2135,#2136,#2137,#2138));
#6976=EDGE_LOOP('',(#2139,#2140,#2141,#2142));
#6977=EDGE_LOOP('',(#2143,#2144,#2145,#2146));
#6978=EDGE_LOOP('',(#2147,#2148,#2149,#2150));
#6979=EDGE_LOOP('',(#2151,#2152,#2153,#2154));
#6980=EDGE_LOOP('',(#2155,#2156,#2157,#2158));
#6981=EDGE_LOOP('',(#2159,#2160,#2161,#2162));
#6982=EDGE_LOOP('',(#2163,#2164,#2165,#2166));
#6983=EDGE_LOOP('',(#2167,#2168,#2169,#2170));
#6984=EDGE_LOOP('',(#2171,#2172,#2173,#2174,#2175,#2176,#2177,#2178));
#6985=EDGE_LOOP('',(#2179,#2180,#2181,#2182,#2183,#2184));
#6986=EDGE_LOOP('',(#2185,#2186,#2187,#2188,#2189,#2190,#2191,#2192));
#6987=EDGE_LOOP('',(#2193,#2194,#2195,#2196));
#6988=EDGE_LOOP('',(#2197,#2198,#2199,#2200));
#6989=EDGE_LOOP('',(#2201,#2202,#2203,#2204,#2205,#2206,#2207,#2208,#2209,
#2210));
#6990=EDGE_LOOP('',(#2211,#2212,#2213,#2214,#2215,#2216,#2217,#2218,#2219,
#2220));
#6991=EDGE_LOOP('',(#2221,#2222,#2223,#2224,#2225,#2226));
#6992=EDGE_LOOP('',(#2227,#2228,#2229,#2230));
#6993=EDGE_LOOP('',(#2231,#2232,#2233,#2234));
#6994=EDGE_LOOP('',(#2235,#2236,#2237,#2238));
#6995=EDGE_LOOP('',(#2239,#2240,#2241,#2242));
#6996=EDGE_LOOP('',(#2243,#2244,#2245,#2246));
#6997=EDGE_LOOP('',(#2247,#2248,#2249,#2250));
#6998=EDGE_LOOP('',(#2251,#2252,#2253,#2254));
#6999=EDGE_LOOP('',(#2255,#2256,#2257,#2258));
#7000=EDGE_LOOP('',(#2259,#2260,#2261,#2262));
#7001=EDGE_LOOP('',(#2263,#2264,#2265,#2266));
#7002=EDGE_LOOP('',(#2267,#2268,#2269,#2270));
#7003=EDGE_LOOP('',(#2271,#2272,#2273,#2274));
#7004=EDGE_LOOP('',(#2275,#2276,#2277,#2278,#2279,#2280,#2281,#2282));
#7005=EDGE_LOOP('',(#2283,#2284,#2285,#2286,#2287,#2288));
#7006=EDGE_LOOP('',(#2289,#2290,#2291,#2292,#2293,#2294,#2295,#2296));
#7007=EDGE_LOOP('',(#2297,#2298,#2299,#2300,#2301,#2302,#2303,#2304,#2305,
#2306));
#7008=EDGE_LOOP('',(#2307,#2308,#2309,#2310,#2311,#2312,#2313,#2314,#2315,
#2316));
#7009=EDGE_LOOP('',(#2317,#2318,#2319,#2320,#2321,#2322));
#7010=EDGE_LOOP('',(#2323,#2324,#2325,#2326));
#7011=EDGE_LOOP('',(#2327,#2328,#2329,#2330));
#7012=EDGE_LOOP('',(#2331,#2332,#2333,#2334));
#7013=EDGE_LOOP('',(#2335,#2336,#2337,#2338));
#7014=EDGE_LOOP('',(#2339,#2340,#2341,#2342));
#7015=EDGE_LOOP('',(#2343,#2344,#2345,#2346,#2347,#2348,#2349,#2350));
#7016=EDGE_LOOP('',(#2351,#2352,#2353,#2354,#2355,#2356,#2357,#2358,#2359,
#2360,#2361,#2362,#2363,#2364,#2365,#2366,#2367));
#7017=EDGE_LOOP('',(#2368,#2369,#2370,#2371,#2372,#2373));
#7018=EDGE_LOOP('',(#2374,#2375,#2376,#2377));
#7019=EDGE_LOOP('',(#2378,#2379,#2380,#2381));
#7020=EDGE_LOOP('',(#2382,#2383,#2384,#2385));
#7021=EDGE_LOOP('',(#2386,#2387,#2388,#2389));
#7022=EDGE_LOOP('',(#2390,#2391,#2392,#2393));
#7023=EDGE_LOOP('',(#2394,#2395,#2396,#2397));
#7024=EDGE_LOOP('',(#2398,#2399,#2400,#2401));
#7025=EDGE_LOOP('',(#2402,#2403,#2404,#2405,#2406,#2407));
#7026=EDGE_LOOP('',(#2408,#2409,#2410,#2411,#2412,#2413,#2414,#2415,#2416,
#2417,#2418,#2419,#2420,#2421,#2422,#2423,#2424));
#7027=EDGE_LOOP('',(#2425,#2426,#2427,#2428,#2429,#2430,#2431,#2432));
#7028=EDGE_LOOP('',(#2433,#2434,#2435,#2436));
#7029=EDGE_LOOP('',(#2437,#2438,#2439,#2440));
#7030=EDGE_LOOP('',(#2441,#2442,#2443,#2444));
#7031=EDGE_LOOP('',(#2445,#2446,#2447,#2448));
#7032=EDGE_LOOP('',(#2449,#2450,#2451,#2452));
#7033=EDGE_LOOP('',(#2453,#2454,#2455,#2456));
#7034=EDGE_LOOP('',(#2457,#2458,#2459,#2460));
#7035=EDGE_LOOP('',(#2461,#2462,#2463,#2464));
#7036=EDGE_LOOP('',(#2465,#2466,#2467,#2468));
#7037=EDGE_LOOP('',(#2469,#2470,#2471,#2472,#2473,#2474,#2475,#2476,#2477,
#2478,#2479,#2480,#2481,#2482,#2483,#2484,#2485,#2486,#2487,#2488));
#7038=EDGE_LOOP('',(#2489,#2490,#2491,#2492,#2493,#2494,#2495,#2496,#2497,
#2498,#2499,#2500,#2501,#2502,#2503,#2504,#2505,#2506,#2507,#2508));
#7039=EDGE_LOOP('',(#2509,#2510,#2511,#2512));
#7040=EDGE_LOOP('',(#2513,#2514,#2515,#2516));
#7041=EDGE_LOOP('',(#2517,#2518,#2519,#2520));
#7042=EDGE_LOOP('',(#2521,#2522,#2523,#2524));
#7043=EDGE_LOOP('',(#2525,#2526,#2527,#2528));
#7044=EDGE_LOOP('',(#2529,#2530,#2531,#2532));
#7045=EDGE_LOOP('',(#2533,#2534,#2535,#2536));
#7046=EDGE_LOOP('',(#2537,#2538,#2539,#2540));
#7047=EDGE_LOOP('',(#2541,#2542,#2543,#2544));
#7048=EDGE_LOOP('',(#2545,#2546,#2547,#2548));
#7049=EDGE_LOOP('',(#2549,#2550,#2551,#2552));
#7050=EDGE_LOOP('',(#2553,#2554,#2555,#2556));
#7051=EDGE_LOOP('',(#2557,#2558,#2559,#2560));
#7052=EDGE_LOOP('',(#2561,#2562,#2563,#2564,#2565,#2566,#2567,#2568,#2569,
#2570,#2571,#2572,#2573,#2574,#2575,#2576,#2577));
#7053=EDGE_LOOP('',(#2578,#2579,#2580,#2581));
#7054=EDGE_LOOP('',(#2582,#2583,#2584,#2585));
#7055=EDGE_LOOP('',(#2586,#2587,#2588,#2589));
#7056=EDGE_LOOP('',(#2590,#2591,#2592,#2593));
#7057=EDGE_LOOP('',(#2594,#2595,#2596,#2597));
#7058=EDGE_LOOP('',(#2598,#2599,#2600,#2601));
#7059=EDGE_LOOP('',(#2602,#2603,#2604,#2605));
#7060=EDGE_LOOP('',(#2606,#2607,#2608,#2609));
#7061=EDGE_LOOP('',(#2610,#2611,#2612,#2613));
#7062=EDGE_LOOP('',(#2614,#2615,#2616,#2617));
#7063=EDGE_LOOP('',(#2618,#2619,#2620,#2621));
#7064=EDGE_LOOP('',(#2622,#2623,#2624,#2625));
#7065=EDGE_LOOP('',(#2626,#2627,#2628,#2629));
#7066=EDGE_LOOP('',(#2630,#2631,#2632,#2633,#2634,#2635,#2636,#2637,#2638,
#2639,#2640,#2641,#2642,#2643,#2644,#2645,#2646));
#7067=EDGE_LOOP('',(#2647,#2648,#2649,#2650));
#7068=EDGE_LOOP('',(#2651,#2652,#2653,#2654));
#7069=EDGE_LOOP('',(#2655,#2656,#2657,#2658));
#7070=EDGE_LOOP('',(#2659,#2660,#2661,#2662));
#7071=EDGE_LOOP('',(#2663,#2664,#2665,#2666));
#7072=EDGE_LOOP('',(#2667,#2668,#2669,#2670));
#7073=FACE_BOUND('',#6559,.T.);
#7074=FACE_BOUND('',#6560,.T.);
#7075=FACE_BOUND('',#6561,.T.);
#7076=FACE_BOUND('',#6562,.T.);
#7077=FACE_BOUND('',#6563,.T.);
#7078=FACE_BOUND('',#6564,.T.);
#7079=FACE_BOUND('',#6565,.T.);
#7080=FACE_BOUND('',#6566,.T.);
#7081=FACE_BOUND('',#6567,.T.);
#7082=FACE_BOUND('',#6568,.T.);
#7083=FACE_BOUND('',#6569,.T.);
#7084=FACE_BOUND('',#6570,.T.);
#7085=FACE_BOUND('',#6571,.T.);
#7086=FACE_BOUND('',#6572,.T.);
#7087=FACE_BOUND('',#6573,.T.);
#7088=FACE_BOUND('',#6574,.T.);
#7089=FACE_BOUND('',#6575,.T.);
#7090=FACE_BOUND('',#6576,.T.);
#7091=FACE_BOUND('',#6577,.T.);
#7092=FACE_BOUND('',#6578,.T.);
#7093=FACE_BOUND('',#6579,.T.);
#7094=FACE_BOUND('',#6580,.T.);
#7095=FACE_BOUND('',#6581,.T.);
#7096=FACE_BOUND('',#6582,.T.);
#7097=FACE_BOUND('',#6583,.T.);
#7098=FACE_BOUND('',#6584,.T.);
#7099=FACE_BOUND('',#6585,.T.);
#7100=FACE_BOUND('',#6586,.T.);
#7101=FACE_BOUND('',#6587,.T.);
#7102=FACE_BOUND('',#6588,.T.);
#7103=FACE_BOUND('',#6589,.T.);
#7104=FACE_BOUND('',#6590,.T.);
#7105=FACE_BOUND('',#6591,.T.);
#7106=FACE_BOUND('',#6592,.T.);
#7107=FACE_BOUND('',#6593,.T.);
#7108=FACE_BOUND('',#6594,.T.);
#7109=FACE_BOUND('',#6595,.T.);
#7110=FACE_BOUND('',#6596,.T.);
#7111=FACE_BOUND('',#6597,.T.);
#7112=FACE_BOUND('',#6598,.T.);
#7113=FACE_BOUND('',#6599,.T.);
#7114=FACE_BOUND('',#6600,.T.);
#7115=FACE_BOUND('',#6601,.T.);
#7116=FACE_BOUND('',#6602,.T.);
#7117=FACE_BOUND('',#6603,.T.);
#7118=FACE_BOUND('',#6604,.T.);
#7119=FACE_BOUND('',#6605,.T.);
#7120=FACE_BOUND('',#6606,.T.);
#7121=FACE_BOUND('',#6607,.T.);
#7122=FACE_BOUND('',#6608,.T.);
#7123=FACE_BOUND('',#6609,.T.);
#7124=FACE_BOUND('',#6610,.T.);
#7125=FACE_BOUND('',#6611,.T.);
#7126=FACE_BOUND('',#6612,.T.);
#7127=FACE_BOUND('',#6613,.T.);
#7128=FACE_BOUND('',#6614,.T.);
#7129=FACE_BOUND('',#6615,.T.);
#7130=FACE_BOUND('',#6616,.T.);
#7131=FACE_BOUND('',#6617,.T.);
#7132=FACE_BOUND('',#6618,.T.);
#7133=FACE_BOUND('',#6619,.T.);
#7134=FACE_BOUND('',#6620,.T.);
#7135=FACE_BOUND('',#6621,.T.);
#7136=FACE_BOUND('',#6622,.T.);
#7137=FACE_BOUND('',#6623,.T.);
#7138=FACE_BOUND('',#6624,.T.);
#7139=FACE_BOUND('',#6625,.T.);
#7140=FACE_BOUND('',#6626,.T.);
#7141=FACE_BOUND('',#6627,.T.);
#7142=FACE_BOUND('',#6628,.T.);
#7143=FACE_BOUND('',#6629,.T.);
#7144=FACE_BOUND('',#6630,.T.);
#7145=FACE_BOUND('',#6631,.T.);
#7146=FACE_BOUND('',#6632,.T.);
#7147=FACE_BOUND('',#6633,.T.);
#7148=FACE_BOUND('',#6634,.T.);
#7149=FACE_BOUND('',#6635,.T.);
#7150=FACE_BOUND('',#6636,.T.);
#7151=FACE_BOUND('',#6637,.T.);
#7152=FACE_BOUND('',#6638,.T.);
#7153=FACE_BOUND('',#6639,.T.);
#7154=FACE_BOUND('',#6640,.T.);
#7155=FACE_BOUND('',#6641,.T.);
#7156=FACE_BOUND('',#6642,.T.);
#7157=FACE_BOUND('',#6643,.T.);
#7158=FACE_BOUND('',#6644,.T.);
#7159=FACE_BOUND('',#6645,.T.);
#7160=FACE_BOUND('',#6646,.T.);
#7161=FACE_BOUND('',#6647,.T.);
#7162=FACE_BOUND('',#6648,.T.);
#7163=FACE_BOUND('',#6649,.T.);
#7164=FACE_BOUND('',#6650,.T.);
#7165=FACE_BOUND('',#6651,.T.);
#7166=FACE_BOUND('',#6652,.T.);
#7167=FACE_BOUND('',#6653,.T.);
#7168=FACE_BOUND('',#6654,.T.);
#7169=FACE_BOUND('',#6655,.T.);
#7170=FACE_BOUND('',#6656,.T.);
#7171=FACE_BOUND('',#6657,.T.);
#7172=FACE_BOUND('',#6658,.T.);
#7173=FACE_BOUND('',#6659,.T.);
#7174=FACE_BOUND('',#6660,.T.);
#7175=FACE_BOUND('',#6661,.T.);
#7176=FACE_BOUND('',#6662,.T.);
#7177=FACE_BOUND('',#6663,.T.);
#7178=FACE_BOUND('',#6664,.T.);
#7179=FACE_BOUND('',#6665,.T.);
#7180=FACE_BOUND('',#6666,.T.);
#7181=FACE_BOUND('',#6667,.T.);
#7182=FACE_BOUND('',#6668,.T.);
#7183=FACE_BOUND('',#6669,.T.);
#7184=FACE_BOUND('',#6670,.T.);
#7185=FACE_BOUND('',#6671,.T.);
#7186=FACE_BOUND('',#6672,.T.);
#7187=FACE_BOUND('',#6673,.T.);
#7188=FACE_BOUND('',#6674,.T.);
#7189=FACE_BOUND('',#6675,.T.);
#7190=FACE_BOUND('',#6676,.T.);
#7191=FACE_BOUND('',#6677,.T.);
#7192=FACE_BOUND('',#6678,.T.);
#7193=FACE_BOUND('',#6679,.T.);
#7194=FACE_BOUND('',#6680,.T.);
#7195=FACE_BOUND('',#6681,.T.);
#7196=FACE_BOUND('',#6682,.T.);
#7197=FACE_BOUND('',#6683,.T.);
#7198=FACE_BOUND('',#6684,.T.);
#7199=FACE_BOUND('',#6685,.T.);
#7200=FACE_BOUND('',#6686,.T.);
#7201=FACE_BOUND('',#6687,.T.);
#7202=FACE_BOUND('',#6688,.T.);
#7203=FACE_BOUND('',#6689,.T.);
#7204=FACE_BOUND('',#6690,.T.);
#7205=FACE_BOUND('',#6691,.T.);
#7206=FACE_BOUND('',#6692,.T.);
#7207=FACE_BOUND('',#6693,.T.);
#7208=FACE_BOUND('',#6694,.T.);
#7209=FACE_BOUND('',#6695,.T.);
#7210=FACE_BOUND('',#6696,.T.);
#7211=FACE_BOUND('',#6697,.T.);
#7212=FACE_BOUND('',#6698,.T.);
#7213=FACE_BOUND('',#6699,.T.);
#7214=FACE_BOUND('',#6700,.T.);
#7215=FACE_BOUND('',#6701,.T.);
#7216=FACE_BOUND('',#6702,.T.);
#7217=FACE_BOUND('',#6703,.T.);
#7218=FACE_BOUND('',#6704,.T.);
#7219=FACE_BOUND('',#6705,.T.);
#7220=FACE_BOUND('',#6706,.T.);
#7221=FACE_BOUND('',#6707,.T.);
#7222=FACE_BOUND('',#6708,.T.);
#7223=FACE_BOUND('',#6709,.T.);
#7224=FACE_BOUND('',#6710,.T.);
#7225=FACE_BOUND('',#6711,.T.);
#7226=FACE_BOUND('',#6712,.T.);
#7227=FACE_BOUND('',#6713,.T.);
#7228=FACE_BOUND('',#6714,.T.);
#7229=FACE_BOUND('',#6715,.T.);
#7230=FACE_BOUND('',#6716,.T.);
#7231=FACE_BOUND('',#6717,.T.);
#7232=FACE_BOUND('',#6718,.T.);
#7233=FACE_BOUND('',#6719,.T.);
#7234=FACE_BOUND('',#6720,.T.);
#7235=FACE_BOUND('',#6721,.T.);
#7236=FACE_BOUND('',#6722,.T.);
#7237=FACE_BOUND('',#6723,.T.);
#7238=FACE_BOUND('',#6724,.T.);
#7239=FACE_BOUND('',#6725,.T.);
#7240=FACE_BOUND('',#6726,.T.);
#7241=FACE_BOUND('',#6727,.T.);
#7242=FACE_BOUND('',#6728,.T.);
#7243=FACE_BOUND('',#6729,.T.);
#7244=FACE_BOUND('',#6730,.T.);
#7245=FACE_BOUND('',#6731,.T.);
#7246=FACE_BOUND('',#6732,.T.);
#7247=FACE_BOUND('',#6733,.T.);
#7248=FACE_BOUND('',#6734,.T.);
#7249=FACE_BOUND('',#6735,.T.);
#7250=FACE_BOUND('',#6736,.T.);
#7251=FACE_BOUND('',#6737,.T.);
#7252=FACE_BOUND('',#6738,.T.);
#7253=FACE_BOUND('',#6739,.T.);
#7254=FACE_BOUND('',#6740,.T.);
#7255=FACE_BOUND('',#6741,.T.);
#7256=FACE_BOUND('',#6742,.T.);
#7257=FACE_BOUND('',#6743,.T.);
#7258=FACE_BOUND('',#6744,.T.);
#7259=FACE_BOUND('',#6745,.T.);
#7260=FACE_BOUND('',#6746,.T.);
#7261=FACE_BOUND('',#6747,.T.);
#7262=FACE_BOUND('',#6748,.T.);
#7263=FACE_BOUND('',#6749,.T.);
#7264=FACE_BOUND('',#6750,.T.);
#7265=FACE_BOUND('',#6751,.T.);
#7266=FACE_BOUND('',#6752,.T.);
#7267=FACE_BOUND('',#6753,.T.);
#7268=FACE_BOUND('',#6754,.T.);
#7269=FACE_BOUND('',#6755,.T.);
#7270=FACE_BOUND('',#6756,.T.);
#7271=FACE_BOUND('',#6757,.T.);
#7272=FACE_BOUND('',#6758,.T.);
#7273=FACE_BOUND('',#6759,.T.);
#7274=FACE_BOUND('',#6760,.T.);
#7275=FACE_BOUND('',#6761,.T.);
#7276=FACE_BOUND('',#6762,.T.);
#7277=FACE_BOUND('',#6763,.T.);
#7278=FACE_BOUND('',#6764,.T.);
#7279=FACE_BOUND('',#6765,.T.);
#7280=FACE_BOUND('',#6766,.T.);
#7281=FACE_BOUND('',#6767,.T.);
#7282=FACE_BOUND('',#6768,.T.);
#7283=FACE_BOUND('',#6769,.T.);
#7284=FACE_BOUND('',#6770,.T.);
#7285=FACE_BOUND('',#6771,.T.);
#7286=FACE_BOUND('',#6772,.T.);
#7287=FACE_BOUND('',#6773,.T.);
#7288=FACE_BOUND('',#6774,.T.);
#7289=FACE_BOUND('',#6775,.T.);
#7290=FACE_BOUND('',#6776,.T.);
#7291=FACE_BOUND('',#6777,.T.);
#7292=FACE_BOUND('',#6778,.T.);
#7293=FACE_BOUND('',#6779,.T.);
#7294=FACE_BOUND('',#6780,.T.);
#7295=FACE_BOUND('',#6781,.T.);
#7296=FACE_BOUND('',#6782,.T.);
#7297=FACE_BOUND('',#6783,.T.);
#7298=FACE_BOUND('',#6784,.T.);
#7299=FACE_BOUND('',#6785,.T.);
#7300=FACE_BOUND('',#6786,.T.);
#7301=FACE_BOUND('',#6787,.T.);
#7302=FACE_BOUND('',#6788,.T.);
#7303=FACE_BOUND('',#6789,.T.);
#7304=FACE_BOUND('',#6790,.T.);
#7305=FACE_BOUND('',#6791,.T.);
#7306=FACE_BOUND('',#6792,.T.);
#7307=FACE_BOUND('',#6793,.T.);
#7308=FACE_BOUND('',#6794,.T.);
#7309=FACE_BOUND('',#6795,.T.);
#7310=FACE_BOUND('',#6796,.T.);
#7311=FACE_BOUND('',#6797,.T.);
#7312=FACE_BOUND('',#6798,.T.);
#7313=FACE_BOUND('',#6799,.T.);
#7314=FACE_BOUND('',#6800,.T.);
#7315=FACE_BOUND('',#6801,.T.);
#7316=FACE_BOUND('',#6802,.T.);
#7317=FACE_BOUND('',#6803,.T.);
#7318=FACE_BOUND('',#6804,.T.);
#7319=FACE_BOUND('',#6805,.T.);
#7320=FACE_BOUND('',#6806,.T.);
#7321=FACE_BOUND('',#6807,.T.);
#7322=FACE_BOUND('',#6808,.T.);
#7323=FACE_BOUND('',#6809,.T.);
#7324=FACE_BOUND('',#6810,.T.);
#7325=FACE_BOUND('',#6811,.T.);
#7326=FACE_BOUND('',#6812,.T.);
#7327=FACE_BOUND('',#6813,.T.);
#7328=FACE_BOUND('',#6814,.T.);
#7329=FACE_BOUND('',#6815,.T.);
#7330=FACE_BOUND('',#6816,.T.);
#7331=FACE_BOUND('',#6817,.T.);
#7332=FACE_BOUND('',#6818,.T.);
#7333=FACE_BOUND('',#6819,.T.);
#7334=FACE_BOUND('',#6820,.T.);
#7335=FACE_BOUND('',#6821,.T.);
#7336=FACE_BOUND('',#6822,.T.);
#7337=FACE_BOUND('',#6823,.T.);
#7338=FACE_BOUND('',#6824,.T.);
#7339=FACE_BOUND('',#6825,.T.);
#7340=FACE_BOUND('',#6826,.T.);
#7341=FACE_BOUND('',#6827,.T.);
#7342=FACE_BOUND('',#6828,.T.);
#7343=FACE_BOUND('',#6829,.T.);
#7344=FACE_BOUND('',#6830,.T.);
#7345=FACE_BOUND('',#6831,.T.);
#7346=FACE_BOUND('',#6832,.T.);
#7347=FACE_BOUND('',#6833,.T.);
#7348=FACE_BOUND('',#6834,.T.);
#7349=FACE_BOUND('',#6835,.T.);
#7350=FACE_BOUND('',#6836,.T.);
#7351=FACE_BOUND('',#6837,.T.);
#7352=FACE_BOUND('',#6838,.T.);
#7353=FACE_BOUND('',#6839,.T.);
#7354=FACE_BOUND('',#6840,.T.);
#7355=FACE_BOUND('',#6841,.T.);
#7356=FACE_BOUND('',#6842,.T.);
#7357=FACE_BOUND('',#6843,.T.);
#7358=FACE_BOUND('',#6844,.T.);
#7359=FACE_BOUND('',#6845,.T.);
#7360=FACE_BOUND('',#6846,.T.);
#7361=FACE_BOUND('',#6847,.T.);
#7362=FACE_BOUND('',#6848,.T.);
#7363=FACE_BOUND('',#6849,.T.);
#7364=FACE_BOUND('',#6850,.T.);
#7365=FACE_BOUND('',#6851,.T.);
#7366=FACE_BOUND('',#6852,.T.);
#7367=FACE_BOUND('',#6853,.T.);
#7368=FACE_BOUND('',#6854,.T.);
#7369=FACE_BOUND('',#6855,.T.);
#7370=FACE_BOUND('',#6856,.T.);
#7371=FACE_BOUND('',#6857,.T.);
#7372=FACE_BOUND('',#6858,.T.);
#7373=FACE_BOUND('',#6859,.T.);
#7374=FACE_BOUND('',#6860,.T.);
#7375=FACE_BOUND('',#6861,.T.);
#7376=FACE_BOUND('',#6862,.T.);
#7377=FACE_BOUND('',#6863,.T.);
#7378=FACE_BOUND('',#6864,.T.);
#7379=FACE_BOUND('',#6865,.T.);
#7380=FACE_BOUND('',#6866,.T.);
#7381=FACE_BOUND('',#6867,.T.);
#7382=FACE_BOUND('',#6868,.T.);
#7383=FACE_BOUND('',#6869,.T.);
#7384=FACE_BOUND('',#6870,.T.);
#7385=FACE_BOUND('',#6871,.T.);
#7386=FACE_BOUND('',#6872,.T.);
#7387=FACE_BOUND('',#6873,.T.);
#7388=FACE_BOUND('',#6874,.T.);
#7389=FACE_BOUND('',#6875,.T.);
#7390=FACE_BOUND('',#6876,.T.);
#7391=FACE_BOUND('',#6877,.T.);
#7392=FACE_BOUND('',#6878,.T.);
#7393=FACE_BOUND('',#6879,.T.);
#7394=FACE_BOUND('',#6880,.T.);
#7395=FACE_BOUND('',#6881,.T.);
#7396=FACE_BOUND('',#6882,.T.);
#7397=FACE_BOUND('',#6883,.T.);
#7398=FACE_BOUND('',#6884,.T.);
#7399=FACE_BOUND('',#6885,.T.);
#7400=FACE_BOUND('',#6886,.T.);
#7401=FACE_BOUND('',#6887,.T.);
#7402=FACE_BOUND('',#6888,.T.);
#7403=FACE_BOUND('',#6889,.T.);
#7404=FACE_BOUND('',#6890,.T.);
#7405=FACE_BOUND('',#6891,.T.);
#7406=FACE_BOUND('',#6892,.T.);
#7407=FACE_BOUND('',#6893,.T.);
#7408=FACE_BOUND('',#6894,.T.);
#7409=FACE_BOUND('',#6895,.T.);
#7410=FACE_BOUND('',#6896,.T.);
#7411=FACE_BOUND('',#6897,.T.);
#7412=FACE_BOUND('',#6898,.T.);
#7413=FACE_BOUND('',#6899,.T.);
#7414=FACE_BOUND('',#6900,.T.);
#7415=FACE_BOUND('',#6901,.T.);
#7416=FACE_BOUND('',#6902,.T.);
#7417=FACE_BOUND('',#6903,.T.);
#7418=FACE_BOUND('',#6904,.T.);
#7419=FACE_BOUND('',#6905,.T.);
#7420=FACE_BOUND('',#6906,.T.);
#7421=FACE_BOUND('',#6907,.T.);
#7422=FACE_BOUND('',#6908,.T.);
#7423=FACE_BOUND('',#6909,.T.);
#7424=FACE_BOUND('',#6910,.T.);
#7425=FACE_BOUND('',#6911,.T.);
#7426=FACE_BOUND('',#6912,.T.);
#7427=FACE_BOUND('',#6913,.T.);
#7428=FACE_BOUND('',#6914,.T.);
#7429=FACE_BOUND('',#6915,.T.);
#7430=FACE_BOUND('',#6916,.T.);
#7431=FACE_BOUND('',#6917,.T.);
#7432=FACE_BOUND('',#6918,.T.);
#7433=FACE_BOUND('',#6919,.T.);
#7434=FACE_BOUND('',#6920,.T.);
#7435=FACE_BOUND('',#6921,.T.);
#7436=FACE_BOUND('',#6922,.T.);
#7437=FACE_BOUND('',#6923,.T.);
#7438=FACE_BOUND('',#6924,.T.);
#7439=FACE_BOUND('',#6925,.T.);
#7440=FACE_BOUND('',#6926,.T.);
#7441=FACE_BOUND('',#6927,.T.);
#7442=FACE_BOUND('',#6928,.T.);
#7443=FACE_BOUND('',#6929,.T.);
#7444=FACE_BOUND('',#6930,.T.);
#7445=FACE_BOUND('',#6931,.T.);
#7446=FACE_BOUND('',#6932,.T.);
#7447=FACE_BOUND('',#6933,.T.);
#7448=FACE_BOUND('',#6934,.T.);
#7449=FACE_BOUND('',#6935,.T.);
#7450=FACE_BOUND('',#6936,.T.);
#7451=FACE_BOUND('',#6937,.T.);
#7452=FACE_BOUND('',#6938,.T.);
#7453=FACE_BOUND('',#6939,.T.);
#7454=FACE_BOUND('',#6940,.T.);
#7455=FACE_BOUND('',#6941,.T.);
#7456=FACE_BOUND('',#6942,.T.);
#7457=FACE_BOUND('',#6943,.T.);
#7458=FACE_BOUND('',#6944,.T.);
#7459=FACE_BOUND('',#6945,.T.);
#7460=FACE_BOUND('',#6946,.T.);
#7461=FACE_BOUND('',#6947,.T.);
#7462=FACE_BOUND('',#6948,.T.);
#7463=FACE_BOUND('',#6949,.T.);
#7464=FACE_BOUND('',#6950,.T.);
#7465=FACE_BOUND('',#6951,.T.);
#7466=FACE_BOUND('',#6952,.T.);
#7467=FACE_BOUND('',#6953,.T.);
#7468=FACE_BOUND('',#6954,.T.);
#7469=FACE_BOUND('',#6955,.T.);
#7470=FACE_BOUND('',#6956,.T.);
#7471=FACE_BOUND('',#6957,.T.);
#7472=FACE_BOUND('',#6958,.T.);
#7473=FACE_BOUND('',#6959,.T.);
#7474=FACE_BOUND('',#6960,.T.);
#7475=FACE_BOUND('',#6961,.T.);
#7476=FACE_BOUND('',#6962,.T.);
#7477=FACE_BOUND('',#6963,.T.);
#7478=FACE_BOUND('',#6964,.T.);
#7479=FACE_BOUND('',#6965,.T.);
#7480=FACE_BOUND('',#6966,.T.);
#7481=FACE_BOUND('',#6967,.T.);
#7482=FACE_BOUND('',#6968,.T.);
#7483=FACE_BOUND('',#6969,.T.);
#7484=FACE_BOUND('',#6970,.T.);
#7485=FACE_BOUND('',#6971,.T.);
#7486=FACE_BOUND('',#6972,.T.);
#7487=FACE_BOUND('',#6973,.T.);
#7488=FACE_BOUND('',#6974,.T.);
#7489=FACE_BOUND('',#6975,.T.);
#7490=FACE_BOUND('',#6976,.T.);
#7491=FACE_BOUND('',#6977,.T.);
#7492=FACE_BOUND('',#6978,.T.);
#7493=FACE_BOUND('',#6979,.T.);
#7494=FACE_BOUND('',#6980,.T.);
#7495=FACE_BOUND('',#6981,.T.);
#7496=FACE_BOUND('',#6982,.T.);
#7497=FACE_BOUND('',#6983,.T.);
#7498=FACE_BOUND('',#6984,.T.);
#7499=FACE_BOUND('',#6985,.T.);
#7500=FACE_BOUND('',#6986,.T.);
#7501=FACE_BOUND('',#6987,.T.);
#7502=FACE_BOUND('',#6988,.T.);
#7503=FACE_BOUND('',#6989,.T.);
#7504=FACE_BOUND('',#6990,.T.);
#7505=FACE_BOUND('',#6991,.T.);
#7506=FACE_BOUND('',#6992,.T.);
#7507=FACE_BOUND('',#6993,.T.);
#7508=FACE_BOUND('',#6994,.T.);
#7509=FACE_BOUND('',#6995,.T.);
#7510=FACE_BOUND('',#6996,.T.);
#7511=FACE_BOUND('',#6997,.T.);
#7512=FACE_BOUND('',#6998,.T.);
#7513=FACE_BOUND('',#6999,.T.);
#7514=FACE_BOUND('',#7000,.T.);
#7515=FACE_BOUND('',#7001,.T.);
#7516=FACE_BOUND('',#7002,.T.);
#7517=FACE_BOUND('',#7003,.T.);
#7518=FACE_BOUND('',#7004,.T.);
#7519=FACE_BOUND('',#7005,.T.);
#7520=FACE_BOUND('',#7006,.T.);
#7521=FACE_BOUND('',#7007,.T.);
#7522=FACE_BOUND('',#7008,.T.);
#7523=FACE_BOUND('',#7009,.T.);
#7524=FACE_BOUND('',#7010,.T.);
#7525=FACE_BOUND('',#7011,.T.);
#7526=FACE_BOUND('',#7012,.T.);
#7527=FACE_BOUND('',#7013,.T.);
#7528=FACE_BOUND('',#7014,.T.);
#7529=FACE_BOUND('',#7015,.T.);
#7530=FACE_BOUND('',#7016,.T.);
#7531=FACE_BOUND('',#7017,.T.);
#7532=FACE_BOUND('',#7018,.T.);
#7533=FACE_BOUND('',#7019,.T.);
#7534=FACE_BOUND('',#7020,.T.);
#7535=FACE_BOUND('',#7021,.T.);
#7536=FACE_BOUND('',#7022,.T.);
#7537=FACE_BOUND('',#7023,.T.);
#7538=FACE_BOUND('',#7024,.T.);
#7539=FACE_BOUND('',#7025,.T.);
#7540=FACE_BOUND('',#7026,.T.);
#7541=FACE_BOUND('',#7027,.T.);
#7542=FACE_BOUND('',#7028,.T.);
#7543=FACE_BOUND('',#7029,.T.);
#7544=FACE_BOUND('',#7030,.T.);
#7545=FACE_BOUND('',#7031,.T.);
#7546=FACE_BOUND('',#7032,.T.);
#7547=FACE_BOUND('',#7033,.T.);
#7548=FACE_BOUND('',#7034,.T.);
#7549=FACE_BOUND('',#7035,.T.);
#7550=FACE_BOUND('',#7036,.T.);
#7551=FACE_BOUND('',#7037,.T.);
#7552=FACE_BOUND('',#7038,.T.);
#7553=FACE_BOUND('',#7039,.T.);
#7554=FACE_BOUND('',#7040,.T.);
#7555=FACE_BOUND('',#7041,.T.);
#7556=FACE_BOUND('',#7042,.T.);
#7557=FACE_BOUND('',#7043,.T.);
#7558=FACE_BOUND('',#7044,.T.);
#7559=FACE_BOUND('',#7045,.T.);
#7560=FACE_BOUND('',#7046,.T.);
#7561=FACE_BOUND('',#7047,.T.);
#7562=FACE_BOUND('',#7048,.T.);
#7563=FACE_BOUND('',#7049,.T.);
#7564=FACE_BOUND('',#7050,.T.);
#7565=FACE_BOUND('',#7051,.T.);
#7566=FACE_BOUND('',#7052,.T.);
#7567=FACE_BOUND('',#7053,.T.);
#7568=FACE_BOUND('',#7054,.T.);
#7569=FACE_BOUND('',#7055,.T.);
#7570=FACE_BOUND('',#7056,.T.);
#7571=FACE_BOUND('',#7057,.T.);
#7572=FACE_BOUND('',#7058,.T.);
#7573=FACE_BOUND('',#7059,.T.);
#7574=FACE_BOUND('',#7060,.T.);
#7575=FACE_BOUND('',#7061,.T.);
#7576=FACE_BOUND('',#7062,.T.);
#7577=FACE_BOUND('',#7063,.T.);
#7578=FACE_BOUND('',#7064,.T.);
#7579=FACE_BOUND('',#7065,.T.);
#7580=FACE_BOUND('',#7066,.T.);
#7581=FACE_BOUND('',#7067,.T.);
#7582=FACE_BOUND('',#7068,.T.);
#7583=FACE_BOUND('',#7069,.T.);
#7584=FACE_BOUND('',#7070,.T.);
#7585=FACE_BOUND('',#7071,.T.);
#7586=FACE_BOUND('',#7072,.T.);
#7587=PLANE('',#8516);
#7588=PLANE('',#8525);
#7589=PLANE('',#8534);
#7590=PLANE('',#8536);
#7591=PLANE('',#8543);
#7592=PLANE('',#8544);
#7593=PLANE('',#8545);
#7594=PLANE('',#8546);
#7595=PLANE('',#8547);
#7596=PLANE('',#8548);
#7597=PLANE('',#8549);
#7598=PLANE('',#8550);
#7599=PLANE('',#8551);
#7600=PLANE('',#8552);
#7601=PLANE('',#8553);
#7602=PLANE('',#8554);
#7603=PLANE('',#8555);
#7604=PLANE('',#8556);
#7605=PLANE('',#8557);
#7606=PLANE('',#8558);
#7607=PLANE('',#8559);
#7608=PLANE('',#8560);
#7609=PLANE('',#8561);
#7610=PLANE('',#8562);
#7611=PLANE('',#8563);
#7612=PLANE('',#8564);
#7613=PLANE('',#8565);
#7614=PLANE('',#8566);
#7615=PLANE('',#8567);
#7616=PLANE('',#8568);
#7617=PLANE('',#8569);
#7618=PLANE('',#8570);
#7619=PLANE('',#8571);
#7620=PLANE('',#8572);
#7621=PLANE('',#8573);
#7622=PLANE('',#8577);
#7623=PLANE('',#8579);
#7624=PLANE('',#8593);
#7625=PLANE('',#8594);
#7626=PLANE('',#8617);
#7627=PLANE('',#8618);
#7628=PLANE('',#8619);
#7629=PLANE('',#8620);
#7630=PLANE('',#8621);
#7631=PLANE('',#8622);
#7632=PLANE('',#8623);
#7633=PLANE('',#8624);
#7634=PLANE('',#8625);
#7635=PLANE('',#8626);
#7636=PLANE('',#8629);
#7637=PLANE('',#8632);
#7638=PLANE('',#8633);
#7639=PLANE('',#8634);
#7640=PLANE('',#8637);
#7641=PLANE('',#8640);
#7642=PLANE('',#8643);
#7643=PLANE('',#8646);
#7644=PLANE('',#8647);
#7645=PLANE('',#8648);
#7646=PLANE('',#8651);
#7647=PLANE('',#8654);
#7648=PLANE('',#8655);
#7649=PLANE('',#8658);
#7650=PLANE('',#8661);
#7651=PLANE('',#8662);
#7652=PLANE('',#8663);
#7653=PLANE('',#8666);
#7654=PLANE('',#8669);
#7655=PLANE('',#8672);
#7656=PLANE('',#8675);
#7657=PLANE('',#8676);
#7658=PLANE('',#8677);
#7659=PLANE('',#8680);
#7660=PLANE('',#8683);
#7661=PLANE('',#8684);
#7662=PLANE('',#8685);
#7663=PLANE('',#8688);
#7664=PLANE('',#8689);
#7665=PLANE('',#8692);
#7666=PLANE('',#8693);
#7667=PLANE('',#8694);
#7668=PLANE('',#8695);
#7669=PLANE('',#8696);
#7670=PLANE('',#8697);
#7671=PLANE('',#8700);
#7672=PLANE('',#8701);
#7673=PLANE('',#8704);
#7674=PLANE('',#8705);
#7675=PLANE('',#8708);
#7676=PLANE('',#8709);
#7677=PLANE('',#8712);
#7678=PLANE('',#8713);
#7679=PLANE('',#8714);
#7680=PLANE('',#8715);
#7681=PLANE('',#8716);
#7682=PLANE('',#8717);
#7683=PLANE('',#8720);
#7684=PLANE('',#8721);
#7685=PLANE('',#8724);
#7686=PLANE('',#8725);
#7687=PLANE('',#8726);
#7688=PLANE('',#8727);
#7689=PLANE('',#8728);
#7690=PLANE('',#8729);
#7691=PLANE('',#8730);
#7692=PLANE('',#8731);
#7693=PLANE('',#8732);
#7694=PLANE('',#8733);
#7695=PLANE('',#8734);
#7696=PLANE('',#8735);
#7697=PLANE('',#8736);
#7698=PLANE('',#8737);
#7699=PLANE('',#8738);
#7700=PLANE('',#8739);
#7701=PLANE('',#8740);
#7702=PLANE('',#8741);
#7703=PLANE('',#8742);
#7704=PLANE('',#8743);
#7705=PLANE('',#8744);
#7706=PLANE('',#8745);
#7707=PLANE('',#8746);
#7708=PLANE('',#8747);
#7709=PLANE('',#8748);
#7710=PLANE('',#8749);
#7711=PLANE('',#8750);
#7712=PLANE('',#8751);
#7713=PLANE('',#8752);
#7714=PLANE('',#8753);
#7715=PLANE('',#8754);
#7716=PLANE('',#8755);
#7717=PLANE('',#8756);
#7718=PLANE('',#8757);
#7719=PLANE('',#8758);
#7720=PLANE('',#8759);
#7721=PLANE('',#8760);
#7722=PLANE('',#8761);
#7723=PLANE('',#8762);
#7724=PLANE('',#8763);
#7725=PLANE('',#8764);
#7726=PLANE('',#8765);
#7727=PLANE('',#8766);
#7728=PLANE('',#8767);
#7729=PLANE('',#8768);
#7730=PLANE('',#8769);
#7731=PLANE('',#8770);
#7732=PLANE('',#8771);
#7733=PLANE('',#8772);
#7734=PLANE('',#8773);
#7735=PLANE('',#8774);
#7736=PLANE('',#8775);
#7737=PLANE('',#8776);
#7738=PLANE('',#8777);
#7739=PLANE('',#8778);
#7740=PLANE('',#8779);
#7741=PLANE('',#8780);
#7742=PLANE('',#8781);
#7743=PLANE('',#8782);
#7744=PLANE('',#8783);
#7745=PLANE('',#8784);
#7746=PLANE('',#8785);
#7747=PLANE('',#8786);
#7748=PLANE('',#8787);
#7749=PLANE('',#8788);
#7750=PLANE('',#8789);
#7751=PLANE('',#8790);
#7752=PLANE('',#8791);
#7753=PLANE('',#8792);
#7754=PLANE('',#8793);
#7755=PLANE('',#8794);
#7756=PLANE('',#8795);
#7757=PLANE('',#8796);
#7758=PLANE('',#8797);
#7759=PLANE('',#8798);
#7760=PLANE('',#8799);
#7761=PLANE('',#8800);
#7762=PLANE('',#8801);
#7763=PLANE('',#8802);
#7764=PLANE('',#8803);
#7765=PLANE('',#8804);
#7766=PLANE('',#8805);
#7767=PLANE('',#8806);
#7768=PLANE('',#8807);
#7769=PLANE('',#8808);
#7770=PLANE('',#8809);
#7771=PLANE('',#8810);
#7772=PLANE('',#8811);
#7773=PLANE('',#8812);
#7774=PLANE('',#8813);
#7775=PLANE('',#8814);
#7776=PLANE('',#8815);
#7777=PLANE('',#8816);
#7778=PLANE('',#8817);
#7779=PLANE('',#8818);
#7780=PLANE('',#8819);
#7781=PLANE('',#8820);
#7782=PLANE('',#8821);
#7783=PLANE('',#8822);
#7784=PLANE('',#8823);
#7785=PLANE('',#8824);
#7786=PLANE('',#8825);
#7787=PLANE('',#8826);
#7788=PLANE('',#8827);
#7789=PLANE('',#8828);
#7790=PLANE('',#8829);
#7791=PLANE('',#8830);
#7792=PLANE('',#8831);
#7793=PLANE('',#8832);
#7794=PLANE('',#8833);
#7795=PLANE('',#8834);
#7796=PLANE('',#8835);
#7797=PLANE('',#8836);
#7798=PLANE('',#8837);
#7799=PLANE('',#8838);
#7800=PLANE('',#8839);
#7801=PLANE('',#8840);
#7802=PLANE('',#8841);
#7803=PLANE('',#8842);
#7804=PLANE('',#8843);
#7805=PLANE('',#8844);
#7806=PLANE('',#8845);
#7807=PLANE('',#8846);
#7808=PLANE('',#8847);
#7809=PLANE('',#8848);
#7810=PLANE('',#8849);
#7811=PLANE('',#8850);
#7812=PLANE('',#8851);
#7813=PLANE('',#8852);
#7814=PLANE('',#8853);
#7815=PLANE('',#8854);
#7816=PLANE('',#8855);
#7817=PLANE('',#8856);
#7818=PLANE('',#8857);
#7819=PLANE('',#8858);
#7820=PLANE('',#8859);
#7821=PLANE('',#8860);
#7822=PLANE('',#8861);
#7823=PLANE('',#8862);
#7824=PLANE('',#8863);
#7825=PLANE('',#8864);
#7826=PLANE('',#8865);
#7827=PLANE('',#8866);
#7828=PLANE('',#8867);
#7829=PLANE('',#8868);
#7830=PLANE('',#8869);
#7831=PLANE('',#8870);
#7832=PLANE('',#8871);
#7833=PLANE('',#8872);
#7834=PLANE('',#8873);
#7835=PLANE('',#8874);
#7836=PLANE('',#8875);
#7837=PLANE('',#8876);
#7838=PLANE('',#8877);
#7839=PLANE('',#8878);
#7840=PLANE('',#8879);
#7841=PLANE('',#8880);
#7842=PLANE('',#8881);
#7843=PLANE('',#8882);
#7844=PLANE('',#8883);
#7845=PLANE('',#8884);
#7846=PLANE('',#8885);
#7847=PLANE('',#8886);
#7848=PLANE('',#8887);
#7849=PLANE('',#8888);
#7850=PLANE('',#8889);
#7851=PLANE('',#8890);
#7852=PLANE('',#8891);
#7853=PLANE('',#8892);
#7854=PLANE('',#8893);
#7855=PLANE('',#8894);
#7856=PLANE('',#8895);
#7857=PLANE('',#8896);
#7858=PLANE('',#8897);
#7859=PLANE('',#8898);
#7860=PLANE('',#8899);
#7861=PLANE('',#8900);
#7862=PLANE('',#8901);
#7863=PLANE('',#8902);
#7864=PLANE('',#8903);
#7865=PLANE('',#8904);
#7866=PLANE('',#8905);
#7867=PLANE('',#8906);
#7868=PLANE('',#8907);
#7869=PLANE('',#8908);
#7870=PLANE('',#8909);
#7871=PLANE('',#8910);
#7872=PLANE('',#8911);
#7873=PLANE('',#8912);
#7874=PLANE('',#8913);
#7875=PLANE('',#8914);
#7876=PLANE('',#8915);
#7877=PLANE('',#8916);
#7878=PLANE('',#8917);
#7879=PLANE('',#8918);
#7880=PLANE('',#8919);
#7881=PLANE('',#8920);
#7882=PLANE('',#8921);
#7883=PLANE('',#8922);
#7884=PLANE('',#8923);
#7885=PLANE('',#8924);
#7886=PLANE('',#8925);
#7887=PLANE('',#8926);
#7888=PLANE('',#8927);
#7889=PLANE('',#8928);
#7890=PLANE('',#8929);
#7891=PLANE('',#8930);
#7892=PLANE('',#8931);
#7893=PLANE('',#8932);
#7894=PLANE('',#8933);
#7895=PLANE('',#8934);
#7896=PLANE('',#8935);
#7897=PLANE('',#8936);
#7898=PLANE('',#8937);
#7899=PLANE('',#8938);
#7900=PLANE('',#8939);
#7901=PLANE('',#8940);
#7902=PLANE('',#8941);
#7903=PLANE('',#8942);
#7904=PLANE('',#8943);
#7905=PLANE('',#8944);
#7906=PLANE('',#8945);
#7907=PLANE('',#8946);
#7908=PLANE('',#8947);
#7909=PLANE('',#8948);
#7910=PLANE('',#8949);
#7911=PLANE('',#8950);
#7912=PLANE('',#8951);
#7913=PLANE('',#8952);
#7914=PLANE('',#8953);
#7915=PLANE('',#8954);
#7916=PLANE('',#8955);
#7917=PLANE('',#8956);
#7918=PLANE('',#8957);
#7919=PLANE('',#8958);
#7920=PLANE('',#8959);
#7921=PLANE('',#8960);
#7922=PLANE('',#8961);
#7923=PLANE('',#8962);
#7924=PLANE('',#8963);
#7925=PLANE('',#8964);
#7926=PLANE('',#8965);
#7927=PLANE('',#8966);
#7928=PLANE('',#8971);
#7929=PLANE('',#8972);
#7930=PLANE('',#8973);
#7931=PLANE('',#8977);
#7932=PLANE('',#8980);
#7933=PLANE('',#8983);
#7934=PLANE('',#8989);
#7935=PLANE('',#8990);
#7936=PLANE('',#8991);
#7937=PLANE('',#8992);
#7938=PLANE('',#8995);
#7939=PLANE('',#9013);
#7940=PLANE('',#9014);
#7941=PLANE('',#9015);
#7942=PLANE('',#9019);
#7943=PLANE('',#9026);
#7944=PLANE('',#9029);
#7945=PLANE('',#9032);
#7946=PLANE('',#9035);
#7947=PLANE('',#9036);
#7948=PLANE('',#9037);
#7949=PLANE('',#9040);
#7950=PLANE('',#9058);
#7951=PLANE('',#9061);
#7952=PLANE('',#9069);
#7953=PLANE('',#9072);
#7954=PLANE('',#9073);
#7955=PLANE('',#9077);
#7956=PLANE('',#9081);
#7957=PLANE('',#9082);
#7958=PLANE('',#9083);
#7959=PLANE('',#9086);
#7960=PLANE('',#9094);
#7961=PLANE('',#9100);
#7962=PLANE('',#9104);
#7963=PLANE('',#9105);
#7964=PLANE('',#9106);
#7965=PLANE('',#9110);
#7966=PLANE('',#9114);
#7967=PLANE('',#9115);
#7968=PLANE('',#9118);
#7969=PLANE('',#9121);
#7970=PLANE('',#9124);
#7971=PLANE('',#9127);
#7972=PLANE('',#9130);
#7973=PLANE('',#9131);
#7974=PLANE('',#9134);
#7975=PLANE('',#9135);
#7976=PLANE('',#9139);
#7977=PLANE('',#9142);
#7978=PLANE('',#9145);
#7979=PLANE('',#9148);
#7980=PLANE('',#9151);
#7981=PLANE('',#9152);
#7982=PLANE('',#9155);
#7983=PLANE('',#9156);
#7984=ADVANCED_FACE('',(#7073,#7074),#7587,.T.);
#7985=ADVANCED_FACE('',(#7075,#7076),#7588,.T.);
#7986=ADVANCED_FACE('',(#7077),#7589,.T.);
#7987=ADVANCED_FACE('',(#7078),#7590,.T.);
#7988=ADVANCED_FACE('',(#7079),#7591,.F.);
#7989=ADVANCED_FACE('',(#7080,#7081),#7592,.T.);
#7990=ADVANCED_FACE('',(#7082),#7593,.T.);
#7991=ADVANCED_FACE('',(#7083),#7594,.T.);
#7992=ADVANCED_FACE('',(#7084),#7595,.T.);
#7993=ADVANCED_FACE('',(#7085),#7596,.T.);
#7994=ADVANCED_FACE('',(#7086),#7597,.T.);
#7995=ADVANCED_FACE('',(#7087),#7598,.T.);
#7996=ADVANCED_FACE('',(#7088),#7599,.T.);
#7997=ADVANCED_FACE('',(#7089),#7600,.T.);
#7998=ADVANCED_FACE('',(#7090),#7601,.T.);
#7999=ADVANCED_FACE('',(#7091),#7602,.T.);
#8000=ADVANCED_FACE('',(#7092,#7093,#7094,#7095,#7096,#7097,#7098,#7099,
#7100,#7101,#7102,#7103,#7104,#7105,#7106,#7107,#7108,#7109,#7110,#7111,
#7112,#7113,#7114,#7115,#7116,#7117,#7118),#7603,.T.);
#8001=ADVANCED_FACE('',(#7119),#7604,.T.);
#8002=ADVANCED_FACE('',(#7120),#7605,.T.);
#8003=ADVANCED_FACE('',(#7121),#7606,.T.);
#8004=ADVANCED_FACE('',(#7122),#7607,.T.);
#8005=ADVANCED_FACE('',(#7123),#7608,.T.);
#8006=ADVANCED_FACE('',(#7124),#7609,.T.);
#8007=ADVANCED_FACE('',(#7125),#7610,.F.);
#8008=ADVANCED_FACE('',(#7126),#7611,.F.);
#8009=ADVANCED_FACE('',(#7127),#7612,.F.);
#8010=ADVANCED_FACE('',(#7128),#7613,.F.);
#8011=ADVANCED_FACE('',(#7129),#7614,.T.);
#8012=ADVANCED_FACE('',(#7130),#7615,.T.);
#8013=ADVANCED_FACE('',(#7131),#7616,.T.);
#8014=ADVANCED_FACE('',(#7132),#7617,.T.);
#8015=ADVANCED_FACE('',(#7133),#7618,.T.);
#8016=ADVANCED_FACE('',(#7134),#7619,.T.);
#8017=ADVANCED_FACE('',(#7135),#7620,.T.);
#8018=ADVANCED_FACE('',(#7136),#7621,.T.);
#8019=ADVANCED_FACE('',(#7137,#7138),#166,.T.);
#8020=ADVANCED_FACE('',(#7139),#7622,.F.);
#8021=ADVANCED_FACE('',(#7140),#7623,.T.);
#8022=ADVANCED_FACE('',(#7141,#7142),#160,.T.);
#8023=ADVANCED_FACE('',(#7143),#167,.T.);
#8024=ADVANCED_FACE('',(#7144),#168,.T.);
#8025=ADVANCED_FACE('',(#7145),#169,.T.);
#8026=ADVANCED_FACE('',(#7146),#170,.T.);
#8027=ADVANCED_FACE('',(#7147),#171,.T.);
#8028=ADVANCED_FACE('',(#7148),#172,.T.);
#8029=ADVANCED_FACE('',(#7149),#7624,.T.);
#8030=ADVANCED_FACE('',(#7150),#7625,.F.);
#8031=ADVANCED_FACE('',(#7151),#161,.T.);
#8032=ADVANCED_FACE('',(#7152),#162,.T.);
#8033=ADVANCED_FACE('',(#7153),#159,.T.);
#8034=ADVANCED_FACE('',(#7154),#173,.T.);
#8035=ADVANCED_FACE('',(#7155),#174,.T.);
#8036=ADVANCED_FACE('',(#7156),#163,.T.);
#8037=ADVANCED_FACE('',(#7157),#164,.T.);
#8038=ADVANCED_FACE('',(#7158),#165,.T.);
#8039=ADVANCED_FACE('',(#7159),#7626,.T.);
#8040=ADVANCED_FACE('',(#7160),#7627,.F.);
#8041=ADVANCED_FACE('',(#7161),#7628,.F.);
#8042=ADVANCED_FACE('',(#7162),#7629,.T.);
#8043=ADVANCED_FACE('',(#7163),#7630,.T.);
#8044=ADVANCED_FACE('',(#7164),#7631,.F.);
#8045=ADVANCED_FACE('',(#7165),#7632,.F.);
#8046=ADVANCED_FACE('',(#7166),#7633,.T.);
#8047=ADVANCED_FACE('',(#7167),#7634,.F.);
#8048=ADVANCED_FACE('',(#7168),#7635,.T.);
#8049=ADVANCED_FACE('',(#7169),#175,.T.);
#8050=ADVANCED_FACE('',(#7170),#7636,.F.);
#8051=ADVANCED_FACE('',(#7171),#176,.T.);
#8052=ADVANCED_FACE('',(#7172),#7637,.F.);
#8053=ADVANCED_FACE('',(#7173),#7638,.F.);
#8054=ADVANCED_FACE('',(#7174),#7639,.F.);
#8055=ADVANCED_FACE('',(#7175),#177,.T.);
#8056=ADVANCED_FACE('',(#7176),#7640,.F.);
#8057=ADVANCED_FACE('',(#7177),#178,.T.);
#8058=ADVANCED_FACE('',(#7178),#7641,.F.);
#8059=ADVANCED_FACE('',(#7179),#179,.T.);
#8060=ADVANCED_FACE('',(#7180),#7642,.F.);
#8061=ADVANCED_FACE('',(#7181),#180,.T.);
#8062=ADVANCED_FACE('',(#7182),#7643,.F.);
#8063=ADVANCED_FACE('',(#7183),#7644,.F.);
#8064=ADVANCED_FACE('',(#7184),#7645,.F.);
#8065=ADVANCED_FACE('',(#7185),#181,.T.);
#8066=ADVANCED_FACE('',(#7186),#7646,.F.);
#8067=ADVANCED_FACE('',(#7187),#182,.T.);
#8068=ADVANCED_FACE('',(#7188),#7647,.F.);
#8069=ADVANCED_FACE('',(#7189),#7648,.T.);
#8070=ADVANCED_FACE('',(#7190),#183,.T.);
#8071=ADVANCED_FACE('',(#7191),#7649,.F.);
#8072=ADVANCED_FACE('',(#7192),#184,.T.);
#8073=ADVANCED_FACE('',(#7193),#7650,.F.);
#8074=ADVANCED_FACE('',(#7194),#7651,.F.);
#8075=ADVANCED_FACE('',(#7195),#7652,.F.);
#8076=ADVANCED_FACE('',(#7196),#185,.T.);
#8077=ADVANCED_FACE('',(#7197),#7653,.F.);
#8078=ADVANCED_FACE('',(#7198),#186,.T.);
#8079=ADVANCED_FACE('',(#7199),#7654,.F.);
#8080=ADVANCED_FACE('',(#7200),#187,.T.);
#8081=ADVANCED_FACE('',(#7201),#7655,.F.);
#8082=ADVANCED_FACE('',(#7202),#188,.T.);
#8083=ADVANCED_FACE('',(#7203),#7656,.F.);
#8084=ADVANCED_FACE('',(#7204),#7657,.F.);
#8085=ADVANCED_FACE('',(#7205),#7658,.F.);
#8086=ADVANCED_FACE('',(#7206),#189,.T.);
#8087=ADVANCED_FACE('',(#7207),#7659,.F.);
#8088=ADVANCED_FACE('',(#7208),#190,.T.);
#8089=ADVANCED_FACE('',(#7209),#7660,.F.);
#8090=ADVANCED_FACE('',(#7210),#7661,.T.);
#8091=ADVANCED_FACE('',(#7211),#7662,.T.);
#8092=ADVANCED_FACE('',(#7212),#143,.T.);
#8093=ADVANCED_FACE('',(#7213),#144,.T.);
#8094=ADVANCED_FACE('',(#7214),#7663,.T.);
#8095=ADVANCED_FACE('',(#7215),#7664,.T.);
#8096=ADVANCED_FACE('',(#7216),#145,.T.);
#8097=ADVANCED_FACE('',(#7217),#146,.T.);
#8098=ADVANCED_FACE('',(#7218),#7665,.T.);
#8099=ADVANCED_FACE('',(#7219),#7666,.T.);
#8100=ADVANCED_FACE('',(#7220),#7667,.T.);
#8101=ADVANCED_FACE('',(#7221),#7668,.T.);
#8102=ADVANCED_FACE('',(#7222),#7669,.T.);
#8103=ADVANCED_FACE('',(#7223),#7670,.T.);
#8104=ADVANCED_FACE('',(#7224),#147,.T.);
#8105=ADVANCED_FACE('',(#7225),#148,.T.);
#8106=ADVANCED_FACE('',(#7226),#7671,.T.);
#8107=ADVANCED_FACE('',(#7227),#7672,.T.);
#8108=ADVANCED_FACE('',(#7228),#149,.T.);
#8109=ADVANCED_FACE('',(#7229),#150,.T.);
#8110=ADVANCED_FACE('',(#7230),#7673,.T.);
#8111=ADVANCED_FACE('',(#7231),#7674,.T.);
#8112=ADVANCED_FACE('',(#7232),#151,.T.);
#8113=ADVANCED_FACE('',(#7233),#152,.T.);
#8114=ADVANCED_FACE('',(#7234),#7675,.T.);
#8115=ADVANCED_FACE('',(#7235),#7676,.T.);
#8116=ADVANCED_FACE('',(#7236),#153,.T.);
#8117=ADVANCED_FACE('',(#7237),#154,.T.);
#8118=ADVANCED_FACE('',(#7238),#7677,.T.);
#8119=ADVANCED_FACE('',(#7239),#7678,.T.);
#8120=ADVANCED_FACE('',(#7240),#7679,.T.);
#8121=ADVANCED_FACE('',(#7241),#7680,.T.);
#8122=ADVANCED_FACE('',(#7242),#7681,.T.);
#8123=ADVANCED_FACE('',(#7243),#7682,.T.);
#8124=ADVANCED_FACE('',(#7244),#155,.T.);
#8125=ADVANCED_FACE('',(#7245),#156,.T.);
#8126=ADVANCED_FACE('',(#7246),#7683,.T.);
#8127=ADVANCED_FACE('',(#7247),#7684,.T.);
#8128=ADVANCED_FACE('',(#7248),#157,.T.);
#8129=ADVANCED_FACE('',(#7249),#158,.T.);
#8130=ADVANCED_FACE('',(#7250),#7685,.T.);
#8131=ADVANCED_FACE('',(#7251),#7686,.F.);
#8132=ADVANCED_FACE('',(#7252),#7687,.F.);
#8133=ADVANCED_FACE('',(#7253),#7688,.F.);
#8134=ADVANCED_FACE('',(#7254),#7689,.F.);
#8135=ADVANCED_FACE('',(#7255),#7690,.T.);
#8136=ADVANCED_FACE('',(#7256),#7691,.F.);
#8137=ADVANCED_FACE('',(#7257),#7692,.F.);
#8138=ADVANCED_FACE('',(#7258),#7693,.F.);
#8139=ADVANCED_FACE('',(#7259),#7694,.F.);
#8140=ADVANCED_FACE('',(#7260),#7695,.T.);
#8141=ADVANCED_FACE('',(#7261),#7696,.F.);
#8142=ADVANCED_FACE('',(#7262),#7697,.F.);
#8143=ADVANCED_FACE('',(#7263),#7698,.F.);
#8144=ADVANCED_FACE('',(#7264),#7699,.F.);
#8145=ADVANCED_FACE('',(#7265),#7700,.T.);
#8146=ADVANCED_FACE('',(#7266),#7701,.F.);
#8147=ADVANCED_FACE('',(#7267),#7702,.F.);
#8148=ADVANCED_FACE('',(#7268),#7703,.F.);
#8149=ADVANCED_FACE('',(#7269),#7704,.F.);
#8150=ADVANCED_FACE('',(#7270),#7705,.T.);
#8151=ADVANCED_FACE('',(#7271),#7706,.F.);
#8152=ADVANCED_FACE('',(#7272),#7707,.F.);
#8153=ADVANCED_FACE('',(#7273),#7708,.F.);
#8154=ADVANCED_FACE('',(#7274),#7709,.F.);
#8155=ADVANCED_FACE('',(#7275),#7710,.T.);
#8156=ADVANCED_FACE('',(#7276),#7711,.F.);
#8157=ADVANCED_FACE('',(#7277),#7712,.F.);
#8158=ADVANCED_FACE('',(#7278),#7713,.F.);
#8159=ADVANCED_FACE('',(#7279),#7714,.F.);
#8160=ADVANCED_FACE('',(#7280),#7715,.T.);
#8161=ADVANCED_FACE('',(#7281),#7716,.F.);
#8162=ADVANCED_FACE('',(#7282),#7717,.F.);
#8163=ADVANCED_FACE('',(#7283),#7718,.F.);
#8164=ADVANCED_FACE('',(#7284),#7719,.F.);
#8165=ADVANCED_FACE('',(#7285),#7720,.T.);
#8166=ADVANCED_FACE('',(#7286),#7721,.F.);
#8167=ADVANCED_FACE('',(#7287),#7722,.F.);
#8168=ADVANCED_FACE('',(#7288),#7723,.F.);
#8169=ADVANCED_FACE('',(#7289),#7724,.F.);
#8170=ADVANCED_FACE('',(#7290),#7725,.T.);
#8171=ADVANCED_FACE('',(#7291),#7726,.F.);
#8172=ADVANCED_FACE('',(#7292),#7727,.F.);
#8173=ADVANCED_FACE('',(#7293),#7728,.F.);
#8174=ADVANCED_FACE('',(#7294),#7729,.F.);
#8175=ADVANCED_FACE('',(#7295),#7730,.T.);
#8176=ADVANCED_FACE('',(#7296),#7731,.F.);
#8177=ADVANCED_FACE('',(#7297),#7732,.F.);
#8178=ADVANCED_FACE('',(#7298),#7733,.F.);
#8179=ADVANCED_FACE('',(#7299),#7734,.F.);
#8180=ADVANCED_FACE('',(#7300),#7735,.T.);
#8181=ADVANCED_FACE('',(#7301),#7736,.F.);
#8182=ADVANCED_FACE('',(#7302),#7737,.F.);
#8183=ADVANCED_FACE('',(#7303),#7738,.F.);
#8184=ADVANCED_FACE('',(#7304),#7739,.F.);
#8185=ADVANCED_FACE('',(#7305),#7740,.T.);
#8186=ADVANCED_FACE('',(#7306),#7741,.F.);
#8187=ADVANCED_FACE('',(#7307),#7742,.F.);
#8188=ADVANCED_FACE('',(#7308),#7743,.F.);
#8189=ADVANCED_FACE('',(#7309),#7744,.F.);
#8190=ADVANCED_FACE('',(#7310),#7745,.T.);
#8191=ADVANCED_FACE('',(#7311),#7746,.F.);
#8192=ADVANCED_FACE('',(#7312),#7747,.F.);
#8193=ADVANCED_FACE('',(#7313),#7748,.F.);
#8194=ADVANCED_FACE('',(#7314),#7749,.F.);
#8195=ADVANCED_FACE('',(#7315),#7750,.T.);
#8196=ADVANCED_FACE('',(#7316),#7751,.F.);
#8197=ADVANCED_FACE('',(#7317),#7752,.F.);
#8198=ADVANCED_FACE('',(#7318),#7753,.F.);
#8199=ADVANCED_FACE('',(#7319),#7754,.F.);
#8200=ADVANCED_FACE('',(#7320),#7755,.T.);
#8201=ADVANCED_FACE('',(#7321),#7756,.F.);
#8202=ADVANCED_FACE('',(#7322),#7757,.F.);
#8203=ADVANCED_FACE('',(#7323),#7758,.F.);
#8204=ADVANCED_FACE('',(#7324),#7759,.F.);
#8205=ADVANCED_FACE('',(#7325),#7760,.T.);
#8206=ADVANCED_FACE('',(#7326),#7761,.F.);
#8207=ADVANCED_FACE('',(#7327),#7762,.F.);
#8208=ADVANCED_FACE('',(#7328),#7763,.F.);
#8209=ADVANCED_FACE('',(#7329),#7764,.F.);
#8210=ADVANCED_FACE('',(#7330),#7765,.T.);
#8211=ADVANCED_FACE('',(#7331),#7766,.F.);
#8212=ADVANCED_FACE('',(#7332),#7767,.F.);
#8213=ADVANCED_FACE('',(#7333),#7768,.F.);
#8214=ADVANCED_FACE('',(#7334),#7769,.F.);
#8215=ADVANCED_FACE('',(#7335),#7770,.T.);
#8216=ADVANCED_FACE('',(#7336),#7771,.F.);
#8217=ADVANCED_FACE('',(#7337),#7772,.F.);
#8218=ADVANCED_FACE('',(#7338),#7773,.F.);
#8219=ADVANCED_FACE('',(#7339),#7774,.F.);
#8220=ADVANCED_FACE('',(#7340),#7775,.T.);
#8221=ADVANCED_FACE('',(#7341),#7776,.F.);
#8222=ADVANCED_FACE('',(#7342),#7777,.F.);
#8223=ADVANCED_FACE('',(#7343),#7778,.F.);
#8224=ADVANCED_FACE('',(#7344),#7779,.F.);
#8225=ADVANCED_FACE('',(#7345),#7780,.T.);
#8226=ADVANCED_FACE('',(#7346),#7781,.F.);
#8227=ADVANCED_FACE('',(#7347),#7782,.F.);
#8228=ADVANCED_FACE('',(#7348),#7783,.F.);
#8229=ADVANCED_FACE('',(#7349),#7784,.F.);
#8230=ADVANCED_FACE('',(#7350),#7785,.T.);
#8231=ADVANCED_FACE('',(#7351),#7786,.F.);
#8232=ADVANCED_FACE('',(#7352),#7787,.F.);
#8233=ADVANCED_FACE('',(#7353),#7788,.F.);
#8234=ADVANCED_FACE('',(#7354),#7789,.F.);
#8235=ADVANCED_FACE('',(#7355),#7790,.T.);
#8236=ADVANCED_FACE('',(#7356),#7791,.F.);
#8237=ADVANCED_FACE('',(#7357),#7792,.F.);
#8238=ADVANCED_FACE('',(#7358),#7793,.F.);
#8239=ADVANCED_FACE('',(#7359),#7794,.F.);
#8240=ADVANCED_FACE('',(#7360),#7795,.T.);
#8241=ADVANCED_FACE('',(#7361),#7796,.F.);
#8242=ADVANCED_FACE('',(#7362),#7797,.F.);
#8243=ADVANCED_FACE('',(#7363),#7798,.F.);
#8244=ADVANCED_FACE('',(#7364),#7799,.F.);
#8245=ADVANCED_FACE('',(#7365),#7800,.T.);
#8246=ADVANCED_FACE('',(#7366),#7801,.F.);
#8247=ADVANCED_FACE('',(#7367),#7802,.F.);
#8248=ADVANCED_FACE('',(#7368),#7803,.F.);
#8249=ADVANCED_FACE('',(#7369),#7804,.F.);
#8250=ADVANCED_FACE('',(#7370),#7805,.T.);
#8251=ADVANCED_FACE('',(#7371),#7806,.F.);
#8252=ADVANCED_FACE('',(#7372),#7807,.F.);
#8253=ADVANCED_FACE('',(#7373),#7808,.F.);
#8254=ADVANCED_FACE('',(#7374),#7809,.F.);
#8255=ADVANCED_FACE('',(#7375),#7810,.T.);
#8256=ADVANCED_FACE('',(#7376),#7811,.F.);
#8257=ADVANCED_FACE('',(#7377),#7812,.F.);
#8258=ADVANCED_FACE('',(#7378),#7813,.F.);
#8259=ADVANCED_FACE('',(#7379),#7814,.F.);
#8260=ADVANCED_FACE('',(#7380),#7815,.T.);
#8261=ADVANCED_FACE('',(#7381),#7816,.T.);
#8262=ADVANCED_FACE('',(#7382),#7817,.T.);
#8263=ADVANCED_FACE('',(#7383),#7818,.T.);
#8264=ADVANCED_FACE('',(#7384),#7819,.T.);
#8265=ADVANCED_FACE('',(#7385),#7820,.T.);
#8266=ADVANCED_FACE('',(#7386),#7821,.T.);
#8267=ADVANCED_FACE('',(#7387),#7822,.T.);
#8268=ADVANCED_FACE('',(#7388),#7823,.T.);
#8269=ADVANCED_FACE('',(#7389),#7824,.T.);
#8270=ADVANCED_FACE('',(#7390),#7825,.T.);
#8271=ADVANCED_FACE('',(#7391),#7826,.T.);
#8272=ADVANCED_FACE('',(#7392),#7827,.T.);
#8273=ADVANCED_FACE('',(#7393),#7828,.T.);
#8274=ADVANCED_FACE('',(#7394),#7829,.T.);
#8275=ADVANCED_FACE('',(#7395),#7830,.T.);
#8276=ADVANCED_FACE('',(#7396),#7831,.T.);
#8277=ADVANCED_FACE('',(#7397),#7832,.T.);
#8278=ADVANCED_FACE('',(#7398),#7833,.T.);
#8279=ADVANCED_FACE('',(#7399),#7834,.T.);
#8280=ADVANCED_FACE('',(#7400),#7835,.T.);
#8281=ADVANCED_FACE('',(#7401),#7836,.T.);
#8282=ADVANCED_FACE('',(#7402),#7837,.T.);
#8283=ADVANCED_FACE('',(#7403),#7838,.T.);
#8284=ADVANCED_FACE('',(#7404),#7839,.T.);
#8285=ADVANCED_FACE('',(#7405),#7840,.T.);
#8286=ADVANCED_FACE('',(#7406),#7841,.T.);
#8287=ADVANCED_FACE('',(#7407),#7842,.T.);
#8288=ADVANCED_FACE('',(#7408),#7843,.T.);
#8289=ADVANCED_FACE('',(#7409),#7844,.T.);
#8290=ADVANCED_FACE('',(#7410),#7845,.T.);
#8291=ADVANCED_FACE('',(#7411),#7846,.T.);
#8292=ADVANCED_FACE('',(#7412),#7847,.T.);
#8293=ADVANCED_FACE('',(#7413),#7848,.T.);
#8294=ADVANCED_FACE('',(#7414),#7849,.T.);
#8295=ADVANCED_FACE('',(#7415),#7850,.T.);
#8296=ADVANCED_FACE('',(#7416),#7851,.T.);
#8297=ADVANCED_FACE('',(#7417),#7852,.T.);
#8298=ADVANCED_FACE('',(#7418),#7853,.T.);
#8299=ADVANCED_FACE('',(#7419),#7854,.T.);
#8300=ADVANCED_FACE('',(#7420),#7855,.T.);
#8301=ADVANCED_FACE('',(#7421),#7856,.T.);
#8302=ADVANCED_FACE('',(#7422),#7857,.T.);
#8303=ADVANCED_FACE('',(#7423),#7858,.T.);
#8304=ADVANCED_FACE('',(#7424),#7859,.T.);
#8305=ADVANCED_FACE('',(#7425),#7860,.T.);
#8306=ADVANCED_FACE('',(#7426),#7861,.T.);
#8307=ADVANCED_FACE('',(#7427),#7862,.T.);
#8308=ADVANCED_FACE('',(#7428),#7863,.T.);
#8309=ADVANCED_FACE('',(#7429),#7864,.T.);
#8310=ADVANCED_FACE('',(#7430),#7865,.T.);
#8311=ADVANCED_FACE('',(#7431),#7866,.T.);
#8312=ADVANCED_FACE('',(#7432),#7867,.T.);
#8313=ADVANCED_FACE('',(#7433),#7868,.T.);
#8314=ADVANCED_FACE('',(#7434),#7869,.T.);
#8315=ADVANCED_FACE('',(#7435),#7870,.T.);
#8316=ADVANCED_FACE('',(#7436),#7871,.T.);
#8317=ADVANCED_FACE('',(#7437),#7872,.T.);
#8318=ADVANCED_FACE('',(#7438),#7873,.T.);
#8319=ADVANCED_FACE('',(#7439),#7874,.T.);
#8320=ADVANCED_FACE('',(#7440),#7875,.T.);
#8321=ADVANCED_FACE('',(#7441),#7876,.T.);
#8322=ADVANCED_FACE('',(#7442),#7877,.T.);
#8323=ADVANCED_FACE('',(#7443),#7878,.T.);
#8324=ADVANCED_FACE('',(#7444),#7879,.T.);
#8325=ADVANCED_FACE('',(#7445),#7880,.T.);
#8326=ADVANCED_FACE('',(#7446),#7881,.T.);
#8327=ADVANCED_FACE('',(#7447),#7882,.T.);
#8328=ADVANCED_FACE('',(#7448),#7883,.T.);
#8329=ADVANCED_FACE('',(#7449),#7884,.T.);
#8330=ADVANCED_FACE('',(#7450),#7885,.T.);
#8331=ADVANCED_FACE('',(#7451),#7886,.T.);
#8332=ADVANCED_FACE('',(#7452),#7887,.T.);
#8333=ADVANCED_FACE('',(#7453),#7888,.T.);
#8334=ADVANCED_FACE('',(#7454),#7889,.T.);
#8335=ADVANCED_FACE('',(#7455),#7890,.T.);
#8336=ADVANCED_FACE('',(#7456),#7891,.T.);
#8337=ADVANCED_FACE('',(#7457),#7892,.T.);
#8338=ADVANCED_FACE('',(#7458),#7893,.T.);
#8339=ADVANCED_FACE('',(#7459),#7894,.T.);
#8340=ADVANCED_FACE('',(#7460),#7895,.T.);
#8341=ADVANCED_FACE('',(#7461),#7896,.T.);
#8342=ADVANCED_FACE('',(#7462),#7897,.T.);
#8343=ADVANCED_FACE('',(#7463),#7898,.T.);
#8344=ADVANCED_FACE('',(#7464),#7899,.T.);
#8345=ADVANCED_FACE('',(#7465),#7900,.T.);
#8346=ADVANCED_FACE('',(#7466),#7901,.T.);
#8347=ADVANCED_FACE('',(#7467),#7902,.T.);
#8348=ADVANCED_FACE('',(#7468),#7903,.T.);
#8349=ADVANCED_FACE('',(#7469),#7904,.T.);
#8350=ADVANCED_FACE('',(#7470),#7905,.T.);
#8351=ADVANCED_FACE('',(#7471),#7906,.T.);
#8352=ADVANCED_FACE('',(#7472),#7907,.T.);
#8353=ADVANCED_FACE('',(#7473),#7908,.T.);
#8354=ADVANCED_FACE('',(#7474),#7909,.T.);
#8355=ADVANCED_FACE('',(#7475),#7910,.T.);
#8356=ADVANCED_FACE('',(#7476),#7911,.T.);
#8357=ADVANCED_FACE('',(#7477),#7912,.T.);
#8358=ADVANCED_FACE('',(#7478),#7913,.T.);
#8359=ADVANCED_FACE('',(#7479),#7914,.T.);
#8360=ADVANCED_FACE('',(#7480),#7915,.T.);
#8361=ADVANCED_FACE('',(#7481),#7916,.T.);
#8362=ADVANCED_FACE('',(#7482),#7917,.T.);
#8363=ADVANCED_FACE('',(#7483),#7918,.T.);
#8364=ADVANCED_FACE('',(#7484),#7919,.T.);
#8365=ADVANCED_FACE('',(#7485),#7920,.F.);
#8366=ADVANCED_FACE('',(#7486),#7921,.F.);
#8367=ADVANCED_FACE('',(#7487),#7922,.F.);
#8368=ADVANCED_FACE('',(#7488),#7923,.F.);
#8369=ADVANCED_FACE('',(#7489),#7924,.F.);
#8370=ADVANCED_FACE('',(#7490),#7925,.F.);
#8371=ADVANCED_FACE('',(#7491),#7926,.F.);
#8372=ADVANCED_FACE('',(#7492),#7927,.F.);
#8373=ADVANCED_FACE('',(#7493),#191,.T.);
#8374=ADVANCED_FACE('',(#7494),#7928,.F.);
#8375=ADVANCED_FACE('',(#7495),#7929,.F.);
#8376=ADVANCED_FACE('',(#7496),#7930,.F.);
#8377=ADVANCED_FACE('',(#7497),#192,.F.);
#8378=ADVANCED_FACE('',(#7498),#7931,.F.);
#8379=ADVANCED_FACE('',(#7499),#7932,.F.);
#8380=ADVANCED_FACE('',(#7500),#7933,.F.);
#8381=ADVANCED_FACE('',(#7501),#193,.T.);
#8382=ADVANCED_FACE('',(#7502),#7934,.F.);
#8383=ADVANCED_FACE('',(#7503),#7935,.T.);
#8384=ADVANCED_FACE('',(#7504),#7936,.F.);
#8385=ADVANCED_FACE('',(#7505),#7937,.T.);
#8386=ADVANCED_FACE('',(#7506),#7938,.F.);
#8387=ADVANCED_FACE('',(#7507),#194,.T.);
#8388=ADVANCED_FACE('',(#7508),#195,.T.);
#8389=ADVANCED_FACE('',(#7509),#196,.F.);
#8390=ADVANCED_FACE('',(#7510),#197,.T.);
#8391=ADVANCED_FACE('',(#7511),#7939,.F.);
#8392=ADVANCED_FACE('',(#7512),#7940,.F.);
#8393=ADVANCED_FACE('',(#7513),#7941,.F.);
#8394=ADVANCED_FACE('',(#7514),#198,.F.);
#8395=ADVANCED_FACE('',(#7515),#7942,.F.);
#8396=ADVANCED_FACE('',(#7516),#199,.T.);
#8397=ADVANCED_FACE('',(#7517),#200,.F.);
#8398=ADVANCED_FACE('',(#7518),#7943,.F.);
#8399=ADVANCED_FACE('',(#7519),#7944,.F.);
#8400=ADVANCED_FACE('',(#7520),#7945,.F.);
#8401=ADVANCED_FACE('',(#7521),#7946,.T.);
#8402=ADVANCED_FACE('',(#7522),#7947,.F.);
#8403=ADVANCED_FACE('',(#7523),#7948,.T.);
#8404=ADVANCED_FACE('',(#7524),#7949,.F.);
#8405=ADVANCED_FACE('',(#7525),#201,.T.);
#8406=ADVANCED_FACE('',(#7526),#202,.T.);
#8407=ADVANCED_FACE('',(#7527),#203,.F.);
#8408=ADVANCED_FACE('',(#7528),#204,.T.);
#8409=ADVANCED_FACE('',(#7529),#7950,.F.);
#8410=ADVANCED_FACE('',(#7530),#7951,.F.);
#8411=ADVANCED_FACE('',(#7531),#7952,.F.);
#8412=ADVANCED_FACE('',(#7532),#7953,.F.);
#8413=ADVANCED_FACE('',(#7533),#7954,.F.);
#8414=ADVANCED_FACE('',(#7534),#205,.T.);
#8415=ADVANCED_FACE('',(#7535),#7955,.F.);
#8416=ADVANCED_FACE('',(#7536),#206,.T.);
#8417=ADVANCED_FACE('',(#7537),#7956,.F.);
#8418=ADVANCED_FACE('',(#7538),#7957,.F.);
#8419=ADVANCED_FACE('',(#7539),#7958,.F.);
#8420=ADVANCED_FACE('',(#7540),#7959,.F.);
#8421=ADVANCED_FACE('',(#7541),#7960,.F.);
#8422=ADVANCED_FACE('',(#7542),#207,.T.);
#8423=ADVANCED_FACE('',(#7543),#7961,.F.);
#8424=ADVANCED_FACE('',(#7544),#208,.F.);
#8425=ADVANCED_FACE('',(#7545),#7962,.F.);
#8426=ADVANCED_FACE('',(#7546),#7963,.F.);
#8427=ADVANCED_FACE('',(#7547),#7964,.F.);
#8428=ADVANCED_FACE('',(#7548),#209,.F.);
#8429=ADVANCED_FACE('',(#7549),#7965,.F.);
#8430=ADVANCED_FACE('',(#7550),#210,.T.);
#8431=ADVANCED_FACE('',(#7551),#7966,.T.);
#8432=ADVANCED_FACE('',(#7552),#7967,.F.);
#8433=ADVANCED_FACE('',(#7553),#211,.T.);
#8434=ADVANCED_FACE('',(#7554),#7968,.F.);
#8435=ADVANCED_FACE('',(#7555),#212,.T.);
#8436=ADVANCED_FACE('',(#7556),#7969,.F.);
#8437=ADVANCED_FACE('',(#7557),#213,.T.);
#8438=ADVANCED_FACE('',(#7558),#7970,.F.);
#8439=ADVANCED_FACE('',(#7559),#214,.T.);
#8440=ADVANCED_FACE('',(#7560),#7971,.F.);
#8441=ADVANCED_FACE('',(#7561),#215,.T.);
#8442=ADVANCED_FACE('',(#7562),#7972,.F.);
#8443=ADVANCED_FACE('',(#7563),#7973,.F.);
#8444=ADVANCED_FACE('',(#7564),#216,.F.);
#8445=ADVANCED_FACE('',(#7565),#7974,.F.);
#8446=ADVANCED_FACE('',(#7566),#7975,.T.);
#8447=ADVANCED_FACE('',(#7567),#217,.T.);
#8448=ADVANCED_FACE('',(#7568),#7976,.F.);
#8449=ADVANCED_FACE('',(#7569),#218,.T.);
#8450=ADVANCED_FACE('',(#7570),#7977,.F.);
#8451=ADVANCED_FACE('',(#7571),#219,.T.);
#8452=ADVANCED_FACE('',(#7572),#7978,.F.);
#8453=ADVANCED_FACE('',(#7573),#220,.T.);
#8454=ADVANCED_FACE('',(#7574),#7979,.F.);
#8455=ADVANCED_FACE('',(#7575),#221,.F.);
#8456=ADVANCED_FACE('',(#7576),#7980,.F.);
#8457=ADVANCED_FACE('',(#7577),#7981,.F.);
#8458=ADVANCED_FACE('',(#7578),#222,.T.);
#8459=ADVANCED_FACE('',(#7579),#7982,.F.);
#8460=ADVANCED_FACE('',(#7580),#7983,.T.);
#8461=ADVANCED_FACE('',(#7581),#223,.F.);
#8462=ADVANCED_FACE('',(#7582),#224,.F.);
#8463=ADVANCED_FACE('',(#7583),#225,.T.);
#8464=ADVANCED_FACE('',(#7584),#226,.T.);
#8465=ADVANCED_FACE('',(#7585),#227,.F.);
#8466=ADVANCED_FACE('',(#7586),#228,.F.);
#8467=CLOSED_SHELL('',(#7984,#7985,#7986,#7987,#7988,#7989,#7990,#7991,
#7992,#7993,#7994,#7995,#7996,#7997,#7998,#7999,#8000,#8001,#8002,#8003,
#8004,#8005,#8006,#8007,#8008,#8009,#8010,#8011,#8012,#8013,#8014,#8015,
#8016,#8017,#8018,#8019,#8020,#8021,#8022,#8023,#8024,#8025,#8026,#8027,
#8028,#8029,#8030,#8031,#8032,#8033,#8034,#8035,#8036,#8037,#8038,#8039,
#8040,#8041,#8042,#8043,#8044,#8045,#8046,#8047,#8048,#8049,#8050,#8051,
#8052,#8053,#8054,#8055,#8056,#8057,#8058,#8059,#8060,#8061,#8062,#8063,
#8064,#8065,#8066,#8067,#8068,#8069,#8070,#8071,#8072,#8073,#8074,#8075,
#8076,#8077,#8078,#8079,#8080,#8081,#8082,#8083,#8084,#8085,#8086,#8087,
#8088,#8089,#8090,#8091,#8092,#8093,#8094,#8095,#8096,#8097,#8098,#8099,
#8100,#8101,#8102,#8103,#8104,#8105,#8106,#8107,#8108,#8109,#8110,#8111,
#8112,#8113,#8114,#8115,#8116,#8117,#8118,#8119,#8120,#8121,#8122,#8123,
#8124,#8125,#8126,#8127,#8128,#8129,#8130,#8131,#8132,#8133,#8134,#8135,
#8136,#8137,#8138,#8139,#8140,#8141,#8142,#8143,#8144,#8145,#8146,#8147,
#8148,#8149,#8150,#8151,#8152,#8153,#8154,#8155,#8156,#8157,#8158,#8159,
#8160,#8161,#8162,#8163,#8164,#8165,#8166,#8167,#8168,#8169,#8170,#8171,
#8172,#8173,#8174,#8175,#8176,#8177,#8178,#8179,#8180,#8181,#8182,#8183,
#8184,#8185,#8186,#8187,#8188,#8189,#8190,#8191,#8192,#8193,#8194,#8195,
#8196,#8197,#8198,#8199,#8200,#8201,#8202,#8203,#8204,#8205,#8206,#8207,
#8208,#8209,#8210,#8211,#8212,#8213,#8214,#8215,#8216,#8217,#8218,#8219,
#8220,#8221,#8222,#8223,#8224,#8225,#8226,#8227,#8228,#8229,#8230,#8231,
#8232,#8233,#8234,#8235,#8236,#8237,#8238,#8239,#8240,#8241,#8242,#8243,
#8244,#8245,#8246,#8247,#8248,#8249,#8250,#8251,#8252,#8253,#8254,#8255,
#8256,#8257,#8258,#8259,#8260,#8261,#8262,#8263,#8264,#8265,#8266,#8267,
#8268,#8269,#8270,#8271,#8272,#8273,#8274,#8275,#8276,#8277,#8278,#8279,
#8280,#8281,#8282,#8283,#8284,#8285,#8286,#8287,#8288,#8289,#8290,#8291,
#8292,#8293,#8294,#8295,#8296,#8297,#8298,#8299,#8300,#8301,#8302,#8303,
#8304,#8305,#8306,#8307,#8308,#8309,#8310,#8311,#8312,#8313,#8314,#8315,
#8316,#8317,#8318,#8319,#8320,#8321,#8322,#8323,#8324,#8325,#8326,#8327,
#8328,#8329,#8330,#8331,#8332,#8333,#8334,#8335,#8336,#8337,#8338,#8339,
#8340,#8341,#8342,#8343,#8344,#8345,#8346,#8347,#8348,#8349,#8350,#8351,
#8352,#8353,#8354,#8355,#8356,#8357,#8358,#8359,#8360,#8361,#8362,#8363,
#8364,#8365,#8366,#8367,#8368,#8369,#8370,#8371,#8372));
#8468=CLOSED_SHELL('',(#8373,#8374,#8375,#8376,#8377,#8378,#8379,#8380,
#8381,#8382,#8383,#8384,#8385,#8386,#8387,#8388,#8389,#8390));
#8469=CLOSED_SHELL('',(#8391,#8392,#8393,#8394,#8395,#8396,#8397,#8398,
#8399,#8400,#8401,#8402,#8403,#8404,#8405,#8406,#8407,#8408));
#8470=CLOSED_SHELL('',(#8409,#8410,#8411,#8412,#8413,#8414,#8415,#8416,
#8417,#8418,#8419,#8420,#8421,#8422,#8423,#8424,#8425,#8426,#8427,#8428,
#8429,#8430,#8431,#8432,#8433,#8434,#8435,#8436,#8437,#8438,#8439,#8440,
#8441,#8442,#8443,#8444,#8445,#8446,#8447,#8448,#8449,#8450,#8451,#8452,
#8453,#8454,#8455,#8456,#8457,#8458,#8459,#8460,#8461,#8462,#8463,#8464,
#8465,#8466));
#8471=STYLED_ITEM('',(#8475),#8501);
#8472=STYLED_ITEM('',(#8476),#8502);
#8473=STYLED_ITEM('',(#8477),#8503);
#8474=STYLED_ITEM('',(#8478),#8504);
#8475=PRESENTATION_STYLE_ASSIGNMENT((#8479));
#8476=PRESENTATION_STYLE_ASSIGNMENT((#8480));
#8477=PRESENTATION_STYLE_ASSIGNMENT((#8481));
#8478=PRESENTATION_STYLE_ASSIGNMENT((#8482));
#8479=SURFACE_STYLE_USAGE(.BOTH.,#8483);
#8480=SURFACE_STYLE_USAGE(.BOTH.,#8484);
#8481=SURFACE_STYLE_USAGE(.BOTH.,#8485);
#8482=SURFACE_STYLE_USAGE(.BOTH.,#8486);
#8483=SURFACE_SIDE_STYLE('',(#8487));
#8484=SURFACE_SIDE_STYLE('',(#8488));
#8485=SURFACE_SIDE_STYLE('',(#8489));
#8486=SURFACE_SIDE_STYLE('',(#8490));
#8487=SURFACE_STYLE_FILL_AREA(#8491);
#8488=SURFACE_STYLE_FILL_AREA(#8492);
#8489=SURFACE_STYLE_FILL_AREA(#8493);
#8490=SURFACE_STYLE_FILL_AREA(#8494);
#8491=FILL_AREA_STYLE('',(#8495));
#8492=FILL_AREA_STYLE('',(#8496));
#8493=FILL_AREA_STYLE('',(#8497));
#8494=FILL_AREA_STYLE('',(#8498));
#8495=FILL_AREA_STYLE_COLOUR('',#8499);
#8496=FILL_AREA_STYLE_COLOUR('',#18);
#8497=FILL_AREA_STYLE_COLOUR('',#18);
#8498=FILL_AREA_STYLE_COLOUR('',#8500);
#8499=COLOUR_RGB('',0.349999994039536,0.349999994039536,0.349999994039536);
#8500=COLOUR_RGB('',0.800000011920929,0.800000011920929,0.800000011920929);
#8501=MANIFOLD_SOLID_BREP('CBED202-13-HSG',#8467);
#8502=MANIFOLD_SOLID_BREP('CBED202-Terminal',#8468);
#8503=MANIFOLD_SOLID_BREP('CBED202-Terminal1',#8469);
#8504=MANIFOLD_SOLID_BREP('CBED202-Ground Piece',#8470);
#8505=SHAPE_DEFINITION_REPRESENTATION(#13869,#8510);
#8506=SHAPE_DEFINITION_REPRESENTATION(#13870,#8511);
#8507=SHAPE_DEFINITION_REPRESENTATION(#13872,#8512);
#8508=SHAPE_DEFINITION_REPRESENTATION(#13886,#8513);
#8509=SHAPE_DEFINITION_REPRESENTATION(#13900,#8514);
#8510=SHAPE_REPRESENTATION('CBED202-1302B001C1AC',(#8515,#8967,#9000,#9001,
#9002,#9003,#9004,#9005,#9006,#9007,#9008,#9009,#9010,#9011,#9012,#9045,
#9046,#9047,#9048,#9049,#9050,#9051,#9052,#9053,#9054,#9055,#9056,#9057,
#9164,#9165),#13856);
#8511=SHAPE_REPRESENTATION('CBED202-13-HSG',(#8515),#13857);
#8512=SHAPE_REPRESENTATION('CBED202-Terminal',(#8515),#13858);
#8513=SHAPE_REPRESENTATION('CBED202-Terminal1',(#8515),#13859);
#8514=SHAPE_REPRESENTATION('CBED202-Ground Piece',(#8515),#13860);
#8515=AXIS2_PLACEMENT_3D('',#11482,#9166,#9167);
#8516=AXIS2_PLACEMENT_3D('',#11483,#9168,#9169);
#8517=AXIS2_PLACEMENT_3D('',#11511,#9183,#9184);
#8518=AXIS2_PLACEMENT_3D('',#11515,#9186,#9187);
#8519=AXIS2_PLACEMENT_3D('',#11519,#9189,#9190);
#8520=AXIS2_PLACEMENT_3D('',#11527,#9194,#9195);
#8521=AXIS2_PLACEMENT_3D('',#11531,#9197,#9198);
#8522=AXIS2_PLACEMENT_3D('',#11535,#9200,#9201);
#8523=AXIS2_PLACEMENT_3D('',#11539,#9203,#9204);
#8524=AXIS2_PLACEMENT_3D('',#11547,#9208,#9209);
#8525=AXIS2_PLACEMENT_3D('',#11548,#9210,#9211);
#8526=AXIS2_PLACEMENT_3D('',#11572,#9223,#9224);
#8527=AXIS2_PLACEMENT_3D('',#11576,#9226,#9227);
#8528=AXIS2_PLACEMENT_3D('',#11580,#9229,#9230);
#8529=AXIS2_PLACEMENT_3D('',#11588,#9234,#9235);
#8530=AXIS2_PLACEMENT_3D('',#11592,#9237,#9238);
#8531=AXIS2_PLACEMENT_3D('',#11596,#9240,#9241);
#8532=AXIS2_PLACEMENT_3D('',#11600,#9243,#9244);
#8533=AXIS2_PLACEMENT_3D('',#11608,#9248,#9249);
#8534=AXIS2_PLACEMENT_3D('',#11609,#9250,#9251);
#8535=AXIS2_PLACEMENT_3D('',#11614,#9254,#9255);
#8536=AXIS2_PLACEMENT_3D('',#11632,#9265,#9266);
#8537=AXIS2_PLACEMENT_3D('',#11637,#9269,#9270);
#8538=AXIS2_PLACEMENT_3D('',#11639,#9271,#9272);
#8539=AXIS2_PLACEMENT_3D('',#11641,#9273,#9274);
#8540=AXIS2_PLACEMENT_3D('',#11645,#9276,#9277);
#8541=AXIS2_PLACEMENT_3D('',#11647,#9278,#9279);
#8542=AXIS2_PLACEMENT_3D('',#11649,#9280,#9281);
#8543=AXIS2_PLACEMENT_3D('',#11667,#9291,#9292);
#8544=AXIS2_PLACEMENT_3D('',#11678,#9299,#9300);
#8545=AXIS2_PLACEMENT_3D('',#11705,#9315,#9316);
#8546=AXIS2_PLACEMENT_3D('',#11711,#9320,#9321);
#8547=AXIS2_PLACEMENT_3D('',#11717,#9325,#9326);
#8548=AXIS2_PLACEMENT_3D('',#11723,#9330,#9331);
#8549=AXIS2_PLACEMENT_3D('',#11727,#9334,#9335);
#8550=AXIS2_PLACEMENT_3D('',#11731,#9338,#9339);
#8551=AXIS2_PLACEMENT_3D('',#11735,#9342,#9343);
#8552=AXIS2_PLACEMENT_3D('',#11739,#9346,#9347);
#8553=AXIS2_PLACEMENT_3D('',#11743,#9350,#9351);
#8554=AXIS2_PLACEMENT_3D('',#11747,#9354,#9355);
#8555=AXIS2_PLACEMENT_3D('',#11749,#9357,#9358);
#8556=AXIS2_PLACEMENT_3D('',#11974,#9471,#9472);
#8557=AXIS2_PLACEMENT_3D('',#11990,#9482,#9483);
#8558=AXIS2_PLACEMENT_3D('',#11996,#9487,#9488);
#8559=AXIS2_PLACEMENT_3D('',#12008,#9496,#9497);
#8560=AXIS2_PLACEMENT_3D('',#12010,#9499,#9500);
#8561=AXIS2_PLACEMENT_3D('',#12024,#9508,#9509);
#8562=AXIS2_PLACEMENT_3D('',#12027,#9512,#9513);
#8563=AXIS2_PLACEMENT_3D('',#12029,#9515,#9516);
#8564=AXIS2_PLACEMENT_3D('',#12031,#9518,#9519);
#8565=AXIS2_PLACEMENT_3D('',#12033,#9521,#9522);
#8566=AXIS2_PLACEMENT_3D('',#12035,#9524,#9525);
#8567=AXIS2_PLACEMENT_3D('',#12040,#9529,#9530);
#8568=AXIS2_PLACEMENT_3D('',#12041,#9531,#9532);
#8569=AXIS2_PLACEMENT_3D('',#12046,#9536,#9537);
#8570=AXIS2_PLACEMENT_3D('',#12047,#9538,#9539);
#8571=AXIS2_PLACEMENT_3D('',#12049,#9541,#9542);
#8572=AXIS2_PLACEMENT_3D('',#12050,#9543,#9544);
#8573=AXIS2_PLACEMENT_3D('',#12052,#9546,#9547);
#8574=AXIS2_PLACEMENT_3D('',#12053,#9548,#9549);
#8575=AXIS2_PLACEMENT_3D('',#12054,#9550,#9551);
#8576=AXIS2_PLACEMENT_3D('',#12056,#9552,#9553);
#8577=AXIS2_PLACEMENT_3D('',#12057,#9554,#9555);
#8578=AXIS2_PLACEMENT_3D('',#12058,#9556,#9557);
#8579=AXIS2_PLACEMENT_3D('',#12060,#9558,#9559);
#8580=AXIS2_PLACEMENT_3D('',#12061,#9560,#9561);
#8581=AXIS2_PLACEMENT_3D('',#12062,#9562,#9563);
#8582=AXIS2_PLACEMENT_3D('',#12065,#9565,#9566);
#8583=AXIS2_PLACEMENT_3D('',#12068,#9568,#9569);
#8584=AXIS2_PLACEMENT_3D('',#12069,#9570,#9571);
#8585=AXIS2_PLACEMENT_3D('',#12072,#9573,#9574);
#8586=AXIS2_PLACEMENT_3D('',#12073,#9575,#9576);
#8587=AXIS2_PLACEMENT_3D('',#12074,#9577,#9578);
#8588=AXIS2_PLACEMENT_3D('',#12075,#9579,#9580);
#8589=AXIS2_PLACEMENT_3D('',#12078,#9582,#9583);
#8590=AXIS2_PLACEMENT_3D('',#12079,#9584,#9585);
#8591=AXIS2_PLACEMENT_3D('',#12082,#9587,#9588);
#8592=AXIS2_PLACEMENT_3D('',#12083,#9589,#9590);
#8593=AXIS2_PLACEMENT_3D('',#12086,#9592,#9593);
#8594=AXIS2_PLACEMENT_3D('',#12088,#9595,#9596);
#8595=AXIS2_PLACEMENT_3D('',#12089,#9597,#9598);
#8596=AXIS2_PLACEMENT_3D('',#12092,#9599,#9600);
#8597=AXIS2_PLACEMENT_3D('',#12094,#9601,#9602);
#8598=AXIS2_PLACEMENT_3D('',#12098,#9604,#9605);
#8599=AXIS2_PLACEMENT_3D('',#12100,#9606,#9607);
#8600=AXIS2_PLACEMENT_3D('',#12102,#9608,#9609);
#8601=AXIS2_PLACEMENT_3D('',#12105,#9611,#9612);
#8602=AXIS2_PLACEMENT_3D('',#12106,#9613,#9614);
#8603=AXIS2_PLACEMENT_3D('',#12107,#9615,#9616);
#8604=AXIS2_PLACEMENT_3D('',#12108,#9617,#9618);
#8605=AXIS2_PLACEMENT_3D('',#12109,#9619,#9620);
#8606=AXIS2_PLACEMENT_3D('',#12110,#9621,#9622);
#8607=AXIS2_PLACEMENT_3D('',#12111,#9623,#9624);
#8608=AXIS2_PLACEMENT_3D('',#12112,#9625,#9626);
#8609=AXIS2_PLACEMENT_3D('',#12113,#9627,#9628);
#8610=AXIS2_PLACEMENT_3D('',#12114,#9629,#9630);
#8611=AXIS2_PLACEMENT_3D('',#12115,#9631,#9632);
#8612=AXIS2_PLACEMENT_3D('',#12116,#9633,#9634);
#8613=AXIS2_PLACEMENT_3D('',#12117,#9635,#9636);
#8614=AXIS2_PLACEMENT_3D('',#12118,#9637,#9638);
#8615=AXIS2_PLACEMENT_3D('',#12119,#9639,#9640);
#8616=AXIS2_PLACEMENT_3D('',#12120,#9641,#9642);
#8617=AXIS2_PLACEMENT_3D('',#12121,#9643,#9644);
#8618=AXIS2_PLACEMENT_3D('',#12123,#9646,#9647);
#8619=AXIS2_PLACEMENT_3D('',#12124,#9648,#9649);
#8620=AXIS2_PLACEMENT_3D('',#12126,#9651,#9652);
#8621=AXIS2_PLACEMENT_3D('',#12127,#9653,#9654);
#8622=AXIS2_PLACEMENT_3D('',#12129,#9656,#9657);
#8623=AXIS2_PLACEMENT_3D('',#12130,#9658,#9659);
#8624=AXIS2_PLACEMENT_3D('',#12132,#9661,#9662);
#8625=AXIS2_PLACEMENT_3D('',#12133,#9663,#9664);
#8626=AXIS2_PLACEMENT_3D('',#12135,#9666,#9667);
#8627=AXIS2_PLACEMENT_3D('',#12136,#9668,#9669);
#8628=AXIS2_PLACEMENT_3D('',#12139,#9671,#9672);
#8629=AXIS2_PLACEMENT_3D('',#12142,#9674,#9675);
#8630=AXIS2_PLACEMENT_3D('',#12146,#9678,#9679);
#8631=AXIS2_PLACEMENT_3D('',#12149,#9681,#9682);
#8632=AXIS2_PLACEMENT_3D('',#12150,#9683,#9684);
#8633=AXIS2_PLACEMENT_3D('',#12154,#9687,#9688);
#8634=AXIS2_PLACEMENT_3D('',#12158,#9691,#9692);
#8635=AXIS2_PLACEMENT_3D('',#12162,#9695,#9696);
#8636=AXIS2_PLACEMENT_3D('',#12165,#9698,#9699);
#8637=AXIS2_PLACEMENT_3D('',#12166,#9700,#9701);
#8638=AXIS2_PLACEMENT_3D('',#12170,#9704,#9705);
#8639=AXIS2_PLACEMENT_3D('',#12173,#9707,#9708);
#8640=AXIS2_PLACEMENT_3D('',#12174,#9709,#9710);
#8641=AXIS2_PLACEMENT_3D('',#12178,#9713,#9714);
#8642=AXIS2_PLACEMENT_3D('',#12181,#9716,#9717);
#8643=AXIS2_PLACEMENT_3D('',#12182,#9718,#9719);
#8644=AXIS2_PLACEMENT_3D('',#12186,#9722,#9723);
#8645=AXIS2_PLACEMENT_3D('',#12189,#9725,#9726);
#8646=AXIS2_PLACEMENT_3D('',#12190,#9727,#9728);
#8647=AXIS2_PLACEMENT_3D('',#12194,#9731,#9732);
#8648=AXIS2_PLACEMENT_3D('',#12198,#9735,#9736);
#8649=AXIS2_PLACEMENT_3D('',#12202,#9739,#9740);
#8650=AXIS2_PLACEMENT_3D('',#12205,#9742,#9743);
#8651=AXIS2_PLACEMENT_3D('',#12206,#9744,#9745);
#8652=AXIS2_PLACEMENT_3D('',#12210,#9748,#9749);
#8653=AXIS2_PLACEMENT_3D('',#12213,#9751,#9752);
#8654=AXIS2_PLACEMENT_3D('',#12214,#9753,#9754);
#8655=AXIS2_PLACEMENT_3D('',#12216,#9756,#9757);
#8656=AXIS2_PLACEMENT_3D('',#12241,#9770,#9771);
#8657=AXIS2_PLACEMENT_3D('',#12244,#9773,#9774);
#8658=AXIS2_PLACEMENT_3D('',#12247,#9776,#9777);
#8659=AXIS2_PLACEMENT_3D('',#12251,#9780,#9781);
#8660=AXIS2_PLACEMENT_3D('',#12254,#9783,#9784);
#8661=AXIS2_PLACEMENT_3D('',#12255,#9785,#9786);
#8662=AXIS2_PLACEMENT_3D('',#12259,#9789,#9790);
#8663=AXIS2_PLACEMENT_3D('',#12263,#9793,#9794);
#8664=AXIS2_PLACEMENT_3D('',#12267,#9797,#9798);
#8665=AXIS2_PLACEMENT_3D('',#12270,#9800,#9801);
#8666=AXIS2_PLACEMENT_3D('',#12271,#9802,#9803);
#8667=AXIS2_PLACEMENT_3D('',#12275,#9806,#9807);
#8668=AXIS2_PLACEMENT_3D('',#12278,#9809,#9810);
#8669=AXIS2_PLACEMENT_3D('',#12279,#9811,#9812);
#8670=AXIS2_PLACEMENT_3D('',#12283,#9815,#9816);
#8671=AXIS2_PLACEMENT_3D('',#12286,#9818,#9819);
#8672=AXIS2_PLACEMENT_3D('',#12287,#9820,#9821);
#8673=AXIS2_PLACEMENT_3D('',#12291,#9824,#9825);
#8674=AXIS2_PLACEMENT_3D('',#12294,#9827,#9828);
#8675=AXIS2_PLACEMENT_3D('',#12295,#9829,#9830);
#8676=AXIS2_PLACEMENT_3D('',#12299,#9833,#9834);
#8677=AXIS2_PLACEMENT_3D('',#12303,#9837,#9838);
#8678=AXIS2_PLACEMENT_3D('',#12307,#9841,#9842);
#8679=AXIS2_PLACEMENT_3D('',#12310,#9844,#9845);
#8680=AXIS2_PLACEMENT_3D('',#12311,#9846,#9847);
#8681=AXIS2_PLACEMENT_3D('',#12315,#9850,#9851);
#8682=AXIS2_PLACEMENT_3D('',#12318,#9853,#9854);
#8683=AXIS2_PLACEMENT_3D('',#12319,#9855,#9856);
#8684=AXIS2_PLACEMENT_3D('',#12321,#9858,#9859);
#8685=AXIS2_PLACEMENT_3D('',#12346,#9872,#9873);
#8686=AXIS2_PLACEMENT_3D('',#12349,#9876,#9877);
#8687=AXIS2_PLACEMENT_3D('',#12351,#9879,#9880);
#8688=AXIS2_PLACEMENT_3D('',#12353,#9882,#9883);
#8689=AXIS2_PLACEMENT_3D('',#12355,#9885,#9886);
#8690=AXIS2_PLACEMENT_3D('',#12357,#9888,#9889);
#8691=AXIS2_PLACEMENT_3D('',#12359,#9891,#9892);
#8692=AXIS2_PLACEMENT_3D('',#12361,#9894,#9895);
#8693=AXIS2_PLACEMENT_3D('',#12363,#9897,#9898);
#8694=AXIS2_PLACEMENT_3D('',#12365,#9900,#9901);
#8695=AXIS2_PLACEMENT_3D('',#12367,#9903,#9904);
#8696=AXIS2_PLACEMENT_3D('',#12369,#9906,#9907);
#8697=AXIS2_PLACEMENT_3D('',#12371,#9909,#9910);
#8698=AXIS2_PLACEMENT_3D('',#12373,#9912,#9913);
#8699=AXIS2_PLACEMENT_3D('',#12375,#9915,#9916);
#8700=AXIS2_PLACEMENT_3D('',#12377,#9918,#9919);
#8701=AXIS2_PLACEMENT_3D('',#12379,#9921,#9922);
#8702=AXIS2_PLACEMENT_3D('',#12381,#9924,#9925);
#8703=AXIS2_PLACEMENT_3D('',#12383,#9927,#9928);
#8704=AXIS2_PLACEMENT_3D('',#12385,#9930,#9931);
#8705=AXIS2_PLACEMENT_3D('',#12386,#9932,#9933);
#8706=AXIS2_PLACEMENT_3D('',#12389,#9936,#9937);
#8707=AXIS2_PLACEMENT_3D('',#12391,#9939,#9940);
#8708=AXIS2_PLACEMENT_3D('',#12393,#9942,#9943);
#8709=AXIS2_PLACEMENT_3D('',#12395,#9945,#9946);
#8710=AXIS2_PLACEMENT_3D('',#12397,#9948,#9949);
#8711=AXIS2_PLACEMENT_3D('',#12399,#9951,#9952);
#8712=AXIS2_PLACEMENT_3D('',#12401,#9954,#9955);
#8713=AXIS2_PLACEMENT_3D('',#12403,#9957,#9958);
#8714=AXIS2_PLACEMENT_3D('',#12405,#9960,#9961);
#8715=AXIS2_PLACEMENT_3D('',#12407,#9963,#9964);
#8716=AXIS2_PLACEMENT_3D('',#12409,#9966,#9967);
#8717=AXIS2_PLACEMENT_3D('',#12411,#9969,#9970);
#8718=AXIS2_PLACEMENT_3D('',#12413,#9972,#9973);
#8719=AXIS2_PLACEMENT_3D('',#12415,#9975,#9976);
#8720=AXIS2_PLACEMENT_3D('',#12417,#9978,#9979);
#8721=AXIS2_PLACEMENT_3D('',#12419,#9981,#9982);
#8722=AXIS2_PLACEMENT_3D('',#12421,#9984,#9985);
#8723=AXIS2_PLACEMENT_3D('',#12423,#9987,#9988);
#8724=AXIS2_PLACEMENT_3D('',#12425,#9990,#9991);
#8725=AXIS2_PLACEMENT_3D('',#12426,#9992,#9993);
#8726=AXIS2_PLACEMENT_3D('',#12435,#9998,#9999);
#8727=AXIS2_PLACEMENT_3D('',#12441,#10003,#10004);
#8728=AXIS2_PLACEMENT_3D('',#12447,#10008,#10009);
#8729=AXIS2_PLACEMENT_3D('',#12450,#10012,#10013);
#8730=AXIS2_PLACEMENT_3D('',#12451,#10014,#10015);
#8731=AXIS2_PLACEMENT_3D('',#12460,#10020,#10021);
#8732=AXIS2_PLACEMENT_3D('',#12466,#10025,#10026);
#8733=AXIS2_PLACEMENT_3D('',#12472,#10030,#10031);
#8734=AXIS2_PLACEMENT_3D('',#12475,#10034,#10035);
#8735=AXIS2_PLACEMENT_3D('',#12476,#10036,#10037);
#8736=AXIS2_PLACEMENT_3D('',#12485,#10042,#10043);
#8737=AXIS2_PLACEMENT_3D('',#12491,#10047,#10048);
#8738=AXIS2_PLACEMENT_3D('',#12497,#10052,#10053);
#8739=AXIS2_PLACEMENT_3D('',#12500,#10056,#10057);
#8740=AXIS2_PLACEMENT_3D('',#12501,#10058,#10059);
#8741=AXIS2_PLACEMENT_3D('',#12510,#10064,#10065);
#8742=AXIS2_PLACEMENT_3D('',#12516,#10069,#10070);
#8743=AXIS2_PLACEMENT_3D('',#12522,#10074,#10075);
#8744=AXIS2_PLACEMENT_3D('',#12525,#10078,#10079);
#8745=AXIS2_PLACEMENT_3D('',#12526,#10080,#10081);
#8746=AXIS2_PLACEMENT_3D('',#12535,#10086,#10087);
#8747=AXIS2_PLACEMENT_3D('',#12541,#10091,#10092);
#8748=AXIS2_PLACEMENT_3D('',#12547,#10096,#10097);
#8749=AXIS2_PLACEMENT_3D('',#12550,#10100,#10101);
#8750=AXIS2_PLACEMENT_3D('',#12551,#10102,#10103);
#8751=AXIS2_PLACEMENT_3D('',#12560,#10108,#10109);
#8752=AXIS2_PLACEMENT_3D('',#12566,#10113,#10114);
#8753=AXIS2_PLACEMENT_3D('',#12572,#10118,#10119);
#8754=AXIS2_PLACEMENT_3D('',#12575,#10122,#10123);
#8755=AXIS2_PLACEMENT_3D('',#12576,#10124,#10125);
#8756=AXIS2_PLACEMENT_3D('',#12585,#10130,#10131);
#8757=AXIS2_PLACEMENT_3D('',#12591,#10135,#10136);
#8758=AXIS2_PLACEMENT_3D('',#12597,#10140,#10141);
#8759=AXIS2_PLACEMENT_3D('',#12600,#10144,#10145);
#8760=AXIS2_PLACEMENT_3D('',#12601,#10146,#10147);
#8761=AXIS2_PLACEMENT_3D('',#12610,#10152,#10153);
#8762=AXIS2_PLACEMENT_3D('',#12616,#10157,#10158);
#8763=AXIS2_PLACEMENT_3D('',#12622,#10162,#10163);
#8764=AXIS2_PLACEMENT_3D('',#12625,#10166,#10167);
#8765=AXIS2_PLACEMENT_3D('',#12626,#10168,#10169);
#8766=AXIS2_PLACEMENT_3D('',#12635,#10174,#10175);
#8767=AXIS2_PLACEMENT_3D('',#12641,#10179,#10180);
#8768=AXIS2_PLACEMENT_3D('',#12647,#10184,#10185);
#8769=AXIS2_PLACEMENT_3D('',#12650,#10188,#10189);
#8770=AXIS2_PLACEMENT_3D('',#12651,#10190,#10191);
#8771=AXIS2_PLACEMENT_3D('',#12660,#10196,#10197);
#8772=AXIS2_PLACEMENT_3D('',#12666,#10201,#10202);
#8773=AXIS2_PLACEMENT_3D('',#12672,#10206,#10207);
#8774=AXIS2_PLACEMENT_3D('',#12675,#10210,#10211);
#8775=AXIS2_PLACEMENT_3D('',#12676,#10212,#10213);
#8776=AXIS2_PLACEMENT_3D('',#12685,#10218,#10219);
#8777=AXIS2_PLACEMENT_3D('',#12691,#10223,#10224);
#8778=AXIS2_PLACEMENT_3D('',#12697,#10228,#10229);
#8779=AXIS2_PLACEMENT_3D('',#12700,#10232,#10233);
#8780=AXIS2_PLACEMENT_3D('',#12701,#10234,#10235);
#8781=AXIS2_PLACEMENT_3D('',#12710,#10240,#10241);
#8782=AXIS2_PLACEMENT_3D('',#12716,#10245,#10246);
#8783=AXIS2_PLACEMENT_3D('',#12722,#10250,#10251);
#8784=AXIS2_PLACEMENT_3D('',#12725,#10254,#10255);
#8785=AXIS2_PLACEMENT_3D('',#12726,#10256,#10257);
#8786=AXIS2_PLACEMENT_3D('',#12735,#10262,#10263);
#8787=AXIS2_PLACEMENT_3D('',#12741,#10267,#10268);
#8788=AXIS2_PLACEMENT_3D('',#12747,#10272,#10273);
#8789=AXIS2_PLACEMENT_3D('',#12750,#10276,#10277);
#8790=AXIS2_PLACEMENT_3D('',#12751,#10278,#10279);
#8791=AXIS2_PLACEMENT_3D('',#12760,#10284,#10285);
#8792=AXIS2_PLACEMENT_3D('',#12766,#10289,#10290);
#8793=AXIS2_PLACEMENT_3D('',#12772,#10294,#10295);
#8794=AXIS2_PLACEMENT_3D('',#12775,#10298,#10299);
#8795=AXIS2_PLACEMENT_3D('',#12776,#10300,#10301);
#8796=AXIS2_PLACEMENT_3D('',#12785,#10306,#10307);
#8797=AXIS2_PLACEMENT_3D('',#12791,#10311,#10312);
#8798=AXIS2_PLACEMENT_3D('',#12797,#10316,#10317);
#8799=AXIS2_PLACEMENT_3D('',#12800,#10320,#10321);
#8800=AXIS2_PLACEMENT_3D('',#12801,#10322,#10323);
#8801=AXIS2_PLACEMENT_3D('',#12810,#10328,#10329);
#8802=AXIS2_PLACEMENT_3D('',#12816,#10333,#10334);
#8803=AXIS2_PLACEMENT_3D('',#12822,#10338,#10339);
#8804=AXIS2_PLACEMENT_3D('',#12825,#10342,#10343);
#8805=AXIS2_PLACEMENT_3D('',#12826,#10344,#10345);
#8806=AXIS2_PLACEMENT_3D('',#12835,#10350,#10351);
#8807=AXIS2_PLACEMENT_3D('',#12841,#10355,#10356);
#8808=AXIS2_PLACEMENT_3D('',#12847,#10360,#10361);
#8809=AXIS2_PLACEMENT_3D('',#12850,#10364,#10365);
#8810=AXIS2_PLACEMENT_3D('',#12851,#10366,#10367);
#8811=AXIS2_PLACEMENT_3D('',#12860,#10372,#10373);
#8812=AXIS2_PLACEMENT_3D('',#12866,#10377,#10378);
#8813=AXIS2_PLACEMENT_3D('',#12872,#10382,#10383);
#8814=AXIS2_PLACEMENT_3D('',#12875,#10386,#10387);
#8815=AXIS2_PLACEMENT_3D('',#12876,#10388,#10389);
#8816=AXIS2_PLACEMENT_3D('',#12885,#10394,#10395);
#8817=AXIS2_PLACEMENT_3D('',#12891,#10399,#10400);
#8818=AXIS2_PLACEMENT_3D('',#12897,#10404,#10405);
#8819=AXIS2_PLACEMENT_3D('',#12900,#10408,#10409);
#8820=AXIS2_PLACEMENT_3D('',#12901,#10410,#10411);
#8821=AXIS2_PLACEMENT_3D('',#12910,#10416,#10417);
#8822=AXIS2_PLACEMENT_3D('',#12916,#10421,#10422);
#8823=AXIS2_PLACEMENT_3D('',#12922,#10426,#10427);
#8824=AXIS2_PLACEMENT_3D('',#12925,#10430,#10431);
#8825=AXIS2_PLACEMENT_3D('',#12926,#10432,#10433);
#8826=AXIS2_PLACEMENT_3D('',#12935,#10438,#10439);
#8827=AXIS2_PLACEMENT_3D('',#12941,#10443,#10444);
#8828=AXIS2_PLACEMENT_3D('',#12947,#10448,#10449);
#8829=AXIS2_PLACEMENT_3D('',#12950,#10452,#10453);
#8830=AXIS2_PLACEMENT_3D('',#12951,#10454,#10455);
#8831=AXIS2_PLACEMENT_3D('',#12960,#10460,#10461);
#8832=AXIS2_PLACEMENT_3D('',#12966,#10465,#10466);
#8833=AXIS2_PLACEMENT_3D('',#12972,#10470,#10471);
#8834=AXIS2_PLACEMENT_3D('',#12975,#10474,#10475);
#8835=AXIS2_PLACEMENT_3D('',#12976,#10476,#10477);
#8836=AXIS2_PLACEMENT_3D('',#12985,#10482,#10483);
#8837=AXIS2_PLACEMENT_3D('',#12991,#10487,#10488);
#8838=AXIS2_PLACEMENT_3D('',#12997,#10492,#10493);
#8839=AXIS2_PLACEMENT_3D('',#13000,#10496,#10497);
#8840=AXIS2_PLACEMENT_3D('',#13001,#10498,#10499);
#8841=AXIS2_PLACEMENT_3D('',#13010,#10504,#10505);
#8842=AXIS2_PLACEMENT_3D('',#13016,#10509,#10510);
#8843=AXIS2_PLACEMENT_3D('',#13022,#10514,#10515);
#8844=AXIS2_PLACEMENT_3D('',#13025,#10518,#10519);
#8845=AXIS2_PLACEMENT_3D('',#13026,#10520,#10521);
#8846=AXIS2_PLACEMENT_3D('',#13035,#10526,#10527);
#8847=AXIS2_PLACEMENT_3D('',#13041,#10531,#10532);
#8848=AXIS2_PLACEMENT_3D('',#13047,#10536,#10537);
#8849=AXIS2_PLACEMENT_3D('',#13050,#10540,#10541);
#8850=AXIS2_PLACEMENT_3D('',#13051,#10542,#10543);
#8851=AXIS2_PLACEMENT_3D('',#13060,#10548,#10549);
#8852=AXIS2_PLACEMENT_3D('',#13066,#10553,#10554);
#8853=AXIS2_PLACEMENT_3D('',#13072,#10558,#10559);
#8854=AXIS2_PLACEMENT_3D('',#13075,#10562,#10563);
#8855=AXIS2_PLACEMENT_3D('',#13076,#10564,#10565);
#8856=AXIS2_PLACEMENT_3D('',#13079,#10568,#10569);
#8857=AXIS2_PLACEMENT_3D('',#13081,#10571,#10572);
#8858=AXIS2_PLACEMENT_3D('',#13083,#10574,#10575);
#8859=AXIS2_PLACEMENT_3D('',#13084,#10576,#10577);
#8860=AXIS2_PLACEMENT_3D('',#13087,#10580,#10581);
#8861=AXIS2_PLACEMENT_3D('',#13089,#10583,#10584);
#8862=AXIS2_PLACEMENT_3D('',#13091,#10586,#10587);
#8863=AXIS2_PLACEMENT_3D('',#13092,#10588,#10589);
#8864=AXIS2_PLACEMENT_3D('',#13095,#10592,#10593);
#8865=AXIS2_PLACEMENT_3D('',#13097,#10595,#10596);
#8866=AXIS2_PLACEMENT_3D('',#13099,#10598,#10599);
#8867=AXIS2_PLACEMENT_3D('',#13100,#10600,#10601);
#8868=AXIS2_PLACEMENT_3D('',#13103,#10604,#10605);
#8869=AXIS2_PLACEMENT_3D('',#13105,#10607,#10608);
#8870=AXIS2_PLACEMENT_3D('',#13107,#10610,#10611);
#8871=AXIS2_PLACEMENT_3D('',#13108,#10612,#10613);
#8872=AXIS2_PLACEMENT_3D('',#13111,#10616,#10617);
#8873=AXIS2_PLACEMENT_3D('',#13113,#10619,#10620);
#8874=AXIS2_PLACEMENT_3D('',#13115,#10622,#10623);
#8875=AXIS2_PLACEMENT_3D('',#13116,#10624,#10625);
#8876=AXIS2_PLACEMENT_3D('',#13119,#10628,#10629);
#8877=AXIS2_PLACEMENT_3D('',#13121,#10631,#10632);
#8878=AXIS2_PLACEMENT_3D('',#13123,#10634,#10635);
#8879=AXIS2_PLACEMENT_3D('',#13124,#10636,#10637);
#8880=AXIS2_PLACEMENT_3D('',#13127,#10640,#10641);
#8881=AXIS2_PLACEMENT_3D('',#13129,#10643,#10644);
#8882=AXIS2_PLACEMENT_3D('',#13131,#10646,#10647);
#8883=AXIS2_PLACEMENT_3D('',#13132,#10648,#10649);
#8884=AXIS2_PLACEMENT_3D('',#13135,#10652,#10653);
#8885=AXIS2_PLACEMENT_3D('',#13137,#10655,#10656);
#8886=AXIS2_PLACEMENT_3D('',#13139,#10658,#10659);
#8887=AXIS2_PLACEMENT_3D('',#13140,#10660,#10661);
#8888=AXIS2_PLACEMENT_3D('',#13143,#10664,#10665);
#8889=AXIS2_PLACEMENT_3D('',#13145,#10667,#10668);
#8890=AXIS2_PLACEMENT_3D('',#13147,#10670,#10671);
#8891=AXIS2_PLACEMENT_3D('',#13148,#10672,#10673);
#8892=AXIS2_PLACEMENT_3D('',#13151,#10676,#10677);
#8893=AXIS2_PLACEMENT_3D('',#13153,#10679,#10680);
#8894=AXIS2_PLACEMENT_3D('',#13155,#10682,#10683);
#8895=AXIS2_PLACEMENT_3D('',#13156,#10684,#10685);
#8896=AXIS2_PLACEMENT_3D('',#13159,#10688,#10689);
#8897=AXIS2_PLACEMENT_3D('',#13161,#10691,#10692);
#8898=AXIS2_PLACEMENT_3D('',#13163,#10694,#10695);
#8899=AXIS2_PLACEMENT_3D('',#13164,#10696,#10697);
#8900=AXIS2_PLACEMENT_3D('',#13167,#10700,#10701);
#8901=AXIS2_PLACEMENT_3D('',#13169,#10703,#10704);
#8902=AXIS2_PLACEMENT_3D('',#13171,#10706,#10707);
#8903=AXIS2_PLACEMENT_3D('',#13172,#10708,#10709);
#8904=AXIS2_PLACEMENT_3D('',#13175,#10712,#10713);
#8905=AXIS2_PLACEMENT_3D('',#13177,#10715,#10716);
#8906=AXIS2_PLACEMENT_3D('',#13179,#10718,#10719);
#8907=AXIS2_PLACEMENT_3D('',#13180,#10720,#10721);
#8908=AXIS2_PLACEMENT_3D('',#13183,#10724,#10725);
#8909=AXIS2_PLACEMENT_3D('',#13185,#10727,#10728);
#8910=AXIS2_PLACEMENT_3D('',#13187,#10730,#10731);
#8911=AXIS2_PLACEMENT_3D('',#13188,#10732,#10733);
#8912=AXIS2_PLACEMENT_3D('',#13191,#10736,#10737);
#8913=AXIS2_PLACEMENT_3D('',#13193,#10739,#10740);
#8914=AXIS2_PLACEMENT_3D('',#13195,#10742,#10743);
#8915=AXIS2_PLACEMENT_3D('',#13196,#10744,#10745);
#8916=AXIS2_PLACEMENT_3D('',#13199,#10748,#10749);
#8917=AXIS2_PLACEMENT_3D('',#13201,#10751,#10752);
#8918=AXIS2_PLACEMENT_3D('',#13203,#10754,#10755);
#8919=AXIS2_PLACEMENT_3D('',#13204,#10756,#10757);
#8920=AXIS2_PLACEMENT_3D('',#13207,#10760,#10761);
#8921=AXIS2_PLACEMENT_3D('',#13209,#10763,#10764);
#8922=AXIS2_PLACEMENT_3D('',#13211,#10766,#10767);
#8923=AXIS2_PLACEMENT_3D('',#13212,#10768,#10769);
#8924=AXIS2_PLACEMENT_3D('',#13215,#10772,#10773);
#8925=AXIS2_PLACEMENT_3D('',#13217,#10775,#10776);
#8926=AXIS2_PLACEMENT_3D('',#13219,#10778,#10779);
#8927=AXIS2_PLACEMENT_3D('',#13220,#10780,#10781);
#8928=AXIS2_PLACEMENT_3D('',#13223,#10784,#10785);
#8929=AXIS2_PLACEMENT_3D('',#13225,#10787,#10788);
#8930=AXIS2_PLACEMENT_3D('',#13227,#10790,#10791);
#8931=AXIS2_PLACEMENT_3D('',#13228,#10792,#10793);
#8932=AXIS2_PLACEMENT_3D('',#13231,#10796,#10797);
#8933=AXIS2_PLACEMENT_3D('',#13233,#10799,#10800);
#8934=AXIS2_PLACEMENT_3D('',#13235,#10802,#10803);
#8935=AXIS2_PLACEMENT_3D('',#13236,#10804,#10805);
#8936=AXIS2_PLACEMENT_3D('',#13239,#10808,#10809);
#8937=AXIS2_PLACEMENT_3D('',#13241,#10811,#10812);
#8938=AXIS2_PLACEMENT_3D('',#13243,#10814,#10815);
#8939=AXIS2_PLACEMENT_3D('',#13244,#10816,#10817);
#8940=AXIS2_PLACEMENT_3D('',#13247,#10820,#10821);
#8941=AXIS2_PLACEMENT_3D('',#13249,#10823,#10824);
#8942=AXIS2_PLACEMENT_3D('',#13251,#10826,#10827);
#8943=AXIS2_PLACEMENT_3D('',#13252,#10828,#10829);
#8944=AXIS2_PLACEMENT_3D('',#13255,#10832,#10833);
#8945=AXIS2_PLACEMENT_3D('',#13257,#10835,#10836);
#8946=AXIS2_PLACEMENT_3D('',#13259,#10838,#10839);
#8947=AXIS2_PLACEMENT_3D('',#13260,#10840,#10841);
#8948=AXIS2_PLACEMENT_3D('',#13263,#10844,#10845);
#8949=AXIS2_PLACEMENT_3D('',#13265,#10847,#10848);
#8950=AXIS2_PLACEMENT_3D('',#13267,#10850,#10851);
#8951=AXIS2_PLACEMENT_3D('',#13268,#10852,#10853);
#8952=AXIS2_PLACEMENT_3D('',#13271,#10856,#10857);
#8953=AXIS2_PLACEMENT_3D('',#13273,#10859,#10860);
#8954=AXIS2_PLACEMENT_3D('',#13275,#10862,#10863);
#8955=AXIS2_PLACEMENT_3D('',#13276,#10864,#10865);
#8956=AXIS2_PLACEMENT_3D('',#13279,#10868,#10869);
#8957=AXIS2_PLACEMENT_3D('',#13281,#10871,#10872);
#8958=AXIS2_PLACEMENT_3D('',#13283,#10874,#10875);
#8959=AXIS2_PLACEMENT_3D('',#13284,#10876,#10877);
#8960=AXIS2_PLACEMENT_3D('',#13287,#10880,#10881);
#8961=AXIS2_PLACEMENT_3D('',#13289,#10883,#10884);
#8962=AXIS2_PLACEMENT_3D('',#13291,#10886,#10887);
#8963=AXIS2_PLACEMENT_3D('',#13293,#10889,#10890);
#8964=AXIS2_PLACEMENT_3D('',#13295,#10892,#10893);
#8965=AXIS2_PLACEMENT_3D('',#13297,#10895,#10896);
#8966=AXIS2_PLACEMENT_3D('',#13299,#10898,#10899);
#8967=AXIS2_PLACEMENT_3D('',#13300,#10900,#10901);
#8968=AXIS2_PLACEMENT_3D('',#13301,#10902,#10903);
#8969=AXIS2_PLACEMENT_3D('',#13302,#10904,#10905);
#8970=AXIS2_PLACEMENT_3D('',#13307,#10907,#10908);
#8971=AXIS2_PLACEMENT_3D('',#13310,#10910,#10911);
#8972=AXIS2_PLACEMENT_3D('',#13316,#10915,#10916);
#8973=AXIS2_PLACEMENT_3D('',#13322,#10920,#10921);
#8974=AXIS2_PLACEMENT_3D('',#13328,#10925,#10926);
#8975=AXIS2_PLACEMENT_3D('',#13329,#10927,#10928);
#8976=AXIS2_PLACEMENT_3D('',#13333,#10930,#10931);
#8977=AXIS2_PLACEMENT_3D('',#13334,#10932,#10933);
#8978=AXIS2_PLACEMENT_3D('',#13337,#10935,#10936);
#8979=AXIS2_PLACEMENT_3D('',#13345,#10940,#10941);
#8980=AXIS2_PLACEMENT_3D('',#13348,#10943,#10944);
#8981=AXIS2_PLACEMENT_3D('',#13353,#10947,#10948);
#8982=AXIS2_PLACEMENT_3D('',#13357,#10950,#10951);
#8983=AXIS2_PLACEMENT_3D('',#13358,#10952,#10953);
#8984=AXIS2_PLACEMENT_3D('',#13359,#10954,#10955);
#8985=AXIS2_PLACEMENT_3D('',#13367,#10959,#10960);
#8986=AXIS2_PLACEMENT_3D('',#13372,#10963,#10964);
#8987=AXIS2_PLACEMENT_3D('',#13373,#10965,#10966);
#8988=AXIS2_PLACEMENT_3D('',#13377,#10968,#10969);
#8989=AXIS2_PLACEMENT_3D('',#13378,#10970,#10971);
#8990=AXIS2_PLACEMENT_3D('',#13381,#10974,#10975);
#8991=AXIS2_PLACEMENT_3D('',#13383,#10977,#10978);
#8992=AXIS2_PLACEMENT_3D('',#13385,#10980,#10981);
#8993=AXIS2_PLACEMENT_3D('',#13386,#10982,#10983);
#8994=AXIS2_PLACEMENT_3D('',#13390,#10985,#10986);
#8995=AXIS2_PLACEMENT_3D('',#13392,#10988,#10989);
#8996=AXIS2_PLACEMENT_3D('',#13395,#10992,#10993);
#8997=AXIS2_PLACEMENT_3D('',#13396,#10994,#10995);
#8998=AXIS2_PLACEMENT_3D('',#13397,#10996,#10997);
#8999=AXIS2_PLACEMENT_3D('',#13398,#10998,#10999);
#9000=AXIS2_PLACEMENT_3D('',#13399,#11000,#11001);
#9001=AXIS2_PLACEMENT_3D('',#13400,#11002,#11003);
#9002=AXIS2_PLACEMENT_3D('',#13401,#11004,#11005);
#9003=AXIS2_PLACEMENT_3D('',#13402,#11006,#11007);
#9004=AXIS2_PLACEMENT_3D('',#13403,#11008,#11009);
#9005=AXIS2_PLACEMENT_3D('',#13404,#11010,#11011);
#9006=AXIS2_PLACEMENT_3D('',#13405,#11012,#11013);
#9007=AXIS2_PLACEMENT_3D('',#13406,#11014,#11015);
#9008=AXIS2_PLACEMENT_3D('',#13407,#11016,#11017);
#9009=AXIS2_PLACEMENT_3D('',#13408,#11018,#11019);
#9010=AXIS2_PLACEMENT_3D('',#13409,#11020,#11021);
#9011=AXIS2_PLACEMENT_3D('',#13410,#11022,#11023);
#9012=AXIS2_PLACEMENT_3D('',#13411,#11024,#11025);
#9013=AXIS2_PLACEMENT_3D('',#13412,#11026,#11027);
#9014=AXIS2_PLACEMENT_3D('',#13421,#11032,#11033);
#9015=AXIS2_PLACEMENT_3D('',#13427,#11037,#11038);
#9016=AXIS2_PLACEMENT_3D('',#13433,#11042,#11043);
#9017=AXIS2_PLACEMENT_3D('',#13434,#11044,#11045);
#9018=AXIS2_PLACEMENT_3D('',#13438,#11047,#11048);
#9019=AXIS2_PLACEMENT_3D('',#13439,#11049,#11050);
#9020=AXIS2_PLACEMENT_3D('',#13445,#11054,#11055);
#9021=AXIS2_PLACEMENT_3D('',#13446,#11056,#11057);
#9022=AXIS2_PLACEMENT_3D('',#13450,#11059,#11060);
#9023=AXIS2_PLACEMENT_3D('',#13451,#11061,#11062);
#9024=AXIS2_PLACEMENT_3D('',#13452,#11063,#11064);
#9025=AXIS2_PLACEMENT_3D('',#13456,#11066,#11067);
#9026=AXIS2_PLACEMENT_3D('',#13457,#11068,#11069);
#9027=AXIS2_PLACEMENT_3D('',#13461,#11071,#11072);
#9028=AXIS2_PLACEMENT_3D('',#13466,#11075,#11076);
#9029=AXIS2_PLACEMENT_3D('',#13471,#11079,#11080);
#9030=AXIS2_PLACEMENT_3D('',#13476,#11083,#11084);
#9031=AXIS2_PLACEMENT_3D('',#13480,#11086,#11087);
#9032=AXIS2_PLACEMENT_3D('',#13481,#11088,#11089);
#9033=AXIS2_PLACEMENT_3D('',#13484,#11091,#11092);
#9034=AXIS2_PLACEMENT_3D('',#13489,#11095,#11096);
#9035=AXIS2_PLACEMENT_3D('',#13492,#11098,#11099);
#9036=AXIS2_PLACEMENT_3D('',#13494,#11101,#11102);
#9037=AXIS2_PLACEMENT_3D('',#13496,#11104,#11105);
#9038=AXIS2_PLACEMENT_3D('',#13497,#11106,#11107);
#9039=AXIS2_PLACEMENT_3D('',#13501,#11109,#11110);
#9040=AXIS2_PLACEMENT_3D('',#13503,#11112,#11113);
#9041=AXIS2_PLACEMENT_3D('',#13506,#11116,#11117);
#9042=AXIS2_PLACEMENT_3D('',#13507,#11118,#11119);
#9043=AXIS2_PLACEMENT_3D('',#13508,#11120,#11121);
#9044=AXIS2_PLACEMENT_3D('',#13509,#11122,#11123);
#9045=AXIS2_PLACEMENT_3D('',#13510,#11124,#11125);
#9046=AXIS2_PLACEMENT_3D('',#13511,#11126,#11127);
#9047=AXIS2_PLACEMENT_3D('',#13512,#11128,#11129);
#9048=AXIS2_PLACEMENT_3D('',#13513,#11130,#11131);
#9049=AXIS2_PLACEMENT_3D('',#13514,#11132,#11133);
#9050=AXIS2_PLACEMENT_3D('',#13515,#11134,#11135);
#9051=AXIS2_PLACEMENT_3D('',#13516,#11136,#11137);
#9052=AXIS2_PLACEMENT_3D('',#13517,#11138,#11139);
#9053=AXIS2_PLACEMENT_3D('',#13518,#11140,#11141);
#9054=AXIS2_PLACEMENT_3D('',#13519,#11142,#11143);
#9055=AXIS2_PLACEMENT_3D('',#13520,#11144,#11145);
#9056=AXIS2_PLACEMENT_3D('',#13521,#11146,#11147);
#9057=AXIS2_PLACEMENT_3D('',#13522,#11148,#11149);
#9058=AXIS2_PLACEMENT_3D('',#13523,#11150,#11151);
#9059=AXIS2_PLACEMENT_3D('',#13527,#11153,#11154);
#9060=AXIS2_PLACEMENT_3D('',#13535,#11158,#11159);
#9061=AXIS2_PLACEMENT_3D('',#13540,#11162,#11163);
#9062=AXIS2_PLACEMENT_3D('',#13545,#11166,#11167);
#9063=AXIS2_PLACEMENT_3D('',#13549,#11169,#11170);
#9064=AXIS2_PLACEMENT_3D('',#13553,#11172,#11173);
#9065=AXIS2_PLACEMENT_3D('',#13557,#11175,#11176);
#9066=AXIS2_PLACEMENT_3D('',#13561,#11178,#11179);
#9067=AXIS2_PLACEMENT_3D('',#13565,#11181,#11182);
#9068=AXIS2_PLACEMENT_3D('',#13569,#11184,#11185);
#9069=AXIS2_PLACEMENT_3D('',#13572,#11187,#11188);
#9070=AXIS2_PLACEMENT_3D('',#13573,#11189,#11190);
#9071=AXIS2_PLACEMENT_3D('',#13577,#11192,#11193);
#9072=AXIS2_PLACEMENT_3D('',#13582,#11196,#11197);
#9073=AXIS2_PLACEMENT_3D('',#13588,#11201,#11202);
#9074=AXIS2_PLACEMENT_3D('',#13594,#11206,#11207);
#9075=AXIS2_PLACEMENT_3D('',#13595,#11208,#11209);
#9076=AXIS2_PLACEMENT_3D('',#13599,#11211,#11212);
#9077=AXIS2_PLACEMENT_3D('',#13600,#11213,#11214);
#9078=AXIS2_PLACEMENT_3D('',#13606,#11218,#11219);
#9079=AXIS2_PLACEMENT_3D('',#13607,#11220,#11221);
#9080=AXIS2_PLACEMENT_3D('',#13611,#11223,#11224);
#9081=AXIS2_PLACEMENT_3D('',#13612,#11225,#11226);
#9082=AXIS2_PLACEMENT_3D('',#13618,#11230,#11231);
#9083=AXIS2_PLACEMENT_3D('',#13624,#11235,#11236);
#9084=AXIS2_PLACEMENT_3D('',#13625,#11237,#11238);
#9085=AXIS2_PLACEMENT_3D('',#13633,#11242,#11243);
#9086=AXIS2_PLACEMENT_3D('',#13634,#11244,#11245);
#9087=AXIS2_PLACEMENT_3D('',#13641,#11249,#11250);
#9088=AXIS2_PLACEMENT_3D('',#13645,#11252,#11253);
#9089=AXIS2_PLACEMENT_3D('',#13649,#11255,#11256);
#9090=AXIS2_PLACEMENT_3D('',#13653,#11258,#11259);
#9091=AXIS2_PLACEMENT_3D('',#13657,#11261,#11262);
#9092=AXIS2_PLACEMENT_3D('',#13661,#11264,#11265);
#9093=AXIS2_PLACEMENT_3D('',#13665,#11267,#11268);
#9094=AXIS2_PLACEMENT_3D('',#13666,#11269,#11270);
#9095=AXIS2_PLACEMENT_3D('',#13667,#11271,#11272);
#9096=AXIS2_PLACEMENT_3D('',#13675,#11276,#11277);
#9097=AXIS2_PLACEMENT_3D('',#13680,#11280,#11281);
#9098=AXIS2_PLACEMENT_3D('',#13681,#11282,#11283);
#9099=AXIS2_PLACEMENT_3D('',#13685,#11285,#11286);
#9100=AXIS2_PLACEMENT_3D('',#13686,#11287,#11288);
#9101=AXIS2_PLACEMENT_3D('',#13692,#11292,#11293);
#9102=AXIS2_PLACEMENT_3D('',#13693,#11294,#11295);
#9103=AXIS2_PLACEMENT_3D('',#13697,#11297,#11298);
#9104=AXIS2_PLACEMENT_3D('',#13698,#11299,#11300);
#9105=AXIS2_PLACEMENT_3D('',#13704,#11304,#11305);
#9106=AXIS2_PLACEMENT_3D('',#13710,#11309,#11310);
#9107=AXIS2_PLACEMENT_3D('',#13716,#11314,#11315);
#9108=AXIS2_PLACEMENT_3D('',#13717,#11316,#11317);
#9109=AXIS2_PLACEMENT_3D('',#13721,#11319,#11320);
#9110=AXIS2_PLACEMENT_3D('',#13722,#11321,#11322);
#9111=AXIS2_PLACEMENT_3D('',#13728,#11326,#11327);
#9112=AXIS2_PLACEMENT_3D('',#13729,#11328,#11329);
#9113=AXIS2_PLACEMENT_3D('',#13730,#11330,#11331);
#9114=AXIS2_PLACEMENT_3D('',#13731,#11332,#11333);
#9115=AXIS2_PLACEMENT_3D('',#13734,#11336,#11337);
#9116=AXIS2_PLACEMENT_3D('',#13737,#11340,#11341);
#9117=AXIS2_PLACEMENT_3D('',#13740,#11343,#11344);
#9118=AXIS2_PLACEMENT_3D('',#13743,#11346,#11347);
#9119=AXIS2_PLACEMENT_3D('',#13747,#11350,#11351);
#9120=AXIS2_PLACEMENT_3D('',#13750,#11353,#11354);
#9121=AXIS2_PLACEMENT_3D('',#13751,#11355,#11356);
#9122=AXIS2_PLACEMENT_3D('',#13755,#11359,#11360);
#9123=AXIS2_PLACEMENT_3D('',#13758,#11362,#11363);
#9124=AXIS2_PLACEMENT_3D('',#13759,#11364,#11365);
#9125=AXIS2_PLACEMENT_3D('',#13763,#11368,#11369);
#9126=AXIS2_PLACEMENT_3D('',#13766,#11371,#11372);
#9127=AXIS2_PLACEMENT_3D('',#13767,#11373,#11374);
#9128=AXIS2_PLACEMENT_3D('',#13771,#11377,#11378);
#9129=AXIS2_PLACEMENT_3D('',#13774,#11380,#11381);
#9130=AXIS2_PLACEMENT_3D('',#13775,#11382,#11383);
#9131=AXIS2_PLACEMENT_3D('',#13779,#11386,#11387);
#9132=AXIS2_PLACEMENT_3D('',#13783,#11390,#11391);
#9133=AXIS2_PLACEMENT_3D('',#13786,#11393,#11394);
#9134=AXIS2_PLACEMENT_3D('',#13787,#11395,#11396);
#9135=AXIS2_PLACEMENT_3D('',#13789,#11398,#11399);
#9136=AXIS2_PLACEMENT_3D('',#13791,#11401,#11402);
#9137=AXIS2_PLACEMENT_3D('',#13792,#11403,#11404);
#9138=AXIS2_PLACEMENT_3D('',#13795,#11406,#11407);
#9139=AXIS2_PLACEMENT_3D('',#13798,#11409,#11410);
#9140=AXIS2_PLACEMENT_3D('',#13802,#11413,#11414);
#9141=AXIS2_PLACEMENT_3D('',#13805,#11416,#11417);
#9142=AXIS2_PLACEMENT_3D('',#13806,#11418,#11419);
#9143=AXIS2_PLACEMENT_3D('',#13810,#11422,#11423);
#9144=AXIS2_PLACEMENT_3D('',#13813,#11425,#11426);
#9145=AXIS2_PLACEMENT_3D('',#13814,#11427,#11428);
#9146=AXIS2_PLACEMENT_3D('',#13818,#11431,#11432);
#9147=AXIS2_PLACEMENT_3D('',#13821,#11434,#11435);
#9148=AXIS2_PLACEMENT_3D('',#13822,#11436,#11437);
#9149=AXIS2_PLACEMENT_3D('',#13826,#11440,#11441);
#9150=AXIS2_PLACEMENT_3D('',#13827,#11442,#11443);
#9151=AXIS2_PLACEMENT_3D('',#13828,#11444,#11445);
#9152=AXIS2_PLACEMENT_3D('',#13832,#11448,#11449);
#9153=AXIS2_PLACEMENT_3D('',#13838,#11453,#11454);
#9154=AXIS2_PLACEMENT_3D('',#13841,#11456,#11457);
#9155=AXIS2_PLACEMENT_3D('',#13842,#11458,#11459);
#9156=AXIS2_PLACEMENT_3D('',#13844,#11461,#11462);
#9157=AXIS2_PLACEMENT_3D('',#13846,#11464,#11465);
#9158=AXIS2_PLACEMENT_3D('',#13847,#11466,#11467);
#9159=AXIS2_PLACEMENT_3D('',#13848,#11468,#11469);
#9160=AXIS2_PLACEMENT_3D('',#13849,#11470,#11471);
#9161=AXIS2_PLACEMENT_3D('',#13850,#11472,#11473);
#9162=AXIS2_PLACEMENT_3D('',#13851,#11474,#11475);
#9163=AXIS2_PLACEMENT_3D('',#13852,#11476,#11477);
#9164=AXIS2_PLACEMENT_3D('',#13853,#11478,#11479);
#9165=AXIS2_PLACEMENT_3D('',#13854,#11480,#11481);
#9166=DIRECTION('',(0.,0.,1.));
#9167=DIRECTION('',(1.,0.,0.));
#9168=DIRECTION('',(0.,0.,1.));
#9169=DIRECTION('',(1.,0.,0.));
#9170=DIRECTION('',(-1.,0.,0.));
#9171=DIRECTION('',(0.,1.,0.));
#9172=DIRECTION('',(1.,0.,0.));
#9173=DIRECTION('',(0.,1.,0.));
#9174=DIRECTION('',(-1.,0.,0.));
#9175=DIRECTION('',(0.,-1.,0.));
#9176=DIRECTION('',(1.,0.,0.));
#9177=DIRECTION('',(0.,1.,0.));
#9178=DIRECTION('',(1.,0.,0.));
#9179=DIRECTION('',(0.,1.,0.));
#9180=DIRECTION('',(1.,0.,0.));
#9181=DIRECTION('',(0.,-1.,0.));
#9182=DIRECTION('',(0.,-1.,0.));
#9183=DIRECTION('',(0.,0.,1.));
#9184=DIRECTION('',(1.,0.,0.));
#9185=DIRECTION('',(-1.,0.,0.));
#9186=DIRECTION('',(0.,0.,1.));
#9187=DIRECTION('',(1.,0.,0.));
#9188=DIRECTION('',(0.,1.,0.));
#9189=DIRECTION('',(0.,0.,1.));
#9190=DIRECTION('',(1.,0.,0.));
#9191=DIRECTION('',(1.,0.,0.));
#9192=DIRECTION('',(0.,1.,0.));
#9193=DIRECTION('',(-1.,0.,0.));
#9194=DIRECTION('',(0.,0.,1.));
#9195=DIRECTION('',(1.,0.,0.));
#9196=DIRECTION('',(0.,1.,0.));
#9197=DIRECTION('',(0.,0.,1.));
#9198=DIRECTION('',(1.,0.,0.));
#9199=DIRECTION('',(1.,0.,0.));
#9200=DIRECTION('',(0.,0.,1.));
#9201=DIRECTION('',(1.,0.,0.));
#9202=DIRECTION('',(0.,-1.,0.));
#9203=DIRECTION('',(0.,0.,1.));
#9204=DIRECTION('',(1.,0.,0.));
#9205=DIRECTION('',(-1.,0.,0.));
#9206=DIRECTION('',(0.,-1.,0.));
#9207=DIRECTION('',(1.,0.,0.));
#9208=DIRECTION('',(0.,0.,1.));
#9209=DIRECTION('',(1.,0.,0.));
#9210=DIRECTION('',(0.,0.,-1.));
#9211=DIRECTION('',(-1.,0.,0.));
#9212=DIRECTION('',(1.,0.,0.));
#9213=DIRECTION('',(0.,1.,0.));
#9214=DIRECTION('',(1.,0.,0.));
#9215=DIRECTION('',(0.,1.,0.));
#9216=DIRECTION('',(1.,0.,0.));
#9217=DIRECTION('',(0.,-1.,0.));
#9218=DIRECTION('',(1.,0.,0.));
#9219=DIRECTION('',(1.,0.,0.));
#9220=DIRECTION('',(1.,0.,0.));
#9221=DIRECTION('',(0.,-1.,0.));
#9222=DIRECTION('',(0.,-1.,0.));
#9223=DIRECTION('',(0.,0.,-1.));
#9224=DIRECTION('',(-1.,0.,0.));
#9225=DIRECTION('',(1.,0.,0.));
#9226=DIRECTION('',(0.,0.,-1.));
#9227=DIRECTION('',(-1.,0.,0.));
#9228=DIRECTION('',(0.,1.,0.));
#9229=DIRECTION('',(0.,0.,-1.));
#9230=DIRECTION('',(-1.,0.,0.));
#9231=DIRECTION('',(-1.,0.,0.));
#9232=DIRECTION('',(0.,1.,0.));
#9233=DIRECTION('',(1.,0.,0.));
#9234=DIRECTION('',(0.,0.,-1.));
#9235=DIRECTION('',(-1.,0.,0.));
#9236=DIRECTION('',(0.,1.,0.));
#9237=DIRECTION('',(0.,0.,-1.));
#9238=DIRECTION('',(-1.,0.,0.));
#9239=DIRECTION('',(-1.,0.,0.));
#9240=DIRECTION('',(0.,0.,-1.));
#9241=DIRECTION('',(-1.,0.,0.));
#9242=DIRECTION('',(0.,-1.,0.));
#9243=DIRECTION('',(0.,0.,-1.));
#9244=DIRECTION('',(-1.,0.,0.));
#9245=DIRECTION('',(1.,0.,0.));
#9246=DIRECTION('',(0.,-1.,0.));
#9247=DIRECTION('',(-1.,0.,0.));
#9248=DIRECTION('',(0.,0.,-1.));
#9249=DIRECTION('',(-1.,0.,0.));
#9250=DIRECTION('',(0.,-1.,0.));
#9251=DIRECTION('',(0.,0.,-1.));
#9252=DIRECTION('',(-1.,0.,0.));
#9253=DIRECTION('',(0.,0.,-1.));
#9254=DIRECTION('',(0.,1.,0.));
#9255=DIRECTION('',(1.,0.,0.));
#9256=DIRECTION('',(0.,0.,1.));
#9257=DIRECTION('',(-1.,0.,0.));
#9258=DIRECTION('',(0.,0.,-1.));
#9259=DIRECTION('',(-1.,0.,0.));
#9260=DIRECTION('',(0.,0.,1.));
#9261=DIRECTION('',(1.,0.,0.));
#9262=DIRECTION('',(0.,0.,-1.));
#9263=DIRECTION('',(-1.,0.,0.));
#9264=DIRECTION('',(0.,0.,-1.));
#9265=DIRECTION('',(0.,-1.,0.));
#9266=DIRECTION('',(0.,0.,-1.));
#9267=DIRECTION('',(1.,0.,0.));
#9268=DIRECTION('',(0.,0.,1.));
#9269=DIRECTION('',(0.,1.,0.));
#9270=DIRECTION('',(1.,0.,0.));
#9271=DIRECTION('',(0.,1.,0.));
#9272=DIRECTION('',(1.,0.,0.));
#9273=DIRECTION('',(0.,1.,0.));
#9274=DIRECTION('',(1.,0.,0.));
#9275=DIRECTION('',(-1.,0.,0.));
#9276=DIRECTION('',(0.,1.,0.));
#9277=DIRECTION('',(1.,0.,0.));
#9278=DIRECTION('',(0.,1.,0.));
#9279=DIRECTION('',(1.,0.,0.));
#9280=DIRECTION('',(0.,1.,0.));
#9281=DIRECTION('',(1.,0.,0.));
#9282=DIRECTION('',(0.,0.,-1.));
#9283=DIRECTION('',(1.,0.,0.));
#9284=DIRECTION('',(0.,0.,-1.));
#9285=DIRECTION('',(1.,0.,0.));
#9286=DIRECTION('',(0.,0.,-1.));
#9287=DIRECTION('',(1.,0.,0.));
#9288=DIRECTION('',(0.,0.,1.));
#9289=DIRECTION('',(1.,0.,0.));
#9290=DIRECTION('',(0.,0.,-1.));
#9291=DIRECTION('',(1.,0.,0.));
#9292=DIRECTION('',(0.,0.,-1.));
#9293=DIRECTION('',(0.,0.,1.));
#9294=DIRECTION('',(0.,-1.,0.));
#9295=DIRECTION('',(0.,-1.,0.));
#9296=DIRECTION('',(0.,2.11098553832847E-17,1.));
#9297=DIRECTION('',(0.,1.,0.));
#9298=DIRECTION('',(0.,-1.,0.));
#9299=DIRECTION('',(1.,0.,0.));
#9300=DIRECTION('',(0.,0.,-1.));
#9301=DIRECTION('',(0.,-1.,0.));
#9302=DIRECTION('',(0.,0.,1.));
#9303=DIRECTION('',(0.,1.,0.));
#9304=DIRECTION('',(0.,0.,-1.));
#9305=DIRECTION('',(0.,1.,0.));
#9306=DIRECTION('',(0.,0.,-1.));
#9307=DIRECTION('',(0.,-1.,0.));
#9308=DIRECTION('',(0.,0.,-1.));
#9309=DIRECTION('',(0.,0.,-1.));
#9310=DIRECTION('',(0.,-1.,0.));
#9311=DIRECTION('',(0.,1.,0.));
#9312=DIRECTION('',(0.,2.11098553832847E-17,1.));
#9313=DIRECTION('',(0.,-1.,0.));
#9314=DIRECTION('',(0.,-1.,0.));
#9315=DIRECTION('',(0.,0.,-1.));
#9316=DIRECTION('',(-1.,0.,0.));
#9317=DIRECTION('',(0.,-1.,0.));
#9318=DIRECTION('',(1.,0.,0.));
#9319=DIRECTION('',(0.,-1.,0.));
#9320=DIRECTION('',(0.,0.,1.));
#9321=DIRECTION('',(1.,0.,0.));
#9322=DIRECTION('',(0.,-1.,0.));
#9323=DIRECTION('',(1.,0.,0.));
#9324=DIRECTION('',(0.,-1.,0.));
#9325=DIRECTION('',(0.,0.,1.));
#9326=DIRECTION('',(1.,0.,0.));
#9327=DIRECTION('',(1.,0.,0.));
#9328=DIRECTION('',(0.,1.,0.));
#9329=DIRECTION('',(1.,0.,0.));
#9330=DIRECTION('',(0.,-1.,0.));
#9331=DIRECTION('',(0.,0.,-1.));
#9332=DIRECTION('',(1.,0.,0.));
#9333=DIRECTION('',(0.,0.,1.));
#9334=DIRECTION('',(0.,0.,1.));
#9335=DIRECTION('',(1.,0.,0.));
#9336=DIRECTION('',(1.,0.,0.));
#9337=DIRECTION('',(0.,1.,0.));
#9338=DIRECTION('',(0.,-1.,0.));
#9339=DIRECTION('',(0.,0.,-1.));
#9340=DIRECTION('',(1.,0.,0.));
#9341=DIRECTION('',(0.,0.,1.));
#9342=DIRECTION('',(0.,0.,-1.));
#9343=DIRECTION('',(-1.,0.,0.));
#9344=DIRECTION('',(1.,0.,0.));
#9345=DIRECTION('',(0.,-1.,0.));
#9346=DIRECTION('',(0.,-1.,0.));
#9347=DIRECTION('',(0.,0.,-1.));
#9348=DIRECTION('',(1.,0.,0.));
#9349=DIRECTION('',(0.,0.,1.));
#9350=DIRECTION('',(0.,0.,-1.));
#9351=DIRECTION('',(-1.,0.,0.));
#9352=DIRECTION('',(1.,0.,0.));
#9353=DIRECTION('',(0.,-1.,0.));
#9354=DIRECTION('',(0.,1.,0.));
#9355=DIRECTION('',(0.,0.,1.));
#9356=DIRECTION('',(0.,0.,-1.));
#9357=DIRECTION('',(1.,0.,0.));
#9358=DIRECTION('',(0.,0.,-1.));
#9359=DIRECTION('',(0.,0.,-1.));
#9360=DIRECTION('',(0.,1.,0.));
#9361=DIRECTION('',(0.,0.,1.));
#9362=DIRECTION('',(0.,-1.,0.));
#9363=DIRECTION('',(0.,0.,-1.));
#9364=DIRECTION('',(0.,-1.,0.));
#9365=DIRECTION('',(0.,0.,-1.));
#9366=DIRECTION('',(0.,1.,0.));
#9367=DIRECTION('',(0.,-1.,0.));
#9368=DIRECTION('',(0.,0.,1.));
#9369=DIRECTION('',(0.,1.,0.));
#9370=DIRECTION('',(0.,0.,-1.));
#9371=DIRECTION('',(0.,1.,0.));
#9372=DIRECTION('',(0.,0.,-1.));
#9373=DIRECTION('',(0.,-1.,0.));
#9374=DIRECTION('',(0.,0.,1.));
#9375=DIRECTION('',(0.,-1.,0.));
#9376=DIRECTION('',(0.,0.,1.));
#9377=DIRECTION('',(0.,1.,0.));
#9378=DIRECTION('',(0.,0.,-1.));
#9379=DIRECTION('',(0.,-1.,0.));
#9380=DIRECTION('',(0.,0.,1.));
#9381=DIRECTION('',(0.,1.,0.));
#9382=DIRECTION('',(0.,0.,-1.));
#9383=DIRECTION('',(0.,-1.,0.));
#9384=DIRECTION('',(0.,0.,1.));
#9385=DIRECTION('',(0.,1.,0.));
#9386=DIRECTION('',(0.,0.,-1.));
#9387=DIRECTION('',(0.,1.,0.));
#9388=DIRECTION('',(0.,0.,-1.));
#9389=DIRECTION('',(0.,-1.,0.));
#9390=DIRECTION('',(0.,0.,1.));
#9391=DIRECTION('',(0.,-1.,0.));
#9392=DIRECTION('',(0.,0.,1.));
#9393=DIRECTION('',(0.,1.,0.));
#9394=DIRECTION('',(0.,0.,-1.));
#9395=DIRECTION('',(0.,-1.,0.));
#9396=DIRECTION('',(0.,0.,1.));
#9397=DIRECTION('',(0.,1.,0.));
#9398=DIRECTION('',(0.,0.,-1.));
#9399=DIRECTION('',(0.,-1.,0.));
#9400=DIRECTION('',(0.,0.,1.));
#9401=DIRECTION('',(0.,1.,0.));
#9402=DIRECTION('',(0.,0.,-1.));
#9403=DIRECTION('',(0.,-1.,0.));
#9404=DIRECTION('',(0.,0.,1.));
#9405=DIRECTION('',(0.,1.,0.));
#9406=DIRECTION('',(0.,0.,-1.));
#9407=DIRECTION('',(0.,0.,1.));
#9408=DIRECTION('',(0.,1.,0.));
#9409=DIRECTION('',(0.,0.,-1.));
#9410=DIRECTION('',(0.,-1.,0.));
#9411=DIRECTION('',(0.,-1.,0.));
#9412=DIRECTION('',(0.,0.,1.));
#9413=DIRECTION('',(0.,1.,0.));
#9414=DIRECTION('',(0.,0.,-1.));
#9415=DIRECTION('',(0.,0.,1.));
#9416=DIRECTION('',(0.,1.,0.));
#9417=DIRECTION('',(0.,0.,-1.));
#9418=DIRECTION('',(0.,-1.,0.));
#9419=DIRECTION('',(0.,-1.,0.));
#9420=DIRECTION('',(0.,0.,1.));
#9421=DIRECTION('',(0.,1.,0.));
#9422=DIRECTION('',(0.,0.,-1.));
#9423=DIRECTION('',(0.,0.,-1.));
#9424=DIRECTION('',(0.,-1.,0.));
#9425=DIRECTION('',(0.,0.,1.));
#9426=DIRECTION('',(0.,1.,0.));
#9427=DIRECTION('',(0.,-1.,0.));
#9428=DIRECTION('',(0.,0.,1.));
#9429=DIRECTION('',(0.,1.,0.));
#9430=DIRECTION('',(0.,0.,-1.));
#9431=DIRECTION('',(0.,1.,0.));
#9432=DIRECTION('',(0.,0.,-1.));
#9433=DIRECTION('',(0.,-1.,0.));
#9434=DIRECTION('',(0.,0.,1.));
#9435=DIRECTION('',(0.,0.,-1.));
#9436=DIRECTION('',(0.,-1.,0.));
#9437=DIRECTION('',(0.,0.,1.));
#9438=DIRECTION('',(0.,1.,0.));
#9439=DIRECTION('',(0.,1.,0.));
#9440=DIRECTION('',(0.,0.,-1.));
#9441=DIRECTION('',(0.,-1.,0.));
#9442=DIRECTION('',(0.,0.,1.));
#9443=DIRECTION('',(0.,-1.,0.));
#9444=DIRECTION('',(0.,0.,1.));
#9445=DIRECTION('',(0.,1.,0.));
#9446=DIRECTION('',(0.,0.,-1.));
#9447=DIRECTION('',(0.,-1.,0.));
#9448=DIRECTION('',(0.,0.,1.));
#9449=DIRECTION('',(0.,1.,0.));
#9450=DIRECTION('',(0.,0.,-1.));
#9451=DIRECTION('',(0.,0.,-1.));
#9452=DIRECTION('',(0.,-1.,0.));
#9453=DIRECTION('',(0.,0.,1.));
#9454=DIRECTION('',(0.,1.,0.));
#9455=DIRECTION('',(0.,0.,1.));
#9456=DIRECTION('',(0.,1.,0.));
#9457=DIRECTION('',(0.,0.,-1.));
#9458=DIRECTION('',(0.,-1.,0.));
#9459=DIRECTION('',(0.,-1.,0.));
#9460=DIRECTION('',(0.,0.,1.));
#9461=DIRECTION('',(0.,1.,0.));
#9462=DIRECTION('',(0.,0.,-1.));
#9463=DIRECTION('',(0.,-1.,0.));
#9464=DIRECTION('',(0.,0.,1.));
#9465=DIRECTION('',(0.,1.,0.));
#9466=DIRECTION('',(0.,0.,-1.));
#9467=DIRECTION('',(0.,-1.,0.));
#9468=DIRECTION('',(0.,0.,1.));
#9469=DIRECTION('',(0.,1.,0.));
#9470=DIRECTION('',(0.,0.,-1.));
#9471=DIRECTION('',(0.,-1.,0.));
#9472=DIRECTION('',(0.,0.,-1.));
#9473=DIRECTION('',(0.,0.,1.));
#9474=DIRECTION('',(-1.,0.,0.));
#9475=DIRECTION('',(0.,0.,-1.));
#9476=DIRECTION('',(0.,0.,1.));
#9477=DIRECTION('',(-1.,0.,0.));
#9478=DIRECTION('',(1.,0.,0.));
#9479=DIRECTION('',(0.,0.,1.));
#9480=DIRECTION('',(0.,0.,-1.));
#9481=DIRECTION('',(1.,0.,0.));
#9482=DIRECTION('',(0.,1.,0.));
#9483=DIRECTION('',(0.,0.,1.));
#9484=DIRECTION('',(0.,0.,-1.));
#9485=DIRECTION('',(1.,0.,0.));
#9486=DIRECTION('',(0.,0.,1.));
#9487=DIRECTION('',(0.,0.,-1.));
#9488=DIRECTION('',(-1.,0.,0.));
#9489=DIRECTION('',(0.,1.,0.));
#9490=DIRECTION('',(1.,0.,0.));
#9491=DIRECTION('',(0.,-1.,0.));
#9492=DIRECTION('',(1.,0.,0.));
#9493=DIRECTION('',(0.,-1.,0.));
#9494=DIRECTION('',(1.,0.,0.));
#9495=DIRECTION('',(0.,1.,0.));
#9496=DIRECTION('',(0.,1.,-2.11098553832847E-17));
#9497=DIRECTION('',(0.,2.11098553832847E-17,1.));
#9498=DIRECTION('',(1.,0.,0.));
#9499=DIRECTION('',(0.,0.,1.));
#9500=DIRECTION('',(1.,0.,0.));
#9501=DIRECTION('',(1.,0.,0.));
#9502=DIRECTION('',(0.,1.,0.));
#9503=DIRECTION('',(-1.,0.,0.));
#9504=DIRECTION('',(0.,-1.,0.));
#9505=DIRECTION('',(0.,-1.,0.));
#9506=DIRECTION('',(-1.,0.,0.));
#9507=DIRECTION('',(0.,1.,0.));
#9508=DIRECTION('',(0.,1.,0.));
#9509=DIRECTION('',(0.,0.,1.));
#9510=DIRECTION('',(0.,0.,1.));
#9511=DIRECTION('',(0.,0.,-1.));
#9512=DIRECTION('',(1.,0.,0.));
#9513=DIRECTION('',(0.,0.,-1.));
#9514=DIRECTION('',(0.,0.,1.));
#9515=DIRECTION('',(-1.,0.,0.));
#9516=DIRECTION('',(0.,0.,1.));
#9517=DIRECTION('',(0.,0.,-1.));
#9518=DIRECTION('',(1.,0.,0.));
#9519=DIRECTION('',(0.,0.,-1.));
#9520=DIRECTION('',(0.,0.,1.));
#9521=DIRECTION('',(-1.,0.,0.));
#9522=DIRECTION('',(0.,0.,1.));
#9523=DIRECTION('',(0.,0.,-1.));
#9524=DIRECTION('',(0.,0.,-1.));
#9525=DIRECTION('',(-1.,0.,0.));
#9526=DIRECTION('',(0.,-1.,0.));
#9527=DIRECTION('',(-1.,0.,0.));
#9528=DIRECTION('',(0.,-1.,0.));
#9529=DIRECTION('',(-1.,0.,0.));
#9530=DIRECTION('',(0.,0.,1.));
#9531=DIRECTION('',(0.,0.,1.));
#9532=DIRECTION('',(1.,0.,0.));
#9533=DIRECTION('',(0.,1.,0.));
#9534=DIRECTION('',(-1.,0.,0.));
#9535=DIRECTION('',(0.,-1.,0.));
#9536=DIRECTION('',(-1.,0.,0.));
#9537=DIRECTION('',(0.,0.,1.));
#9538=DIRECTION('',(1.,0.,0.));
#9539=DIRECTION('',(0.,0.,-1.));
#9540=DIRECTION('',(0.,-1.,0.));
#9541=DIRECTION('',(0.,0.,1.));
#9542=DIRECTION('',(1.,0.,0.));
#9543=DIRECTION('',(1.,0.,0.));
#9544=DIRECTION('',(0.,0.,-1.));
#9545=DIRECTION('',(0.,-1.,0.));
#9546=DIRECTION('',(0.,0.,-1.));
#9547=DIRECTION('',(-1.,0.,0.));
#9548=DIRECTION('',(0.,1.,0.));
#9549=DIRECTION('',(0.,0.,1.));
#9550=DIRECTION('',(0.,1.,0.));
#9551=DIRECTION('',(0.,0.,1.));
#9552=DIRECTION('',(0.,1.,0.));
#9553=DIRECTION('',(1.,0.,0.));
#9554=DIRECTION('',(0.,1.,0.));
#9555=DIRECTION('',(0.,0.,1.));
#9556=DIRECTION('',(0.,1.,0.));
#9557=DIRECTION('',(0.,0.,1.));
#9558=DIRECTION('',(0.,1.,0.));
#9559=DIRECTION('',(0.,0.,1.));
#9560=DIRECTION('',(0.,1.,0.));
#9561=DIRECTION('',(0.,0.,1.));
#9562=DIRECTION('',(0.,1.,0.));
#9563=DIRECTION('',(0.,0.,1.));
#9564=DIRECTION('',(0.,1.,0.));
#9565=DIRECTION('',(0.,1.,0.));
#9566=DIRECTION('',(0.,0.,1.));
#9567=DIRECTION('',(0.,1.,0.));
#9568=DIRECTION('',(0.,1.,0.));
#9569=DIRECTION('',(0.,0.,1.));
#9570=DIRECTION('',(0.,1.,0.));
#9571=DIRECTION('',(0.,0.,1.));
#9572=DIRECTION('',(0.,1.,0.));
#9573=DIRECTION('',(0.,1.,0.));
#9574=DIRECTION('',(0.,0.,1.));
#9575=DIRECTION('',(0.,1.,0.));
#9576=DIRECTION('',(0.,0.,1.));
#9577=DIRECTION('',(0.,1.,0.));
#9578=DIRECTION('',(0.,0.,1.));
#9579=DIRECTION('',(0.,1.,0.));
#9580=DIRECTION('',(0.,0.,1.));
#9581=DIRECTION('',(0.,1.,0.));
#9582=DIRECTION('',(0.,1.,0.));
#9583=DIRECTION('',(0.,0.,1.));
#9584=DIRECTION('',(0.,1.,0.));
#9585=DIRECTION('',(0.,0.,1.));
#9586=DIRECTION('',(0.,1.,0.));
#9587=DIRECTION('',(0.,1.,0.));
#9588=DIRECTION('',(0.,0.,1.));
#9589=DIRECTION('',(0.,1.,0.));
#9590=DIRECTION('',(0.,0.,1.));
#9591=DIRECTION('',(0.,1.,0.));
#9592=DIRECTION('',(0.,0.,-1.));
#9593=DIRECTION('',(-1.,0.,0.));
#9594=DIRECTION('',(-1.,0.,0.));
#9595=DIRECTION('',(0.,1.,0.));
#9596=DIRECTION('',(0.,0.,1.));
#9597=DIRECTION('',(0.,1.,0.));
#9598=DIRECTION('',(0.,0.,1.));
#9599=DIRECTION('',(0.,1.,0.));
#9600=DIRECTION('',(0.,0.,1.));
#9601=DIRECTION('',(0.,1.,0.));
#9602=DIRECTION('',(0.,0.,1.));
#9603=DIRECTION('',(-1.,0.,0.));
#9604=DIRECTION('',(0.,1.,0.));
#9605=DIRECTION('',(0.,0.,1.));
#9606=DIRECTION('',(0.,1.,0.));
#9607=DIRECTION('',(0.,0.,1.));
#9608=DIRECTION('',(0.,1.,0.));
#9609=DIRECTION('',(0.,0.,1.));
#9610=DIRECTION('',(1.,0.,0.));
#9611=DIRECTION('',(0.,1.,0.));
#9612=DIRECTION('',(0.,0.,1.));
#9613=DIRECTION('',(-0.285000000008901,0.,0.958527516555955));
#9614=DIRECTION('',(0.958527516555955,0.,0.285000000008901));
#9615=DIRECTION('',(-0.285333333318233,0.,-0.958428343120917));
#9616=DIRECTION('',(-0.958428343120917,0.,0.285333333318233));
#9617=DIRECTION('',(0.,1.,0.));
#9618=DIRECTION('',(0.,0.,1.));
#9619=DIRECTION('',(-0.999999999999948,0.,3.22196154305121E-7));
#9620=DIRECTION('',(3.22196154305121E-7,0.,0.999999999999948));
#9621=DIRECTION('',(0.,1.,0.));
#9622=DIRECTION('',(0.,0.,1.));
#9623=DIRECTION('',(-1.,0.,0.));
#9624=DIRECTION('',(0.,0.,1.));
#9625=DIRECTION('',(1.,0.,0.));
#9626=DIRECTION('',(0.,0.,-1.));
#9627=DIRECTION('',(-1.,0.,0.));
#9628=DIRECTION('',(0.,0.,1.));
#9629=DIRECTION('',(-1.,0.,0.));
#9630=DIRECTION('',(0.,0.,1.));
#9631=DIRECTION('',(-0.999999999999948,0.,3.22196149968296E-7));
#9632=DIRECTION('',(3.22196149968296E-7,0.,0.999999999999948));
#9633=DIRECTION('',(0.,1.,0.));
#9634=DIRECTION('',(0.,0.,1.));
#9635=DIRECTION('',(-0.284999982742777,0.000347773551021433,0.9585274586));
#9636=DIRECTION('',(0.958527516565248,0.,0.284999999977646));
#9637=DIRECTION('',(0.,1.,0.));
#9638=DIRECTION('',(0.,0.,1.));
#9639=DIRECTION('',(-0.285333333240458,0.,-0.958428343144071));
#9640=DIRECTION('',(-0.958428343144071,0.,0.285333333240458));
#9641=DIRECTION('',(0.,1.,0.));
#9642=DIRECTION('',(0.,0.,1.));
#9643=DIRECTION('',(0.,-1.,0.));
#9644=DIRECTION('',(0.,0.,-1.));
#9645=DIRECTION('',(0.,0.,1.));
#9646=DIRECTION('',(1.,0.,0.));
#9647=DIRECTION('',(0.,0.,-1.));
#9648=DIRECTION('',(0.,1.,0.));
#9649=DIRECTION('',(0.,0.,1.));
#9650=DIRECTION('',(0.,0.,1.));
#9651=DIRECTION('',(1.,0.,0.));
#9652=DIRECTION('',(0.,0.,-1.));
#9653=DIRECTION('',(-1.,0.,0.));
#9654=DIRECTION('',(0.,0.,1.));
#9655=DIRECTION('',(0.,0.,-1.));
#9656=DIRECTION('',(0.,1.,0.));
#9657=DIRECTION('',(0.,0.,1.));
#9658=DIRECTION('',(0.,1.,0.));
#9659=DIRECTION('',(0.,0.,1.));
#9660=DIRECTION('',(0.,0.,1.));
#9661=DIRECTION('',(1.,0.,0.));
#9662=DIRECTION('',(0.,0.,-1.));
#9663=DIRECTION('',(0.,1.,0.));
#9664=DIRECTION('',(0.,0.,1.));
#9665=DIRECTION('',(0.,0.,-1.));
#9666=DIRECTION('',(-1.,0.,0.));
#9667=DIRECTION('',(0.,0.,1.));
#9668=DIRECTION('',(0.,0.,1.));
#9669=DIRECTION('',(1.,0.,0.));
#9670=DIRECTION('',(0.,0.,1.));
#9671=DIRECTION('',(0.,0.,-1.));
#9672=DIRECTION('',(-1.,0.,0.));
#9673=DIRECTION('',(0.,0.,1.));
#9674=DIRECTION('',(-1.,0.,0.));
#9675=DIRECTION('',(0.,0.,1.));
#9676=DIRECTION('',(0.,0.,1.));
#9677=DIRECTION('',(0.,1.,0.));
#9678=DIRECTION('',(0.,0.,1.));
#9679=DIRECTION('',(1.,0.,0.));
#9680=DIRECTION('',(0.,0.,1.));
#9681=DIRECTION('',(0.,0.,-1.));
#9682=DIRECTION('',(-1.,0.,0.));
#9683=DIRECTION('',(0.,1.,0.));
#9684=DIRECTION('',(0.,0.,1.));
#9685=DIRECTION('',(0.,0.,1.));
#9686=DIRECTION('',(1.,0.,0.));
#9687=DIRECTION('',(-1.,0.,0.));
#9688=DIRECTION('',(0.,0.,1.));
#9689=DIRECTION('',(0.,0.,1.));
#9690=DIRECTION('',(0.,1.,0.));
#9691=DIRECTION('',(0.,-1.,0.));
#9692=DIRECTION('',(0.,0.,-1.));
#9693=DIRECTION('',(0.,0.,1.));
#9694=DIRECTION('',(-1.,0.,0.));
#9695=DIRECTION('',(0.,0.,1.));
#9696=DIRECTION('',(1.,0.,0.));
#9697=DIRECTION('',(0.,0.,1.));
#9698=DIRECTION('',(0.,0.,-1.));
#9699=DIRECTION('',(-1.,0.,0.));
#9700=DIRECTION('',(-1.,0.,0.));
#9701=DIRECTION('',(0.,0.,1.));
#9702=DIRECTION('',(0.,0.,1.));
#9703=DIRECTION('',(0.,1.,0.));
#9704=DIRECTION('',(0.,0.,1.));
#9705=DIRECTION('',(1.,0.,0.));
#9706=DIRECTION('',(0.,0.,1.));
#9707=DIRECTION('',(0.,0.,-1.));
#9708=DIRECTION('',(-1.,0.,0.));
#9709=DIRECTION('',(0.,1.,0.));
#9710=DIRECTION('',(0.,0.,1.));
#9711=DIRECTION('',(0.,0.,1.));
#9712=DIRECTION('',(1.,0.,0.));
#9713=DIRECTION('',(0.,0.,1.));
#9714=DIRECTION('',(1.,0.,0.));
#9715=DIRECTION('',(0.,0.,1.));
#9716=DIRECTION('',(0.,0.,-1.));
#9717=DIRECTION('',(-1.,0.,0.));
#9718=DIRECTION('',(1.,0.,0.));
#9719=DIRECTION('',(0.,0.,-1.));
#9720=DIRECTION('',(0.,0.,1.));
#9721=DIRECTION('',(0.,-1.,0.));
#9722=DIRECTION('',(0.,0.,1.));
#9723=DIRECTION('',(1.,0.,0.));
#9724=DIRECTION('',(0.,0.,1.));
#9725=DIRECTION('',(0.,0.,-1.));
#9726=DIRECTION('',(-1.,0.,0.));
#9727=DIRECTION('',(0.,-1.,0.));
#9728=DIRECTION('',(0.,0.,-1.));
#9729=DIRECTION('',(0.,0.,1.));
#9730=DIRECTION('',(-1.,0.,0.));
#9731=DIRECTION('',(1.,0.,0.));
#9732=DIRECTION('',(0.,0.,-1.));
#9733=DIRECTION('',(0.,0.,1.));
#9734=DIRECTION('',(0.,-1.,0.));
#9735=DIRECTION('',(0.,1.,0.));
#9736=DIRECTION('',(0.,0.,1.));
#9737=DIRECTION('',(0.,0.,1.));
#9738=DIRECTION('',(1.,0.,0.));
#9739=DIRECTION('',(0.,0.,1.));
#9740=DIRECTION('',(1.,0.,0.));
#9741=DIRECTION('',(0.,0.,1.));
#9742=DIRECTION('',(0.,0.,-1.));
#9743=DIRECTION('',(-1.,0.,0.));
#9744=DIRECTION('',(1.,0.,0.));
#9745=DIRECTION('',(0.,0.,-1.));
#9746=DIRECTION('',(0.,0.,1.));
#9747=DIRECTION('',(0.,-1.,0.));
#9748=DIRECTION('',(0.,0.,1.));
#9749=DIRECTION('',(1.,0.,0.));
#9750=DIRECTION('',(0.,0.,1.));
#9751=DIRECTION('',(0.,0.,-1.));
#9752=DIRECTION('',(-1.,0.,0.));
#9753=DIRECTION('',(0.,-1.,0.));
#9754=DIRECTION('',(0.,0.,-1.));
#9755=DIRECTION('',(-1.,0.,0.));
#9756=DIRECTION('',(0.,0.,-1.));
#9757=DIRECTION('',(-1.,0.,0.));
#9758=DIRECTION('',(0.,1.,0.));
#9759=DIRECTION('',(1.,0.,0.));
#9760=DIRECTION('',(0.,-1.,0.));
#9761=DIRECTION('',(-1.,0.,0.));
#9762=DIRECTION('',(0.,-1.,0.));
#9763=DIRECTION('',(1.,0.,0.));
#9764=DIRECTION('',(0.,-1.,0.));
#9765=DIRECTION('',(-1.,0.,0.));
#9766=DIRECTION('',(0.,1.,0.));
#9767=DIRECTION('',(1.,0.,0.));
#9768=DIRECTION('',(0.,1.,0.));
#9769=DIRECTION('',(-1.,0.,0.));
#9770=DIRECTION('',(0.,0.,-1.));
#9771=DIRECTION('',(-1.,0.,0.));
#9772=DIRECTION('',(0.,0.,-1.));
#9773=DIRECTION('',(0.,0.,1.));
#9774=DIRECTION('',(1.,0.,0.));
#9775=DIRECTION('',(0.,0.,-1.));
#9776=DIRECTION('',(1.,0.,0.));
#9777=DIRECTION('',(0.,0.,-1.));
#9778=DIRECTION('',(0.,0.,-1.));
#9779=DIRECTION('',(0.,1.,0.));
#9780=DIRECTION('',(0.,0.,-1.));
#9781=DIRECTION('',(-1.,0.,0.));
#9782=DIRECTION('',(0.,0.,-1.));
#9783=DIRECTION('',(0.,0.,1.));
#9784=DIRECTION('',(1.,0.,0.));
#9785=DIRECTION('',(0.,1.,0.));
#9786=DIRECTION('',(0.,0.,1.));
#9787=DIRECTION('',(0.,0.,-1.));
#9788=DIRECTION('',(-1.,0.,0.));
#9789=DIRECTION('',(1.,0.,0.));
#9790=DIRECTION('',(0.,0.,-1.));
#9791=DIRECTION('',(0.,0.,-1.));
#9792=DIRECTION('',(0.,1.,0.));
#9793=DIRECTION('',(0.,-1.,0.));
#9794=DIRECTION('',(0.,0.,-1.));
#9795=DIRECTION('',(0.,0.,-1.));
#9796=DIRECTION('',(1.,0.,0.));
#9797=DIRECTION('',(0.,0.,-1.));
#9798=DIRECTION('',(-1.,0.,0.));
#9799=DIRECTION('',(0.,0.,-1.));
#9800=DIRECTION('',(0.,0.,1.));
#9801=DIRECTION('',(1.,0.,0.));
#9802=DIRECTION('',(1.,0.,0.));
#9803=DIRECTION('',(0.,0.,-1.));
#9804=DIRECTION('',(0.,0.,-1.));
#9805=DIRECTION('',(0.,1.,0.));
#9806=DIRECTION('',(0.,0.,-1.));
#9807=DIRECTION('',(-1.,0.,0.));
#9808=DIRECTION('',(0.,0.,-1.));
#9809=DIRECTION('',(0.,0.,1.));
#9810=DIRECTION('',(1.,0.,0.));
#9811=DIRECTION('',(0.,1.,0.));
#9812=DIRECTION('',(0.,0.,1.));
#9813=DIRECTION('',(0.,0.,-1.));
#9814=DIRECTION('',(-1.,0.,0.));
#9815=DIRECTION('',(0.,0.,-1.));
#9816=DIRECTION('',(-1.,0.,0.));
#9817=DIRECTION('',(0.,0.,-1.));
#9818=DIRECTION('',(0.,0.,1.));
#9819=DIRECTION('',(1.,0.,0.));
#9820=DIRECTION('',(-1.,0.,0.));
#9821=DIRECTION('',(0.,0.,1.));
#9822=DIRECTION('',(0.,0.,-1.));
#9823=DIRECTION('',(0.,-1.,0.));
#9824=DIRECTION('',(0.,0.,-1.));
#9825=DIRECTION('',(-1.,0.,0.));
#9826=DIRECTION('',(0.,0.,-1.));
#9827=DIRECTION('',(0.,0.,1.));
#9828=DIRECTION('',(1.,0.,0.));
#9829=DIRECTION('',(0.,-1.,0.));
#9830=DIRECTION('',(0.,0.,-1.));
#9831=DIRECTION('',(0.,0.,-1.));
#9832=DIRECTION('',(1.,0.,0.));
#9833=DIRECTION('',(-1.,0.,0.));
#9834=DIRECTION('',(0.,0.,1.));
#9835=DIRECTION('',(0.,0.,-1.));
#9836=DIRECTION('',(0.,-1.,0.));
#9837=DIRECTION('',(0.,1.,0.));
#9838=DIRECTION('',(0.,0.,1.));
#9839=DIRECTION('',(0.,0.,-1.));
#9840=DIRECTION('',(-1.,0.,0.));
#9841=DIRECTION('',(0.,0.,-1.));
#9842=DIRECTION('',(-1.,0.,0.));
#9843=DIRECTION('',(0.,0.,-1.));
#9844=DIRECTION('',(0.,0.,1.));
#9845=DIRECTION('',(1.,0.,0.));
#9846=DIRECTION('',(-1.,0.,0.));
#9847=DIRECTION('',(0.,0.,1.));
#9848=DIRECTION('',(0.,0.,-1.));
#9849=DIRECTION('',(0.,-1.,0.));
#9850=DIRECTION('',(0.,0.,-1.));
#9851=DIRECTION('',(-1.,0.,0.));
#9852=DIRECTION('',(0.,0.,-1.));
#9853=DIRECTION('',(0.,0.,1.));
#9854=DIRECTION('',(1.,0.,0.));
#9855=DIRECTION('',(0.,-1.,0.));
#9856=DIRECTION('',(0.,0.,-1.));
#9857=DIRECTION('',(1.,0.,0.));
#9858=DIRECTION('',(0.,0.,1.));
#9859=DIRECTION('',(1.,0.,0.));
#9860=DIRECTION('',(0.,1.,0.));
#9861=DIRECTION('',(-1.,0.,0.));
#9862=DIRECTION('',(0.,-1.,0.));
#9863=DIRECTION('',(1.,0.,0.));
#9864=DIRECTION('',(0.,-1.,0.));
#9865=DIRECTION('',(-1.,0.,0.));
#9866=DIRECTION('',(0.,-1.,0.));
#9867=DIRECTION('',(1.,0.,0.));
#9868=DIRECTION('',(0.,1.,0.));
#9869=DIRECTION('',(-1.,0.,0.));
#9870=DIRECTION('',(0.,1.,0.));
#9871=DIRECTION('',(1.,0.,0.));
#9872=DIRECTION('',(0.,-0.894427190999916,0.447213595499957));
#9873=DIRECTION('',(-1.,0.,0.));
#9874=DIRECTION('',(0.,0.447213595499957,0.894427190999916));
#9875=DIRECTION('',(-3.87895961444886E-15,-0.447213595499957,-0.894427190999916));
#9876=DIRECTION('',(0.,0.,-1.));
#9877=DIRECTION('',(-1.,0.,0.));
#9878=DIRECTION('',(0.447213595499959,0.,-0.894427190999915));
#9879=DIRECTION('',(0.,0.,-1.));
#9880=DIRECTION('',(-1.,0.,0.));
#9881=DIRECTION('',(0.447213595499956,0.,0.894427190999917));
#9882=DIRECTION('',(0.894427190999915,0.,0.447213595499959));
#9883=DIRECTION('',(0.,-1.,0.));
#9884=DIRECTION('',(0.447213595499959,3.87895961444886E-15,-0.894427190999915));
#9885=DIRECTION('',(-0.894427190999917,0.,0.447213595499956));
#9886=DIRECTION('',(0.,1.,0.));
#9887=DIRECTION('',(0.447213595499956,0.,0.894427190999917));
#9888=DIRECTION('',(0.,0.,-1.));
#9889=DIRECTION('',(-1.,0.,0.));
#9890=DIRECTION('',(0.,0.447213595499959,-0.894427190999915));
#9891=DIRECTION('',(0.,0.,-1.));
#9892=DIRECTION('',(-1.,0.,0.));
#9893=DIRECTION('',(0.,-0.447213595499959,0.894427190999915));
#9894=DIRECTION('',(0.,0.894427190999916,0.447213595499957));
#9895=DIRECTION('',(1.,0.,0.));
#9896=DIRECTION('',(-0.408248290463864,-0.408248290463862,0.816496580927726));
#9897=DIRECTION('',(0.,0.894427190999916,0.447213595499957));
#9898=DIRECTION('',(1.,0.,0.));
#9899=DIRECTION('',(0.408248290463861,-0.408248290463863,0.816496580927727));
#9900=DIRECTION('',(0.894427190999915,0.,0.447213595499959));
#9901=DIRECTION('',(0.,-1.,0.));
#9902=DIRECTION('',(-0.408248290463864,0.408248290463862,0.816496580927726));
#9903=DIRECTION('',(-0.894427190999917,0.,0.447213595499956));
#9904=DIRECTION('',(0.,1.,0.));
#9905=DIRECTION('',(0.408248290463861,0.408248290463863,0.816496580927727));
#9906=DIRECTION('',(0.,-0.894427190999916,0.447213595499957));
#9907=DIRECTION('',(-1.,0.,0.));
#9908=DIRECTION('',(0.,-0.447213595499957,-0.894427190999916));
#9909=DIRECTION('',(0.,-0.894427190999916,0.447213595499957));
#9910=DIRECTION('',(-1.,0.,0.));
#9911=DIRECTION('',(0.,0.447213595499957,0.894427190999916));
#9912=DIRECTION('',(0.,0.,-1.));
#9913=DIRECTION('',(-1.,0.,0.));
#9914=DIRECTION('',(0.447213595499956,0.,-0.894427190999917));
#9915=DIRECTION('',(0.,0.,-1.));
#9916=DIRECTION('',(-1.,0.,0.));
#9917=DIRECTION('',(0.447213595499956,0.,0.894427190999917));
#9918=DIRECTION('',(0.894427190999915,0.,0.447213595499959));
#9919=DIRECTION('',(0.,-1.,0.));
#9920=DIRECTION('',(0.447213595499959,0.,-0.894427190999915));
#9921=DIRECTION('',(-0.894427190999917,0.,0.447213595499956));
#9922=DIRECTION('',(0.,1.,0.));
#9923=DIRECTION('',(0.447213595499956,0.,0.894427190999917));
#9924=DIRECTION('',(0.,0.,-1.));
#9925=DIRECTION('',(-1.,0.,0.));
#9926=DIRECTION('',(0.,0.447213595499959,-0.894427190999915));
#9927=DIRECTION('',(0.,0.,-1.));
#9928=DIRECTION('',(-1.,0.,0.));
#9929=DIRECTION('',(0.,-0.447213595499958,0.894427190999916));
#9930=DIRECTION('',(0.,0.894427190999916,0.447213595499957));
#9931=DIRECTION('',(1.,0.,0.));
#9932=DIRECTION('',(0.,-0.894427190999915,-0.447213595499959));
#9933=DIRECTION('',(1.,0.,0.));
#9934=DIRECTION('',(0.,0.447213595499959,-0.894427190999915));
#9935=DIRECTION('',(7.75791922889777E-15,-0.447213595499959,0.894427190999915));
#9936=DIRECTION('',(0.,0.,1.));
#9937=DIRECTION('',(1.,0.,0.));
#9938=DIRECTION('',(-0.447213595499958,0.,0.894427190999916));
#9939=DIRECTION('',(0.,0.,1.));
#9940=DIRECTION('',(1.,0.,0.));
#9941=DIRECTION('',(-0.447213595499961,-3.87895961444888E-15,-0.894427190999914));
#9942=DIRECTION('',(-0.894427190999916,0.,-0.447213595499958));
#9943=DIRECTION('',(0.,-1.,0.));
#9944=DIRECTION('',(-0.447213595499958,3.87895961444889E-15,0.894427190999916));
#9945=DIRECTION('',(0.894427190999914,0.,-0.447213595499961));
#9946=DIRECTION('',(0.,1.,0.));
#9947=DIRECTION('',(-0.447213595499961,0.,-0.894427190999914));
#9948=DIRECTION('',(0.,0.,1.));
#9949=DIRECTION('',(1.,0.,0.));
#9950=DIRECTION('',(0.,0.447213595499958,0.894427190999916));
#9951=DIRECTION('',(0.,0.,1.));
#9952=DIRECTION('',(1.,0.,0.));
#9953=DIRECTION('',(0.,-0.447213595499961,-0.894427190999914));
#9954=DIRECTION('',(0.,0.894427190999915,-0.447213595499959));
#9955=DIRECTION('',(-1.,0.,0.));
#9956=DIRECTION('',(0.408248290463863,-0.408248290463864,-0.816496580927725));
#9957=DIRECTION('',(0.,0.894427190999915,-0.447213595499959));
#9958=DIRECTION('',(-1.,0.,0.));
#9959=DIRECTION('',(-0.408248290463866,-0.408248290463864,-0.816496580927724));
#9960=DIRECTION('',(-0.894427190999916,0.,-0.447213595499958));
#9961=DIRECTION('',(0.,-1.,0.));
#9962=DIRECTION('',(0.408248290463863,0.408248290463864,-0.816496580927725));
#9963=DIRECTION('',(0.894427190999914,0.,-0.447213595499961));
#9964=DIRECTION('',(0.,1.,0.));
#9965=DIRECTION('',(-0.408248290463866,0.408248290463864,-0.816496580927724));
#9966=DIRECTION('',(0.,-0.894427190999915,-0.447213595499959));
#9967=DIRECTION('',(1.,0.,0.));
#9968=DIRECTION('',(7.75791922889777E-15,-0.447213595499959,0.894427190999915));
#9969=DIRECTION('',(0.,-0.894427190999915,-0.447213595499959));
#9970=DIRECTION('',(1.,0.,0.));
#9971=DIRECTION('',(0.,0.447213595499959,-0.894427190999915));
#9972=DIRECTION('',(0.,0.,1.));
#9973=DIRECTION('',(1.,0.,0.));
#9974=DIRECTION('',(-0.447213595499958,0.,0.894427190999916));
#9975=DIRECTION('',(0.,0.,1.));
#9976=DIRECTION('',(1.,0.,0.));
#9977=DIRECTION('',(-0.447213595499961,0.,-0.894427190999914));
#9978=DIRECTION('',(-0.894427190999916,0.,-0.447213595499958));
#9979=DIRECTION('',(0.,-1.,0.));
#9980=DIRECTION('',(-0.447213595499958,0.,0.894427190999916));
#9981=DIRECTION('',(0.894427190999914,0.,-0.447213595499961));
#9982=DIRECTION('',(0.,1.,0.));
#9983=DIRECTION('',(-0.447213595499961,0.,-0.894427190999914));
#9984=DIRECTION('',(0.,0.,1.));
#9985=DIRECTION('',(1.,0.,0.));
#9986=DIRECTION('',(0.,0.447213595499961,0.894427190999914));
#9987=DIRECTION('',(0.,0.,1.));
#9988=DIRECTION('',(1.,0.,0.));
#9989=DIRECTION('',(0.,-0.447213595499959,-0.894427190999915));
#9990=DIRECTION('',(0.,0.894427190999915,-0.447213595499959));
#9991=DIRECTION('',(-1.,0.,0.));
#9992=DIRECTION('',(0.,1.,0.));
#9993=DIRECTION('',(0.,0.,1.));
#9994=DIRECTION('',(1.,0.,0.));
#9995=DIRECTION('',(0.,0.,1.));
#9996=DIRECTION('',(1.,0.,0.));
#9997=DIRECTION('',(0.,0.,1.));
#9998=DIRECTION('',(0.,0.,1.));
#9999=DIRECTION('',(1.,0.,0.));
#10000=DIRECTION('',(0.,-1.,0.));
#10001=DIRECTION('',(1.,0.,0.));
#10002=DIRECTION('',(0.,-1.,0.));
#10003=DIRECTION('',(0.,-1.,0.));
#10004=DIRECTION('',(0.,0.,-1.));
#10005=DIRECTION('',(0.,0.,-1.));
#10006=DIRECTION('',(1.,0.,0.));
#10007=DIRECTION('',(0.,0.,-1.));
#10008=DIRECTION('',(0.,0.,-1.));
#10009=DIRECTION('',(-1.,0.,0.));
#10010=DIRECTION('',(0.,1.,0.));
#10011=DIRECTION('',(0.,1.,0.));
#10012=DIRECTION('',(1.,0.,0.));
#10013=DIRECTION('',(0.,0.,-1.));
#10014=DIRECTION('',(0.,1.,0.));
#10015=DIRECTION('',(0.,0.,1.));
#10016=DIRECTION('',(1.,0.,0.));
#10017=DIRECTION('',(0.,0.,1.));
#10018=DIRECTION('',(1.,0.,0.));
#10019=DIRECTION('',(0.,0.,1.));
#10020=DIRECTION('',(0.,0.,1.));
#10021=DIRECTION('',(1.,0.,0.));
#10022=DIRECTION('',(0.,-1.,0.));
#10023=DIRECTION('',(1.,0.,0.));
#10024=DIRECTION('',(0.,-1.,0.));
#10025=DIRECTION('',(0.,-1.,0.));
#10026=DIRECTION('',(0.,0.,-1.));
#10027=DIRECTION('',(0.,0.,-1.));
#10028=DIRECTION('',(1.,0.,0.));
#10029=DIRECTION('',(0.,0.,-1.));
#10030=DIRECTION('',(0.,0.,-1.));
#10031=DIRECTION('',(-1.,0.,0.));
#10032=DIRECTION('',(0.,1.,0.));
#10033=DIRECTION('',(0.,1.,0.));
#10034=DIRECTION('',(1.,0.,0.));
#10035=DIRECTION('',(0.,0.,-1.));
#10036=DIRECTION('',(0.,1.,0.));
#10037=DIRECTION('',(0.,0.,1.));
#10038=DIRECTION('',(1.,0.,0.));
#10039=DIRECTION('',(0.,0.,1.));
#10040=DIRECTION('',(1.,0.,0.));
#10041=DIRECTION('',(0.,0.,1.));
#10042=DIRECTION('',(0.,0.,1.));
#10043=DIRECTION('',(1.,0.,0.));
#10044=DIRECTION('',(0.,-1.,0.));
#10045=DIRECTION('',(1.,0.,0.));
#10046=DIRECTION('',(0.,-1.,0.));
#10047=DIRECTION('',(0.,-1.,0.));
#10048=DIRECTION('',(0.,0.,-1.));
#10049=DIRECTION('',(0.,0.,-1.));
#10050=DIRECTION('',(1.,0.,0.));
#10051=DIRECTION('',(0.,0.,-1.));
#10052=DIRECTION('',(0.,0.,-1.));
#10053=DIRECTION('',(-1.,0.,0.));
#10054=DIRECTION('',(0.,1.,0.));
#10055=DIRECTION('',(0.,1.,0.));
#10056=DIRECTION('',(1.,0.,0.));
#10057=DIRECTION('',(0.,0.,-1.));
#10058=DIRECTION('',(0.,1.,0.));
#10059=DIRECTION('',(0.,0.,1.));
#10060=DIRECTION('',(1.,0.,0.));
#10061=DIRECTION('',(0.,0.,1.));
#10062=DIRECTION('',(1.,0.,0.));
#10063=DIRECTION('',(0.,0.,1.));
#10064=DIRECTION('',(0.,0.,1.));
#10065=DIRECTION('',(1.,0.,0.));
#10066=DIRECTION('',(0.,-1.,0.));
#10067=DIRECTION('',(1.,0.,0.));
#10068=DIRECTION('',(0.,-1.,0.));
#10069=DIRECTION('',(0.,-1.,0.));
#10070=DIRECTION('',(0.,0.,-1.));
#10071=DIRECTION('',(0.,0.,-1.));
#10072=DIRECTION('',(1.,0.,0.));
#10073=DIRECTION('',(0.,0.,-1.));
#10074=DIRECTION('',(0.,0.,-1.));
#10075=DIRECTION('',(-1.,0.,0.));
#10076=DIRECTION('',(0.,1.,0.));
#10077=DIRECTION('',(0.,1.,0.));
#10078=DIRECTION('',(1.,0.,0.));
#10079=DIRECTION('',(0.,0.,-1.));
#10080=DIRECTION('',(0.,1.,0.));
#10081=DIRECTION('',(0.,0.,1.));
#10082=DIRECTION('',(1.,0.,0.));
#10083=DIRECTION('',(0.,0.,1.));
#10084=DIRECTION('',(1.,0.,0.));
#10085=DIRECTION('',(0.,0.,1.));
#10086=DIRECTION('',(0.,0.,1.));
#10087=DIRECTION('',(1.,0.,0.));
#10088=DIRECTION('',(0.,-1.,0.));
#10089=DIRECTION('',(1.,0.,0.));
#10090=DIRECTION('',(0.,-1.,0.));
#10091=DIRECTION('',(0.,-1.,0.));
#10092=DIRECTION('',(0.,0.,-1.));
#10093=DIRECTION('',(0.,0.,-1.));
#10094=DIRECTION('',(1.,0.,0.));
#10095=DIRECTION('',(0.,0.,-1.));
#10096=DIRECTION('',(0.,0.,-1.));
#10097=DIRECTION('',(-1.,0.,0.));
#10098=DIRECTION('',(0.,1.,0.));
#10099=DIRECTION('',(0.,1.,0.));
#10100=DIRECTION('',(1.,0.,0.));
#10101=DIRECTION('',(0.,0.,-1.));
#10102=DIRECTION('',(0.,1.,0.));
#10103=DIRECTION('',(0.,0.,1.));
#10104=DIRECTION('',(1.,0.,0.));
#10105=DIRECTION('',(0.,0.,1.));
#10106=DIRECTION('',(1.,0.,0.));
#10107=DIRECTION('',(0.,0.,1.));
#10108=DIRECTION('',(0.,0.,1.));
#10109=DIRECTION('',(1.,0.,0.));
#10110=DIRECTION('',(0.,-1.,0.));
#10111=DIRECTION('',(1.,0.,0.));
#10112=DIRECTION('',(0.,-1.,0.));
#10113=DIRECTION('',(0.,-1.,0.));
#10114=DIRECTION('',(0.,0.,-1.));
#10115=DIRECTION('',(0.,0.,-1.));
#10116=DIRECTION('',(1.,0.,0.));
#10117=DIRECTION('',(0.,0.,-1.));
#10118=DIRECTION('',(0.,0.,-1.));
#10119=DIRECTION('',(-1.,0.,0.));
#10120=DIRECTION('',(0.,1.,0.));
#10121=DIRECTION('',(0.,1.,0.));
#10122=DIRECTION('',(1.,0.,0.));
#10123=DIRECTION('',(0.,0.,-1.));
#10124=DIRECTION('',(0.,1.,0.));
#10125=DIRECTION('',(0.,0.,1.));
#10126=DIRECTION('',(1.,0.,0.));
#10127=DIRECTION('',(0.,0.,1.));
#10128=DIRECTION('',(1.,0.,0.));
#10129=DIRECTION('',(0.,0.,1.));
#10130=DIRECTION('',(0.,0.,1.));
#10131=DIRECTION('',(1.,0.,0.));
#10132=DIRECTION('',(0.,-1.,0.));
#10133=DIRECTION('',(1.,0.,0.));
#10134=DIRECTION('',(0.,-1.,0.));
#10135=DIRECTION('',(0.,-1.,0.));
#10136=DIRECTION('',(0.,0.,-1.));
#10137=DIRECTION('',(0.,0.,-1.));
#10138=DIRECTION('',(1.,0.,0.));
#10139=DIRECTION('',(0.,0.,-1.));
#10140=DIRECTION('',(0.,0.,-1.));
#10141=DIRECTION('',(-1.,0.,0.));
#10142=DIRECTION('',(0.,1.,0.));
#10143=DIRECTION('',(0.,1.,0.));
#10144=DIRECTION('',(1.,0.,0.));
#10145=DIRECTION('',(0.,0.,-1.));
#10146=DIRECTION('',(0.,1.,0.));
#10147=DIRECTION('',(0.,0.,1.));
#10148=DIRECTION('',(1.,0.,0.));
#10149=DIRECTION('',(0.,0.,1.));
#10150=DIRECTION('',(1.,0.,0.));
#10151=DIRECTION('',(0.,0.,1.));
#10152=DIRECTION('',(0.,0.,1.));
#10153=DIRECTION('',(1.,0.,0.));
#10154=DIRECTION('',(0.,-1.,0.));
#10155=DIRECTION('',(1.,0.,0.));
#10156=DIRECTION('',(0.,-1.,0.));
#10157=DIRECTION('',(0.,-1.,0.));
#10158=DIRECTION('',(0.,0.,-1.));
#10159=DIRECTION('',(0.,0.,-1.));
#10160=DIRECTION('',(1.,0.,0.));
#10161=DIRECTION('',(0.,0.,-1.));
#10162=DIRECTION('',(0.,0.,-1.));
#10163=DIRECTION('',(-1.,0.,0.));
#10164=DIRECTION('',(0.,1.,0.));
#10165=DIRECTION('',(0.,1.,0.));
#10166=DIRECTION('',(1.,0.,0.));
#10167=DIRECTION('',(0.,0.,-1.));
#10168=DIRECTION('',(0.,1.,0.));
#10169=DIRECTION('',(0.,0.,1.));
#10170=DIRECTION('',(1.,0.,0.));
#10171=DIRECTION('',(0.,0.,1.));
#10172=DIRECTION('',(1.,0.,0.));
#10173=DIRECTION('',(0.,0.,1.));
#10174=DIRECTION('',(0.,0.,1.));
#10175=DIRECTION('',(1.,0.,0.));
#10176=DIRECTION('',(0.,-1.,0.));
#10177=DIRECTION('',(1.,0.,0.));
#10178=DIRECTION('',(0.,-1.,0.));
#10179=DIRECTION('',(0.,-1.,0.));
#10180=DIRECTION('',(0.,0.,-1.));
#10181=DIRECTION('',(0.,0.,-1.));
#10182=DIRECTION('',(1.,0.,0.));
#10183=DIRECTION('',(0.,0.,-1.));
#10184=DIRECTION('',(0.,0.,-1.));
#10185=DIRECTION('',(-1.,0.,0.));
#10186=DIRECTION('',(0.,1.,0.));
#10187=DIRECTION('',(0.,1.,0.));
#10188=DIRECTION('',(1.,0.,0.));
#10189=DIRECTION('',(0.,0.,-1.));
#10190=DIRECTION('',(0.,1.,0.));
#10191=DIRECTION('',(0.,0.,1.));
#10192=DIRECTION('',(1.,0.,0.));
#10193=DIRECTION('',(0.,0.,1.));
#10194=DIRECTION('',(1.,0.,0.));
#10195=DIRECTION('',(0.,0.,1.));
#10196=DIRECTION('',(0.,0.,1.));
#10197=DIRECTION('',(1.,0.,0.));
#10198=DIRECTION('',(0.,-1.,0.));
#10199=DIRECTION('',(1.,0.,0.));
#10200=DIRECTION('',(0.,-1.,0.));
#10201=DIRECTION('',(0.,-1.,0.));
#10202=DIRECTION('',(0.,0.,-1.));
#10203=DIRECTION('',(0.,0.,-1.));
#10204=DIRECTION('',(1.,0.,0.));
#10205=DIRECTION('',(0.,0.,-1.));
#10206=DIRECTION('',(0.,0.,-1.));
#10207=DIRECTION('',(-1.,0.,0.));
#10208=DIRECTION('',(0.,1.,0.));
#10209=DIRECTION('',(0.,1.,0.));
#10210=DIRECTION('',(1.,0.,0.));
#10211=DIRECTION('',(0.,0.,-1.));
#10212=DIRECTION('',(0.,1.,0.));
#10213=DIRECTION('',(0.,0.,1.));
#10214=DIRECTION('',(1.,0.,0.));
#10215=DIRECTION('',(0.,0.,1.));
#10216=DIRECTION('',(1.,0.,0.));
#10217=DIRECTION('',(0.,0.,1.));
#10218=DIRECTION('',(0.,0.,1.));
#10219=DIRECTION('',(1.,0.,0.));
#10220=DIRECTION('',(0.,-1.,0.));
#10221=DIRECTION('',(1.,0.,0.));
#10222=DIRECTION('',(0.,-1.,0.));
#10223=DIRECTION('',(0.,-1.,0.));
#10224=DIRECTION('',(0.,0.,-1.));
#10225=DIRECTION('',(0.,0.,-1.));
#10226=DIRECTION('',(1.,0.,0.));
#10227=DIRECTION('',(0.,0.,-1.));
#10228=DIRECTION('',(0.,0.,-1.));
#10229=DIRECTION('',(-1.,0.,0.));
#10230=DIRECTION('',(0.,1.,0.));
#10231=DIRECTION('',(0.,1.,0.));
#10232=DIRECTION('',(1.,0.,0.));
#10233=DIRECTION('',(0.,0.,-1.));
#10234=DIRECTION('',(0.,1.,0.));
#10235=DIRECTION('',(0.,0.,1.));
#10236=DIRECTION('',(1.,0.,0.));
#10237=DIRECTION('',(0.,0.,1.));
#10238=DIRECTION('',(1.,0.,0.));
#10239=DIRECTION('',(0.,0.,1.));
#10240=DIRECTION('',(0.,0.,1.));
#10241=DIRECTION('',(1.,0.,0.));
#10242=DIRECTION('',(0.,-1.,0.));
#10243=DIRECTION('',(1.,0.,0.));
#10244=DIRECTION('',(0.,-1.,0.));
#10245=DIRECTION('',(0.,-1.,0.));
#10246=DIRECTION('',(0.,0.,-1.));
#10247=DIRECTION('',(0.,0.,-1.));
#10248=DIRECTION('',(1.,0.,0.));
#10249=DIRECTION('',(0.,0.,-1.));
#10250=DIRECTION('',(0.,0.,-1.));
#10251=DIRECTION('',(-1.,0.,0.));
#10252=DIRECTION('',(0.,1.,0.));
#10253=DIRECTION('',(0.,1.,0.));
#10254=DIRECTION('',(1.,0.,0.));
#10255=DIRECTION('',(0.,0.,-1.));
#10256=DIRECTION('',(0.,1.,0.));
#10257=DIRECTION('',(0.,0.,1.));
#10258=DIRECTION('',(1.,0.,0.));
#10259=DIRECTION('',(0.,0.,1.));
#10260=DIRECTION('',(1.,0.,0.));
#10261=DIRECTION('',(0.,0.,1.));
#10262=DIRECTION('',(0.,0.,1.));
#10263=DIRECTION('',(1.,0.,0.));
#10264=DIRECTION('',(0.,-1.,0.));
#10265=DIRECTION('',(1.,0.,0.));
#10266=DIRECTION('',(0.,-1.,0.));
#10267=DIRECTION('',(0.,-1.,0.));
#10268=DIRECTION('',(0.,0.,-1.));
#10269=DIRECTION('',(0.,0.,-1.));
#10270=DIRECTION('',(1.,0.,0.));
#10271=DIRECTION('',(0.,0.,-1.));
#10272=DIRECTION('',(0.,0.,-1.));
#10273=DIRECTION('',(-1.,0.,0.));
#10274=DIRECTION('',(0.,1.,0.));
#10275=DIRECTION('',(0.,1.,0.));
#10276=DIRECTION('',(1.,0.,0.));
#10277=DIRECTION('',(0.,0.,-1.));
#10278=DIRECTION('',(0.,1.,0.));
#10279=DIRECTION('',(0.,0.,1.));
#10280=DIRECTION('',(1.,0.,0.));
#10281=DIRECTION('',(0.,0.,1.));
#10282=DIRECTION('',(1.,0.,0.));
#10283=DIRECTION('',(0.,0.,1.));
#10284=DIRECTION('',(0.,0.,1.));
#10285=DIRECTION('',(1.,0.,0.));
#10286=DIRECTION('',(0.,-1.,0.));
#10287=DIRECTION('',(1.,0.,0.));
#10288=DIRECTION('',(0.,-1.,0.));
#10289=DIRECTION('',(0.,-1.,0.));
#10290=DIRECTION('',(0.,0.,-1.));
#10291=DIRECTION('',(0.,0.,-1.));
#10292=DIRECTION('',(1.,0.,0.));
#10293=DIRECTION('',(0.,0.,-1.));
#10294=DIRECTION('',(0.,0.,-1.));
#10295=DIRECTION('',(-1.,0.,0.));
#10296=DIRECTION('',(0.,1.,0.));
#10297=DIRECTION('',(0.,1.,0.));
#10298=DIRECTION('',(1.,0.,0.));
#10299=DIRECTION('',(0.,0.,-1.));
#10300=DIRECTION('',(0.,1.,0.));
#10301=DIRECTION('',(0.,0.,1.));
#10302=DIRECTION('',(1.,0.,0.));
#10303=DIRECTION('',(0.,0.,1.));
#10304=DIRECTION('',(1.,0.,0.));
#10305=DIRECTION('',(0.,0.,1.));
#10306=DIRECTION('',(0.,0.,1.));
#10307=DIRECTION('',(1.,0.,0.));
#10308=DIRECTION('',(0.,-1.,0.));
#10309=DIRECTION('',(1.,0.,0.));
#10310=DIRECTION('',(0.,-1.,0.));
#10311=DIRECTION('',(0.,-1.,0.));
#10312=DIRECTION('',(0.,0.,-1.));
#10313=DIRECTION('',(0.,0.,-1.));
#10314=DIRECTION('',(1.,0.,0.));
#10315=DIRECTION('',(0.,0.,-1.));
#10316=DIRECTION('',(0.,0.,-1.));
#10317=DIRECTION('',(-1.,0.,0.));
#10318=DIRECTION('',(0.,1.,0.));
#10319=DIRECTION('',(0.,1.,0.));
#10320=DIRECTION('',(1.,0.,0.));
#10321=DIRECTION('',(0.,0.,-1.));
#10322=DIRECTION('',(0.,1.,0.));
#10323=DIRECTION('',(0.,0.,1.));
#10324=DIRECTION('',(1.,0.,0.));
#10325=DIRECTION('',(0.,0.,1.));
#10326=DIRECTION('',(1.,0.,0.));
#10327=DIRECTION('',(0.,0.,1.));
#10328=DIRECTION('',(0.,0.,1.));
#10329=DIRECTION('',(1.,0.,0.));
#10330=DIRECTION('',(0.,-1.,0.));
#10331=DIRECTION('',(1.,0.,0.));
#10332=DIRECTION('',(0.,-1.,0.));
#10333=DIRECTION('',(0.,-1.,0.));
#10334=DIRECTION('',(0.,0.,-1.));
#10335=DIRECTION('',(0.,0.,-1.));
#10336=DIRECTION('',(1.,0.,0.));
#10337=DIRECTION('',(0.,0.,-1.));
#10338=DIRECTION('',(0.,0.,-1.));
#10339=DIRECTION('',(-1.,0.,0.));
#10340=DIRECTION('',(0.,1.,0.));
#10341=DIRECTION('',(0.,1.,0.));
#10342=DIRECTION('',(1.,0.,0.));
#10343=DIRECTION('',(0.,0.,-1.));
#10344=DIRECTION('',(0.,1.,0.));
#10345=DIRECTION('',(0.,0.,1.));
#10346=DIRECTION('',(1.,0.,0.));
#10347=DIRECTION('',(0.,0.,1.));
#10348=DIRECTION('',(1.,0.,0.));
#10349=DIRECTION('',(0.,0.,1.));
#10350=DIRECTION('',(0.,0.,1.));
#10351=DIRECTION('',(1.,0.,0.));
#10352=DIRECTION('',(0.,-1.,0.));
#10353=DIRECTION('',(1.,0.,0.));
#10354=DIRECTION('',(0.,-1.,0.));
#10355=DIRECTION('',(0.,-1.,0.));
#10356=DIRECTION('',(0.,0.,-1.));
#10357=DIRECTION('',(0.,0.,-1.));
#10358=DIRECTION('',(1.,0.,0.));
#10359=DIRECTION('',(0.,0.,-1.));
#10360=DIRECTION('',(0.,0.,-1.));
#10361=DIRECTION('',(-1.,0.,0.));
#10362=DIRECTION('',(0.,1.,0.));
#10363=DIRECTION('',(0.,1.,0.));
#10364=DIRECTION('',(1.,0.,0.));
#10365=DIRECTION('',(0.,0.,-1.));
#10366=DIRECTION('',(0.,1.,0.));
#10367=DIRECTION('',(0.,0.,1.));
#10368=DIRECTION('',(1.,0.,0.));
#10369=DIRECTION('',(0.,0.,1.));
#10370=DIRECTION('',(1.,0.,0.));
#10371=DIRECTION('',(0.,0.,1.));
#10372=DIRECTION('',(0.,0.,1.));
#10373=DIRECTION('',(1.,0.,0.));
#10374=DIRECTION('',(0.,-1.,0.));
#10375=DIRECTION('',(1.,0.,0.));
#10376=DIRECTION('',(0.,-1.,0.));
#10377=DIRECTION('',(0.,-1.,0.));
#10378=DIRECTION('',(0.,0.,-1.));
#10379=DIRECTION('',(0.,0.,-1.));
#10380=DIRECTION('',(1.,0.,0.));
#10381=DIRECTION('',(0.,0.,-1.));
#10382=DIRECTION('',(0.,0.,-1.));
#10383=DIRECTION('',(-1.,0.,0.));
#10384=DIRECTION('',(0.,1.,0.));
#10385=DIRECTION('',(0.,1.,0.));
#10386=DIRECTION('',(1.,0.,0.));
#10387=DIRECTION('',(0.,0.,-1.));
#10388=DIRECTION('',(0.,1.,0.));
#10389=DIRECTION('',(0.,0.,1.));
#10390=DIRECTION('',(1.,0.,0.));
#10391=DIRECTION('',(0.,0.,1.));
#10392=DIRECTION('',(1.,0.,0.));
#10393=DIRECTION('',(0.,0.,1.));
#10394=DIRECTION('',(0.,0.,1.));
#10395=DIRECTION('',(1.,0.,0.));
#10396=DIRECTION('',(0.,-1.,0.));
#10397=DIRECTION('',(1.,0.,0.));
#10398=DIRECTION('',(0.,-1.,0.));
#10399=DIRECTION('',(0.,-1.,0.));
#10400=DIRECTION('',(0.,0.,-1.));
#10401=DIRECTION('',(0.,0.,-1.));
#10402=DIRECTION('',(1.,0.,0.));
#10403=DIRECTION('',(0.,0.,-1.));
#10404=DIRECTION('',(0.,0.,-1.));
#10405=DIRECTION('',(-1.,0.,0.));
#10406=DIRECTION('',(0.,1.,0.));
#10407=DIRECTION('',(0.,1.,0.));
#10408=DIRECTION('',(1.,0.,0.));
#10409=DIRECTION('',(0.,0.,-1.));
#10410=DIRECTION('',(0.,1.,0.));
#10411=DIRECTION('',(0.,0.,1.));
#10412=DIRECTION('',(1.,0.,0.));
#10413=DIRECTION('',(0.,0.,1.));
#10414=DIRECTION('',(1.,0.,0.));
#10415=DIRECTION('',(0.,0.,1.));
#10416=DIRECTION('',(0.,0.,1.));
#10417=DIRECTION('',(1.,0.,0.));
#10418=DIRECTION('',(0.,-1.,0.));
#10419=DIRECTION('',(1.,0.,0.));
#10420=DIRECTION('',(0.,-1.,0.));
#10421=DIRECTION('',(0.,-1.,0.));
#10422=DIRECTION('',(0.,0.,-1.));
#10423=DIRECTION('',(0.,0.,-1.));
#10424=DIRECTION('',(1.,0.,0.));
#10425=DIRECTION('',(0.,0.,-1.));
#10426=DIRECTION('',(0.,0.,-1.));
#10427=DIRECTION('',(-1.,0.,0.));
#10428=DIRECTION('',(0.,1.,0.));
#10429=DIRECTION('',(0.,1.,0.));
#10430=DIRECTION('',(1.,0.,0.));
#10431=DIRECTION('',(0.,0.,-1.));
#10432=DIRECTION('',(0.,1.,0.));
#10433=DIRECTION('',(0.,0.,1.));
#10434=DIRECTION('',(1.,0.,0.));
#10435=DIRECTION('',(0.,0.,1.));
#10436=DIRECTION('',(1.,0.,0.));
#10437=DIRECTION('',(0.,0.,1.));
#10438=DIRECTION('',(0.,0.,1.));
#10439=DIRECTION('',(1.,0.,0.));
#10440=DIRECTION('',(0.,-1.,0.));
#10441=DIRECTION('',(1.,0.,0.));
#10442=DIRECTION('',(0.,-1.,0.));
#10443=DIRECTION('',(0.,-1.,0.));
#10444=DIRECTION('',(0.,0.,-1.));
#10445=DIRECTION('',(0.,0.,-1.));
#10446=DIRECTION('',(1.,0.,0.));
#10447=DIRECTION('',(0.,0.,-1.));
#10448=DIRECTION('',(0.,0.,-1.));
#10449=DIRECTION('',(-1.,0.,0.));
#10450=DIRECTION('',(0.,1.,0.));
#10451=DIRECTION('',(0.,1.,0.));
#10452=DIRECTION('',(1.,0.,0.));
#10453=DIRECTION('',(0.,0.,-1.));
#10454=DIRECTION('',(0.,1.,0.));
#10455=DIRECTION('',(0.,0.,1.));
#10456=DIRECTION('',(1.,0.,0.));
#10457=DIRECTION('',(0.,0.,1.));
#10458=DIRECTION('',(1.,0.,0.));
#10459=DIRECTION('',(0.,0.,1.));
#10460=DIRECTION('',(0.,0.,1.));
#10461=DIRECTION('',(1.,0.,0.));
#10462=DIRECTION('',(0.,-1.,0.));
#10463=DIRECTION('',(1.,0.,0.));
#10464=DIRECTION('',(0.,-1.,0.));
#10465=DIRECTION('',(0.,-1.,0.));
#10466=DIRECTION('',(0.,0.,-1.));
#10467=DIRECTION('',(0.,0.,-1.));
#10468=DIRECTION('',(1.,0.,0.));
#10469=DIRECTION('',(0.,0.,-1.));
#10470=DIRECTION('',(0.,0.,-1.));
#10471=DIRECTION('',(-1.,0.,0.));
#10472=DIRECTION('',(0.,1.,0.));
#10473=DIRECTION('',(0.,1.,0.));
#10474=DIRECTION('',(1.,0.,0.));
#10475=DIRECTION('',(0.,0.,-1.));
#10476=DIRECTION('',(0.,1.,0.));
#10477=DIRECTION('',(0.,0.,1.));
#10478=DIRECTION('',(1.,0.,0.));
#10479=DIRECTION('',(0.,0.,1.));
#10480=DIRECTION('',(1.,0.,0.));
#10481=DIRECTION('',(0.,0.,1.));
#10482=DIRECTION('',(0.,0.,1.));
#10483=DIRECTION('',(1.,0.,0.));
#10484=DIRECTION('',(0.,-1.,0.));
#10485=DIRECTION('',(1.,0.,0.));
#10486=DIRECTION('',(0.,-1.,0.));
#10487=DIRECTION('',(0.,-1.,0.));
#10488=DIRECTION('',(0.,0.,-1.));
#10489=DIRECTION('',(0.,0.,-1.));
#10490=DIRECTION('',(1.,0.,0.));
#10491=DIRECTION('',(0.,0.,-1.));
#10492=DIRECTION('',(0.,0.,-1.));
#10493=DIRECTION('',(-1.,0.,0.));
#10494=DIRECTION('',(0.,1.,0.));
#10495=DIRECTION('',(0.,1.,0.));
#10496=DIRECTION('',(1.,0.,0.));
#10497=DIRECTION('',(0.,0.,-1.));
#10498=DIRECTION('',(0.,1.,0.));
#10499=DIRECTION('',(0.,0.,1.));
#10500=DIRECTION('',(1.,0.,0.));
#10501=DIRECTION('',(0.,0.,1.));
#10502=DIRECTION('',(1.,0.,0.));
#10503=DIRECTION('',(0.,0.,1.));
#10504=DIRECTION('',(0.,0.,1.));
#10505=DIRECTION('',(1.,0.,0.));
#10506=DIRECTION('',(0.,-1.,0.));
#10507=DIRECTION('',(1.,0.,0.));
#10508=DIRECTION('',(0.,-1.,0.));
#10509=DIRECTION('',(0.,-1.,0.));
#10510=DIRECTION('',(0.,0.,-1.));
#10511=DIRECTION('',(0.,0.,-1.));
#10512=DIRECTION('',(1.,0.,0.));
#10513=DIRECTION('',(0.,0.,-1.));
#10514=DIRECTION('',(0.,0.,-1.));
#10515=DIRECTION('',(-1.,0.,0.));
#10516=DIRECTION('',(0.,1.,0.));
#10517=DIRECTION('',(0.,1.,0.));
#10518=DIRECTION('',(1.,0.,0.));
#10519=DIRECTION('',(0.,0.,-1.));
#10520=DIRECTION('',(0.,1.,0.));
#10521=DIRECTION('',(0.,0.,1.));
#10522=DIRECTION('',(1.,0.,0.));
#10523=DIRECTION('',(0.,0.,1.));
#10524=DIRECTION('',(1.,0.,0.));
#10525=DIRECTION('',(0.,0.,1.));
#10526=DIRECTION('',(0.,0.,1.));
#10527=DIRECTION('',(1.,0.,0.));
#10528=DIRECTION('',(0.,-1.,0.));
#10529=DIRECTION('',(1.,0.,0.));
#10530=DIRECTION('',(0.,-1.,0.));
#10531=DIRECTION('',(0.,-1.,0.));
#10532=DIRECTION('',(0.,0.,-1.));
#10533=DIRECTION('',(0.,0.,-1.));
#10534=DIRECTION('',(1.,0.,0.));
#10535=DIRECTION('',(0.,0.,-1.));
#10536=DIRECTION('',(0.,0.,-1.));
#10537=DIRECTION('',(-1.,0.,0.));
#10538=DIRECTION('',(0.,1.,0.));
#10539=DIRECTION('',(0.,1.,0.));
#10540=DIRECTION('',(1.,0.,0.));
#10541=DIRECTION('',(0.,0.,-1.));
#10542=DIRECTION('',(0.,1.,0.));
#10543=DIRECTION('',(0.,0.,1.));
#10544=DIRECTION('',(1.,0.,0.));
#10545=DIRECTION('',(0.,0.,1.));
#10546=DIRECTION('',(1.,0.,0.));
#10547=DIRECTION('',(0.,0.,1.));
#10548=DIRECTION('',(0.,0.,1.));
#10549=DIRECTION('',(1.,0.,0.));
#10550=DIRECTION('',(0.,-1.,0.));
#10551=DIRECTION('',(1.,0.,0.));
#10552=DIRECTION('',(0.,-1.,0.));
#10553=DIRECTION('',(0.,-1.,0.));
#10554=DIRECTION('',(0.,0.,-1.));
#10555=DIRECTION('',(0.,0.,-1.));
#10556=DIRECTION('',(1.,0.,0.));
#10557=DIRECTION('',(0.,0.,-1.));
#10558=DIRECTION('',(0.,0.,-1.));
#10559=DIRECTION('',(-1.,0.,0.));
#10560=DIRECTION('',(0.,1.,0.));
#10561=DIRECTION('',(0.,1.,0.));
#10562=DIRECTION('',(1.,0.,0.));
#10563=DIRECTION('',(0.,0.,-1.));
#10564=DIRECTION('',(0.707106781186547,-0.707106781186548,0.));
#10565=DIRECTION('',(0.,0.,-1.));
#10566=DIRECTION('',(-0.577350269189626,-0.577350269189626,0.577350269189626));
#10567=DIRECTION('',(-0.577350269189626,-0.577350269189626,-0.577350269189626));
#10568=DIRECTION('',(0.707106781186547,0.,-0.707106781186547));
#10569=DIRECTION('',(0.,1.,0.));
#10570=DIRECTION('',(-0.577350269189626,0.577350269189626,-0.577350269189626));
#10571=DIRECTION('',(0.707106781186547,0.,0.707106781186547));
#10572=DIRECTION('',(0.,-1.,0.));
#10573=DIRECTION('',(0.577350269189626,-0.577350269189626,-0.577350269189626));
#10574=DIRECTION('',(0.707106781186547,0.707106781186547,0.));
#10575=DIRECTION('',(0.,0.,1.));
#10576=DIRECTION('',(0.707106781186547,0.707106781186547,0.));
#10577=DIRECTION('',(0.,0.,1.));
#10578=DIRECTION('',(-0.577350269189626,0.577350269189626,-0.577350269189626));
#10579=DIRECTION('',(-0.577350269189626,0.577350269189626,0.577350269189626));
#10580=DIRECTION('',(0.707106781186547,0.,0.707106781186547));
#10581=DIRECTION('',(0.,-1.,0.));
#10582=DIRECTION('',(-0.577350269189626,-0.577350269189626,0.577350269189626));
#10583=DIRECTION('',(0.707106781186547,0.,-0.707106781186547));
#10584=DIRECTION('',(0.,1.,0.));
#10585=DIRECTION('',(0.577350269189626,0.577350269189626,0.577350269189626));
#10586=DIRECTION('',(0.707106781186547,-0.707106781186548,0.));
#10587=DIRECTION('',(0.,0.,-1.));
#10588=DIRECTION('',(0.707106781186547,-0.707106781186548,0.));
#10589=DIRECTION('',(0.,0.,-1.));
#10590=DIRECTION('',(-0.577350269189626,-0.577350269189626,0.577350269189626));
#10591=DIRECTION('',(-0.577350269189626,-0.577350269189626,-0.577350269189626));
#10592=DIRECTION('',(0.707106781186547,0.,-0.707106781186547));
#10593=DIRECTION('',(0.,1.,0.));
#10594=DIRECTION('',(-0.577350269189626,0.577350269189626,-0.577350269189626));
#10595=DIRECTION('',(0.707106781186547,0.,0.707106781186547));
#10596=DIRECTION('',(0.,-1.,0.));
#10597=DIRECTION('',(0.577350269189626,-0.577350269189626,-0.577350269189626));
#10598=DIRECTION('',(0.707106781186547,0.707106781186548,0.));
#10599=DIRECTION('',(0.,0.,1.));
#10600=DIRECTION('',(0.707106781186547,-0.707106781186548,0.));
#10601=DIRECTION('',(0.,0.,-1.));
#10602=DIRECTION('',(0.577350269189626,0.577350269189626,-0.577350269189626));
#10603=DIRECTION('',(0.577350269189626,0.577350269189626,0.577350269189626));
#10604=DIRECTION('',(0.707106781186547,0.,-0.707106781186548));
#10605=DIRECTION('',(0.,1.,0.));
#10606=DIRECTION('',(-0.577350269189626,0.577350269189626,-0.577350269189626));
#10607=DIRECTION('',(0.707106781186547,0.,0.707106781186548));
#10608=DIRECTION('',(0.,-1.,0.));
#10609=DIRECTION('',(0.577350269189626,-0.577350269189626,-0.577350269189626));
#10610=DIRECTION('',(0.707106781186547,0.707106781186547,0.));
#10611=DIRECTION('',(0.,0.,1.));
#10612=DIRECTION('',(0.707106781186547,-0.707106781186548,0.));
#10613=DIRECTION('',(0.,0.,-1.));
#10614=DIRECTION('',(-0.577350269189626,-0.577350269189626,0.577350269189626));
#10615=DIRECTION('',(-0.577350269189626,-0.577350269189626,-0.577350269189626));
#10616=DIRECTION('',(0.707106781186547,0.,-0.707106781186547));
#10617=DIRECTION('',(0.,1.,0.));
#10618=DIRECTION('',(-0.577350269189626,0.577350269189626,-0.577350269189626));
#10619=DIRECTION('',(0.707106781186547,0.,0.707106781186547));
#10620=DIRECTION('',(0.,-1.,0.));
#10621=DIRECTION('',(0.577350269189626,-0.577350269189626,-0.577350269189626));
#10622=DIRECTION('',(0.707106781186547,0.707106781186547,0.));
#10623=DIRECTION('',(0.,0.,1.));
#10624=DIRECTION('',(0.707106781186547,0.707106781186548,0.));
#10625=DIRECTION('',(0.,0.,1.));
#10626=DIRECTION('',(-0.577350269189626,0.577350269189626,-0.577350269189626));
#10627=DIRECTION('',(-0.577350269189626,0.577350269189626,0.577350269189626));
#10628=DIRECTION('',(0.707106781186547,0.,0.707106781186547));
#10629=DIRECTION('',(0.,-1.,0.));
#10630=DIRECTION('',(-0.577350269189626,-0.577350269189626,0.577350269189626));
#10631=DIRECTION('',(0.707106781186547,0.,-0.707106781186547));
#10632=DIRECTION('',(0.,1.,0.));
#10633=DIRECTION('',(0.577350269189626,0.577350269189626,0.577350269189626));
#10634=DIRECTION('',(0.707106781186547,-0.707106781186548,0.));
#10635=DIRECTION('',(0.,0.,-1.));
#10636=DIRECTION('',(0.707106781186547,-0.707106781186548,0.));
#10637=DIRECTION('',(0.,0.,-1.));
#10638=DIRECTION('',(-0.577350269189626,-0.577350269189626,0.577350269189626));
#10639=DIRECTION('',(-0.577350269189626,-0.577350269189626,-0.577350269189626));
#10640=DIRECTION('',(0.707106781186547,0.,-0.707106781186547));
#10641=DIRECTION('',(0.,1.,0.));
#10642=DIRECTION('',(-0.577350269189626,0.577350269189626,-0.577350269189626));
#10643=DIRECTION('',(0.707106781186547,0.,0.707106781186547));
#10644=DIRECTION('',(0.,-1.,0.));
#10645=DIRECTION('',(0.577350269189626,-0.577350269189626,-0.577350269189626));
#10646=DIRECTION('',(0.707106781186547,0.707106781186547,0.));
#10647=DIRECTION('',(0.,0.,1.));
#10648=DIRECTION('',(0.707106781186547,-0.707106781186548,0.));
#10649=DIRECTION('',(0.,0.,-1.));
#10650=DIRECTION('',(-0.577350269189626,-0.577350269189626,0.577350269189626));
#10651=DIRECTION('',(-0.577350269189626,-0.577350269189626,-0.577350269189626));
#10652=DIRECTION('',(0.707106781186547,0.,-0.707106781186547));
#10653=DIRECTION('',(0.,1.,0.));
#10654=DIRECTION('',(-0.577350269189626,0.577350269189626,-0.577350269189626));
#10655=DIRECTION('',(0.707106781186547,0.,0.707106781186547));
#10656=DIRECTION('',(0.,-1.,0.));
#10657=DIRECTION('',(0.577350269189626,-0.577350269189626,-0.577350269189626));
#10658=DIRECTION('',(0.707106781186547,0.707106781186548,0.));
#10659=DIRECTION('',(0.,0.,1.));
#10660=DIRECTION('',(0.707106781186547,-0.707106781186548,0.));
#10661=DIRECTION('',(0.,0.,-1.));
#10662=DIRECTION('',(-0.577350269189626,-0.577350269189626,0.577350269189626));
#10663=DIRECTION('',(-0.577350269189626,-0.577350269189626,-0.577350269189626));
#10664=DIRECTION('',(0.707106781186547,0.,-0.707106781186547));
#10665=DIRECTION('',(0.,1.,0.));
#10666=DIRECTION('',(-0.577350269189626,0.577350269189626,-0.577350269189626));
#10667=DIRECTION('',(0.707106781186547,0.,0.707106781186547));
#10668=DIRECTION('',(0.,-1.,0.));
#10669=DIRECTION('',(0.577350269189626,-0.577350269189626,-0.577350269189626));
#10670=DIRECTION('',(0.707106781186547,0.707106781186547,0.));
#10671=DIRECTION('',(0.,0.,1.));
#10672=DIRECTION('',(0.707106781186547,-0.707106781186548,0.));
#10673=DIRECTION('',(0.,0.,-1.));
#10674=DIRECTION('',(-0.577350269189626,-0.577350269189626,0.577350269189626));
#10675=DIRECTION('',(-0.577350269189626,-0.577350269189626,-0.577350269189626));
#10676=DIRECTION('',(0.707106781186547,0.,-0.707106781186547));
#10677=DIRECTION('',(0.,1.,0.));
#10678=DIRECTION('',(-0.577350269189626,0.577350269189626,-0.577350269189626));
#10679=DIRECTION('',(0.707106781186547,0.,0.707106781186547));
#10680=DIRECTION('',(0.,-1.,0.));
#10681=DIRECTION('',(0.577350269189626,-0.577350269189626,-0.577350269189626));
#10682=DIRECTION('',(0.707106781186547,0.707106781186548,0.));
#10683=DIRECTION('',(0.,0.,1.));
#10684=DIRECTION('',(0.707106781186547,0.,0.707106781186547));
#10685=DIRECTION('',(0.,-1.,0.));
#10686=DIRECTION('',(-0.577350269189626,0.577350269189626,0.577350269189626));
#10687=DIRECTION('',(-0.577350269189626,-0.577350269189626,0.577350269189626));
#10688=DIRECTION('',(0.707106781186547,-0.707106781186548,0.));
#10689=DIRECTION('',(0.,0.,-1.));
#10690=DIRECTION('',(-0.577350269189626,-0.577350269189626,-0.577350269189626));
#10691=DIRECTION('',(0.707106781186547,0.707106781186548,0.));
#10692=DIRECTION('',(0.,0.,1.));
#10693=DIRECTION('',(0.577350269189626,-0.577350269189626,0.577350269189626));
#10694=DIRECTION('',(0.707106781186547,0.,-0.707106781186547));
#10695=DIRECTION('',(0.,1.,0.));
#10696=DIRECTION('',(0.707106781186547,-0.707106781186548,0.));
#10697=DIRECTION('',(0.,0.,-1.));
#10698=DIRECTION('',(0.577350269189626,0.577350269189626,-0.577350269189626));
#10699=DIRECTION('',(0.577350269189626,0.577350269189626,0.577350269189626));
#10700=DIRECTION('',(0.707106781186547,0.,-0.707106781186547));
#10701=DIRECTION('',(0.,1.,0.));
#10702=DIRECTION('',(-0.577350269189626,0.577350269189626,-0.577350269189626));
#10703=DIRECTION('',(0.707106781186547,0.,0.707106781186547));
#10704=DIRECTION('',(0.,-1.,0.));
#10705=DIRECTION('',(0.577350269189626,-0.577350269189626,-0.577350269189626));
#10706=DIRECTION('',(0.707106781186547,0.707106781186548,0.));
#10707=DIRECTION('',(0.,0.,1.));
#10708=DIRECTION('',(0.707106781186547,0.,0.707106781186547));
#10709=DIRECTION('',(0.,-1.,0.));
#10710=DIRECTION('',(-0.577350269189626,0.577350269189626,0.577350269189626));
#10711=DIRECTION('',(-0.577350269189626,-0.577350269189626,0.577350269189626));
#10712=DIRECTION('',(0.707106781186547,-0.707106781186548,0.));
#10713=DIRECTION('',(0.,0.,-1.));
#10714=DIRECTION('',(-0.577350269189626,-0.577350269189626,-0.577350269189626));
#10715=DIRECTION('',(0.707106781186547,0.707106781186548,0.));
#10716=DIRECTION('',(0.,0.,1.));
#10717=DIRECTION('',(0.577350269189626,-0.577350269189626,0.577350269189626));
#10718=DIRECTION('',(0.707106781186547,0.,-0.707106781186547));
#10719=DIRECTION('',(0.,1.,0.));
#10720=DIRECTION('',(0.707106781186547,-0.707106781186548,0.));
#10721=DIRECTION('',(0.,0.,-1.));
#10722=DIRECTION('',(0.577350269189626,0.577350269189626,-0.577350269189626));
#10723=DIRECTION('',(0.577350269189626,0.577350269189626,0.577350269189626));
#10724=DIRECTION('',(0.707106781186547,0.,-0.707106781186548));
#10725=DIRECTION('',(0.,1.,0.));
#10726=DIRECTION('',(-0.577350269189626,0.577350269189626,-0.577350269189626));
#10727=DIRECTION('',(0.707106781186547,0.,0.707106781186548));
#10728=DIRECTION('',(0.,-1.,0.));
#10729=DIRECTION('',(0.577350269189626,-0.577350269189626,-0.577350269189626));
#10730=DIRECTION('',(0.707106781186547,0.707106781186548,0.));
#10731=DIRECTION('',(0.,0.,1.));
#10732=DIRECTION('',(0.707106781186547,0.,-0.707106781186547));
#10733=DIRECTION('',(0.,1.,0.));
#10734=DIRECTION('',(-0.577350269189626,-0.577350269189626,-0.577350269189626));
#10735=DIRECTION('',(-0.577350269189626,0.577350269189626,-0.577350269189626));
#10736=DIRECTION('',(0.707106781186547,0.707106781186547,0.));
#10737=DIRECTION('',(0.,0.,1.));
#10738=DIRECTION('',(-0.577350269189626,0.577350269189626,0.577350269189626));
#10739=DIRECTION('',(0.707106781186547,-0.707106781186548,0.));
#10740=DIRECTION('',(0.,0.,-1.));
#10741=DIRECTION('',(0.577350269189626,0.577350269189626,-0.577350269189626));
#10742=DIRECTION('',(0.707106781186547,0.,0.707106781186547));
#10743=DIRECTION('',(0.,-1.,0.));
#10744=DIRECTION('',(0.707106781186547,-0.707106781186548,0.));
#10745=DIRECTION('',(0.,0.,-1.));
#10746=DIRECTION('',(-0.577350269189626,-0.577350269189626,0.577350269189626));
#10747=DIRECTION('',(-0.577350269189626,-0.577350269189626,-0.577350269189626));
#10748=DIRECTION('',(0.707106781186547,0.,-0.707106781186547));
#10749=DIRECTION('',(0.,1.,0.));
#10750=DIRECTION('',(-0.577350269189626,0.577350269189626,-0.577350269189626));
#10751=DIRECTION('',(0.707106781186547,0.,0.707106781186547));
#10752=DIRECTION('',(0.,-1.,0.));
#10753=DIRECTION('',(0.577350269189626,-0.577350269189626,-0.577350269189626));
#10754=DIRECTION('',(0.707106781186547,0.707106781186548,0.));
#10755=DIRECTION('',(0.,0.,1.));
#10756=DIRECTION('',(0.707106781186547,0.707106781186547,0.));
#10757=DIRECTION('',(0.,0.,1.));
#10758=DIRECTION('',(-0.577350269189626,0.577350269189626,-0.577350269189626));
#10759=DIRECTION('',(-0.577350269189626,0.577350269189626,0.577350269189626));
#10760=DIRECTION('',(0.707106781186547,0.,0.707106781186547));
#10761=DIRECTION('',(0.,-1.,0.));
#10762=DIRECTION('',(-0.577350269189626,-0.577350269189626,0.577350269189626));
#10763=DIRECTION('',(0.707106781186547,0.,-0.707106781186547));
#10764=DIRECTION('',(0.,1.,0.));
#10765=DIRECTION('',(0.577350269189626,0.577350269189626,0.577350269189626));
#10766=DIRECTION('',(0.707106781186547,-0.707106781186548,0.));
#10767=DIRECTION('',(0.,0.,-1.));
#10768=DIRECTION('',(0.707106781186547,0.,-0.707106781186547));
#10769=DIRECTION('',(0.,1.,0.));
#10770=DIRECTION('',(-0.577350269189626,-0.577350269189626,-0.577350269189626));
#10771=DIRECTION('',(-0.577350269189626,0.577350269189626,-0.577350269189626));
#10772=DIRECTION('',(0.707106781186547,0.707106781186548,0.));
#10773=DIRECTION('',(0.,0.,1.));
#10774=DIRECTION('',(-0.577350269189626,0.577350269189626,0.577350269189626));
#10775=DIRECTION('',(0.707106781186547,-0.707106781186548,0.));
#10776=DIRECTION('',(0.,0.,-1.));
#10777=DIRECTION('',(0.577350269189626,0.577350269189626,-0.577350269189626));
#10778=DIRECTION('',(0.707106781186547,0.,0.707106781186547));
#10779=DIRECTION('',(0.,-1.,0.));
#10780=DIRECTION('',(0.707106781186547,0.707106781186547,0.));
#10781=DIRECTION('',(0.,0.,1.));
#10782=DIRECTION('',(-0.577350269189626,0.577350269189626,-0.577350269189626));
#10783=DIRECTION('',(-0.577350269189626,0.577350269189626,0.577350269189626));
#10784=DIRECTION('',(0.707106781186547,0.,0.707106781186547));
#10785=DIRECTION('',(0.,-1.,0.));
#10786=DIRECTION('',(-0.577350269189626,-0.577350269189626,0.577350269189626));
#10787=DIRECTION('',(0.707106781186547,0.,-0.707106781186547));
#10788=DIRECTION('',(0.,1.,0.));
#10789=DIRECTION('',(0.577350269189626,0.577350269189626,0.577350269189626));
#10790=DIRECTION('',(0.707106781186547,-0.707106781186548,0.));
#10791=DIRECTION('',(0.,0.,-1.));
#10792=DIRECTION('',(0.707106781186547,-0.707106781186548,0.));
#10793=DIRECTION('',(0.,0.,-1.));
#10794=DIRECTION('',(0.577350269189626,0.577350269189626,-0.577350269189626));
#10795=DIRECTION('',(0.577350269189626,0.577350269189626,0.577350269189626));
#10796=DIRECTION('',(0.707106781186547,0.,-0.707106781186547));
#10797=DIRECTION('',(0.,1.,0.));
#10798=DIRECTION('',(-0.577350269189626,0.577350269189626,-0.577350269189626));
#10799=DIRECTION('',(0.707106781186547,0.,0.707106781186547));
#10800=DIRECTION('',(0.,-1.,0.));
#10801=DIRECTION('',(0.577350269189626,-0.577350269189626,-0.577350269189626));
#10802=DIRECTION('',(0.707106781186547,0.707106781186548,0.));
#10803=DIRECTION('',(0.,0.,1.));
#10804=DIRECTION('',(0.707106781186547,-0.707106781186548,0.));
#10805=DIRECTION('',(0.,0.,-1.));
#10806=DIRECTION('',(0.577350269189626,0.577350269189626,-0.577350269189626));
#10807=DIRECTION('',(0.577350269189626,0.577350269189626,0.577350269189626));
#10808=DIRECTION('',(0.707106781186547,0.,-0.707106781186547));
#10809=DIRECTION('',(0.,1.,0.));
#10810=DIRECTION('',(-0.577350269189626,0.577350269189626,-0.577350269189626));
#10811=DIRECTION('',(0.707106781186547,0.,0.707106781186547));
#10812=DIRECTION('',(0.,-1.,0.));
#10813=DIRECTION('',(0.577350269189626,-0.577350269189626,-0.577350269189626));
#10814=DIRECTION('',(0.707106781186547,0.707106781186547,0.));
#10815=DIRECTION('',(0.,0.,1.));
#10816=DIRECTION('',(0.707106781186547,0.,-0.707106781186547));
#10817=DIRECTION('',(0.,1.,0.));
#10818=DIRECTION('',(-0.577350269189626,-0.577350269189626,-0.577350269189626));
#10819=DIRECTION('',(-0.577350269189626,0.577350269189626,-0.577350269189626));
#10820=DIRECTION('',(0.707106781186547,0.707106781186547,0.));
#10821=DIRECTION('',(0.,0.,1.));
#10822=DIRECTION('',(-0.577350269189626,0.577350269189626,0.577350269189626));
#10823=DIRECTION('',(0.707106781186547,-0.707106781186548,0.));
#10824=DIRECTION('',(0.,0.,-1.));
#10825=DIRECTION('',(0.577350269189626,0.577350269189626,-0.577350269189626));
#10826=DIRECTION('',(0.707106781186547,0.,0.707106781186547));
#10827=DIRECTION('',(0.,-1.,0.));
#10828=DIRECTION('',(0.707106781186547,0.,0.707106781186547));
#10829=DIRECTION('',(0.,-1.,0.));
#10830=DIRECTION('',(0.577350269189626,-0.577350269189626,-0.577350269189626));
#10831=DIRECTION('',(0.577350269189626,0.577350269189626,-0.577350269189626));
#10832=DIRECTION('',(0.707106781186547,-0.707106781186548,0.));
#10833=DIRECTION('',(0.,0.,-1.));
#10834=DIRECTION('',(-0.577350269189626,-0.577350269189626,-0.577350269189626));
#10835=DIRECTION('',(0.707106781186547,0.707106781186547,0.));
#10836=DIRECTION('',(0.,0.,1.));
#10837=DIRECTION('',(0.577350269189626,-0.577350269189626,0.577350269189626));
#10838=DIRECTION('',(0.707106781186547,0.,-0.707106781186547));
#10839=DIRECTION('',(0.,1.,0.));
#10840=DIRECTION('',(0.707106781186547,-0.707106781186548,0.));
#10841=DIRECTION('',(0.,0.,-1.));
#10842=DIRECTION('',(0.577350269189626,0.577350269189626,-0.577350269189626));
#10843=DIRECTION('',(0.577350269189626,0.577350269189626,0.577350269189626));
#10844=DIRECTION('',(0.707106781186547,0.,-0.707106781186547));
#10845=DIRECTION('',(0.,1.,0.));
#10846=DIRECTION('',(-0.577350269189626,0.577350269189626,-0.577350269189626));
#10847=DIRECTION('',(0.707106781186547,0.,0.707106781186547));
#10848=DIRECTION('',(0.,-1.,0.));
#10849=DIRECTION('',(0.577350269189626,-0.577350269189626,-0.577350269189626));
#10850=DIRECTION('',(0.707106781186547,0.707106781186548,0.));
#10851=DIRECTION('',(0.,0.,1.));
#10852=DIRECTION('',(0.707106781186547,-0.707106781186548,0.));
#10853=DIRECTION('',(0.,0.,-1.));
#10854=DIRECTION('',(-0.577350269189626,-0.577350269189626,0.577350269189626));
#10855=DIRECTION('',(-0.577350269189626,-0.577350269189626,-0.577350269189626));
#10856=DIRECTION('',(0.707106781186547,0.,-0.707106781186547));
#10857=DIRECTION('',(0.,1.,0.));
#10858=DIRECTION('',(-0.577350269189626,0.577350269189626,-0.577350269189626));
#10859=DIRECTION('',(0.707106781186547,0.,0.707106781186547));
#10860=DIRECTION('',(0.,-1.,0.));
#10861=DIRECTION('',(0.577350269189626,-0.577350269189626,-0.577350269189626));
#10862=DIRECTION('',(0.707106781186547,0.707106781186547,0.));
#10863=DIRECTION('',(0.,0.,1.));
#10864=DIRECTION('',(0.707106781186547,-0.707106781186548,0.));
#10865=DIRECTION('',(0.,0.,-1.));
#10866=DIRECTION('',(0.577350269189626,0.577350269189626,-0.577350269189626));
#10867=DIRECTION('',(0.577350269189626,0.577350269189626,0.577350269189626));
#10868=DIRECTION('',(0.707106781186547,0.,-0.707106781186547));
#10869=DIRECTION('',(0.,1.,0.));
#10870=DIRECTION('',(-0.577350269189626,0.577350269189626,-0.577350269189626));
#10871=DIRECTION('',(0.707106781186547,0.,0.707106781186547));
#10872=DIRECTION('',(0.,-1.,0.));
#10873=DIRECTION('',(0.577350269189626,-0.577350269189626,-0.577350269189626));
#10874=DIRECTION('',(0.707106781186547,0.707106781186548,0.));
#10875=DIRECTION('',(0.,0.,1.));
#10876=DIRECTION('',(-0.707106781186548,0.,-0.707106781186547));
#10877=DIRECTION('',(0.,-1.,0.));
#10878=DIRECTION('',(0.577350269189625,0.577350269189626,-0.577350269189626));
#10879=DIRECTION('',(0.577350269189625,0.577350269189626,-0.577350269189626));
#10880=DIRECTION('',(-0.707106781186548,0.707106781186547,0.));
#10881=DIRECTION('',(0.,0.,-1.));
#10882=DIRECTION('',(0.577350269189626,0.577350269189628,0.577350269189624));
#10883=DIRECTION('',(-0.707106781186548,0.707106781186547,0.));
#10884=DIRECTION('',(0.,0.,-1.));
#10885=DIRECTION('',(0.577350269189625,0.577350269189626,-0.577350269189626));
#10886=DIRECTION('',(-0.707106781186546,0.,0.707106781186549));
#10887=DIRECTION('',(0.,1.,0.));
#10888=DIRECTION('',(0.577350269189626,0.577350269189628,0.577350269189624));
#10889=DIRECTION('',(-0.707106781186548,0.,-0.707106781186547));
#10890=DIRECTION('',(0.,-1.,0.));
#10891=DIRECTION('',(0.577350269189625,-0.577350269189626,-0.577350269189626));
#10892=DIRECTION('',(-0.707106781186548,0.707106781186547,0.));
#10893=DIRECTION('',(0.,0.,-1.));
#10894=DIRECTION('',(0.577350269189626,0.577350269189628,0.577350269189624));
#10895=DIRECTION('',(-0.707106781186548,-0.707106781186547,0.));
#10896=DIRECTION('',(0.,0.,1.));
#10897=DIRECTION('',(-0.577350269189626,0.577350269189627,-0.577350269189624));
#10898=DIRECTION('',(-0.707106781186546,0.,0.707106781186549));
#10899=DIRECTION('',(0.,1.,0.));
#10900=DIRECTION('',(0.,0.,1.));
#10901=DIRECTION('',(1.,0.,0.));
#10902=DIRECTION('',(0.,0.,-1.));
#10903=DIRECTION('',(-1.,0.,0.));
#10904=DIRECTION('',(0.,0.,1.));
#10905=DIRECTION('',(1.,0.,0.));
#10906=DIRECTION('',(0.,0.,-1.));
#10907=DIRECTION('',(0.,0.,1.));
#10908=DIRECTION('',(1.,0.,0.));
#10909=DIRECTION('',(0.,0.,-1.));
#10910=DIRECTION('',(1.,0.,0.));
#10911=DIRECTION('',(0.,0.,-1.));
#10912=DIRECTION('',(0.,-1.,0.));
#10913=DIRECTION('',(0.,0.,-1.));
#10914=DIRECTION('',(0.,-1.,0.));
#10915=DIRECTION('',(0.,1.,0.));
#10916=DIRECTION('',(0.,0.,1.));
#10917=DIRECTION('',(1.,0.,0.));
#10918=DIRECTION('',(0.,0.,-1.));
#10919=DIRECTION('',(1.,0.,0.));
#10920=DIRECTION('',(-1.,0.,0.));
#10921=DIRECTION('',(0.,0.,1.));
#10922=DIRECTION('',(0.,1.,0.));
#10923=DIRECTION('',(0.,0.,-1.));
#10924=DIRECTION('',(0.,1.,0.));
#10925=DIRECTION('',(0.,0.,-1.));
#10926=DIRECTION('',(-1.,0.,0.));
#10927=DIRECTION('',(0.,0.,1.));
#10928=DIRECTION('',(1.,0.,0.));
#10929=DIRECTION('',(0.,0.,-1.));
#10930=DIRECTION('',(0.,0.,1.));
#10931=DIRECTION('',(1.,0.,0.));
#10932=DIRECTION('',(0.,1.,0.));
#10933=DIRECTION('',(0.,0.,1.));
#10934=DIRECTION('',(1.,0.,0.));
#10935=DIRECTION('',(0.,1.,0.));
#10936=DIRECTION('',(0.,0.,1.));
#10937=DIRECTION('',(0.,0.,-1.));
#10938=DIRECTION('',(-1.,0.,0.));
#10939=DIRECTION('',(0.,0.,-1.));
#10940=DIRECTION('',(0.,1.,0.));
#10941=DIRECTION('',(0.,0.,1.));
#10942=DIRECTION('',(1.,0.,0.));
#10943=DIRECTION('',(-1.,0.,0.));
#10944=DIRECTION('',(0.,0.,1.));
#10945=DIRECTION('',(0.,1.,0.));
#10946=DIRECTION('',(0.,0.,-1.));
#10947=DIRECTION('',(-1.,0.,0.));
#10948=DIRECTION('',(0.,0.,1.));
#10949=DIRECTION('',(0.,-1.,0.));
#10950=DIRECTION('',(-1.,0.,0.));
#10951=DIRECTION('',(0.,0.,1.));
#10952=DIRECTION('',(0.,-1.,0.));
#10953=DIRECTION('',(0.,0.,-1.));
#10954=DIRECTION('',(0.,-1.,0.));
#10955=DIRECTION('',(0.,0.,-1.));
#10956=DIRECTION('',(-1.,0.,0.));
#10957=DIRECTION('',(0.,0.,-1.));
#10958=DIRECTION('',(-1.,0.,0.));
#10959=DIRECTION('',(0.,-1.,0.));
#10960=DIRECTION('',(0.,0.,-1.));
#10961=DIRECTION('',(0.,0.,-1.));
#10962=DIRECTION('',(1.,0.,0.));
#10963=DIRECTION('',(0.,0.,-1.));
#10964=DIRECTION('',(-1.,0.,0.));
#10965=DIRECTION('',(0.,0.,1.));
#10966=DIRECTION('',(1.,0.,0.));
#10967=DIRECTION('',(0.,0.,-1.));
#10968=DIRECTION('',(0.,0.,1.));
#10969=DIRECTION('',(1.,0.,0.));
#10970=DIRECTION('',(0.707106781186548,-0.707106781186547,0.));
#10971=DIRECTION('',(0.707106781186547,0.707106781186548,0.));
#10972=DIRECTION('',(-0.707106781186547,-0.707106781186548,0.));
#10973=DIRECTION('',(-0.707106781186547,-0.707106781186548,0.));
#10974=DIRECTION('',(0.,0.,1.));
#10975=DIRECTION('',(1.,0.,0.));
#10976=DIRECTION('',(0.,-1.,0.));
#10977=DIRECTION('',(0.,0.,1.));
#10978=DIRECTION('',(1.,0.,0.));
#10979=DIRECTION('',(0.,1.,0.));
#10980=DIRECTION('',(-1.,0.,0.));
#10981=DIRECTION('',(0.,0.,1.));
#10982=DIRECTION('',(-1.,0.,0.));
#10983=DIRECTION('',(0.,0.,1.));
#10984=DIRECTION('',(0.,1.,0.));
#10985=DIRECTION('',(-1.,0.,0.));
#10986=DIRECTION('',(0.,0.,1.));
#10987=DIRECTION('',(0.,-1.,0.));
#10988=DIRECTION('',(0.,0.,-1.));
#10989=DIRECTION('',(-1.,0.,0.));
#10990=DIRECTION('',(-1.,0.,0.));
#10991=DIRECTION('',(1.,0.,0.));
#10992=DIRECTION('',(-1.,0.,0.));
#10993=DIRECTION('',(0.,0.,1.));
#10994=DIRECTION('',(1.,0.,0.));
#10995=DIRECTION('',(0.,0.,-1.));
#10996=DIRECTION('',(0.,1.,0.));
#10997=DIRECTION('',(0.,0.,1.));
#10998=DIRECTION('',(0.,1.,0.));
#10999=DIRECTION('',(0.,0.,1.));
#11000=DIRECTION('',(0.,0.,-1.));
#11001=DIRECTION('',(0.,-1.,0.));
#11002=DIRECTION('',(0.,0.,-1.));
#11003=DIRECTION('',(0.,-1.,0.));
#11004=DIRECTION('',(0.,0.,-1.));
#11005=DIRECTION('',(0.,-1.,0.));
#11006=DIRECTION('',(0.,0.,-1.));
#11007=DIRECTION('',(0.,-1.,0.));
#11008=DIRECTION('',(0.,0.,-1.));
#11009=DIRECTION('',(0.,-1.,0.));
#11010=DIRECTION('',(0.,0.,-1.));
#11011=DIRECTION('',(0.,-1.,0.));
#11012=DIRECTION('',(0.,0.,-1.));
#11013=DIRECTION('',(0.,-1.,0.));
#11014=DIRECTION('',(0.,0.,-1.));
#11015=DIRECTION('',(0.,-1.,0.));
#11016=DIRECTION('',(0.,0.,-1.));
#11017=DIRECTION('',(0.,-1.,0.));
#11018=DIRECTION('',(0.,0.,-1.));
#11019=DIRECTION('',(0.,-1.,0.));
#11020=DIRECTION('',(0.,0.,-1.));
#11021=DIRECTION('',(0.,-1.,0.));
#11022=DIRECTION('',(0.,0.,-1.));
#11023=DIRECTION('',(0.,-1.,0.));
#11024=DIRECTION('',(0.,0.,-1.));
#11025=DIRECTION('',(0.,-1.,0.));
#11026=DIRECTION('',(1.,0.,0.));
#11027=DIRECTION('',(0.,0.,-1.));
#11028=DIRECTION('',(0.,-1.,0.));
#11029=DIRECTION('',(0.,0.,-1.));
#11030=DIRECTION('',(0.,-1.,0.));
#11031=DIRECTION('',(0.,0.,-1.));
#11032=DIRECTION('',(0.,1.,0.));
#11033=DIRECTION('',(0.,0.,1.));
#11034=DIRECTION('',(1.,0.,0.));
#11035=DIRECTION('',(0.,0.,-1.));
#11036=DIRECTION('',(1.,0.,0.));
#11037=DIRECTION('',(-1.,0.,0.));
#11038=DIRECTION('',(0.,0.,1.));
#11039=DIRECTION('',(0.,1.,0.));
#11040=DIRECTION('',(0.,0.,-1.));
#11041=DIRECTION('',(0.,1.,0.));
#11042=DIRECTION('',(0.,0.,-1.));
#11043=DIRECTION('',(-1.,0.,0.));
#11044=DIRECTION('',(0.,0.,1.));
#11045=DIRECTION('',(1.,0.,0.));
#11046=DIRECTION('',(0.,0.,-1.));
#11047=DIRECTION('',(0.,0.,1.));
#11048=DIRECTION('',(1.,0.,0.));
#11049=DIRECTION('',(0.,1.,0.));
#11050=DIRECTION('',(0.,0.,1.));
#11051=DIRECTION('',(1.,0.,0.));
#11052=DIRECTION('',(0.,0.,-1.));
#11053=DIRECTION('',(1.,0.,0.));
#11054=DIRECTION('',(0.,0.,-1.));
#11055=DIRECTION('',(-1.,0.,0.));
#11056=DIRECTION('',(0.,0.,1.));
#11057=DIRECTION('',(1.,0.,0.));
#11058=DIRECTION('',(0.,0.,-1.));
#11059=DIRECTION('',(0.,0.,1.));
#11060=DIRECTION('',(1.,0.,0.));
#11061=DIRECTION('',(0.,0.,-1.));
#11062=DIRECTION('',(-1.,0.,0.));
#11063=DIRECTION('',(0.,0.,1.));
#11064=DIRECTION('',(1.,0.,0.));
#11065=DIRECTION('',(0.,0.,-1.));
#11066=DIRECTION('',(0.,0.,1.));
#11067=DIRECTION('',(1.,0.,0.));
#11068=DIRECTION('',(0.,1.,0.));
#11069=DIRECTION('',(0.,0.,1.));
#11070=DIRECTION('',(0.,0.,-1.));
#11071=DIRECTION('',(0.,1.,0.));
#11072=DIRECTION('',(0.,0.,1.));
#11073=DIRECTION('',(1.,0.,0.));
#11074=DIRECTION('',(1.,0.,0.));
#11075=DIRECTION('',(0.,1.,0.));
#11076=DIRECTION('',(0.,0.,1.));
#11077=DIRECTION('',(0.,0.,1.));
#11078=DIRECTION('',(1.,0.,0.));
#11079=DIRECTION('',(-1.,0.,0.));
#11080=DIRECTION('',(0.,0.,1.));
#11081=DIRECTION('',(0.,0.,-1.));
#11082=DIRECTION('',(0.,1.,0.));
#11083=DIRECTION('',(-1.,0.,0.));
#11084=DIRECTION('',(0.,0.,1.));
#11085=DIRECTION('',(0.,1.,0.));
#11086=DIRECTION('',(-1.,0.,0.));
#11087=DIRECTION('',(0.,0.,1.));
#11088=DIRECTION('',(0.,-1.,0.));
#11089=DIRECTION('',(0.,0.,-1.));
#11090=DIRECTION('',(-1.,0.,0.));
#11091=DIRECTION('',(0.,-1.,0.));
#11092=DIRECTION('',(0.,0.,-1.));
#11093=DIRECTION('',(-1.,0.,0.));
#11094=DIRECTION('',(0.,0.,1.));
#11095=DIRECTION('',(0.,-1.,0.));
#11096=DIRECTION('',(0.,0.,-1.));
#11097=DIRECTION('',(-1.,0.,0.));
#11098=DIRECTION('',(0.,0.,1.));
#11099=DIRECTION('',(1.,0.,0.));
#11100=DIRECTION('',(0.,1.,0.));
#11101=DIRECTION('',(0.,0.,1.));
#11102=DIRECTION('',(1.,0.,0.));
#11103=DIRECTION('',(0.,-1.,0.));
#11104=DIRECTION('',(-1.,0.,0.));
#11105=DIRECTION('',(0.,0.,1.));
#11106=DIRECTION('',(-1.,0.,0.));
#11107=DIRECTION('',(0.,0.,1.));
#11108=DIRECTION('',(0.,-1.,0.));
#11109=DIRECTION('',(-1.,0.,0.));
#11110=DIRECTION('',(0.,0.,1.));
#11111=DIRECTION('',(0.,-1.,0.));
#11112=DIRECTION('',(0.,0.,1.));
#11113=DIRECTION('',(1.,0.,0.));
#11114=DIRECTION('',(-1.,0.,0.));
#11115=DIRECTION('',(1.,0.,0.));
#11116=DIRECTION('',(-1.,0.,0.));
#11117=DIRECTION('',(0.,0.,1.));
#11118=DIRECTION('',(1.,0.,0.));
#11119=DIRECTION('',(0.,0.,-1.));
#11120=DIRECTION('',(0.,-1.,0.));
#11121=DIRECTION('',(0.,0.,-1.));
#11122=DIRECTION('',(0.,-1.,0.));
#11123=DIRECTION('',(0.,0.,-1.));
#11124=DIRECTION('',(0.,0.,-1.));
#11125=DIRECTION('',(0.,-1.,0.));
#11126=DIRECTION('',(0.,0.,-1.));
#11127=DIRECTION('',(0.,-1.,0.));
#11128=DIRECTION('',(0.,0.,-1.));
#11129=DIRECTION('',(0.,-1.,0.));
#11130=DIRECTION('',(0.,0.,-1.));
#11131=DIRECTION('',(0.,-1.,0.));
#11132=DIRECTION('',(0.,0.,-1.));
#11133=DIRECTION('',(0.,-1.,0.));
#11134=DIRECTION('',(0.,0.,-1.));
#11135=DIRECTION('',(0.,-1.,0.));
#11136=DIRECTION('',(0.,0.,-1.));
#11137=DIRECTION('',(0.,-1.,0.));
#11138=DIRECTION('',(0.,0.,-1.));
#11139=DIRECTION('',(0.,-1.,0.));
#11140=DIRECTION('',(0.,0.,-1.));
#11141=DIRECTION('',(0.,-1.,0.));
#11142=DIRECTION('',(0.,0.,-1.));
#11143=DIRECTION('',(0.,-1.,0.));
#11144=DIRECTION('',(0.,0.,-1.));
#11145=DIRECTION('',(0.,-1.,0.));
#11146=DIRECTION('',(0.,0.,-1.));
#11147=DIRECTION('',(0.,-1.,0.));
#11148=DIRECTION('',(0.,0.,-1.));
#11149=DIRECTION('',(0.,-1.,0.));
#11150=DIRECTION('',(1.,0.,0.));
#11151=DIRECTION('',(0.,0.,-1.));
#11152=DIRECTION('',(0.,-1.,0.));
#11153=DIRECTION('',(1.,0.,0.));
#11154=DIRECTION('',(0.,0.,-1.));
#11155=DIRECTION('',(0.,0.,-1.));
#11156=DIRECTION('',(0.,-1.,0.));
#11157=DIRECTION('',(0.,0.,1.));
#11158=DIRECTION('',(1.,0.,0.));
#11159=DIRECTION('',(0.,0.,-1.));
#11160=DIRECTION('',(0.,-1.,0.));
#11161=DIRECTION('',(0.,0.,-1.));
#11162=DIRECTION('',(0.,1.,0.));
#11163=DIRECTION('',(0.,0.,1.));
#11164=DIRECTION('',(1.,0.,0.));
#11165=DIRECTION('',(0.,0.,-1.));
#11166=DIRECTION('',(0.,1.,0.));
#11167=DIRECTION('',(1.,0.,0.));
#11168=DIRECTION('',(-1.,0.,0.));
#11169=DIRECTION('',(0.,1.,0.));
#11170=DIRECTION('',(1.,0.,0.));
#11171=DIRECTION('',(0.,0.,-1.));
#11172=DIRECTION('',(0.,1.,0.));
#11173=DIRECTION('',(1.,0.,0.));
#11174=DIRECTION('',(1.,0.,0.));
#11175=DIRECTION('',(0.,1.,0.));
#11176=DIRECTION('',(1.,0.,0.));
#11177=DIRECTION('',(0.,0.,1.));
#11178=DIRECTION('',(0.,1.,0.));
#11179=DIRECTION('',(1.,0.,0.));
#11180=DIRECTION('',(-1.,0.,0.));
#11181=DIRECTION('',(0.,1.,0.));
#11182=DIRECTION('',(1.,0.,0.));
#11183=DIRECTION('',(0.,0.,-1.));
#11184=DIRECTION('',(0.,1.,0.));
#11185=DIRECTION('',(0.,0.,1.));
#11186=DIRECTION('',(-1.,0.,0.));
#11187=DIRECTION('',(-1.,0.,0.));
#11188=DIRECTION('',(0.,0.,1.));
#11189=DIRECTION('',(-1.,0.,0.));
#11190=DIRECTION('',(0.,0.,1.));
#11191=DIRECTION('',(0.,0.,-1.));
#11192=DIRECTION('',(-1.,0.,0.));
#11193=DIRECTION('',(0.,0.,1.));
#11194=DIRECTION('',(0.,0.,-1.));
#11195=DIRECTION('',(0.,-1.,0.));
#11196=DIRECTION('',(0.,1.,0.));
#11197=DIRECTION('',(0.,0.,1.));
#11198=DIRECTION('',(1.,0.,0.));
#11199=DIRECTION('',(0.,0.,-1.));
#11200=DIRECTION('',(1.,0.,0.));
#11201=DIRECTION('',(1.,0.,0.));
#11202=DIRECTION('',(0.,0.,-1.));
#11203=DIRECTION('',(0.,-1.,0.));
#11204=DIRECTION('',(0.,0.,-1.));
#11205=DIRECTION('',(0.,-1.,0.));
#11206=DIRECTION('',(0.,0.,-1.));
#11207=DIRECTION('',(-1.,0.,0.));
#11208=DIRECTION('',(0.,0.,1.));
#11209=DIRECTION('',(1.,0.,0.));
#11210=DIRECTION('',(0.,0.,-1.));
#11211=DIRECTION('',(0.,0.,1.));
#11212=DIRECTION('',(1.,0.,0.));
#11213=DIRECTION('',(0.,1.,0.));
#11214=DIRECTION('',(0.,0.,1.));
#11215=DIRECTION('',(1.,0.,0.));
#11216=DIRECTION('',(0.,0.,-1.));
#11217=DIRECTION('',(1.,0.,0.));
#11218=DIRECTION('',(0.,0.,-1.));
#11219=DIRECTION('',(-1.,0.,0.));
#11220=DIRECTION('',(0.,0.,1.));
#11221=DIRECTION('',(1.,0.,0.));
#11222=DIRECTION('',(0.,0.,-1.));
#11223=DIRECTION('',(0.,0.,1.));
#11224=DIRECTION('',(1.,0.,0.));
#11225=DIRECTION('',(-1.,0.,0.));
#11226=DIRECTION('',(0.,0.,1.));
#11227=DIRECTION('',(0.,1.,0.));
#11228=DIRECTION('',(0.,0.,-1.));
#11229=DIRECTION('',(0.,1.,0.));
#11230=DIRECTION('',(0.,1.,0.));
#11231=DIRECTION('',(0.,0.,1.));
#11232=DIRECTION('',(1.,0.,0.));
#11233=DIRECTION('',(0.,0.,-1.));
#11234=DIRECTION('',(1.,0.,0.));
#11235=DIRECTION('',(1.,0.,0.));
#11236=DIRECTION('',(0.,0.,-1.));
#11237=DIRECTION('',(1.,0.,0.));
#11238=DIRECTION('',(0.,0.,-1.));
#11239=DIRECTION('',(0.,0.,-1.));
#11240=DIRECTION('',(0.,-1.,0.));
#11241=DIRECTION('',(0.,0.,1.));
#11242=DIRECTION('',(1.,0.,0.));
#11243=DIRECTION('',(0.,0.,-1.));
#11244=DIRECTION('',(0.,1.,0.));
#11245=DIRECTION('',(0.,0.,1.));
#11246=DIRECTION('',(1.,0.,0.));
#11247=DIRECTION('',(0.,0.,-1.));
#11248=DIRECTION('',(-1.,0.,0.));
#11249=DIRECTION('',(0.,1.,0.));
#11250=DIRECTION('',(0.,0.,1.));
#11251=DIRECTION('',(0.,0.,1.));
#11252=DIRECTION('',(0.,1.,0.));
#11253=DIRECTION('',(1.,0.,0.));
#11254=DIRECTION('',(-1.,0.,0.));
#11255=DIRECTION('',(0.,1.,0.));
#11256=DIRECTION('',(1.,0.,0.));
#11257=DIRECTION('',(0.,0.,-1.));
#11258=DIRECTION('',(0.,1.,0.));
#11259=DIRECTION('',(1.,0.,0.));
#11260=DIRECTION('',(1.,0.,0.));
#11261=DIRECTION('',(0.,1.,0.));
#11262=DIRECTION('',(1.,0.,0.));
#11263=DIRECTION('',(0.,0.,1.));
#11264=DIRECTION('',(0.,1.,0.));
#11265=DIRECTION('',(1.,0.,0.));
#11266=DIRECTION('',(-1.,0.,0.));
#11267=DIRECTION('',(0.,1.,0.));
#11268=DIRECTION('',(1.,0.,0.));
#11269=DIRECTION('',(-1.,0.,0.));
#11270=DIRECTION('',(0.,0.,1.));
#11271=DIRECTION('',(-1.,0.,0.));
#11272=DIRECTION('',(0.,0.,1.));
#11273=DIRECTION('',(0.,1.,0.));
#11274=DIRECTION('',(0.,0.,-1.));
#11275=DIRECTION('',(0.,1.,0.));
#11276=DIRECTION('',(-1.,0.,0.));
#11277=DIRECTION('',(0.,0.,1.));
#11278=DIRECTION('',(0.,0.,-1.));
#11279=DIRECTION('',(0.,-1.,0.));
#11280=DIRECTION('',(0.,0.,-1.));
#11281=DIRECTION('',(-1.,0.,0.));
#11282=DIRECTION('',(0.,0.,1.));
#11283=DIRECTION('',(1.,0.,0.));
#11284=DIRECTION('',(0.,0.,-1.));
#11285=DIRECTION('',(0.,0.,1.));
#11286=DIRECTION('',(1.,0.,0.));
#11287=DIRECTION('',(-0.502800015977511,-0.864402767194214,0.));
#11288=DIRECTION('',(0.864402767194214,-0.502800015977511,0.));
#11289=DIRECTION('',(-0.864402767194214,0.502800015977511,0.));
#11290=DIRECTION('',(0.,0.,-1.));
#11291=DIRECTION('',(-0.864402767194214,0.502800015977511,0.));
#11292=DIRECTION('',(0.,0.,-1.));
#11293=DIRECTION('',(-1.,0.,0.));
#11294=DIRECTION('',(0.,0.,1.));
#11295=DIRECTION('',(1.,0.,0.));
#11296=DIRECTION('',(0.,0.,-1.));
#11297=DIRECTION('',(0.,0.,1.));
#11298=DIRECTION('',(1.,0.,0.));
#11299=DIRECTION('',(-1.,0.,0.));
#11300=DIRECTION('',(0.,0.,1.));
#11301=DIRECTION('',(0.,1.,0.));
#11302=DIRECTION('',(0.,0.,-1.));
#11303=DIRECTION('',(0.,1.,0.));
#11304=DIRECTION('',(0.,-1.,0.));
#11305=DIRECTION('',(0.,0.,-1.));
#11306=DIRECTION('',(-1.,0.,0.));
#11307=DIRECTION('',(0.,0.,-1.));
#11308=DIRECTION('',(-1.,0.,0.));
#11309=DIRECTION('',(1.,0.,0.));
#11310=DIRECTION('',(0.,0.,-1.));
#11311=DIRECTION('',(0.,-1.,0.));
#11312=DIRECTION('',(0.,0.,-1.));
#11313=DIRECTION('',(0.,-1.,0.));
#11314=DIRECTION('',(0.,0.,-1.));
#11315=DIRECTION('',(-1.,0.,0.));
#11316=DIRECTION('',(0.,0.,1.));
#11317=DIRECTION('',(1.,0.,0.));
#11318=DIRECTION('',(0.,0.,-1.));
#11319=DIRECTION('',(0.,0.,1.));
#11320=DIRECTION('',(1.,0.,0.));
#11321=DIRECTION('',(0.502800015977511,-0.864402767194214,0.));
#11322=DIRECTION('',(0.864402767194214,0.502800015977511,0.));
#11323=DIRECTION('',(-0.864402767194214,-0.502800015977511,0.));
#11324=DIRECTION('',(0.,0.,-1.));
#11325=DIRECTION('',(-0.864402767194214,-0.502800015977511,0.));
#11326=DIRECTION('',(0.,0.,-1.));
#11327=DIRECTION('',(-1.,0.,0.));
#11328=DIRECTION('',(0.,0.,1.));
#11329=DIRECTION('',(1.,0.,0.));
#11330=DIRECTION('',(0.,0.,1.));
#11331=DIRECTION('',(1.,0.,0.));
#11332=DIRECTION('',(0.,0.,1.));
#11333=DIRECTION('',(1.,0.,0.));
#11334=DIRECTION('',(-1.,0.,0.));
#11335=DIRECTION('',(-1.,0.,0.));
#11336=DIRECTION('',(0.,0.,1.));
#11337=DIRECTION('',(1.,0.,0.));
#11338=DIRECTION('',(1.,0.,0.));
#11339=DIRECTION('',(1.,0.,0.));
#11340=DIRECTION('',(0.,-1.,0.));
#11341=DIRECTION('',(0.,0.,-1.));
#11342=DIRECTION('',(0.,-1.,0.));
#11343=DIRECTION('',(0.,1.,0.));
#11344=DIRECTION('',(1.,0.,0.));
#11345=DIRECTION('',(0.,-1.,0.));
#11346=DIRECTION('',(1.,0.,0.));
#11347=DIRECTION('',(0.,0.,-1.));
#11348=DIRECTION('',(0.,-1.,0.));
#11349=DIRECTION('',(0.,0.,1.));
#11350=DIRECTION('',(0.,-1.,0.));
#11351=DIRECTION('',(0.,0.,-1.));
#11352=DIRECTION('',(0.,-1.,0.));
#11353=DIRECTION('',(0.,1.,0.));
#11354=DIRECTION('',(1.,0.,0.));
#11355=DIRECTION('',(0.,0.,-1.));
#11356=DIRECTION('',(-1.,0.,0.));
#11357=DIRECTION('',(0.,-1.,0.));
#11358=DIRECTION('',(1.,0.,0.));
#11359=DIRECTION('',(0.,-1.,0.));
#11360=DIRECTION('',(0.,0.,-1.));
#11361=DIRECTION('',(0.,-1.,0.));
#11362=DIRECTION('',(0.,1.,0.));
#11363=DIRECTION('',(1.,0.,0.));
#11364=DIRECTION('',(-1.,0.,0.));
#11365=DIRECTION('',(0.,0.,1.));
#11366=DIRECTION('',(0.,-1.,0.));
#11367=DIRECTION('',(0.,0.,-1.));
#11368=DIRECTION('',(0.,-1.,0.));
#11369=DIRECTION('',(0.,0.,-1.));
#11370=DIRECTION('',(0.,-1.,0.));
#11371=DIRECTION('',(0.,1.,0.));
#11372=DIRECTION('',(1.,0.,0.));
#11373=DIRECTION('',(0.,0.,1.));
#11374=DIRECTION('',(1.,0.,0.));
#11375=DIRECTION('',(0.,-1.,0.));
#11376=DIRECTION('',(-1.,0.,0.));
#11377=DIRECTION('',(0.,-1.,0.));
#11378=DIRECTION('',(0.,0.,-1.));
#11379=DIRECTION('',(0.,-1.,0.));
#11380=DIRECTION('',(0.,1.,0.));
#11381=DIRECTION('',(1.,0.,0.));
#11382=DIRECTION('',(1.,0.,0.));
#11383=DIRECTION('',(0.,0.,-1.));
#11384=DIRECTION('',(0.,-1.,0.));
#11385=DIRECTION('',(0.,0.,1.));
#11386=DIRECTION('',(0.,0.,1.));
#11387=DIRECTION('',(1.,0.,0.));
#11388=DIRECTION('',(-1.,0.,0.));
#11389=DIRECTION('',(0.,-1.,0.));
#11390=DIRECTION('',(0.,-1.,0.));
#11391=DIRECTION('',(0.,0.,-1.));
#11392=DIRECTION('',(0.,-1.,0.));
#11393=DIRECTION('',(0.,1.,0.));
#11394=DIRECTION('',(1.,0.,0.));
#11395=DIRECTION('',(0.,0.,1.));
#11396=DIRECTION('',(1.,0.,0.));
#11397=DIRECTION('',(-1.,0.,0.));
#11398=DIRECTION('',(0.,1.,0.));
#11399=DIRECTION('',(0.,0.,1.));
#11400=DIRECTION('',(-1.,0.,0.));
#11401=DIRECTION('',(0.,1.,0.));
#11402=DIRECTION('',(0.,0.,1.));
#11403=DIRECTION('',(0.,-1.,0.));
#11404=DIRECTION('',(0.,0.,-1.));
#11405=DIRECTION('',(0.,-1.,0.));
#11406=DIRECTION('',(0.,1.,0.));
#11407=DIRECTION('',(1.,0.,0.));
#11408=DIRECTION('',(0.,-1.,0.));
#11409=DIRECTION('',(1.,0.,0.));
#11410=DIRECTION('',(0.,0.,-1.));
#11411=DIRECTION('',(0.,-1.,0.));
#11412=DIRECTION('',(0.,0.,1.));
#11413=DIRECTION('',(0.,-1.,0.));
#11414=DIRECTION('',(0.,0.,-1.));
#11415=DIRECTION('',(0.,-1.,0.));
#11416=DIRECTION('',(0.,1.,0.));
#11417=DIRECTION('',(1.,0.,0.));
#11418=DIRECTION('',(0.,0.,-1.));
#11419=DIRECTION('',(-1.,0.,0.));
#11420=DIRECTION('',(0.,-1.,0.));
#11421=DIRECTION('',(1.,0.,0.));
#11422=DIRECTION('',(0.,-1.,0.));
#11423=DIRECTION('',(0.,0.,-1.));
#11424=DIRECTION('',(0.,-1.,0.));
#11425=DIRECTION('',(0.,1.,0.));
#11426=DIRECTION('',(1.,0.,0.));
#11427=DIRECTION('',(-1.,0.,0.));
#11428=DIRECTION('',(0.,0.,1.));
#11429=DIRECTION('',(0.,-1.,0.));
#11430=DIRECTION('',(0.,0.,-1.));
#11431=DIRECTION('',(0.,-1.,0.));
#11432=DIRECTION('',(0.,0.,-1.));
#11433=DIRECTION('',(0.,-1.,0.));
#11434=DIRECTION('',(0.,1.,0.));
#11435=DIRECTION('',(1.,0.,0.));
#11436=DIRECTION('',(0.,0.,1.));
#11437=DIRECTION('',(1.,0.,0.));
#11438=DIRECTION('',(0.,-1.,0.));
#11439=DIRECTION('',(-1.,0.,0.));
#11440=DIRECTION('',(0.,-1.,0.));
#11441=DIRECTION('',(0.,0.,-1.));
#11442=DIRECTION('',(0.,1.,0.));
#11443=DIRECTION('',(1.,0.,0.));
#11444=DIRECTION('',(0.,0.,1.));
#11445=DIRECTION('',(1.,0.,0.));
#11446=DIRECTION('',(0.,-1.,0.));
#11447=DIRECTION('',(-1.,0.,0.));
#11448=DIRECTION('',(-1.,0.,0.));
#11449=DIRECTION('',(0.,0.,1.));
#11450=DIRECTION('',(0.,0.,-1.));
#11451=DIRECTION('',(0.,-1.,0.));
#11452=DIRECTION('',(0.,-1.,0.));
#11453=DIRECTION('',(0.,-1.,0.));
#11454=DIRECTION('',(0.,0.,-1.));
#11455=DIRECTION('',(0.,-1.,0.));
#11456=DIRECTION('',(0.,1.,0.));
#11457=DIRECTION('',(1.,0.,0.));
#11458=DIRECTION('',(0.,0.,1.));
#11459=DIRECTION('',(1.,0.,0.));
#11460=DIRECTION('',(-1.,0.,0.));
#11461=DIRECTION('',(0.,1.,0.));
#11462=DIRECTION('',(0.,0.,1.));
#11463=DIRECTION('',(-1.,0.,0.));
#11464=DIRECTION('',(0.,1.,0.));
#11465=DIRECTION('',(0.,0.,1.));
#11466=DIRECTION('',(1.,0.,0.));
#11467=DIRECTION('',(0.,0.,-1.));
#11468=DIRECTION('',(1.,0.,0.));
#11469=DIRECTION('',(0.,0.,-1.));
#11470=DIRECTION('',(1.,0.,0.));
#11471=DIRECTION('',(0.,0.,-1.));
#11472=DIRECTION('',(1.,0.,0.));
#11473=DIRECTION('',(0.,0.,-1.));
#11474=DIRECTION('',(0.,1.,0.));
#11475=DIRECTION('',(0.,0.,1.));
#11476=DIRECTION('',(0.,1.,0.));
#11477=DIRECTION('',(0.,0.,1.));
#11478=DIRECTION('',(0.,0.,-1.));
#11479=DIRECTION('',(-1.,0.,0.));
#11480=DIRECTION('',(0.,0.,1.));
#11481=DIRECTION('',(1.,0.,0.));
#11482=CARTESIAN_POINT('',(0.,0.,0.));
#11483=CARTESIAN_POINT('',(-9.6,-1.925,1.2));
#11484=CARTESIAN_POINT('',(-9.6,-3.225,1.2));
#11485=CARTESIAN_POINT('',(-5.43,-3.225,1.2));
#11486=CARTESIAN_POINT('',(-6.03,-3.225,1.2));
#11487=CARTESIAN_POINT('',(-5.43,-10.,1.2));
#11488=CARTESIAN_POINT('',(-5.43,-1.925,1.2));
#11489=CARTESIAN_POINT('',(-9.6,-1.925,1.2));
#11490=CARTESIAN_POINT('',(-8.97,-1.925,1.2));
#11491=CARTESIAN_POINT('',(-8.97,-10.,1.2));
#11492=CARTESIAN_POINT('',(-8.97,-3.225,1.2));
#11493=CARTESIAN_POINT('',(-9.6,-3.225,1.2));
#11494=CARTESIAN_POINT('',(-8.37,-3.225,1.2));
#11495=CARTESIAN_POINT('',(-8.37,-3.225,1.2));
#11496=CARTESIAN_POINT('',(-8.37,-3.625,1.2));
#11497=CARTESIAN_POINT('',(-9.6,-3.625,1.2));
#11498=CARTESIAN_POINT('',(-7.53558886449809,-3.625,1.2));
#11499=CARTESIAN_POINT('',(-7.53558886449809,-4.425,1.2));
#11500=CARTESIAN_POINT('',(-7.53558886449809,-4.225,1.2));
#11501=CARTESIAN_POINT('',(-6.86441113550191,-4.225,1.2));
#11502=CARTESIAN_POINT('',(-6.86441113550191,-4.225,1.2));
#11503=CARTESIAN_POINT('',(-6.86441113550191,-4.425,1.2));
#11504=CARTESIAN_POINT('',(-6.86441113550191,-3.625,1.2));
#11505=CARTESIAN_POINT('',(-9.6,-3.625,1.2));
#11506=CARTESIAN_POINT('',(-6.03,-3.625,1.2));
#11507=CARTESIAN_POINT('',(-6.03,-3.225,1.2));
#11508=CARTESIAN_POINT('',(-8.3,-2.395,1.2));
#11509=CARTESIAN_POINT('',(-8.3,-2.395,1.2));
#11510=CARTESIAN_POINT('',(-8.3,-2.565,1.2));
#11511=CARTESIAN_POINT('',(-8.2,-2.395,1.2));
#11512=CARTESIAN_POINT('',(-8.2,-2.295,1.2));
#11513=CARTESIAN_POINT('',(-6.2,-2.295,1.2));
#11514=CARTESIAN_POINT('',(-6.2,-2.295,1.2));
#11515=CARTESIAN_POINT('',(-6.2,-2.395,1.2));
#11516=CARTESIAN_POINT('',(-6.1,-2.395,1.2));
#11517=CARTESIAN_POINT('',(-6.1,-2.565,1.2));
#11518=CARTESIAN_POINT('',(-6.1,-2.565,1.2));
#11519=CARTESIAN_POINT('',(-6.2,-2.565,1.2));
#11520=CARTESIAN_POINT('',(-6.2,-2.665,1.2));
#11521=CARTESIAN_POINT('',(-6.42,-2.665,1.2));
#11522=CARTESIAN_POINT('',(-6.42,-2.665,1.2));
#11523=CARTESIAN_POINT('',(-6.42,-3.035,1.2));
#11524=CARTESIAN_POINT('',(-6.42,-3.035,1.2));
#11525=CARTESIAN_POINT('',(-6.2,-3.035,1.2));
#11526=CARTESIAN_POINT('',(-6.2,-3.035,1.2));
#11527=CARTESIAN_POINT('',(-6.2,-3.135,1.2));
#11528=CARTESIAN_POINT('',(-6.1,-3.135,1.2));
#11529=CARTESIAN_POINT('',(-6.1,-3.205,1.2));
#11530=CARTESIAN_POINT('',(-6.1,-3.205,1.2));
#11531=CARTESIAN_POINT('',(-6.2,-3.205,1.2));
#11532=CARTESIAN_POINT('',(-6.2,-3.305,1.2));
#11533=CARTESIAN_POINT('',(-8.2,-3.305,1.2));
#11534=CARTESIAN_POINT('',(-8.2,-3.305,1.2));
#11535=CARTESIAN_POINT('',(-8.2,-3.205,1.2));
#11536=CARTESIAN_POINT('',(-8.3,-3.205,1.2));
#11537=CARTESIAN_POINT('',(-8.3,-3.135,1.2));
#11538=CARTESIAN_POINT('',(-8.3,-3.135,1.2));
#11539=CARTESIAN_POINT('',(-8.2,-3.135,1.2));
#11540=CARTESIAN_POINT('',(-8.2,-3.035,1.2));
#11541=CARTESIAN_POINT('',(-7.98,-3.035,1.2));
#11542=CARTESIAN_POINT('',(-7.98,-3.035,1.2));
#11543=CARTESIAN_POINT('',(-7.98,-2.665,1.2));
#11544=CARTESIAN_POINT('',(-7.98,-2.665,1.2));
#11545=CARTESIAN_POINT('',(-8.2,-2.665,1.2));
#11546=CARTESIAN_POINT('',(-8.2,-2.665,1.2));
#11547=CARTESIAN_POINT('',(-8.2,-2.565,1.2));
#11548=CARTESIAN_POINT('',(-9.6,-3.625,-19.46));
#11549=CARTESIAN_POINT('',(-9.6,-3.225,-19.46));
#11550=CARTESIAN_POINT('',(-8.97,-3.225,-19.46));
#11551=CARTESIAN_POINT('',(-8.37,-3.225,-19.46));
#11552=CARTESIAN_POINT('',(-8.97,-10.,-19.46));
#11553=CARTESIAN_POINT('',(-8.97,-1.925,-19.46));
#11554=CARTESIAN_POINT('',(-9.6,-1.925,-19.46));
#11555=CARTESIAN_POINT('',(-5.43,-1.925,-19.46));
#11556=CARTESIAN_POINT('',(-5.43,-10.,-19.46));
#11557=CARTESIAN_POINT('',(-5.43,-3.225,-19.46));
#11558=CARTESIAN_POINT('',(-9.6,-3.225,-19.46));
#11559=CARTESIAN_POINT('',(-6.03,-3.225,-19.46));
#11560=CARTESIAN_POINT('',(-6.03,-3.225,-19.46));
#11561=CARTESIAN_POINT('',(-6.03,-3.625,-19.46));
#11562=CARTESIAN_POINT('',(-9.6,-3.625,-19.46));
#11563=CARTESIAN_POINT('',(-6.64098300562506,-3.625,-19.46));
#11564=CARTESIAN_POINT('',(-9.6,-3.625,-19.46));
#11565=CARTESIAN_POINT('',(-7.75901699437495,-3.625,-19.46));
#11566=CARTESIAN_POINT('',(-9.6,-3.625,-19.46));
#11567=CARTESIAN_POINT('',(-8.37,-3.625,-19.46));
#11568=CARTESIAN_POINT('',(-8.37,-3.225,-19.46));
#11569=CARTESIAN_POINT('',(-6.1,-2.395,-19.46));
#11570=CARTESIAN_POINT('',(-6.1,-2.395,-19.46));
#11571=CARTESIAN_POINT('',(-6.1,-2.565,-19.46));
#11572=CARTESIAN_POINT('',(-6.2,-2.395,-19.46));
#11573=CARTESIAN_POINT('',(-6.2,-2.295,-19.46));
#11574=CARTESIAN_POINT('',(-8.2,-2.295,-19.46));
#11575=CARTESIAN_POINT('',(-8.2,-2.295,-19.46));
#11576=CARTESIAN_POINT('',(-8.2,-2.395,-19.46));
#11577=CARTESIAN_POINT('',(-8.3,-2.395,-19.46));
#11578=CARTESIAN_POINT('',(-8.3,-2.565,-19.46));
#11579=CARTESIAN_POINT('',(-8.3,-2.565,-19.46));
#11580=CARTESIAN_POINT('',(-8.2,-2.565,-19.46));
#11581=CARTESIAN_POINT('',(-8.2,-2.665,-19.46));
#11582=CARTESIAN_POINT('',(-7.98,-2.665,-19.46));
#11583=CARTESIAN_POINT('',(-7.98,-2.665,-19.46));
#11584=CARTESIAN_POINT('',(-7.98,-3.035,-19.46));
#11585=CARTESIAN_POINT('',(-7.98,-3.035,-19.46));
#11586=CARTESIAN_POINT('',(-8.2,-3.035,-19.46));
#11587=CARTESIAN_POINT('',(-8.2,-3.035,-19.46));
#11588=CARTESIAN_POINT('',(-8.2,-3.135,-19.46));
#11589=CARTESIAN_POINT('',(-8.3,-3.135,-19.46));
#11590=CARTESIAN_POINT('',(-8.3,-3.205,-19.46));
#11591=CARTESIAN_POINT('',(-8.3,-3.205,-19.46));
#11592=CARTESIAN_POINT('',(-8.2,-3.205,-19.46));
#11593=CARTESIAN_POINT('',(-8.2,-3.305,-19.46));
#11594=CARTESIAN_POINT('',(-6.2,-3.305,-19.46));
#11595=CARTESIAN_POINT('',(-6.2,-3.305,-19.46));
#11596=CARTESIAN_POINT('',(-6.2,-3.205,-19.46));
#11597=CARTESIAN_POINT('',(-6.1,-3.205,-19.46));
#11598=CARTESIAN_POINT('',(-6.1,-3.135,-19.46));
#11599=CARTESIAN_POINT('',(-6.1,-3.135,-19.46));
#11600=CARTESIAN_POINT('',(-6.2,-3.135,-19.46));
#11601=CARTESIAN_POINT('',(-6.2,-3.035,-19.46));
#11602=CARTESIAN_POINT('',(-6.42,-3.035,-19.46));
#11603=CARTESIAN_POINT('',(-6.42,-3.035,-19.46));
#11604=CARTESIAN_POINT('',(-6.42,-2.665,-19.46));
#11605=CARTESIAN_POINT('',(-6.42,-2.665,-19.46));
#11606=CARTESIAN_POINT('',(-6.2,-2.665,-19.46));
#11607=CARTESIAN_POINT('',(-6.2,-2.665,-19.46));
#11608=CARTESIAN_POINT('',(-6.2,-2.565,-19.46));
#11609=CARTESIAN_POINT('',(-9.6,-3.625,-17.76));
#11610=CARTESIAN_POINT('',(-9.6,-3.625,-18.76));
#11611=CARTESIAN_POINT('',(-8.37,-3.625,-18.76));
#11612=CARTESIAN_POINT('',(-9.6,-3.625,-18.76));
#11613=CARTESIAN_POINT('',(-8.37,-3.625,-18.76));
#11614=CARTESIAN_POINT('',(-7.20000000000001,-3.625,-18.96));
#11615=CARTESIAN_POINT('',(-6.03,-3.625,-19.46));
#11616=CARTESIAN_POINT('',(-6.03,-3.625,-18.76));
#11617=CARTESIAN_POINT('',(-9.6,-3.625,-18.76));
#11618=CARTESIAN_POINT('',(-5.2,-3.625,-18.76));
#11619=CARTESIAN_POINT('',(-5.2,-3.625,-17.76));
#11620=CARTESIAN_POINT('',(-5.2,-3.625,-18.26));
#11621=CARTESIAN_POINT('',(-5.2,-3.625,-18.26));
#11622=CARTESIAN_POINT('',(-6.35,-3.625,-18.26));
#11623=CARTESIAN_POINT('',(-6.35,-3.625,-18.26));
#11624=CARTESIAN_POINT('',(-6.35,-3.625,-17.76));
#11625=CARTESIAN_POINT('',(-9.6,-3.625,-17.76));
#11626=CARTESIAN_POINT('',(-8.05,-3.625,-17.76));
#11627=CARTESIAN_POINT('',(-8.05,-3.625,-17.76));
#11628=CARTESIAN_POINT('',(-8.05,-3.625,-18.26));
#11629=CARTESIAN_POINT('',(-8.05,-3.625,-18.26));
#11630=CARTESIAN_POINT('',(-9.6,-3.625,-18.26));
#11631=CARTESIAN_POINT('',(-9.6,-3.625,-17.76));
#11632=CARTESIAN_POINT('',(-9.6,-3.625,1.2));
#11633=CARTESIAN_POINT('',(-9.6,-3.625,0.5));
#11634=CARTESIAN_POINT('',(-6.03,-3.625,0.5));
#11635=CARTESIAN_POINT('',(-5.2,-3.625,0.5));
#11636=CARTESIAN_POINT('',(-6.03,-3.625,0.5));
#11637=CARTESIAN_POINT('',(-6.86441100662345,-3.625,0.800000000000021));
#11638=CARTESIAN_POINT('',(-6.48099999999661,-3.625,0.913999999988587));
#11639=CARTESIAN_POINT('',(-7.19982125733732,-3.625,0.699999999999999));
#11640=CARTESIAN_POINT('',(-6.48099999999663,-3.625,0.486000000011324));
#11641=CARTESIAN_POINT('',(-6.86441100662345,-3.625,0.59999999999998));
#11642=CARTESIAN_POINT('',(-6.86441113550191,-3.625,0.199999999999999));
#11643=CARTESIAN_POINT('',(-6.86441113550191,-3.625,0.2));
#11644=CARTESIAN_POINT('',(-7.53558886449809,-3.625,0.2));
#11645=CARTESIAN_POINT('',(-7.53558899337655,-3.625,0.59999999999998));
#11646=CARTESIAN_POINT('',(-7.91900000000265,-3.625,0.486000000008921));
#11647=CARTESIAN_POINT('',(-7.20017874266268,-3.625,0.699999999999998));
#11648=CARTESIAN_POINT('',(-7.91900000000273,-3.625,0.913999999990811));
#11649=CARTESIAN_POINT('',(-7.53558899337655,-3.625,0.80000000000002));
#11650=CARTESIAN_POINT('',(-8.37,-3.625,1.2));
#11651=CARTESIAN_POINT('',(-8.37,-3.625,0.5));
#11652=CARTESIAN_POINT('',(-9.6,-3.625,0.5));
#11653=CARTESIAN_POINT('',(-9.6,-3.625,0.5));
#11654=CARTESIAN_POINT('',(-9.6,-3.625,1.2));
#11655=CARTESIAN_POINT('',(-9.6,-3.625,0.));
#11656=CARTESIAN_POINT('',(-9.6,-3.625,0.));
#11657=CARTESIAN_POINT('',(-8.05,-3.625,0.));
#11658=CARTESIAN_POINT('',(-8.05,-3.625,0.));
#11659=CARTESIAN_POINT('',(-8.05,-3.625,-0.5));
#11660=CARTESIAN_POINT('',(-9.6,-3.625,-0.5));
#11661=CARTESIAN_POINT('',(-6.35,-3.625,-0.5));
#11662=CARTESIAN_POINT('',(-6.35,-3.625,-0.5));
#11663=CARTESIAN_POINT('',(-6.35,-3.625,0.));
#11664=CARTESIAN_POINT('',(-6.35,-3.625,0.));
#11665=CARTESIAN_POINT('',(-5.2,-3.625,0.));
#11666=CARTESIAN_POINT('',(-5.2,-3.625,1.2));
#11667=CARTESIAN_POINT('',(-9.6,0.,0.));
#11668=CARTESIAN_POINT('',(-9.6,-1.818,-18.26));
#11669=CARTESIAN_POINT('',(-9.6,-1.818,-18.26));
#11670=CARTESIAN_POINT('',(-9.6,-1.818,0.));
#11671=CARTESIAN_POINT('',(-9.6,-3.475,0.));
#11672=CARTESIAN_POINT('',(-9.6,0.175,0.5));
#11673=CARTESIAN_POINT('',(-9.6,0.175,0.5));
#11674=CARTESIAN_POINT('',(-9.6,0.175,-18.76));
#11675=CARTESIAN_POINT('',(-9.6,0.175,-18.76));
#11676=CARTESIAN_POINT('',(-9.6,-1.925,-18.76));
#11677=CARTESIAN_POINT('',(-9.6,-3.475,-18.26));
#11678=CARTESIAN_POINT('',(-5.2,0.,0.));
#11679=CARTESIAN_POINT('',(-5.2,0.,0.));
#11680=CARTESIAN_POINT('',(-5.2,0.,0.));
#11681=CARTESIAN_POINT('',(-5.2,-1.55,0.));
#11682=CARTESIAN_POINT('',(-5.2,0.,-18.26));
#11683=CARTESIAN_POINT('',(-5.2,0.,-18.26));
#11684=CARTESIAN_POINT('',(-5.2,-1.55,-18.26));
#11685=CARTESIAN_POINT('',(-5.2,-1.55,-18.26));
#11686=CARTESIAN_POINT('',(-5.2,-1.55,-17.76));
#11687=CARTESIAN_POINT('',(-5.2,-1.55,-17.76));
#11688=CARTESIAN_POINT('',(-5.2,-3.05,-17.76));
#11689=CARTESIAN_POINT('',(-5.2,-3.05,-17.76));
#11690=CARTESIAN_POINT('',(-5.2,-3.05,-0.5));
#11691=CARTESIAN_POINT('',(-5.2,-3.05,-0.5));
#11692=CARTESIAN_POINT('',(-5.2,-1.55,-0.5));
#11693=CARTESIAN_POINT('',(-5.2,-1.55,-0.5));
#11694=CARTESIAN_POINT('',(-5.2,-1.55,0.));
#11695=CARTESIAN_POINT('',(-5.2,-3.475,-0.5));
#11696=CARTESIAN_POINT('',(-5.2,-3.475,0.));
#11697=CARTESIAN_POINT('',(-5.2,-3.475,-18.26));
#11698=CARTESIAN_POINT('',(-5.2,-3.475,-18.26));
#11699=CARTESIAN_POINT('',(-5.2,-1.925,-18.76));
#11700=CARTESIAN_POINT('',(-5.2,0.175,-18.76));
#11701=CARTESIAN_POINT('',(-5.2,0.175,-18.76));
#11702=CARTESIAN_POINT('',(-5.2,0.175,0.5));
#11703=CARTESIAN_POINT('',(-5.2,0.175,0.5));
#11704=CARTESIAN_POINT('',(-5.2,-3.475,0.));
#11705=CARTESIAN_POINT('',(-9.6,-3.625,-0.5));
#11706=CARTESIAN_POINT('',(-8.05,-3.475,-0.5));
#11707=CARTESIAN_POINT('',(-8.05,-3.475,-0.5));
#11708=CARTESIAN_POINT('',(-9.6,-3.475,-0.5));
#11709=CARTESIAN_POINT('',(-6.35,-3.475,-0.5));
#11710=CARTESIAN_POINT('',(-6.35,-3.475,-0.5));
#11711=CARTESIAN_POINT('',(-9.6,-3.475,-17.76));
#11712=CARTESIAN_POINT('',(-6.35,-3.475,-17.76));
#11713=CARTESIAN_POINT('',(-6.35,-3.475,-17.76));
#11714=CARTESIAN_POINT('',(-9.6,-3.475,-17.76));
#11715=CARTESIAN_POINT('',(-8.05,-3.475,-17.76));
#11716=CARTESIAN_POINT('',(-8.05,-3.475,-17.76));
#11717=CARTESIAN_POINT('',(-5.2,0.,0.));
#11718=CARTESIAN_POINT('',(-5.2,-1.55,0.));
#11719=CARTESIAN_POINT('',(-0.2,-1.55,0.));
#11720=CARTESIAN_POINT('',(-0.2,0.,0.));
#11721=CARTESIAN_POINT('',(-0.2,0.,0.));
#11722=CARTESIAN_POINT('',(-5.2,0.,0.));
#11723=CARTESIAN_POINT('',(-5.2,-1.55,0.));
#11724=CARTESIAN_POINT('',(-5.2,-1.55,-0.5));
#11725=CARTESIAN_POINT('',(-0.2,-1.55,-0.5));
#11726=CARTESIAN_POINT('',(-0.2,-1.55,0.));
#11727=CARTESIAN_POINT('',(-5.2,-1.55,-0.5));
#11728=CARTESIAN_POINT('',(-5.2,-3.05,-0.5));
#11729=CARTESIAN_POINT('',(-0.2,-3.05,-0.5));
#11730=CARTESIAN_POINT('',(-0.2,-1.55,-0.5));
#11731=CARTESIAN_POINT('',(-5.2,-3.05,-0.5));
#11732=CARTESIAN_POINT('',(-5.2,-3.05,-17.76));
#11733=CARTESIAN_POINT('',(-0.2,-3.05,-17.76));
#11734=CARTESIAN_POINT('',(-0.2,-3.05,-0.5));
#11735=CARTESIAN_POINT('',(-5.2,-3.05,-17.76));
#11736=CARTESIAN_POINT('',(-5.2,-1.55,-17.76));
#11737=CARTESIAN_POINT('',(-0.2,-1.55,-17.76));
#11738=CARTESIAN_POINT('',(-0.2,-3.05,-17.76));
#11739=CARTESIAN_POINT('',(-5.2,-1.55,-17.76));
#11740=CARTESIAN_POINT('',(-5.2,-1.55,-18.26));
#11741=CARTESIAN_POINT('',(-0.2,-1.55,-18.26));
#11742=CARTESIAN_POINT('',(-0.2,-1.55,-17.76));
#11743=CARTESIAN_POINT('',(-5.2,-1.55,-18.26));
#11744=CARTESIAN_POINT('',(-5.2,0.,-18.26));
#11745=CARTESIAN_POINT('',(-0.2,0.,-18.26));
#11746=CARTESIAN_POINT('',(-0.2,-1.55,-18.26));
#11747=CARTESIAN_POINT('',(-5.2,0.,-18.26));
#11748=CARTESIAN_POINT('',(-0.2,0.,-18.26));
#11749=CARTESIAN_POINT('',(0.,0.,0.));
#11750=CARTESIAN_POINT('',(0.,-1.35,0.));
#11751=CARTESIAN_POINT('',(0.,-1.35,-17.56));
#11752=CARTESIAN_POINT('',(0.,-1.35,-18.06));
#11753=CARTESIAN_POINT('',(0.,0.,-18.06));
#11754=CARTESIAN_POINT('',(0.,-0.2,-18.06));
#11755=CARTESIAN_POINT('',(0.,-0.2,0.));
#11756=CARTESIAN_POINT('',(0.,-0.2,-0.2));
#11757=CARTESIAN_POINT('',(0.,0.,-0.2));
#11758=CARTESIAN_POINT('',(0.,-1.35,-0.2));
#11759=CARTESIAN_POINT('',(0.,-1.35,0.));
#11760=CARTESIAN_POINT('',(0.,-1.35,-0.7));
#11761=CARTESIAN_POINT('',(0.,0.,-0.7));
#11762=CARTESIAN_POINT('',(0.,-2.85,-0.7));
#11763=CARTESIAN_POINT('',(0.,-2.85,0.));
#11764=CARTESIAN_POINT('',(0.,-2.85,-17.56));
#11765=CARTESIAN_POINT('',(0.,0.,-17.56));
#11766=CARTESIAN_POINT('',(0.,-2.36,-14.76));
#11767=CARTESIAN_POINT('',(0.,-1.71,-14.76));
#11768=CARTESIAN_POINT('',(0.,-2.61,-14.76));
#11769=CARTESIAN_POINT('',(0.,-2.61,-13.91));
#11770=CARTESIAN_POINT('',(0.,-2.61,-13.66));
#11771=CARTESIAN_POINT('',(0.,-1.96,-13.66));
#11772=CARTESIAN_POINT('',(0.,-1.71,-13.66));
#11773=CARTESIAN_POINT('',(0.,-1.71,-14.51));
#11774=CARTESIAN_POINT('',(0.,-1.96,-3.5));
#11775=CARTESIAN_POINT('',(0.,-2.61,-3.5));
#11776=CARTESIAN_POINT('',(0.,-1.71,-3.5));
#11777=CARTESIAN_POINT('',(0.,-1.71,-4.35));
#11778=CARTESIAN_POINT('',(0.,-1.71,-4.6));
#11779=CARTESIAN_POINT('',(0.,-2.36,-4.6));
#11780=CARTESIAN_POINT('',(0.,-2.61,-4.6));
#11781=CARTESIAN_POINT('',(0.,-2.61,-3.75));
#11782=CARTESIAN_POINT('',(0.,-1.09,-17.3));
#11783=CARTESIAN_POINT('',(0.,-0.44,-17.3));
#11784=CARTESIAN_POINT('',(0.,-1.34,-17.3));
#11785=CARTESIAN_POINT('',(0.,-1.34,-16.45));
#11786=CARTESIAN_POINT('',(0.,-1.34,-16.2));
#11787=CARTESIAN_POINT('',(0.,-0.69,-16.2));
#11788=CARTESIAN_POINT('',(0.,-0.44,-16.2));
#11789=CARTESIAN_POINT('',(0.,-0.44,-17.05));
#11790=CARTESIAN_POINT('',(0.,-2.36,-2.06));
#11791=CARTESIAN_POINT('',(0.,-1.71,-2.06));
#11792=CARTESIAN_POINT('',(0.,-2.61,-2.06));
#11793=CARTESIAN_POINT('',(0.,-2.61,-1.21));
#11794=CARTESIAN_POINT('',(0.,-2.61,-0.96));
#11795=CARTESIAN_POINT('',(0.,-1.96,-0.96));
#11796=CARTESIAN_POINT('',(0.,-1.71,-0.96));
#11797=CARTESIAN_POINT('',(0.,-1.71,-1.81));
#11798=CARTESIAN_POINT('',(0.,-2.36,-9.68));
#11799=CARTESIAN_POINT('',(0.,-1.71,-9.68));
#11800=CARTESIAN_POINT('',(0.,-2.61,-9.68));
#11801=CARTESIAN_POINT('',(0.,-2.61,-8.83));
#11802=CARTESIAN_POINT('',(0.,-2.61,-8.58));
#11803=CARTESIAN_POINT('',(0.,-1.96,-8.58));
#11804=CARTESIAN_POINT('',(0.,-1.71,-8.58));
#11805=CARTESIAN_POINT('',(0.,-1.71,-9.43));
#11806=CARTESIAN_POINT('',(0.,-0.69,-11.12));
#11807=CARTESIAN_POINT('',(0.,-1.34,-11.12));
#11808=CARTESIAN_POINT('',(0.,-0.44,-11.12));
#11809=CARTESIAN_POINT('',(0.,-0.44,-11.97));
#11810=CARTESIAN_POINT('',(0.,-0.44,-12.22));
#11811=CARTESIAN_POINT('',(0.,-1.09,-12.22));
#11812=CARTESIAN_POINT('',(0.,-1.34,-12.22));
#11813=CARTESIAN_POINT('',(0.,-1.34,-11.37));
#11814=CARTESIAN_POINT('',(0.,-2.36,-8.41));
#11815=CARTESIAN_POINT('',(0.,-1.71,-8.41));
#11816=CARTESIAN_POINT('',(0.,-2.61,-8.41));
#11817=CARTESIAN_POINT('',(0.,-2.61,-7.56));
#11818=CARTESIAN_POINT('',(0.,-2.61,-7.31));
#11819=CARTESIAN_POINT('',(0.,-1.96,-7.31));
#11820=CARTESIAN_POINT('',(0.,-1.71,-7.31));
#11821=CARTESIAN_POINT('',(0.,-1.71,-8.16));
#11822=CARTESIAN_POINT('',(0.,-1.09,-3.33));
#11823=CARTESIAN_POINT('',(0.,-0.44,-3.33));
#11824=CARTESIAN_POINT('',(0.,-1.34,-3.33));
#11825=CARTESIAN_POINT('',(0.,-1.34,-2.48));
#11826=CARTESIAN_POINT('',(0.,-1.34,-2.23));
#11827=CARTESIAN_POINT('',(0.,-0.69,-2.23));
#11828=CARTESIAN_POINT('',(0.,-0.44,-2.23));
#11829=CARTESIAN_POINT('',(0.,-0.44,-3.08));
#11830=CARTESIAN_POINT('',(0.,-2.36,-12.22));
#11831=CARTESIAN_POINT('',(0.,-1.71,-12.22));
#11832=CARTESIAN_POINT('',(0.,-2.61,-12.22));
#11833=CARTESIAN_POINT('',(0.,-2.61,-11.37));
#11834=CARTESIAN_POINT('',(0.,-2.61,-11.12));
#11835=CARTESIAN_POINT('',(0.,-1.96,-11.12));
#11836=CARTESIAN_POINT('',(0.,-1.71,-11.12));
#11837=CARTESIAN_POINT('',(0.,-1.71,-11.97));
#11838=CARTESIAN_POINT('',(0.,-1.09,-13.49));
#11839=CARTESIAN_POINT('',(0.,-0.44,-13.49));
#11840=CARTESIAN_POINT('',(0.,-1.34,-13.49));
#11841=CARTESIAN_POINT('',(0.,-1.34,-12.64));
#11842=CARTESIAN_POINT('',(0.,-1.34,-12.39));
#11843=CARTESIAN_POINT('',(0.,-0.69,-12.39));
#11844=CARTESIAN_POINT('',(0.,-0.44,-12.39));
#11845=CARTESIAN_POINT('',(0.,-0.44,-13.24));
#11846=CARTESIAN_POINT('',(0.,-1.34,-8.83));
#11847=CARTESIAN_POINT('',(0.,-1.34,-9.68));
#11848=CARTESIAN_POINT('',(0.,-1.34,-8.58));
#11849=CARTESIAN_POINT('',(0.,-0.69,-8.58));
#11850=CARTESIAN_POINT('',(0.,-0.44,-8.58));
#11851=CARTESIAN_POINT('',(0.,-0.44,-9.43));
#11852=CARTESIAN_POINT('',(0.,-0.44,-9.68));
#11853=CARTESIAN_POINT('',(0.,-1.09,-9.68));
#11854=CARTESIAN_POINT('',(0.,-1.09,-10.95));
#11855=CARTESIAN_POINT('',(0.,-0.44,-10.95));
#11856=CARTESIAN_POINT('',(0.,-1.34,-10.95));
#11857=CARTESIAN_POINT('',(0.,-1.34,-10.1));
#11858=CARTESIAN_POINT('',(0.,-1.34,-9.85));
#11859=CARTESIAN_POINT('',(0.,-0.69,-9.85));
#11860=CARTESIAN_POINT('',(0.,-0.44,-9.85));
#11861=CARTESIAN_POINT('',(0.,-0.44,-10.7));
#11862=CARTESIAN_POINT('',(0.,-1.34,-5.02));
#11863=CARTESIAN_POINT('',(0.,-1.34,-5.87));
#11864=CARTESIAN_POINT('',(0.,-1.34,-4.77));
#11865=CARTESIAN_POINT('',(0.,-0.69,-4.77));
#11866=CARTESIAN_POINT('',(0.,-0.44,-4.77));
#11867=CARTESIAN_POINT('',(0.,-0.44,-5.62));
#11868=CARTESIAN_POINT('',(0.,-0.44,-5.87));
#11869=CARTESIAN_POINT('',(0.,-1.09,-5.87));
#11870=CARTESIAN_POINT('',(0.,-1.09,-2.06));
#11871=CARTESIAN_POINT('',(0.,-0.44,-2.06));
#11872=CARTESIAN_POINT('',(0.,-1.34,-2.06));
#11873=CARTESIAN_POINT('',(0.,-1.34,-1.21));
#11874=CARTESIAN_POINT('',(0.,-1.34,-0.96));
#11875=CARTESIAN_POINT('',(0.,-0.69,-0.96));
#11876=CARTESIAN_POINT('',(0.,-0.44,-0.96));
#11877=CARTESIAN_POINT('',(0.,-0.44,-1.81));
#11878=CARTESIAN_POINT('',(0.,-1.71,-6.89));
#11879=CARTESIAN_POINT('',(0.,-1.71,-6.04));
#11880=CARTESIAN_POINT('',(0.,-1.71,-7.14));
#11881=CARTESIAN_POINT('',(0.,-2.36,-7.14));
#11882=CARTESIAN_POINT('',(0.,-2.61,-7.14));
#11883=CARTESIAN_POINT('',(0.,-2.61,-6.29));
#11884=CARTESIAN_POINT('',(0.,-2.61,-6.04));
#11885=CARTESIAN_POINT('',(0.,-1.96,-6.04));
#11886=CARTESIAN_POINT('',(0.,-1.09,-16.03));
#11887=CARTESIAN_POINT('',(0.,-0.44,-16.03));
#11888=CARTESIAN_POINT('',(0.,-1.34,-16.03));
#11889=CARTESIAN_POINT('',(0.,-1.34,-15.18));
#11890=CARTESIAN_POINT('',(0.,-1.34,-14.93));
#11891=CARTESIAN_POINT('',(0.,-0.69,-14.93));
#11892=CARTESIAN_POINT('',(0.,-0.44,-14.93));
#11893=CARTESIAN_POINT('',(0.,-0.44,-15.78));
#11894=CARTESIAN_POINT('',(0.,-1.96,-14.93));
#11895=CARTESIAN_POINT('',(0.,-2.61,-14.93));
#11896=CARTESIAN_POINT('',(0.,-1.71,-14.93));
#11897=CARTESIAN_POINT('',(0.,-1.71,-15.78));
#11898=CARTESIAN_POINT('',(0.,-1.71,-16.03));
#11899=CARTESIAN_POINT('',(0.,-2.36,-16.03));
#11900=CARTESIAN_POINT('',(0.,-2.61,-16.03));
#11901=CARTESIAN_POINT('',(0.,-2.61,-15.18));
#11902=CARTESIAN_POINT('',(0.,-0.44,-6.89));
#11903=CARTESIAN_POINT('',(0.,-0.44,-6.04));
#11904=CARTESIAN_POINT('',(0.,-0.44,-7.14));
#11905=CARTESIAN_POINT('',(0.,-1.09,-7.14));
#11906=CARTESIAN_POINT('',(0.,-1.34,-7.14));
#11907=CARTESIAN_POINT('',(0.,-1.34,-6.29));
#11908=CARTESIAN_POINT('',(0.,-1.34,-6.04));
#11909=CARTESIAN_POINT('',(0.,-0.69,-6.04));
#11910=CARTESIAN_POINT('',(0.,-1.96,-9.85));
#11911=CARTESIAN_POINT('',(0.,-2.61,-9.85));
#11912=CARTESIAN_POINT('',(0.,-1.71,-9.85));
#11913=CARTESIAN_POINT('',(0.,-1.71,-10.7));
#11914=CARTESIAN_POINT('',(0.,-1.71,-10.95));
#11915=CARTESIAN_POINT('',(0.,-2.36,-10.95));
#11916=CARTESIAN_POINT('',(0.,-2.61,-10.95));
#11917=CARTESIAN_POINT('',(0.,-2.61,-10.1));
#11918=CARTESIAN_POINT('',(0.,-1.09,-8.41));
#11919=CARTESIAN_POINT('',(0.,-0.44,-8.41));
#11920=CARTESIAN_POINT('',(0.,-1.34,-8.41));
#11921=CARTESIAN_POINT('',(0.,-1.34,-7.56));
#11922=CARTESIAN_POINT('',(0.,-1.34,-7.31));
#11923=CARTESIAN_POINT('',(0.,-0.69,-7.31));
#11924=CARTESIAN_POINT('',(0.,-0.44,-7.31));
#11925=CARTESIAN_POINT('',(0.,-0.44,-8.16));
#11926=CARTESIAN_POINT('',(0.,-2.36,-17.3));
#11927=CARTESIAN_POINT('',(0.,-1.71,-17.3));
#11928=CARTESIAN_POINT('',(0.,-2.61,-17.3));
#11929=CARTESIAN_POINT('',(0.,-2.61,-16.45));
#11930=CARTESIAN_POINT('',(0.,-2.61,-16.2));
#11931=CARTESIAN_POINT('',(0.,-1.96,-16.2));
#11932=CARTESIAN_POINT('',(0.,-1.71,-16.2));
#11933=CARTESIAN_POINT('',(0.,-1.71,-17.05));
#11934=CARTESIAN_POINT('',(0.,-1.71,-13.24));
#11935=CARTESIAN_POINT('',(0.,-1.71,-12.39));
#11936=CARTESIAN_POINT('',(0.,-1.71,-13.49));
#11937=CARTESIAN_POINT('',(0.,-2.36,-13.49));
#11938=CARTESIAN_POINT('',(0.,-2.61,-13.49));
#11939=CARTESIAN_POINT('',(0.,-2.61,-12.64));
#11940=CARTESIAN_POINT('',(0.,-2.61,-12.39));
#11941=CARTESIAN_POINT('',(0.,-1.96,-12.39));
#11942=CARTESIAN_POINT('',(0.,-2.61,-5.02));
#11943=CARTESIAN_POINT('',(0.,-2.61,-5.87));
#11944=CARTESIAN_POINT('',(0.,-2.61,-4.77));
#11945=CARTESIAN_POINT('',(0.,-1.96,-4.77));
#11946=CARTESIAN_POINT('',(0.,-1.71,-4.77));
#11947=CARTESIAN_POINT('',(0.,-1.71,-5.62));
#11948=CARTESIAN_POINT('',(0.,-1.71,-5.87));
#11949=CARTESIAN_POINT('',(0.,-2.36,-5.87));
#11950=CARTESIAN_POINT('',(0.,-1.09,-4.6));
#11951=CARTESIAN_POINT('',(0.,-0.44,-4.6));
#11952=CARTESIAN_POINT('',(0.,-1.34,-4.6));
#11953=CARTESIAN_POINT('',(0.,-1.34,-3.75));
#11954=CARTESIAN_POINT('',(0.,-1.34,-3.5));
#11955=CARTESIAN_POINT('',(0.,-0.69,-3.5));
#11956=CARTESIAN_POINT('',(0.,-0.44,-3.5));
#11957=CARTESIAN_POINT('',(0.,-0.44,-4.35));
#11958=CARTESIAN_POINT('',(0.,-2.36,-3.33));
#11959=CARTESIAN_POINT('',(0.,-1.71,-3.33));
#11960=CARTESIAN_POINT('',(0.,-2.61,-3.33));
#11961=CARTESIAN_POINT('',(0.,-2.61,-2.48));
#11962=CARTESIAN_POINT('',(0.,-2.61,-2.23));
#11963=CARTESIAN_POINT('',(0.,-1.96,-2.23));
#11964=CARTESIAN_POINT('',(0.,-1.71,-2.23));
#11965=CARTESIAN_POINT('',(0.,-1.71,-3.08));
#11966=CARTESIAN_POINT('',(0.,-1.09,-14.76));
#11967=CARTESIAN_POINT('',(0.,-0.44,-14.76));
#11968=CARTESIAN_POINT('',(0.,-1.34,-14.76));
#11969=CARTESIAN_POINT('',(0.,-1.34,-13.91));
#11970=CARTESIAN_POINT('',(0.,-1.34,-13.66));
#11971=CARTESIAN_POINT('',(0.,-0.69,-13.66));
#11972=CARTESIAN_POINT('',(0.,-0.44,-13.66));
#11973=CARTESIAN_POINT('',(0.,-0.44,-14.51));
#11974=CARTESIAN_POINT('',(-9.6,-3.475,-0.5));
#11975=CARTESIAN_POINT('',(-8.9,-3.475,-0.5));
#11976=CARTESIAN_POINT('',(-8.9,-3.475,-18.26));
#11977=CARTESIAN_POINT('',(-8.9,-3.475,0.));
#11978=CARTESIAN_POINT('',(-8.05,-3.475,-18.26));
#11979=CARTESIAN_POINT('',(-8.05,-3.475,-18.26));
#11980=CARTESIAN_POINT('',(-8.05,-3.475,-17.76));
#11981=CARTESIAN_POINT('',(-6.35,-3.475,-18.26));
#11982=CARTESIAN_POINT('',(-6.35,-3.475,-18.26));
#11983=CARTESIAN_POINT('',(-5.2,-3.475,-18.26));
#11984=CARTESIAN_POINT('',(-6.35,-3.475,0.));
#11985=CARTESIAN_POINT('',(-6.35,-3.475,0.));
#11986=CARTESIAN_POINT('',(-6.35,-3.475,-0.5));
#11987=CARTESIAN_POINT('',(-8.05,-3.475,0.));
#11988=CARTESIAN_POINT('',(-8.05,-3.475,0.));
#11989=CARTESIAN_POINT('',(-9.6,-3.475,0.));
#11990=CARTESIAN_POINT('',(-9.6,-1.925,-19.46));
#11991=CARTESIAN_POINT('',(-8.97,-1.925,-19.46));
#11992=CARTESIAN_POINT('',(-8.97,-1.925,-18.76));
#11993=CARTESIAN_POINT('',(-9.6,-1.925,-18.76));
#11994=CARTESIAN_POINT('',(-5.43,-1.925,-18.76));
#11995=CARTESIAN_POINT('',(-5.43,-1.925,-19.46));
#11996=CARTESIAN_POINT('',(-9.6,-1.925,-18.76));
#11997=CARTESIAN_POINT('',(-8.97,-10.,-18.76));
#11998=CARTESIAN_POINT('',(-8.97,-3.225,-18.76));
#11999=CARTESIAN_POINT('',(-8.97,-3.225,-18.76));
#12000=CARTESIAN_POINT('',(-8.37,-3.225,-18.76));
#12001=CARTESIAN_POINT('',(-8.37,-3.225,-18.76));
#12002=CARTESIAN_POINT('',(-9.6,0.175,-18.76));
#12003=CARTESIAN_POINT('',(-6.03,-3.225,-18.76));
#12004=CARTESIAN_POINT('',(-6.03,-3.225,-18.76));
#12005=CARTESIAN_POINT('',(-6.03,-3.225,-18.76));
#12006=CARTESIAN_POINT('',(-5.43,-3.225,-18.76));
#12007=CARTESIAN_POINT('',(-5.43,-10.,-18.76));
#12008=CARTESIAN_POINT('',(-9.6,0.175,-18.76));
#12009=CARTESIAN_POINT('',(-9.6,0.175,0.5));
#12010=CARTESIAN_POINT('',(-9.6,0.175,0.5));
#12011=CARTESIAN_POINT('',(-9.6,-1.925,0.5));
#12012=CARTESIAN_POINT('',(-8.97,-1.925,0.5));
#12013=CARTESIAN_POINT('',(-5.43,-1.925,0.5));
#12014=CARTESIAN_POINT('',(-5.43,-10.,0.5));
#12015=CARTESIAN_POINT('',(-5.43,-3.225,0.5));
#12016=CARTESIAN_POINT('',(-5.43,-3.225,0.5));
#12017=CARTESIAN_POINT('',(-6.03,-3.225,0.5));
#12018=CARTESIAN_POINT('',(-6.03,-3.225,0.5));
#12019=CARTESIAN_POINT('',(-8.37,-3.225,0.5));
#12020=CARTESIAN_POINT('',(-8.37,-3.225,0.5));
#12021=CARTESIAN_POINT('',(-8.37,-3.225,0.5));
#12022=CARTESIAN_POINT('',(-8.97,-3.225,0.5));
#12023=CARTESIAN_POINT('',(-8.97,-10.,0.5));
#12024=CARTESIAN_POINT('',(-9.6,-1.925,0.5));
#12025=CARTESIAN_POINT('',(-5.43,-1.925,0.5));
#12026=CARTESIAN_POINT('',(-8.97,-1.925,0.5));
#12027=CARTESIAN_POINT('',(-8.97,-10.,1.2));
#12028=CARTESIAN_POINT('',(-8.97,-3.225,0.5));
#12029=CARTESIAN_POINT('',(-5.43,-10.,0.5));
#12030=CARTESIAN_POINT('',(-5.43,-3.225,0.5));
#12031=CARTESIAN_POINT('',(-8.97,-10.,-18.76));
#12032=CARTESIAN_POINT('',(-8.97,-3.225,-20.278));
#12033=CARTESIAN_POINT('',(-5.43,-10.,-19.46));
#12034=CARTESIAN_POINT('',(-5.43,-3.225,-18.76));
#12035=CARTESIAN_POINT('',(-9.6,-3.475,0.));
#12036=CARTESIAN_POINT('',(-8.05,-3.475,0.));
#12037=CARTESIAN_POINT('',(-8.9,-1.818,0.));
#12038=CARTESIAN_POINT('',(-8.9,-1.818,0.));
#12039=CARTESIAN_POINT('',(-8.9,-1.818,0.));
#12040=CARTESIAN_POINT('',(-8.05,-3.475,0.));
#12041=CARTESIAN_POINT('',(-8.05,-3.475,-18.26));
#12042=CARTESIAN_POINT('',(-8.9,-3.8,-18.26));
#12043=CARTESIAN_POINT('',(-8.9,-1.818,-18.26));
#12044=CARTESIAN_POINT('',(-8.9,-1.818,-18.26));
#12045=CARTESIAN_POINT('',(-8.05,-3.475,-18.26));
#12046=CARTESIAN_POINT('',(-8.05,-3.475,-17.76));
#12047=CARTESIAN_POINT('',(-6.35,-3.475,-18.26));
#12048=CARTESIAN_POINT('',(-6.35,-3.475,-18.26));
#12049=CARTESIAN_POINT('',(-5.2,-3.475,-18.26));
#12050=CARTESIAN_POINT('',(-6.35,-3.475,-0.5));
#12051=CARTESIAN_POINT('',(-6.35,-3.475,0.));
#12052=CARTESIAN_POINT('',(-6.35,-3.475,0.));
#12053=CARTESIAN_POINT('',(-7.20000000000001,-4.425,-18.96));
#12054=CARTESIAN_POINT('',(-7.20000000000001,-4.225,-18.96));
#12055=CARTESIAN_POINT('',(-7.20000000000001,-4.225,-18.21));
#12056=CARTESIAN_POINT('',(-7.20000000000001,-3.625,-18.96));
#12057=CARTESIAN_POINT('',(-7.20000000000001,-4.425,-18.96));
#12058=CARTESIAN_POINT('',(-7.20000000000001,-4.425,-18.96));
#12059=CARTESIAN_POINT('',(-7.20000000000001,-4.425,-18.41));
#12060=CARTESIAN_POINT('',(-7.20000000000001,-3.625,-18.96));
#12061=CARTESIAN_POINT('',(-7.20000000000001,-4.225,-18.96));
#12062=CARTESIAN_POINT('',(-7.53558899337655,-4.425,0.59999999999998));
#12063=CARTESIAN_POINT('',(-7.53558886449809,-4.425,0.2));
#12064=CARTESIAN_POINT('',(-7.53558886449809,-4.225,0.2));
#12065=CARTESIAN_POINT('',(-7.53558899337655,-4.225,0.59999999999998));
#12066=CARTESIAN_POINT('',(-7.91900000000265,-4.225,0.486000000008921));
#12067=CARTESIAN_POINT('',(-7.91900000000265,-4.425,0.486000000008921));
#12068=CARTESIAN_POINT('',(-7.20017874266268,-4.425,0.699999999999998));
#12069=CARTESIAN_POINT('',(-7.20017874266268,-4.225,0.699999999999998));
#12070=CARTESIAN_POINT('',(-7.91900000000273,-4.225,0.913999999990811));
#12071=CARTESIAN_POINT('',(-7.91900000000273,-4.425,0.913999999990811));
#12072=CARTESIAN_POINT('',(-7.53558899337655,-4.425,0.80000000000002));
#12073=CARTESIAN_POINT('',(-7.53558899337655,-4.225,0.80000000000002));
#12074=CARTESIAN_POINT('',(-6.86441100662345,-4.425,0.800000000000021));
#12075=CARTESIAN_POINT('',(-6.86441100662345,-4.225,0.800000000000021));
#12076=CARTESIAN_POINT('',(-6.48099999999661,-4.225,0.913999999988587));
#12077=CARTESIAN_POINT('',(-6.48099999999661,-4.425,0.913999999988587));
#12078=CARTESIAN_POINT('',(-7.19982125733732,-4.425,0.699999999999999));
#12079=CARTESIAN_POINT('',(-7.19982125733732,-4.225,0.699999999999999));
#12080=CARTESIAN_POINT('',(-6.48099999999663,-4.225,0.486000000011324));
#12081=CARTESIAN_POINT('',(-6.48099999999663,-4.425,0.486000000011324));
#12082=CARTESIAN_POINT('',(-6.86441100662345,-4.425,0.59999999999998));
#12083=CARTESIAN_POINT('',(-6.86441100662345,-4.225,0.59999999999998));
#12084=CARTESIAN_POINT('',(-6.86441113550191,-4.225,0.199999999999999));
#12085=CARTESIAN_POINT('',(-6.86441113550191,-4.425,0.199999999999999));
#12086=CARTESIAN_POINT('',(-6.86441113550191,-4.425,0.2));
#12087=CARTESIAN_POINT('',(-7.53558886449809,-4.225,0.2));
#12088=CARTESIAN_POINT('',(-7.53558899337655,-4.425,0.59999999999998));
#12089=CARTESIAN_POINT('',(-7.53558899337655,-4.425,0.80000000000002));
#12090=CARTESIAN_POINT('',(-7.53558892893732,-4.425,1.));
#12091=CARTESIAN_POINT('',(-7.72731430819022,-4.425,0.856933326440709));
#12092=CARTESIAN_POINT('',(-7.20017874266268,-4.425,0.699999999999998));
#12093=CARTESIAN_POINT('',(-7.72731430819016,-4.425,0.543066673559094));
#12094=CARTESIAN_POINT('',(-7.53558899337655,-4.425,0.59999999999998));
#12095=CARTESIAN_POINT('',(-7.53558886449809,-4.425,0.400000000000021));
#12096=CARTESIAN_POINT('',(-6.86441113550191,-4.425,0.4));
#12097=CARTESIAN_POINT('',(-6.86441107106268,-4.425,0.4));
#12098=CARTESIAN_POINT('',(-6.86441100662345,-4.425,0.59999999999998));
#12099=CARTESIAN_POINT('',(-6.67268569180932,-4.425,0.543066673560856));
#12100=CARTESIAN_POINT('',(-7.19982125733732,-4.425,0.699999999999999));
#12101=CARTESIAN_POINT('',(-6.67270551911651,-4.425,0.856999995286387));
#12102=CARTESIAN_POINT('',(-6.86441100662345,-4.425,0.800000000000021));
#12103=CARTESIAN_POINT('',(-6.86441113550191,-4.425,0.999999999999979));
#12104=CARTESIAN_POINT('',(-7.53558886449809,-4.425,1.));
#12105=CARTESIAN_POINT('',(-7.19982125733732,-4.225,0.699999999999999));
#12106=CARTESIAN_POINT('',(-6.67270551911651,-4.225,0.856999995286387));
#12107=CARTESIAN_POINT('',(-6.67268566862082,-4.225,0.543066666674971));
#12108=CARTESIAN_POINT('',(-6.86441100662345,-4.225,0.59999999999998));
#12109=CARTESIAN_POINT('',(-6.86441107106268,-4.225,0.399999999999989));
#12110=CARTESIAN_POINT('',(-6.86441100662345,-4.225,0.800000000000021));
#12111=CARTESIAN_POINT('',(-6.86441113550191,-4.225,0.999999999999979));
#12112=CARTESIAN_POINT('',(-6.86441113550191,-4.225,0.4));
#12113=CARTESIAN_POINT('',(-7.53558886449809,-4.225,0.4));
#12114=CARTESIAN_POINT('',(-9.6,-4.225,1.));
#12115=CARTESIAN_POINT('',(-7.53558892893732,-4.225,1.));
#12116=CARTESIAN_POINT('',(-7.53558899337655,-4.225,0.59999999999998));
#12117=CARTESIAN_POINT('',(-7.7272944966896,-4.225,0.543000000004451));
#12118=CARTESIAN_POINT('',(-7.53558899337655,-4.225,0.80000000000002));
#12119=CARTESIAN_POINT('',(-7.72731430819022,-4.225,0.856933326440709));
#12120=CARTESIAN_POINT('',(-7.20017874266268,-4.225,0.699999999999998));
#12121=CARTESIAN_POINT('',(-8.9,-1.818,-18.26));
#12122=CARTESIAN_POINT('',(-8.9,-1.818,-18.26));
#12123=CARTESIAN_POINT('',(-8.9,0.,0.));
#12124=CARTESIAN_POINT('',(0.,-3.225,0.));
#12125=CARTESIAN_POINT('',(-6.03,-3.225,0.5));
#12126=CARTESIAN_POINT('',(-6.03,-3.225,0.5));
#12127=CARTESIAN_POINT('',(-8.37,-3.225,1.2));
#12128=CARTESIAN_POINT('',(-8.37,-3.225,1.2));
#12129=CARTESIAN_POINT('',(0.,-3.225,0.));
#12130=CARTESIAN_POINT('',(0.,-3.225,0.));
#12131=CARTESIAN_POINT('',(-6.03,-3.225,-19.46));
#12132=CARTESIAN_POINT('',(-6.03,-3.225,-19.46));
#12133=CARTESIAN_POINT('',(0.,-3.225,0.));
#12134=CARTESIAN_POINT('',(-8.37,-3.225,-18.76));
#12135=CARTESIAN_POINT('',(-8.37,-3.225,-18.76));
#12136=CARTESIAN_POINT('',(-6.2,-2.395,-19.925));
#12137=CARTESIAN_POINT('',(-6.1,-2.395,-19.925));
#12138=CARTESIAN_POINT('',(-6.1,-2.395,-19.725));
#12139=CARTESIAN_POINT('',(-6.2,-2.395,-19.725));
#12140=CARTESIAN_POINT('',(-6.2,-2.295,-19.725));
#12141=CARTESIAN_POINT('',(-6.2,-2.295,-19.925));
#12142=CARTESIAN_POINT('',(-6.1,-2.395,-19.925));
#12143=CARTESIAN_POINT('',(-6.1,-2.565,-19.925));
#12144=CARTESIAN_POINT('',(-6.1,-2.565,-19.725));
#12145=CARTESIAN_POINT('',(-6.1,-2.395,-19.725));
#12146=CARTESIAN_POINT('',(-6.2,-2.565,-19.925));
#12147=CARTESIAN_POINT('',(-6.2,-2.665,-19.925));
#12148=CARTESIAN_POINT('',(-6.2,-2.665,-19.725));
#12149=CARTESIAN_POINT('',(-6.2,-2.565,-19.725));
#12150=CARTESIAN_POINT('',(-6.2,-2.665,-19.925));
#12151=CARTESIAN_POINT('',(-6.42,-2.665,-19.925));
#12152=CARTESIAN_POINT('',(-6.42,-2.665,-19.725));
#12153=CARTESIAN_POINT('',(-6.2,-2.665,-19.725));
#12154=CARTESIAN_POINT('',(-6.42,-2.665,-19.925));
#12155=CARTESIAN_POINT('',(-6.42,-3.035,-19.925));
#12156=CARTESIAN_POINT('',(-6.42,-3.035,-19.725));
#12157=CARTESIAN_POINT('',(-6.42,-2.665,-19.725));
#12158=CARTESIAN_POINT('',(-6.42,-3.035,-19.925));
#12159=CARTESIAN_POINT('',(-6.2,-3.035,-19.925));
#12160=CARTESIAN_POINT('',(-6.2,-3.035,-19.725));
#12161=CARTESIAN_POINT('',(-6.42,-3.035,-19.725));
#12162=CARTESIAN_POINT('',(-6.2,-3.135,-19.925));
#12163=CARTESIAN_POINT('',(-6.1,-3.135,-19.925));
#12164=CARTESIAN_POINT('',(-6.1,-3.135,-19.725));
#12165=CARTESIAN_POINT('',(-6.2,-3.135,-19.725));
#12166=CARTESIAN_POINT('',(-6.1,-3.135,-19.925));
#12167=CARTESIAN_POINT('',(-6.1,-3.205,-19.925));
#12168=CARTESIAN_POINT('',(-6.1,-3.205,-19.725));
#12169=CARTESIAN_POINT('',(-6.1,-3.135,-19.725));
#12170=CARTESIAN_POINT('',(-6.2,-3.205,-19.925));
#12171=CARTESIAN_POINT('',(-6.2,-3.305,-19.925));
#12172=CARTESIAN_POINT('',(-6.2,-3.305,-19.725));
#12173=CARTESIAN_POINT('',(-6.2,-3.205,-19.725));
#12174=CARTESIAN_POINT('',(-6.2,-3.305,-19.925));
#12175=CARTESIAN_POINT('',(-8.2,-3.305,-19.925));
#12176=CARTESIAN_POINT('',(-8.2,-3.305,-19.725));
#12177=CARTESIAN_POINT('',(-6.2,-3.305,-19.725));
#12178=CARTESIAN_POINT('',(-8.2,-3.205,-19.925));
#12179=CARTESIAN_POINT('',(-8.3,-3.205,-19.925));
#12180=CARTESIAN_POINT('',(-8.3,-3.205,-19.725));
#12181=CARTESIAN_POINT('',(-8.2,-3.205,-19.725));
#12182=CARTESIAN_POINT('',(-8.3,-3.205,-19.925));
#12183=CARTESIAN_POINT('',(-8.3,-3.135,-19.925));
#12184=CARTESIAN_POINT('',(-8.3,-3.135,-19.725));
#12185=CARTESIAN_POINT('',(-8.3,-3.205,-19.725));
#12186=CARTESIAN_POINT('',(-8.2,-3.135,-19.925));
#12187=CARTESIAN_POINT('',(-8.2,-3.035,-19.925));
#12188=CARTESIAN_POINT('',(-8.2,-3.035,-19.725));
#12189=CARTESIAN_POINT('',(-8.2,-3.135,-19.725));
#12190=CARTESIAN_POINT('',(-8.2,-3.035,-19.925));
#12191=CARTESIAN_POINT('',(-7.98,-3.035,-19.925));
#12192=CARTESIAN_POINT('',(-7.98,-3.035,-19.725));
#12193=CARTESIAN_POINT('',(-8.2,-3.035,-19.725));
#12194=CARTESIAN_POINT('',(-7.98,-3.035,-19.925));
#12195=CARTESIAN_POINT('',(-7.98,-2.665,-19.925));
#12196=CARTESIAN_POINT('',(-7.98,-2.665,-19.725));
#12197=CARTESIAN_POINT('',(-7.98,-3.035,-19.725));
#12198=CARTESIAN_POINT('',(-7.98,-2.665,-19.925));
#12199=CARTESIAN_POINT('',(-8.2,-2.665,-19.925));
#12200=CARTESIAN_POINT('',(-8.2,-2.665,-19.725));
#12201=CARTESIAN_POINT('',(-7.98,-2.665,-19.725));
#12202=CARTESIAN_POINT('',(-8.2,-2.565,-19.925));
#12203=CARTESIAN_POINT('',(-8.3,-2.565,-19.925));
#12204=CARTESIAN_POINT('',(-8.3,-2.565,-19.725));
#12205=CARTESIAN_POINT('',(-8.2,-2.565,-19.725));
#12206=CARTESIAN_POINT('',(-8.3,-2.565,-19.925));
#12207=CARTESIAN_POINT('',(-8.3,-2.395,-19.925));
#12208=CARTESIAN_POINT('',(-8.3,-2.395,-19.725));
#12209=CARTESIAN_POINT('',(-8.3,-2.565,-19.725));
#12210=CARTESIAN_POINT('',(-8.2,-2.395,-19.925));
#12211=CARTESIAN_POINT('',(-8.2,-2.295,-19.925));
#12212=CARTESIAN_POINT('',(-8.2,-2.295,-19.725));
#12213=CARTESIAN_POINT('',(-8.2,-2.395,-19.725));
#12214=CARTESIAN_POINT('',(-8.2,-2.295,-19.925));
#12215=CARTESIAN_POINT('',(-8.2,-2.295,-19.725));
#12216=CARTESIAN_POINT('',(-6.2,-2.395,-19.925));
#12217=CARTESIAN_POINT('',(-8.2,-2.395,-19.925));
#12218=CARTESIAN_POINT('',(-8.2,-2.565,-19.925));
#12219=CARTESIAN_POINT('',(-8.2,-2.395,-19.925));
#12220=CARTESIAN_POINT('',(-6.2,-2.395,-19.925));
#12221=CARTESIAN_POINT('',(-6.2,-2.395,-19.925));
#12222=CARTESIAN_POINT('',(-6.2,-2.565,-19.925));
#12223=CARTESIAN_POINT('',(-6.2,-2.565,-19.925));
#12224=CARTESIAN_POINT('',(-6.42,-2.565,-19.925));
#12225=CARTESIAN_POINT('',(-6.52,-2.565,-19.925));
#12226=CARTESIAN_POINT('',(-6.52,-3.035,-19.925));
#12227=CARTESIAN_POINT('',(-6.52,-3.135,-19.925));
#12228=CARTESIAN_POINT('',(-6.2,-3.135,-19.925));
#12229=CARTESIAN_POINT('',(-6.2,-3.135,-19.925));
#12230=CARTESIAN_POINT('',(-6.2,-3.205,-19.925));
#12231=CARTESIAN_POINT('',(-6.2,-3.205,-19.925));
#12232=CARTESIAN_POINT('',(-8.2,-3.205,-19.925));
#12233=CARTESIAN_POINT('',(-8.2,-3.205,-19.925));
#12234=CARTESIAN_POINT('',(-8.2,-3.135,-19.925));
#12235=CARTESIAN_POINT('',(-8.2,-3.135,-19.925));
#12236=CARTESIAN_POINT('',(-7.98,-3.135,-19.925));
#12237=CARTESIAN_POINT('',(-7.88,-3.135,-19.925));
#12238=CARTESIAN_POINT('',(-7.88,-2.665,-19.925));
#12239=CARTESIAN_POINT('',(-7.88,-2.565,-19.925));
#12240=CARTESIAN_POINT('',(-8.2,-2.565,-19.925));
#12241=CARTESIAN_POINT('',(-8.2,-2.395,1.665));
#12242=CARTESIAN_POINT('',(-8.3,-2.395,1.665));
#12243=CARTESIAN_POINT('',(-8.3,-2.395,1.465));
#12244=CARTESIAN_POINT('',(-8.2,-2.395,1.465));
#12245=CARTESIAN_POINT('',(-8.2,-2.295,1.465));
#12246=CARTESIAN_POINT('',(-8.2,-2.295,1.665));
#12247=CARTESIAN_POINT('',(-8.3,-2.395,1.665));
#12248=CARTESIAN_POINT('',(-8.3,-2.565,1.665));
#12249=CARTESIAN_POINT('',(-8.3,-2.565,1.465));
#12250=CARTESIAN_POINT('',(-8.3,-2.395,1.465));
#12251=CARTESIAN_POINT('',(-8.2,-2.565,1.665));
#12252=CARTESIAN_POINT('',(-8.2,-2.665,1.665));
#12253=CARTESIAN_POINT('',(-8.2,-2.665,1.465));
#12254=CARTESIAN_POINT('',(-8.2,-2.565,1.465));
#12255=CARTESIAN_POINT('',(-8.2,-2.665,1.665));
#12256=CARTESIAN_POINT('',(-7.98,-2.665,1.665));
#12257=CARTESIAN_POINT('',(-7.98,-2.665,1.465));
#12258=CARTESIAN_POINT('',(-8.2,-2.665,1.465));
#12259=CARTESIAN_POINT('',(-7.98,-2.665,1.665));
#12260=CARTESIAN_POINT('',(-7.98,-3.035,1.665));
#12261=CARTESIAN_POINT('',(-7.98,-3.035,1.465));
#12262=CARTESIAN_POINT('',(-7.98,-2.665,1.465));
#12263=CARTESIAN_POINT('',(-7.98,-3.035,1.665));
#12264=CARTESIAN_POINT('',(-8.2,-3.035,1.665));
#12265=CARTESIAN_POINT('',(-8.2,-3.035,1.465));
#12266=CARTESIAN_POINT('',(-7.98,-3.035,1.465));
#12267=CARTESIAN_POINT('',(-8.2,-3.135,1.665));
#12268=CARTESIAN_POINT('',(-8.3,-3.135,1.665));
#12269=CARTESIAN_POINT('',(-8.3,-3.135,1.465));
#12270=CARTESIAN_POINT('',(-8.2,-3.135,1.465));
#12271=CARTESIAN_POINT('',(-8.3,-3.135,1.665));
#12272=CARTESIAN_POINT('',(-8.3,-3.205,1.665));
#12273=CARTESIAN_POINT('',(-8.3,-3.205,1.465));
#12274=CARTESIAN_POINT('',(-8.3,-3.135,1.465));
#12275=CARTESIAN_POINT('',(-8.2,-3.205,1.665));
#12276=CARTESIAN_POINT('',(-8.2,-3.305,1.665));
#12277=CARTESIAN_POINT('',(-8.2,-3.305,1.465));
#12278=CARTESIAN_POINT('',(-8.2,-3.205,1.465));
#12279=CARTESIAN_POINT('',(-8.2,-3.305,1.665));
#12280=CARTESIAN_POINT('',(-6.2,-3.305,1.665));
#12281=CARTESIAN_POINT('',(-6.2,-3.305,1.465));
#12282=CARTESIAN_POINT('',(-8.2,-3.305,1.465));
#12283=CARTESIAN_POINT('',(-6.2,-3.205,1.665));
#12284=CARTESIAN_POINT('',(-6.1,-3.205,1.665));
#12285=CARTESIAN_POINT('',(-6.1,-3.205,1.465));
#12286=CARTESIAN_POINT('',(-6.2,-3.205,1.465));
#12287=CARTESIAN_POINT('',(-6.1,-3.205,1.665));
#12288=CARTESIAN_POINT('',(-6.1,-3.135,1.665));
#12289=CARTESIAN_POINT('',(-6.1,-3.135,1.465));
#12290=CARTESIAN_POINT('',(-6.1,-3.205,1.465));
#12291=CARTESIAN_POINT('',(-6.2,-3.135,1.665));
#12292=CARTESIAN_POINT('',(-6.2,-3.035,1.665));
#12293=CARTESIAN_POINT('',(-6.2,-3.035,1.465));
#12294=CARTESIAN_POINT('',(-6.2,-3.135,1.465));
#12295=CARTESIAN_POINT('',(-6.2,-3.035,1.665));
#12296=CARTESIAN_POINT('',(-6.42,-3.035,1.665));
#12297=CARTESIAN_POINT('',(-6.42,-3.035,1.465));
#12298=CARTESIAN_POINT('',(-6.2,-3.035,1.465));
#12299=CARTESIAN_POINT('',(-6.42,-3.035,1.665));
#12300=CARTESIAN_POINT('',(-6.42,-2.665,1.665));
#12301=CARTESIAN_POINT('',(-6.42,-2.665,1.465));
#12302=CARTESIAN_POINT('',(-6.42,-3.035,1.465));
#12303=CARTESIAN_POINT('',(-6.42,-2.665,1.665));
#12304=CARTESIAN_POINT('',(-6.2,-2.665,1.665));
#12305=CARTESIAN_POINT('',(-6.2,-2.665,1.465));
#12306=CARTESIAN_POINT('',(-6.42,-2.665,1.465));
#12307=CARTESIAN_POINT('',(-6.2,-2.565,1.665));
#12308=CARTESIAN_POINT('',(-6.1,-2.565,1.665));
#12309=CARTESIAN_POINT('',(-6.1,-2.565,1.465));
#12310=CARTESIAN_POINT('',(-6.2,-2.565,1.465));
#12311=CARTESIAN_POINT('',(-6.1,-2.565,1.665));
#12312=CARTESIAN_POINT('',(-6.1,-2.395,1.665));
#12313=CARTESIAN_POINT('',(-6.1,-2.395,1.465));
#12314=CARTESIAN_POINT('',(-6.1,-2.565,1.465));
#12315=CARTESIAN_POINT('',(-6.2,-2.395,1.665));
#12316=CARTESIAN_POINT('',(-6.2,-2.295,1.665));
#12317=CARTESIAN_POINT('',(-6.2,-2.295,1.465));
#12318=CARTESIAN_POINT('',(-6.2,-2.395,1.465));
#12319=CARTESIAN_POINT('',(-6.2,-2.295,1.665));
#12320=CARTESIAN_POINT('',(-6.2,-2.295,1.465));
#12321=CARTESIAN_POINT('',(-8.2,-2.395,1.665));
#12322=CARTESIAN_POINT('',(-6.2,-2.395,1.665));
#12323=CARTESIAN_POINT('',(-6.2,-2.565,1.665));
#12324=CARTESIAN_POINT('',(-6.2,-2.395,1.665));
#12325=CARTESIAN_POINT('',(-8.2,-2.395,1.665));
#12326=CARTESIAN_POINT('',(-8.2,-2.395,1.665));
#12327=CARTESIAN_POINT('',(-8.2,-2.565,1.665));
#12328=CARTESIAN_POINT('',(-8.2,-2.565,1.665));
#12329=CARTESIAN_POINT('',(-7.98,-2.565,1.665));
#12330=CARTESIAN_POINT('',(-7.88,-2.565,1.665));
#12331=CARTESIAN_POINT('',(-7.88,-3.035,1.665));
#12332=CARTESIAN_POINT('',(-7.88,-3.135,1.665));
#12333=CARTESIAN_POINT('',(-8.2,-3.135,1.665));
#12334=CARTESIAN_POINT('',(-8.2,-3.135,1.665));
#12335=CARTESIAN_POINT('',(-8.2,-3.205,1.665));
#12336=CARTESIAN_POINT('',(-8.2,-3.205,1.665));
#12337=CARTESIAN_POINT('',(-6.2,-3.205,1.665));
#12338=CARTESIAN_POINT('',(-6.2,-3.205,1.665));
#12339=CARTESIAN_POINT('',(-6.2,-3.135,1.665));
#12340=CARTESIAN_POINT('',(-6.2,-3.135,1.665));
#12341=CARTESIAN_POINT('',(-6.42,-3.135,1.665));
#12342=CARTESIAN_POINT('',(-6.52,-3.135,1.665));
#12343=CARTESIAN_POINT('',(-6.52,-2.665,1.665));
#12344=CARTESIAN_POINT('',(-6.52,-2.565,1.665));
#12345=CARTESIAN_POINT('',(-6.2,-2.565,1.665));
#12346=CARTESIAN_POINT('',(-8.2,-3.205,1.665));
#12347=CARTESIAN_POINT('',(-8.2,-3.305,1.465));
#12348=CARTESIAN_POINT('',(-6.2,-3.205,1.665));
#12349=CARTESIAN_POINT('',(-6.2,-3.205,1.465));
#12350=CARTESIAN_POINT('',(-6.2,-3.205,1.665));
#12351=CARTESIAN_POINT('',(-8.2,-3.205,1.465));
#12352=CARTESIAN_POINT('',(-8.3,-3.205,1.465));
#12353=CARTESIAN_POINT('',(-6.2,-2.395,1.665));
#12354=CARTESIAN_POINT('',(-6.2,-3.135,1.665));
#12355=CARTESIAN_POINT('',(-8.2,-2.395,1.665));
#12356=CARTESIAN_POINT('',(-8.3,-3.135,1.465));
#12357=CARTESIAN_POINT('',(-6.2,-3.135,1.465));
#12358=CARTESIAN_POINT('',(-6.2,-3.135,1.665));
#12359=CARTESIAN_POINT('',(-8.2,-3.135,1.465));
#12360=CARTESIAN_POINT('',(-8.2,-3.035,1.465));
#12361=CARTESIAN_POINT('',(-8.2,-3.135,1.665));
#12362=CARTESIAN_POINT('',(-6.39666666666667,-3.01166666666667,1.41833333333333));
#12363=CARTESIAN_POINT('',(-8.2,-3.135,1.665));
#12364=CARTESIAN_POINT('',(-7.93333333333333,-3.08166666666667,1.55833333333333));
#12365=CARTESIAN_POINT('',(-6.52,-2.395,1.665));
#12366=CARTESIAN_POINT('',(-6.8,-2.285,2.225));
#12367=CARTESIAN_POINT('',(-7.88,-2.395,1.665));
#12368=CARTESIAN_POINT('',(-7.85166666666667,-2.53666666666667,1.72166666666667));
#12369=CARTESIAN_POINT('',(-8.2,-2.565,1.665));
#12370=CARTESIAN_POINT('',(-6.2,-2.565,1.665));
#12371=CARTESIAN_POINT('',(-8.2,-2.565,1.665));
#12372=CARTESIAN_POINT('',(-8.2,-2.665,1.465));
#12373=CARTESIAN_POINT('',(-6.2,-2.565,1.465));
#12374=CARTESIAN_POINT('',(-6.2,-2.565,1.665));
#12375=CARTESIAN_POINT('',(-8.2,-2.565,1.465));
#12376=CARTESIAN_POINT('',(-8.3,-2.565,1.465));
#12377=CARTESIAN_POINT('',(-6.2,-2.395,1.665));
#12378=CARTESIAN_POINT('',(-6.2,-2.395,1.665));
#12379=CARTESIAN_POINT('',(-8.2,-2.395,1.665));
#12380=CARTESIAN_POINT('',(-8.3,-2.395,1.465));
#12381=CARTESIAN_POINT('',(-6.2,-2.395,1.465));
#12382=CARTESIAN_POINT('',(-6.2,-2.395,1.665));
#12383=CARTESIAN_POINT('',(-8.2,-2.395,1.465));
#12384=CARTESIAN_POINT('',(-8.2,-2.295,1.465));
#12385=CARTESIAN_POINT('',(-8.2,-2.395,1.665));
#12386=CARTESIAN_POINT('',(-6.2,-3.205,-19.925));
#12387=CARTESIAN_POINT('',(-6.2,-3.305,-19.725));
#12388=CARTESIAN_POINT('',(-8.2,-3.205,-19.925));
#12389=CARTESIAN_POINT('',(-8.2,-3.205,-19.725));
#12390=CARTESIAN_POINT('',(-8.2,-3.205,-19.925));
#12391=CARTESIAN_POINT('',(-6.2,-3.205,-19.725));
#12392=CARTESIAN_POINT('',(-6.1,-3.205,-19.725));
#12393=CARTESIAN_POINT('',(-8.2,-2.395,-19.925));
#12394=CARTESIAN_POINT('',(-8.2,-3.135,-19.925));
#12395=CARTESIAN_POINT('',(-6.2,-2.395,-19.925));
#12396=CARTESIAN_POINT('',(-6.1,-3.135,-19.725));
#12397=CARTESIAN_POINT('',(-8.2,-3.135,-19.725));
#12398=CARTESIAN_POINT('',(-8.2,-3.135,-19.925));
#12399=CARTESIAN_POINT('',(-6.2,-3.135,-19.725));
#12400=CARTESIAN_POINT('',(-6.2,-3.035,-19.725));
#12401=CARTESIAN_POINT('',(-6.2,-3.135,-19.925));
#12402=CARTESIAN_POINT('',(-8.00333333333333,-3.01166666666667,-19.6783333333333));
#12403=CARTESIAN_POINT('',(-6.2,-3.135,-19.925));
#12404=CARTESIAN_POINT('',(-6.46666666666667,-3.08166666666667,-19.8183333333333));
#12405=CARTESIAN_POINT('',(-7.88,-2.395,-19.925));
#12406=CARTESIAN_POINT('',(-7.6,-2.285,-20.485));
#12407=CARTESIAN_POINT('',(-6.52,-2.395,-19.925));
#12408=CARTESIAN_POINT('',(-6.54833333333333,-2.53666666666667,-19.9816666666667));
#12409=CARTESIAN_POINT('',(-6.2,-2.565,-19.925));
#12410=CARTESIAN_POINT('',(-8.2,-2.565,-19.925));
#12411=CARTESIAN_POINT('',(-6.2,-2.565,-19.925));
#12412=CARTESIAN_POINT('',(-6.2,-2.665,-19.725));
#12413=CARTESIAN_POINT('',(-8.2,-2.565,-19.725));
#12414=CARTESIAN_POINT('',(-8.2,-2.565,-19.925));
#12415=CARTESIAN_POINT('',(-6.2,-2.565,-19.725));
#12416=CARTESIAN_POINT('',(-6.1,-2.565,-19.725));
#12417=CARTESIAN_POINT('',(-8.2,-2.395,-19.925));
#12418=CARTESIAN_POINT('',(-8.2,-2.395,-19.925));
#12419=CARTESIAN_POINT('',(-6.2,-2.395,-19.925));
#12420=CARTESIAN_POINT('',(-6.1,-2.395,-19.725));
#12421=CARTESIAN_POINT('',(-8.2,-2.395,-19.725));
#12422=CARTESIAN_POINT('',(-8.2,-2.395,-19.925));
#12423=CARTESIAN_POINT('',(-6.2,-2.395,-19.725));
#12424=CARTESIAN_POINT('',(-6.2,-2.295,-19.725));
#12425=CARTESIAN_POINT('',(-6.2,-2.395,-19.925));
#12426=CARTESIAN_POINT('',(-7.,-0.69,-1.81));
#12427=CARTESIAN_POINT('',(-7.,-0.69,-1.81));
#12428=CARTESIAN_POINT('',(-7.,-0.69,-1.81));
#12429=CARTESIAN_POINT('',(-0.25,-0.69,-1.81));
#12430=CARTESIAN_POINT('',(-0.25,-0.69,-1.21));
#12431=CARTESIAN_POINT('',(-0.25,-0.69,-1.21));
#12432=CARTESIAN_POINT('',(-7.,-0.69,-1.21));
#12433=CARTESIAN_POINT('',(-7.,-0.69,-1.21));
#12434=CARTESIAN_POINT('',(-7.,-0.69,-1.81));
#12435=CARTESIAN_POINT('',(-7.,-0.69,-1.21));
#12436=CARTESIAN_POINT('',(-0.25,-1.09,-1.21));
#12437=CARTESIAN_POINT('',(-0.25,-1.09,-1.21));
#12438=CARTESIAN_POINT('',(-7.,-1.09,-1.21));
#12439=CARTESIAN_POINT('',(-7.,-1.09,-1.21));
#12440=CARTESIAN_POINT('',(-7.,-0.69,-1.21));
#12441=CARTESIAN_POINT('',(-7.,-1.09,-1.21));
#12442=CARTESIAN_POINT('',(-0.25,-1.09,-1.81));
#12443=CARTESIAN_POINT('',(-0.25,-1.09,-1.81));
#12444=CARTESIAN_POINT('',(-7.,-1.09,-1.81));
#12445=CARTESIAN_POINT('',(-7.,-1.09,-1.81));
#12446=CARTESIAN_POINT('',(-7.,-1.09,-1.21));
#12447=CARTESIAN_POINT('',(-7.,-1.09,-1.81));
#12448=CARTESIAN_POINT('',(-0.25,-0.69,-1.81));
#12449=CARTESIAN_POINT('',(-7.,-1.09,-1.81));
#12450=CARTESIAN_POINT('',(-7.,0.,0.));
#12451=CARTESIAN_POINT('',(-7.,-0.69,-3.08));
#12452=CARTESIAN_POINT('',(-7.,-0.69,-3.08));
#12453=CARTESIAN_POINT('',(-7.,-0.69,-3.08));
#12454=CARTESIAN_POINT('',(-0.25,-0.69,-3.08));
#12455=CARTESIAN_POINT('',(-0.25,-0.69,-2.48));
#12456=CARTESIAN_POINT('',(-0.25,-0.69,-2.48));
#12457=CARTESIAN_POINT('',(-7.,-0.69,-2.48));
#12458=CARTESIAN_POINT('',(-7.,-0.69,-2.48));
#12459=CARTESIAN_POINT('',(-7.,-0.69,-3.08));
#12460=CARTESIAN_POINT('',(-7.,-0.69,-2.48));
#12461=CARTESIAN_POINT('',(-0.25,-1.09,-2.48));
#12462=CARTESIAN_POINT('',(-0.25,-1.09,-2.48));
#12463=CARTESIAN_POINT('',(-7.,-1.09,-2.48));
#12464=CARTESIAN_POINT('',(-7.,-1.09,-2.48));
#12465=CARTESIAN_POINT('',(-7.,-0.69,-2.48));
#12466=CARTESIAN_POINT('',(-7.,-1.09,-2.48));
#12467=CARTESIAN_POINT('',(-0.25,-1.09,-3.08));
#12468=CARTESIAN_POINT('',(-0.25,-1.09,-3.08));
#12469=CARTESIAN_POINT('',(-7.,-1.09,-3.08));
#12470=CARTESIAN_POINT('',(-7.,-1.09,-3.08));
#12471=CARTESIAN_POINT('',(-7.,-1.09,-2.48));
#12472=CARTESIAN_POINT('',(-7.,-1.09,-3.08));
#12473=CARTESIAN_POINT('',(-0.25,-0.69,-3.08));
#12474=CARTESIAN_POINT('',(-7.,-1.09,-3.08));
#12475=CARTESIAN_POINT('',(-7.,0.,-1.27));
#12476=CARTESIAN_POINT('',(-7.,-1.96,-17.05));
#12477=CARTESIAN_POINT('',(-7.,-1.96,-17.05));
#12478=CARTESIAN_POINT('',(-7.,-1.96,-17.05));
#12479=CARTESIAN_POINT('',(-0.25,-1.96,-17.05));
#12480=CARTESIAN_POINT('',(-0.25,-1.96,-16.45));
#12481=CARTESIAN_POINT('',(-0.25,-1.96,-16.45));
#12482=CARTESIAN_POINT('',(-7.,-1.96,-16.45));
#12483=CARTESIAN_POINT('',(-7.,-1.96,-16.45));
#12484=CARTESIAN_POINT('',(-7.,-1.96,-17.05));
#12485=CARTESIAN_POINT('',(-7.,-1.96,-16.45));
#12486=CARTESIAN_POINT('',(-0.25,-2.36,-16.45));
#12487=CARTESIAN_POINT('',(-0.25,-2.36,-16.45));
#12488=CARTESIAN_POINT('',(-7.,-2.36,-16.45));
#12489=CARTESIAN_POINT('',(-7.,-2.36,-16.45));
#12490=CARTESIAN_POINT('',(-7.,-1.96,-16.45));
#12491=CARTESIAN_POINT('',(-7.,-2.36,-16.45));
#12492=CARTESIAN_POINT('',(-0.25,-2.36,-17.05));
#12493=CARTESIAN_POINT('',(-0.25,-2.36,-17.05));
#12494=CARTESIAN_POINT('',(-7.,-2.36,-17.05));
#12495=CARTESIAN_POINT('',(-7.,-2.36,-17.05));
#12496=CARTESIAN_POINT('',(-7.,-2.36,-16.45));
#12497=CARTESIAN_POINT('',(-7.,-2.36,-17.05));
#12498=CARTESIAN_POINT('',(-0.25,-1.96,-17.05));
#12499=CARTESIAN_POINT('',(-7.,-2.36,-17.05));
#12500=CARTESIAN_POINT('',(-7.,-1.27,-15.24));
#12501=CARTESIAN_POINT('',(-7.,-1.96,-15.78));
#12502=CARTESIAN_POINT('',(-7.,-1.96,-15.78));
#12503=CARTESIAN_POINT('',(-7.,-1.96,-15.78));
#12504=CARTESIAN_POINT('',(-0.25,-1.96,-15.78));
#12505=CARTESIAN_POINT('',(-0.25,-1.96,-15.18));
#12506=CARTESIAN_POINT('',(-0.25,-1.96,-15.18));
#12507=CARTESIAN_POINT('',(-7.,-1.96,-15.18));
#12508=CARTESIAN_POINT('',(-7.,-1.96,-15.18));
#12509=CARTESIAN_POINT('',(-7.,-1.96,-15.78));
#12510=CARTESIAN_POINT('',(-7.,-1.96,-15.18));
#12511=CARTESIAN_POINT('',(-0.25,-2.36,-15.18));
#12512=CARTESIAN_POINT('',(-0.25,-2.36,-15.18));
#12513=CARTESIAN_POINT('',(-7.,-2.36,-15.18));
#12514=CARTESIAN_POINT('',(-7.,-2.36,-15.18));
#12515=CARTESIAN_POINT('',(-7.,-1.96,-15.18));
#12516=CARTESIAN_POINT('',(-7.,-2.36,-15.18));
#12517=CARTESIAN_POINT('',(-0.25,-2.36,-15.78));
#12518=CARTESIAN_POINT('',(-0.25,-2.36,-15.78));
#12519=CARTESIAN_POINT('',(-7.,-2.36,-15.78));
#12520=CARTESIAN_POINT('',(-7.,-2.36,-15.78));
#12521=CARTESIAN_POINT('',(-7.,-2.36,-15.18));
#12522=CARTESIAN_POINT('',(-7.,-2.36,-15.78));
#12523=CARTESIAN_POINT('',(-0.25,-1.96,-15.78));
#12524=CARTESIAN_POINT('',(-7.,-2.36,-15.78));
#12525=CARTESIAN_POINT('',(-7.,-1.27,-13.97));
#12526=CARTESIAN_POINT('',(-7.,-1.96,-14.51));
#12527=CARTESIAN_POINT('',(-7.,-1.96,-14.51));
#12528=CARTESIAN_POINT('',(-7.,-1.96,-14.51));
#12529=CARTESIAN_POINT('',(-0.25,-1.96,-14.51));
#12530=CARTESIAN_POINT('',(-0.25,-1.96,-13.91));
#12531=CARTESIAN_POINT('',(-0.25,-1.96,-13.91));
#12532=CARTESIAN_POINT('',(-7.,-1.96,-13.91));
#12533=CARTESIAN_POINT('',(-7.,-1.96,-13.91));
#12534=CARTESIAN_POINT('',(-7.,-1.96,-14.51));
#12535=CARTESIAN_POINT('',(-7.,-1.96,-13.91));
#12536=CARTESIAN_POINT('',(-0.25,-2.36,-13.91));
#12537=CARTESIAN_POINT('',(-0.25,-2.36,-13.91));
#12538=CARTESIAN_POINT('',(-7.,-2.36,-13.91));
#12539=CARTESIAN_POINT('',(-7.,-2.36,-13.91));
#12540=CARTESIAN_POINT('',(-7.,-1.96,-13.91));
#12541=CARTESIAN_POINT('',(-7.,-2.36,-13.91));
#12542=CARTESIAN_POINT('',(-0.25,-2.36,-14.51));
#12543=CARTESIAN_POINT('',(-0.25,-2.36,-14.51));
#12544=CARTESIAN_POINT('',(-7.,-2.36,-14.51));
#12545=CARTESIAN_POINT('',(-7.,-2.36,-14.51));
#12546=CARTESIAN_POINT('',(-7.,-2.36,-13.91));
#12547=CARTESIAN_POINT('',(-7.,-2.36,-14.51));
#12548=CARTESIAN_POINT('',(-0.25,-1.96,-14.51));
#12549=CARTESIAN_POINT('',(-7.,-2.36,-14.51));
#12550=CARTESIAN_POINT('',(-7.,-1.27,-12.7));
#12551=CARTESIAN_POINT('',(-7.,-1.96,-13.24));
#12552=CARTESIAN_POINT('',(-7.,-1.96,-13.24));
#12553=CARTESIAN_POINT('',(-7.,-1.96,-13.24));
#12554=CARTESIAN_POINT('',(-0.25,-1.96,-13.24));
#12555=CARTESIAN_POINT('',(-0.25,-1.96,-12.64));
#12556=CARTESIAN_POINT('',(-0.25,-1.96,-12.64));
#12557=CARTESIAN_POINT('',(-7.,-1.96,-12.64));
#12558=CARTESIAN_POINT('',(-7.,-1.96,-12.64));
#12559=CARTESIAN_POINT('',(-7.,-1.96,-13.24));
#12560=CARTESIAN_POINT('',(-7.,-1.96,-12.64));
#12561=CARTESIAN_POINT('',(-0.25,-2.36,-12.64));
#12562=CARTESIAN_POINT('',(-0.25,-2.36,-12.64));
#12563=CARTESIAN_POINT('',(-7.,-2.36,-12.64));
#12564=CARTESIAN_POINT('',(-7.,-2.36,-12.64));
#12565=CARTESIAN_POINT('',(-7.,-1.96,-12.64));
#12566=CARTESIAN_POINT('',(-7.,-2.36,-12.64));
#12567=CARTESIAN_POINT('',(-0.25,-2.36,-13.24));
#12568=CARTESIAN_POINT('',(-0.25,-2.36,-13.24));
#12569=CARTESIAN_POINT('',(-7.,-2.36,-13.24));
#12570=CARTESIAN_POINT('',(-7.,-2.36,-13.24));
#12571=CARTESIAN_POINT('',(-7.,-2.36,-12.64));
#12572=CARTESIAN_POINT('',(-7.,-2.36,-13.24));
#12573=CARTESIAN_POINT('',(-0.25,-1.96,-13.24));
#12574=CARTESIAN_POINT('',(-7.,-2.36,-13.24));
#12575=CARTESIAN_POINT('',(-7.,-1.27,-11.43));
#12576=CARTESIAN_POINT('',(-7.,-1.96,-11.97));
#12577=CARTESIAN_POINT('',(-7.,-1.96,-11.97));
#12578=CARTESIAN_POINT('',(-7.,-1.96,-11.97));
#12579=CARTESIAN_POINT('',(-0.25,-1.96,-11.97));
#12580=CARTESIAN_POINT('',(-0.25,-1.96,-11.37));
#12581=CARTESIAN_POINT('',(-0.25,-1.96,-11.37));
#12582=CARTESIAN_POINT('',(-7.,-1.96,-11.37));
#12583=CARTESIAN_POINT('',(-7.,-1.96,-11.37));
#12584=CARTESIAN_POINT('',(-7.,-1.96,-11.97));
#12585=CARTESIAN_POINT('',(-7.,-1.96,-11.37));
#12586=CARTESIAN_POINT('',(-0.25,-2.36,-11.37));
#12587=CARTESIAN_POINT('',(-0.25,-2.36,-11.37));
#12588=CARTESIAN_POINT('',(-7.,-2.36,-11.37));
#12589=CARTESIAN_POINT('',(-7.,-2.36,-11.37));
#12590=CARTESIAN_POINT('',(-7.,-1.96,-11.37));
#12591=CARTESIAN_POINT('',(-7.,-2.36,-11.37));
#12592=CARTESIAN_POINT('',(-0.25,-2.36,-11.97));
#12593=CARTESIAN_POINT('',(-0.25,-2.36,-11.97));
#12594=CARTESIAN_POINT('',(-7.,-2.36,-11.97));
#12595=CARTESIAN_POINT('',(-7.,-2.36,-11.97));
#12596=CARTESIAN_POINT('',(-7.,-2.36,-11.37));
#12597=CARTESIAN_POINT('',(-7.,-2.36,-11.97));
#12598=CARTESIAN_POINT('',(-0.25,-1.96,-11.97));
#12599=CARTESIAN_POINT('',(-7.,-2.36,-11.97));
#12600=CARTESIAN_POINT('',(-7.,-1.27,-10.16));
#12601=CARTESIAN_POINT('',(-7.,-1.96,-10.7));
#12602=CARTESIAN_POINT('',(-7.,-1.96,-10.7));
#12603=CARTESIAN_POINT('',(-7.,-1.96,-10.7));
#12604=CARTESIAN_POINT('',(-0.25,-1.96,-10.7));
#12605=CARTESIAN_POINT('',(-0.25,-1.96,-10.1));
#12606=CARTESIAN_POINT('',(-0.25,-1.96,-10.1));
#12607=CARTESIAN_POINT('',(-7.,-1.96,-10.1));
#12608=CARTESIAN_POINT('',(-7.,-1.96,-10.1));
#12609=CARTESIAN_POINT('',(-7.,-1.96,-10.7));
#12610=CARTESIAN_POINT('',(-7.,-1.96,-10.1));
#12611=CARTESIAN_POINT('',(-0.25,-2.36,-10.1));
#12612=CARTESIAN_POINT('',(-0.25,-2.36,-10.1));
#12613=CARTESIAN_POINT('',(-7.,-2.36,-10.1));
#12614=CARTESIAN_POINT('',(-7.,-2.36,-10.1));
#12615=CARTESIAN_POINT('',(-7.,-1.96,-10.1));
#12616=CARTESIAN_POINT('',(-7.,-2.36,-10.1));
#12617=CARTESIAN_POINT('',(-0.25,-2.36,-10.7));
#12618=CARTESIAN_POINT('',(-0.25,-2.36,-10.7));
#12619=CARTESIAN_POINT('',(-7.,-2.36,-10.7));
#12620=CARTESIAN_POINT('',(-7.,-2.36,-10.7));
#12621=CARTESIAN_POINT('',(-7.,-2.36,-10.1));
#12622=CARTESIAN_POINT('',(-7.,-2.36,-10.7));
#12623=CARTESIAN_POINT('',(-0.25,-1.96,-10.7));
#12624=CARTESIAN_POINT('',(-7.,-2.36,-10.7));
#12625=CARTESIAN_POINT('',(-7.,-1.27,-8.89));
#12626=CARTESIAN_POINT('',(-7.,-1.96,-9.43));
#12627=CARTESIAN_POINT('',(-7.,-1.96,-9.43));
#12628=CARTESIAN_POINT('',(-7.,-1.96,-9.43));
#12629=CARTESIAN_POINT('',(-0.25,-1.96,-9.43));
#12630=CARTESIAN_POINT('',(-0.25,-1.96,-8.83));
#12631=CARTESIAN_POINT('',(-0.25,-1.96,-8.83));
#12632=CARTESIAN_POINT('',(-7.,-1.96,-8.83));
#12633=CARTESIAN_POINT('',(-7.,-1.96,-8.83));
#12634=CARTESIAN_POINT('',(-7.,-1.96,-9.43));
#12635=CARTESIAN_POINT('',(-7.,-1.96,-8.83));
#12636=CARTESIAN_POINT('',(-0.25,-2.36,-8.83));
#12637=CARTESIAN_POINT('',(-0.25,-2.36,-8.83));
#12638=CARTESIAN_POINT('',(-7.,-2.36,-8.83));
#12639=CARTESIAN_POINT('',(-7.,-2.36,-8.83));
#12640=CARTESIAN_POINT('',(-7.,-1.96,-8.83));
#12641=CARTESIAN_POINT('',(-7.,-2.36,-8.83));
#12642=CARTESIAN_POINT('',(-0.25,-2.36,-9.43));
#12643=CARTESIAN_POINT('',(-0.25,-2.36,-9.43));
#12644=CARTESIAN_POINT('',(-7.,-2.36,-9.43));
#12645=CARTESIAN_POINT('',(-7.,-2.36,-9.43));
#12646=CARTESIAN_POINT('',(-7.,-2.36,-8.83));
#12647=CARTESIAN_POINT('',(-7.,-2.36,-9.43));
#12648=CARTESIAN_POINT('',(-0.25,-1.96,-9.43));
#12649=CARTESIAN_POINT('',(-7.,-2.36,-9.43));
#12650=CARTESIAN_POINT('',(-7.,-1.27,-7.62));
#12651=CARTESIAN_POINT('',(-7.,-1.96,-8.16));
#12652=CARTESIAN_POINT('',(-7.,-1.96,-8.16));
#12653=CARTESIAN_POINT('',(-7.,-1.96,-8.16));
#12654=CARTESIAN_POINT('',(-0.25,-1.96,-8.16));
#12655=CARTESIAN_POINT('',(-0.25,-1.96,-7.56));
#12656=CARTESIAN_POINT('',(-0.25,-1.96,-7.56));
#12657=CARTESIAN_POINT('',(-7.,-1.96,-7.56));
#12658=CARTESIAN_POINT('',(-7.,-1.96,-7.56));
#12659=CARTESIAN_POINT('',(-7.,-1.96,-8.16));
#12660=CARTESIAN_POINT('',(-7.,-1.96,-7.56));
#12661=CARTESIAN_POINT('',(-0.25,-2.36,-7.56));
#12662=CARTESIAN_POINT('',(-0.25,-2.36,-7.56));
#12663=CARTESIAN_POINT('',(-7.,-2.36,-7.56));
#12664=CARTESIAN_POINT('',(-7.,-2.36,-7.56));
#12665=CARTESIAN_POINT('',(-7.,-1.96,-7.56));
#12666=CARTESIAN_POINT('',(-7.,-2.36,-7.56));
#12667=CARTESIAN_POINT('',(-0.25,-2.36,-8.16));
#12668=CARTESIAN_POINT('',(-0.25,-2.36,-8.16));
#12669=CARTESIAN_POINT('',(-7.,-2.36,-8.16));
#12670=CARTESIAN_POINT('',(-7.,-2.36,-8.16));
#12671=CARTESIAN_POINT('',(-7.,-2.36,-7.56));
#12672=CARTESIAN_POINT('',(-7.,-2.36,-8.16));
#12673=CARTESIAN_POINT('',(-0.25,-1.96,-8.16));
#12674=CARTESIAN_POINT('',(-7.,-2.36,-8.16));
#12675=CARTESIAN_POINT('',(-7.,-1.27,-6.35));
#12676=CARTESIAN_POINT('',(-7.,-0.69,-4.35));
#12677=CARTESIAN_POINT('',(-7.,-0.69,-4.35));
#12678=CARTESIAN_POINT('',(-7.,-0.69,-4.35));
#12679=CARTESIAN_POINT('',(-0.25,-0.69,-4.35));
#12680=CARTESIAN_POINT('',(-0.25,-0.69,-3.75));
#12681=CARTESIAN_POINT('',(-0.25,-0.69,-3.75));
#12682=CARTESIAN_POINT('',(-7.,-0.69,-3.75));
#12683=CARTESIAN_POINT('',(-7.,-0.69,-3.75));
#12684=CARTESIAN_POINT('',(-7.,-0.69,-4.35));
#12685=CARTESIAN_POINT('',(-7.,-0.69,-3.75));
#12686=CARTESIAN_POINT('',(-0.25,-1.09,-3.75));
#12687=CARTESIAN_POINT('',(-0.25,-1.09,-3.75));
#12688=CARTESIAN_POINT('',(-7.,-1.09,-3.75));
#12689=CARTESIAN_POINT('',(-7.,-1.09,-3.75));
#12690=CARTESIAN_POINT('',(-7.,-0.69,-3.75));
#12691=CARTESIAN_POINT('',(-7.,-1.09,-3.75));
#12692=CARTESIAN_POINT('',(-0.25,-1.09,-4.35));
#12693=CARTESIAN_POINT('',(-0.25,-1.09,-4.35));
#12694=CARTESIAN_POINT('',(-7.,-1.09,-4.35));
#12695=CARTESIAN_POINT('',(-7.,-1.09,-4.35));
#12696=CARTESIAN_POINT('',(-7.,-1.09,-3.75));
#12697=CARTESIAN_POINT('',(-7.,-1.09,-4.35));
#12698=CARTESIAN_POINT('',(-0.25,-0.69,-4.35));
#12699=CARTESIAN_POINT('',(-7.,-1.09,-4.35));
#12700=CARTESIAN_POINT('',(-7.,0.,-2.54));
#12701=CARTESIAN_POINT('',(-7.,-0.69,-5.62));
#12702=CARTESIAN_POINT('',(-7.,-0.69,-5.62));
#12703=CARTESIAN_POINT('',(-7.,-0.69,-5.62));
#12704=CARTESIAN_POINT('',(-0.25,-0.69,-5.62));
#12705=CARTESIAN_POINT('',(-0.25,-0.69,-5.02));
#12706=CARTESIAN_POINT('',(-0.25,-0.69,-5.02));
#12707=CARTESIAN_POINT('',(-7.,-0.69,-5.02));
#12708=CARTESIAN_POINT('',(-7.,-0.69,-5.02));
#12709=CARTESIAN_POINT('',(-7.,-0.69,-5.62));
#12710=CARTESIAN_POINT('',(-7.,-0.69,-5.02));
#12711=CARTESIAN_POINT('',(-0.25,-1.09,-5.02));
#12712=CARTESIAN_POINT('',(-0.25,-1.09,-5.02));
#12713=CARTESIAN_POINT('',(-7.,-1.09,-5.02));
#12714=CARTESIAN_POINT('',(-7.,-1.09,-5.02));
#12715=CARTESIAN_POINT('',(-7.,-0.69,-5.02));
#12716=CARTESIAN_POINT('',(-7.,-1.09,-5.02));
#12717=CARTESIAN_POINT('',(-0.25,-1.09,-5.62));
#12718=CARTESIAN_POINT('',(-0.25,-1.09,-5.62));
#12719=CARTESIAN_POINT('',(-7.,-1.09,-5.62));
#12720=CARTESIAN_POINT('',(-7.,-1.09,-5.62));
#12721=CARTESIAN_POINT('',(-7.,-1.09,-5.02));
#12722=CARTESIAN_POINT('',(-7.,-1.09,-5.62));
#12723=CARTESIAN_POINT('',(-0.25,-0.69,-5.62));
#12724=CARTESIAN_POINT('',(-7.,-1.09,-5.62));
#12725=CARTESIAN_POINT('',(-7.,0.,-3.81));
#12726=CARTESIAN_POINT('',(-7.,-0.69,-6.89));
#12727=CARTESIAN_POINT('',(-7.,-0.69,-6.89));
#12728=CARTESIAN_POINT('',(-7.,-0.69,-6.89));
#12729=CARTESIAN_POINT('',(-0.25,-0.69,-6.89));
#12730=CARTESIAN_POINT('',(-0.25,-0.69,-6.29));
#12731=CARTESIAN_POINT('',(-0.25,-0.69,-6.29));
#12732=CARTESIAN_POINT('',(-7.,-0.69,-6.29));
#12733=CARTESIAN_POINT('',(-7.,-0.69,-6.29));
#12734=CARTESIAN_POINT('',(-7.,-0.69,-6.89));
#12735=CARTESIAN_POINT('',(-7.,-0.69,-6.29));
#12736=CARTESIAN_POINT('',(-0.25,-1.09,-6.29));
#12737=CARTESIAN_POINT('',(-0.25,-1.09,-6.29));
#12738=CARTESIAN_POINT('',(-7.,-1.09,-6.29));
#12739=CARTESIAN_POINT('',(-7.,-1.09,-6.29));
#12740=CARTESIAN_POINT('',(-7.,-0.69,-6.29));
#12741=CARTESIAN_POINT('',(-7.,-1.09,-6.29));
#12742=CARTESIAN_POINT('',(-0.25,-1.09,-6.89));
#12743=CARTESIAN_POINT('',(-0.25,-1.09,-6.89));
#12744=CARTESIAN_POINT('',(-7.,-1.09,-6.89));
#12745=CARTESIAN_POINT('',(-7.,-1.09,-6.89));
#12746=CARTESIAN_POINT('',(-7.,-1.09,-6.29));
#12747=CARTESIAN_POINT('',(-7.,-1.09,-6.89));
#12748=CARTESIAN_POINT('',(-0.25,-0.69,-6.89));
#12749=CARTESIAN_POINT('',(-7.,-1.09,-6.89));
#12750=CARTESIAN_POINT('',(-7.,0.,-5.08));
#12751=CARTESIAN_POINT('',(-7.,-0.69,-8.16));
#12752=CARTESIAN_POINT('',(-7.,-0.69,-8.16));
#12753=CARTESIAN_POINT('',(-7.,-0.69,-8.16));
#12754=CARTESIAN_POINT('',(-0.25,-0.69,-8.16));
#12755=CARTESIAN_POINT('',(-0.25,-0.69,-7.56));
#12756=CARTESIAN_POINT('',(-0.25,-0.69,-7.56));
#12757=CARTESIAN_POINT('',(-7.,-0.69,-7.56));
#12758=CARTESIAN_POINT('',(-7.,-0.69,-7.56));
#12759=CARTESIAN_POINT('',(-7.,-0.69,-8.16));
#12760=CARTESIAN_POINT('',(-7.,-0.69,-7.56));
#12761=CARTESIAN_POINT('',(-0.25,-1.09,-7.56));
#12762=CARTESIAN_POINT('',(-0.25,-1.09,-7.56));
#12763=CARTESIAN_POINT('',(-7.,-1.09,-7.56));
#12764=CARTESIAN_POINT('',(-7.,-1.09,-7.56));
#12765=CARTESIAN_POINT('',(-7.,-0.69,-7.56));
#12766=CARTESIAN_POINT('',(-7.,-1.09,-7.56));
#12767=CARTESIAN_POINT('',(-0.25,-1.09,-8.16));
#12768=CARTESIAN_POINT('',(-0.25,-1.09,-8.16));
#12769=CARTESIAN_POINT('',(-7.,-1.09,-8.16));
#12770=CARTESIAN_POINT('',(-7.,-1.09,-8.16));
#12771=CARTESIAN_POINT('',(-7.,-1.09,-7.56));
#12772=CARTESIAN_POINT('',(-7.,-1.09,-8.16));
#12773=CARTESIAN_POINT('',(-0.25,-0.69,-8.16));
#12774=CARTESIAN_POINT('',(-7.,-1.09,-8.16));
#12775=CARTESIAN_POINT('',(-7.,0.,-6.35));
#12776=CARTESIAN_POINT('',(-7.,-0.69,-9.43));
#12777=CARTESIAN_POINT('',(-7.,-0.69,-9.43));
#12778=CARTESIAN_POINT('',(-7.,-0.69,-9.43));
#12779=CARTESIAN_POINT('',(-0.25,-0.69,-9.43));
#12780=CARTESIAN_POINT('',(-0.25,-0.69,-8.83));
#12781=CARTESIAN_POINT('',(-0.25,-0.69,-8.83));
#12782=CARTESIAN_POINT('',(-7.,-0.69,-8.83));
#12783=CARTESIAN_POINT('',(-7.,-0.69,-8.83));
#12784=CARTESIAN_POINT('',(-7.,-0.69,-9.43));
#12785=CARTESIAN_POINT('',(-7.,-0.69,-8.83));
#12786=CARTESIAN_POINT('',(-0.25,-1.09,-8.83));
#12787=CARTESIAN_POINT('',(-0.25,-1.09,-8.83));
#12788=CARTESIAN_POINT('',(-7.,-1.09,-8.83));
#12789=CARTESIAN_POINT('',(-7.,-1.09,-8.83));
#12790=CARTESIAN_POINT('',(-7.,-0.69,-8.83));
#12791=CARTESIAN_POINT('',(-7.,-1.09,-8.83));
#12792=CARTESIAN_POINT('',(-0.25,-1.09,-9.43));
#12793=CARTESIAN_POINT('',(-0.25,-1.09,-9.43));
#12794=CARTESIAN_POINT('',(-7.,-1.09,-9.43));
#12795=CARTESIAN_POINT('',(-7.,-1.09,-9.43));
#12796=CARTESIAN_POINT('',(-7.,-1.09,-8.83));
#12797=CARTESIAN_POINT('',(-7.,-1.09,-9.43));
#12798=CARTESIAN_POINT('',(-0.25,-0.69,-9.43));
#12799=CARTESIAN_POINT('',(-7.,-1.09,-9.43));
#12800=CARTESIAN_POINT('',(-7.,0.,-7.62));
#12801=CARTESIAN_POINT('',(-7.,-0.69,-10.7));
#12802=CARTESIAN_POINT('',(-7.,-0.69,-10.7));
#12803=CARTESIAN_POINT('',(-7.,-0.69,-10.7));
#12804=CARTESIAN_POINT('',(-0.25,-0.69,-10.7));
#12805=CARTESIAN_POINT('',(-0.25,-0.69,-10.1));
#12806=CARTESIAN_POINT('',(-0.25,-0.69,-10.1));
#12807=CARTESIAN_POINT('',(-7.,-0.69,-10.1));
#12808=CARTESIAN_POINT('',(-7.,-0.69,-10.1));
#12809=CARTESIAN_POINT('',(-7.,-0.69,-10.7));
#12810=CARTESIAN_POINT('',(-7.,-0.69,-10.1));
#12811=CARTESIAN_POINT('',(-0.25,-1.09,-10.1));
#12812=CARTESIAN_POINT('',(-0.25,-1.09,-10.1));
#12813=CARTESIAN_POINT('',(-7.,-1.09,-10.1));
#12814=CARTESIAN_POINT('',(-7.,-1.09,-10.1));
#12815=CARTESIAN_POINT('',(-7.,-0.69,-10.1));
#12816=CARTESIAN_POINT('',(-7.,-1.09,-10.1));
#12817=CARTESIAN_POINT('',(-0.25,-1.09,-10.7));
#12818=CARTESIAN_POINT('',(-0.25,-1.09,-10.7));
#12819=CARTESIAN_POINT('',(-7.,-1.09,-10.7));
#12820=CARTESIAN_POINT('',(-7.,-1.09,-10.7));
#12821=CARTESIAN_POINT('',(-7.,-1.09,-10.1));
#12822=CARTESIAN_POINT('',(-7.,-1.09,-10.7));
#12823=CARTESIAN_POINT('',(-0.25,-0.69,-10.7));
#12824=CARTESIAN_POINT('',(-7.,-1.09,-10.7));
#12825=CARTESIAN_POINT('',(-7.,0.,-8.89));
#12826=CARTESIAN_POINT('',(-7.,-0.69,-11.97));
#12827=CARTESIAN_POINT('',(-7.,-0.69,-11.97));
#12828=CARTESIAN_POINT('',(-7.,-0.69,-11.97));
#12829=CARTESIAN_POINT('',(-0.25,-0.69,-11.97));
#12830=CARTESIAN_POINT('',(-0.25,-0.69,-11.37));
#12831=CARTESIAN_POINT('',(-0.25,-0.69,-11.37));
#12832=CARTESIAN_POINT('',(-7.,-0.69,-11.37));
#12833=CARTESIAN_POINT('',(-7.,-0.69,-11.37));
#12834=CARTESIAN_POINT('',(-7.,-0.69,-11.97));
#12835=CARTESIAN_POINT('',(-7.,-0.69,-11.37));
#12836=CARTESIAN_POINT('',(-0.25,-1.09,-11.37));
#12837=CARTESIAN_POINT('',(-0.25,-1.09,-11.37));
#12838=CARTESIAN_POINT('',(-7.,-1.09,-11.37));
#12839=CARTESIAN_POINT('',(-7.,-1.09,-11.37));
#12840=CARTESIAN_POINT('',(-7.,-0.69,-11.37));
#12841=CARTESIAN_POINT('',(-7.,-1.09,-11.37));
#12842=CARTESIAN_POINT('',(-0.25,-1.09,-11.97));
#12843=CARTESIAN_POINT('',(-0.25,-1.09,-11.97));
#12844=CARTESIAN_POINT('',(-7.,-1.09,-11.97));
#12845=CARTESIAN_POINT('',(-7.,-1.09,-11.97));
#12846=CARTESIAN_POINT('',(-7.,-1.09,-11.37));
#12847=CARTESIAN_POINT('',(-7.,-1.09,-11.97));
#12848=CARTESIAN_POINT('',(-0.25,-0.69,-11.97));
#12849=CARTESIAN_POINT('',(-7.,-1.09,-11.97));
#12850=CARTESIAN_POINT('',(-7.,0.,-10.16));
#12851=CARTESIAN_POINT('',(-7.,-0.69,-13.24));
#12852=CARTESIAN_POINT('',(-7.,-0.69,-13.24));
#12853=CARTESIAN_POINT('',(-7.,-0.69,-13.24));
#12854=CARTESIAN_POINT('',(-0.25,-0.69,-13.24));
#12855=CARTESIAN_POINT('',(-0.25,-0.69,-12.64));
#12856=CARTESIAN_POINT('',(-0.25,-0.69,-12.64));
#12857=CARTESIAN_POINT('',(-7.,-0.69,-12.64));
#12858=CARTESIAN_POINT('',(-7.,-0.69,-12.64));
#12859=CARTESIAN_POINT('',(-7.,-0.69,-13.24));
#12860=CARTESIAN_POINT('',(-7.,-0.69,-12.64));
#12861=CARTESIAN_POINT('',(-0.25,-1.09,-12.64));
#12862=CARTESIAN_POINT('',(-0.25,-1.09,-12.64));
#12863=CARTESIAN_POINT('',(-7.,-1.09,-12.64));
#12864=CARTESIAN_POINT('',(-7.,-1.09,-12.64));
#12865=CARTESIAN_POINT('',(-7.,-0.69,-12.64));
#12866=CARTESIAN_POINT('',(-7.,-1.09,-12.64));
#12867=CARTESIAN_POINT('',(-0.25,-1.09,-13.24));
#12868=CARTESIAN_POINT('',(-0.25,-1.09,-13.24));
#12869=CARTESIAN_POINT('',(-7.,-1.09,-13.24));
#12870=CARTESIAN_POINT('',(-7.,-1.09,-13.24));
#12871=CARTESIAN_POINT('',(-7.,-1.09,-12.64));
#12872=CARTESIAN_POINT('',(-7.,-1.09,-13.24));
#12873=CARTESIAN_POINT('',(-0.25,-0.69,-13.24));
#12874=CARTESIAN_POINT('',(-7.,-1.09,-13.24));
#12875=CARTESIAN_POINT('',(-7.,0.,-11.43));
#12876=CARTESIAN_POINT('',(-7.,-1.96,-6.89));
#12877=CARTESIAN_POINT('',(-7.,-1.96,-6.89));
#12878=CARTESIAN_POINT('',(-7.,-1.96,-6.89));
#12879=CARTESIAN_POINT('',(-0.25,-1.96,-6.89));
#12880=CARTESIAN_POINT('',(-0.25,-1.96,-6.29));
#12881=CARTESIAN_POINT('',(-0.25,-1.96,-6.29));
#12882=CARTESIAN_POINT('',(-7.,-1.96,-6.29));
#12883=CARTESIAN_POINT('',(-7.,-1.96,-6.29));
#12884=CARTESIAN_POINT('',(-7.,-1.96,-6.89));
#12885=CARTESIAN_POINT('',(-7.,-1.96,-6.29));
#12886=CARTESIAN_POINT('',(-0.25,-2.36,-6.29));
#12887=CARTESIAN_POINT('',(-0.25,-2.36,-6.29));
#12888=CARTESIAN_POINT('',(-7.,-2.36,-6.29));
#12889=CARTESIAN_POINT('',(-7.,-2.36,-6.29));
#12890=CARTESIAN_POINT('',(-7.,-1.96,-6.29));
#12891=CARTESIAN_POINT('',(-7.,-2.36,-6.29));
#12892=CARTESIAN_POINT('',(-0.25,-2.36,-6.89));
#12893=CARTESIAN_POINT('',(-0.25,-2.36,-6.89));
#12894=CARTESIAN_POINT('',(-7.,-2.36,-6.89));
#12895=CARTESIAN_POINT('',(-7.,-2.36,-6.89));
#12896=CARTESIAN_POINT('',(-7.,-2.36,-6.29));
#12897=CARTESIAN_POINT('',(-7.,-2.36,-6.89));
#12898=CARTESIAN_POINT('',(-0.25,-1.96,-6.89));
#12899=CARTESIAN_POINT('',(-7.,-2.36,-6.89));
#12900=CARTESIAN_POINT('',(-7.,-1.27,-5.08));
#12901=CARTESIAN_POINT('',(-7.,-1.96,-5.62));
#12902=CARTESIAN_POINT('',(-7.,-1.96,-5.62));
#12903=CARTESIAN_POINT('',(-7.,-1.96,-5.62));
#12904=CARTESIAN_POINT('',(-0.25,-1.96,-5.62));
#12905=CARTESIAN_POINT('',(-0.25,-1.96,-5.02));
#12906=CARTESIAN_POINT('',(-0.25,-1.96,-5.02));
#12907=CARTESIAN_POINT('',(-7.,-1.96,-5.02));
#12908=CARTESIAN_POINT('',(-7.,-1.96,-5.02));
#12909=CARTESIAN_POINT('',(-7.,-1.96,-5.62));
#12910=CARTESIAN_POINT('',(-7.,-1.96,-5.02));
#12911=CARTESIAN_POINT('',(-0.25,-2.36,-5.02));
#12912=CARTESIAN_POINT('',(-0.25,-2.36,-5.02));
#12913=CARTESIAN_POINT('',(-7.,-2.36,-5.02));
#12914=CARTESIAN_POINT('',(-7.,-2.36,-5.02));
#12915=CARTESIAN_POINT('',(-7.,-1.96,-5.02));
#12916=CARTESIAN_POINT('',(-7.,-2.36,-5.02));
#12917=CARTESIAN_POINT('',(-0.25,-2.36,-5.62));
#12918=CARTESIAN_POINT('',(-0.25,-2.36,-5.62));
#12919=CARTESIAN_POINT('',(-7.,-2.36,-5.62));
#12920=CARTESIAN_POINT('',(-7.,-2.36,-5.62));
#12921=CARTESIAN_POINT('',(-7.,-2.36,-5.02));
#12922=CARTESIAN_POINT('',(-7.,-2.36,-5.62));
#12923=CARTESIAN_POINT('',(-0.25,-1.96,-5.62));
#12924=CARTESIAN_POINT('',(-7.,-2.36,-5.62));
#12925=CARTESIAN_POINT('',(-7.,-1.27,-3.81));
#12926=CARTESIAN_POINT('',(-7.,-1.96,-4.35));
#12927=CARTESIAN_POINT('',(-7.,-1.96,-4.35));
#12928=CARTESIAN_POINT('',(-7.,-1.96,-4.35));
#12929=CARTESIAN_POINT('',(-0.25,-1.96,-4.35));
#12930=CARTESIAN_POINT('',(-0.25,-1.96,-3.75));
#12931=CARTESIAN_POINT('',(-0.25,-1.96,-3.75));
#12932=CARTESIAN_POINT('',(-7.,-1.96,-3.75));
#12933=CARTESIAN_POINT('',(-7.,-1.96,-3.75));
#12934=CARTESIAN_POINT('',(-7.,-1.96,-4.35));
#12935=CARTESIAN_POINT('',(-7.,-1.96,-3.75));
#12936=CARTESIAN_POINT('',(-0.25,-2.36,-3.75));
#12937=CARTESIAN_POINT('',(-0.25,-2.36,-3.75));
#12938=CARTESIAN_POINT('',(-7.,-2.36,-3.75));
#12939=CARTESIAN_POINT('',(-7.,-2.36,-3.75));
#12940=CARTESIAN_POINT('',(-7.,-1.96,-3.75));
#12941=CARTESIAN_POINT('',(-7.,-2.36,-3.75));
#12942=CARTESIAN_POINT('',(-0.25,-2.36,-4.35));
#12943=CARTESIAN_POINT('',(-0.25,-2.36,-4.35));
#12944=CARTESIAN_POINT('',(-7.,-2.36,-4.35));
#12945=CARTESIAN_POINT('',(-7.,-2.36,-4.35));
#12946=CARTESIAN_POINT('',(-7.,-2.36,-3.75));
#12947=CARTESIAN_POINT('',(-7.,-2.36,-4.35));
#12948=CARTESIAN_POINT('',(-0.25,-1.96,-4.35));
#12949=CARTESIAN_POINT('',(-7.,-2.36,-4.35));
#12950=CARTESIAN_POINT('',(-7.,-1.27,-2.54));
#12951=CARTESIAN_POINT('',(-7.,-1.96,-3.08));
#12952=CARTESIAN_POINT('',(-7.,-1.96,-3.08));
#12953=CARTESIAN_POINT('',(-7.,-1.96,-3.08));
#12954=CARTESIAN_POINT('',(-0.25,-1.96,-3.08));
#12955=CARTESIAN_POINT('',(-0.25,-1.96,-2.48));
#12956=CARTESIAN_POINT('',(-0.25,-1.96,-2.48));
#12957=CARTESIAN_POINT('',(-7.,-1.96,-2.48));
#12958=CARTESIAN_POINT('',(-7.,-1.96,-2.48));
#12959=CARTESIAN_POINT('',(-7.,-1.96,-3.08));
#12960=CARTESIAN_POINT('',(-7.,-1.96,-2.48));
#12961=CARTESIAN_POINT('',(-0.25,-2.36,-2.48));
#12962=CARTESIAN_POINT('',(-0.25,-2.36,-2.48));
#12963=CARTESIAN_POINT('',(-7.,-2.36,-2.48));
#12964=CARTESIAN_POINT('',(-7.,-2.36,-2.48));
#12965=CARTESIAN_POINT('',(-7.,-1.96,-2.48));
#12966=CARTESIAN_POINT('',(-7.,-2.36,-2.48));
#12967=CARTESIAN_POINT('',(-0.25,-2.36,-3.08));
#12968=CARTESIAN_POINT('',(-0.25,-2.36,-3.08));
#12969=CARTESIAN_POINT('',(-7.,-2.36,-3.08));
#12970=CARTESIAN_POINT('',(-7.,-2.36,-3.08));
#12971=CARTESIAN_POINT('',(-7.,-2.36,-2.48));
#12972=CARTESIAN_POINT('',(-7.,-2.36,-3.08));
#12973=CARTESIAN_POINT('',(-0.25,-1.96,-3.08));
#12974=CARTESIAN_POINT('',(-7.,-2.36,-3.08));
#12975=CARTESIAN_POINT('',(-7.,-1.27,-1.27));
#12976=CARTESIAN_POINT('',(-7.,-0.69,-14.51));
#12977=CARTESIAN_POINT('',(-7.,-0.69,-14.51));
#12978=CARTESIAN_POINT('',(-7.,-0.69,-14.51));
#12979=CARTESIAN_POINT('',(-0.25,-0.69,-14.51));
#12980=CARTESIAN_POINT('',(-0.25,-0.69,-13.91));
#12981=CARTESIAN_POINT('',(-0.25,-0.69,-13.91));
#12982=CARTESIAN_POINT('',(-7.,-0.69,-13.91));
#12983=CARTESIAN_POINT('',(-7.,-0.69,-13.91));
#12984=CARTESIAN_POINT('',(-7.,-0.69,-14.51));
#12985=CARTESIAN_POINT('',(-7.,-0.69,-13.91));
#12986=CARTESIAN_POINT('',(-0.25,-1.09,-13.91));
#12987=CARTESIAN_POINT('',(-0.25,-1.09,-13.91));
#12988=CARTESIAN_POINT('',(-7.,-1.09,-13.91));
#12989=CARTESIAN_POINT('',(-7.,-1.09,-13.91));
#12990=CARTESIAN_POINT('',(-7.,-0.69,-13.91));
#12991=CARTESIAN_POINT('',(-7.,-1.09,-13.91));
#12992=CARTESIAN_POINT('',(-0.25,-1.09,-14.51));
#12993=CARTESIAN_POINT('',(-0.25,-1.09,-14.51));
#12994=CARTESIAN_POINT('',(-7.,-1.09,-14.51));
#12995=CARTESIAN_POINT('',(-7.,-1.09,-14.51));
#12996=CARTESIAN_POINT('',(-7.,-1.09,-13.91));
#12997=CARTESIAN_POINT('',(-7.,-1.09,-14.51));
#12998=CARTESIAN_POINT('',(-0.25,-0.69,-14.51));
#12999=CARTESIAN_POINT('',(-7.,-1.09,-14.51));
#13000=CARTESIAN_POINT('',(-7.,0.,-12.7));
#13001=CARTESIAN_POINT('',(-7.,-0.69,-15.78));
#13002=CARTESIAN_POINT('',(-7.,-0.69,-15.78));
#13003=CARTESIAN_POINT('',(-7.,-0.69,-15.78));
#13004=CARTESIAN_POINT('',(-0.25,-0.69,-15.78));
#13005=CARTESIAN_POINT('',(-0.25,-0.69,-15.18));
#13006=CARTESIAN_POINT('',(-0.25,-0.69,-15.18));
#13007=CARTESIAN_POINT('',(-7.,-0.69,-15.18));
#13008=CARTESIAN_POINT('',(-7.,-0.69,-15.18));
#13009=CARTESIAN_POINT('',(-7.,-0.69,-15.78));
#13010=CARTESIAN_POINT('',(-7.,-0.69,-15.18));
#13011=CARTESIAN_POINT('',(-0.25,-1.09,-15.18));
#13012=CARTESIAN_POINT('',(-0.25,-1.09,-15.18));
#13013=CARTESIAN_POINT('',(-7.,-1.09,-15.18));
#13014=CARTESIAN_POINT('',(-7.,-1.09,-15.18));
#13015=CARTESIAN_POINT('',(-7.,-0.69,-15.18));
#13016=CARTESIAN_POINT('',(-7.,-1.09,-15.18));
#13017=CARTESIAN_POINT('',(-0.25,-1.09,-15.78));
#13018=CARTESIAN_POINT('',(-0.25,-1.09,-15.78));
#13019=CARTESIAN_POINT('',(-7.,-1.09,-15.78));
#13020=CARTESIAN_POINT('',(-7.,-1.09,-15.78));
#13021=CARTESIAN_POINT('',(-7.,-1.09,-15.18));
#13022=CARTESIAN_POINT('',(-7.,-1.09,-15.78));
#13023=CARTESIAN_POINT('',(-0.25,-0.69,-15.78));
#13024=CARTESIAN_POINT('',(-7.,-1.09,-15.78));
#13025=CARTESIAN_POINT('',(-7.,0.,-13.97));
#13026=CARTESIAN_POINT('',(-7.,-0.69,-17.05));
#13027=CARTESIAN_POINT('',(-7.,-0.69,-17.05));
#13028=CARTESIAN_POINT('',(-7.,-0.69,-17.05));
#13029=CARTESIAN_POINT('',(-0.25,-0.69,-17.05));
#13030=CARTESIAN_POINT('',(-0.25,-0.69,-16.45));
#13031=CARTESIAN_POINT('',(-0.25,-0.69,-16.45));
#13032=CARTESIAN_POINT('',(-7.,-0.69,-16.45));
#13033=CARTESIAN_POINT('',(-7.,-0.69,-16.45));
#13034=CARTESIAN_POINT('',(-7.,-0.69,-17.05));
#13035=CARTESIAN_POINT('',(-7.,-0.69,-16.45));
#13036=CARTESIAN_POINT('',(-0.25,-1.09,-16.45));
#13037=CARTESIAN_POINT('',(-0.25,-1.09,-16.45));
#13038=CARTESIAN_POINT('',(-7.,-1.09,-16.45));
#13039=CARTESIAN_POINT('',(-7.,-1.09,-16.45));
#13040=CARTESIAN_POINT('',(-7.,-0.69,-16.45));
#13041=CARTESIAN_POINT('',(-7.,-1.09,-16.45));
#13042=CARTESIAN_POINT('',(-0.25,-1.09,-17.05));
#13043=CARTESIAN_POINT('',(-0.25,-1.09,-17.05));
#13044=CARTESIAN_POINT('',(-7.,-1.09,-17.05));
#13045=CARTESIAN_POINT('',(-7.,-1.09,-17.05));
#13046=CARTESIAN_POINT('',(-7.,-1.09,-16.45));
#13047=CARTESIAN_POINT('',(-7.,-1.09,-17.05));
#13048=CARTESIAN_POINT('',(-0.25,-0.69,-17.05));
#13049=CARTESIAN_POINT('',(-7.,-1.09,-17.05));
#13050=CARTESIAN_POINT('',(-7.,0.,-15.24));
#13051=CARTESIAN_POINT('',(-7.,-1.96,-1.81));
#13052=CARTESIAN_POINT('',(-7.,-1.96,-1.81));
#13053=CARTESIAN_POINT('',(-7.,-1.96,-1.81));
#13054=CARTESIAN_POINT('',(-0.25,-1.96,-1.81));
#13055=CARTESIAN_POINT('',(-0.25,-1.96,-1.21));
#13056=CARTESIAN_POINT('',(-0.25,-1.96,-1.21));
#13057=CARTESIAN_POINT('',(-7.,-1.96,-1.21));
#13058=CARTESIAN_POINT('',(-7.,-1.96,-1.21));
#13059=CARTESIAN_POINT('',(-7.,-1.96,-1.81));
#13060=CARTESIAN_POINT('',(-7.,-1.96,-1.21));
#13061=CARTESIAN_POINT('',(-0.25,-2.36,-1.21));
#13062=CARTESIAN_POINT('',(-0.25,-2.36,-1.21));
#13063=CARTESIAN_POINT('',(-7.,-2.36,-1.21));
#13064=CARTESIAN_POINT('',(-7.,-2.36,-1.21));
#13065=CARTESIAN_POINT('',(-7.,-1.96,-1.21));
#13066=CARTESIAN_POINT('',(-7.,-2.36,-1.21));
#13067=CARTESIAN_POINT('',(-0.25,-2.36,-1.81));
#13068=CARTESIAN_POINT('',(-0.25,-2.36,-1.81));
#13069=CARTESIAN_POINT('',(-7.,-2.36,-1.81));
#13070=CARTESIAN_POINT('',(-7.,-2.36,-1.81));
#13071=CARTESIAN_POINT('',(-7.,-2.36,-1.21));
#13072=CARTESIAN_POINT('',(-7.,-2.36,-1.81));
#13073=CARTESIAN_POINT('',(-0.25,-1.96,-1.81));
#13074=CARTESIAN_POINT('',(-7.,-2.36,-1.81));
#13075=CARTESIAN_POINT('',(-7.,-1.27,0.));
#13076=CARTESIAN_POINT('',(-0.25,-1.96,-14.51));
#13077=CARTESIAN_POINT('',(-0.25,-1.96,-14.51));
#13078=CARTESIAN_POINT('',(-0.25,-1.96,-13.91));
#13079=CARTESIAN_POINT('',(-0.25,-1.96,-13.91));
#13080=CARTESIAN_POINT('',(-0.25,-2.36,-13.91));
#13081=CARTESIAN_POINT('',(-0.25,-2.36,-14.51));
#13082=CARTESIAN_POINT('',(-0.450000000000001,-2.16,-14.31));
#13083=CARTESIAN_POINT('',(-0.25,-2.36,-13.91));
#13084=CARTESIAN_POINT('',(-0.25,-2.36,-3.75));
#13085=CARTESIAN_POINT('',(-0.25,-2.36,-3.75));
#13086=CARTESIAN_POINT('',(-0.25,-2.36,-4.35));
#13087=CARTESIAN_POINT('',(-0.25,-2.36,-4.35));
#13088=CARTESIAN_POINT('',(-0.25,-1.96,-4.35));
#13089=CARTESIAN_POINT('',(-0.25,-1.96,-3.75));
#13090=CARTESIAN_POINT('',(-0.45,-2.16,-3.95));
#13091=CARTESIAN_POINT('',(-0.25,-1.96,-4.35));
#13092=CARTESIAN_POINT('',(-0.25,-0.69,-17.05));
#13093=CARTESIAN_POINT('',(-0.25,-0.69,-17.05));
#13094=CARTESIAN_POINT('',(-0.25,-0.69,-16.45));
#13095=CARTESIAN_POINT('',(-0.25,-0.69,-16.45));
#13096=CARTESIAN_POINT('',(-0.25,-1.09,-16.45));
#13097=CARTESIAN_POINT('',(-0.25,-1.09,-17.05));
#13098=CARTESIAN_POINT('',(-0.45,-0.89,-16.85));
#13099=CARTESIAN_POINT('',(-0.25,-1.09,-16.45));
#13100=CARTESIAN_POINT('',(-0.25,-1.96,-1.81));
#13101=CARTESIAN_POINT('',(-0.383333333333334,-2.09333333333333,-1.67666666666667));
#13102=CARTESIAN_POINT('',(-0.45,-2.16,-1.41));
#13103=CARTESIAN_POINT('',(-0.25,-1.96,-1.21));
#13104=CARTESIAN_POINT('',(-0.25,-2.36,-1.21));
#13105=CARTESIAN_POINT('',(-0.25,-2.36,-1.81));
#13106=CARTESIAN_POINT('',(-0.45,-2.16,-1.61));
#13107=CARTESIAN_POINT('',(-0.25,-2.36,-1.21));
#13108=CARTESIAN_POINT('',(-0.25,-1.96,-9.43));
#13109=CARTESIAN_POINT('',(-0.25,-1.96,-9.43));
#13110=CARTESIAN_POINT('',(-0.25,-1.96,-8.83));
#13111=CARTESIAN_POINT('',(-0.25,-1.96,-8.83));
#13112=CARTESIAN_POINT('',(-0.25,-2.36,-8.83));
#13113=CARTESIAN_POINT('',(-0.25,-2.36,-9.43));
#13114=CARTESIAN_POINT('',(-0.45,-2.16,-9.23));
#13115=CARTESIAN_POINT('',(-0.25,-2.36,-8.83));
#13116=CARTESIAN_POINT('',(-0.25,-1.09,-11.37));
#13117=CARTESIAN_POINT('',(-0.25,-1.09,-11.37));
#13118=CARTESIAN_POINT('',(-0.25,-1.09,-11.97));
#13119=CARTESIAN_POINT('',(-0.25,-1.09,-11.97));
#13120=CARTESIAN_POINT('',(-0.25,-0.69,-11.97));
#13121=CARTESIAN_POINT('',(-0.25,-0.69,-11.37));
#13122=CARTESIAN_POINT('',(-0.450000000000001,-0.89,-11.57));
#13123=CARTESIAN_POINT('',(-0.25,-0.69,-11.97));
#13124=CARTESIAN_POINT('',(-0.25,-1.96,-8.16));
#13125=CARTESIAN_POINT('',(-0.25,-1.96,-8.16));
#13126=CARTESIAN_POINT('',(-0.25,-1.96,-7.56));
#13127=CARTESIAN_POINT('',(-0.25,-1.96,-7.56));
#13128=CARTESIAN_POINT('',(-0.25,-2.36,-7.56));
#13129=CARTESIAN_POINT('',(-0.25,-2.36,-8.16));
#13130=CARTESIAN_POINT('',(-0.45,-2.16,-7.96));
#13131=CARTESIAN_POINT('',(-0.25,-2.36,-7.56));
#13132=CARTESIAN_POINT('',(-0.25,-0.69,-3.08));
#13133=CARTESIAN_POINT('',(-0.25,-0.69,-3.08));
#13134=CARTESIAN_POINT('',(-0.25,-0.69,-2.48));
#13135=CARTESIAN_POINT('',(-0.25,-0.69,-2.48));
#13136=CARTESIAN_POINT('',(-0.25,-1.09,-2.48));
#13137=CARTESIAN_POINT('',(-0.25,-1.09,-3.08));
#13138=CARTESIAN_POINT('',(-0.45,-0.89,-2.88));
#13139=CARTESIAN_POINT('',(-0.25,-1.09,-2.48));
#13140=CARTESIAN_POINT('',(-0.25,-1.96,-11.97));
#13141=CARTESIAN_POINT('',(-0.25,-1.96,-11.97));
#13142=CARTESIAN_POINT('',(-0.25,-1.96,-11.37));
#13143=CARTESIAN_POINT('',(-0.25,-1.96,-11.37));
#13144=CARTESIAN_POINT('',(-0.25,-2.36,-11.37));
#13145=CARTESIAN_POINT('',(-0.25,-2.36,-11.97));
#13146=CARTESIAN_POINT('',(-0.450000000000001,-2.16,-11.77));
#13147=CARTESIAN_POINT('',(-0.25,-2.36,-11.37));
#13148=CARTESIAN_POINT('',(-0.25,-0.69,-13.24));
#13149=CARTESIAN_POINT('',(-0.25,-0.69,-13.24));
#13150=CARTESIAN_POINT('',(-0.25,-0.69,-12.64));
#13151=CARTESIAN_POINT('',(-0.25,-0.69,-12.64));
#13152=CARTESIAN_POINT('',(-0.25,-1.09,-12.64));
#13153=CARTESIAN_POINT('',(-0.25,-1.09,-13.24));
#13154=CARTESIAN_POINT('',(-0.450000000000001,-0.89,-13.04));
#13155=CARTESIAN_POINT('',(-0.25,-1.09,-12.64));
#13156=CARTESIAN_POINT('',(-0.25,-1.09,-9.43));
#13157=CARTESIAN_POINT('',(-0.25,-1.09,-9.43));
#13158=CARTESIAN_POINT('',(-0.25,-0.69,-9.43));
#13159=CARTESIAN_POINT('',(-0.25,-0.69,-9.43));
#13160=CARTESIAN_POINT('',(-0.25,-0.69,-8.83));
#13161=CARTESIAN_POINT('',(-0.25,-1.09,-8.83));
#13162=CARTESIAN_POINT('',(-0.383333333333334,-0.956666666666667,-8.96333333333333));
#13163=CARTESIAN_POINT('',(-0.25,-0.69,-8.83));
#13164=CARTESIAN_POINT('',(-0.25,-0.69,-10.7));
#13165=CARTESIAN_POINT('',(-0.383333333333334,-0.823333333333333,-10.5666666666667));
#13166=CARTESIAN_POINT('',(-0.450000000000001,-0.89,-10.3));
#13167=CARTESIAN_POINT('',(-0.25,-0.69,-10.1));
#13168=CARTESIAN_POINT('',(-0.25,-1.09,-10.1));
#13169=CARTESIAN_POINT('',(-0.25,-1.09,-10.7));
#13170=CARTESIAN_POINT('',(-0.450000000000001,-0.89,-10.5));
#13171=CARTESIAN_POINT('',(-0.25,-1.09,-10.1));
#13172=CARTESIAN_POINT('',(-0.25,-1.09,-5.62));
#13173=CARTESIAN_POINT('',(-0.25,-1.09,-5.62));
#13174=CARTESIAN_POINT('',(-0.25,-0.69,-5.62));
#13175=CARTESIAN_POINT('',(-0.25,-0.69,-5.62));
#13176=CARTESIAN_POINT('',(-0.25,-0.69,-5.02));
#13177=CARTESIAN_POINT('',(-0.25,-1.09,-5.02));
#13178=CARTESIAN_POINT('',(-0.383333333333334,-0.956666666666667,-5.15333333333333));
#13179=CARTESIAN_POINT('',(-0.25,-0.69,-5.02));
#13180=CARTESIAN_POINT('',(-0.25,-0.69,-1.81));
#13181=CARTESIAN_POINT('',(-0.383333333333334,-0.823333333333333,-1.67666666666667));
#13182=CARTESIAN_POINT('',(-0.45,-0.89,-1.41));
#13183=CARTESIAN_POINT('',(-0.25,-0.69,-1.21));
#13184=CARTESIAN_POINT('',(-0.25,-1.09,-1.21));
#13185=CARTESIAN_POINT('',(-0.25,-1.09,-1.81));
#13186=CARTESIAN_POINT('',(-0.45,-0.89,-1.61));
#13187=CARTESIAN_POINT('',(-0.25,-1.09,-1.21));
#13188=CARTESIAN_POINT('',(-0.25,-1.96,-6.29));
#13189=CARTESIAN_POINT('',(-0.25,-1.96,-6.29));
#13190=CARTESIAN_POINT('',(-0.25,-2.36,-6.29));
#13191=CARTESIAN_POINT('',(-0.25,-2.36,-6.29));
#13192=CARTESIAN_POINT('',(-0.25,-2.36,-6.89));
#13193=CARTESIAN_POINT('',(-0.25,-1.96,-6.89));
#13194=CARTESIAN_POINT('',(-0.383333333333334,-2.09333333333333,-6.75666666666667));
#13195=CARTESIAN_POINT('',(-0.25,-2.36,-6.89));
#13196=CARTESIAN_POINT('',(-0.25,-0.69,-15.78));
#13197=CARTESIAN_POINT('',(-0.25,-0.69,-15.78));
#13198=CARTESIAN_POINT('',(-0.25,-0.69,-15.18));
#13199=CARTESIAN_POINT('',(-0.25,-0.69,-15.18));
#13200=CARTESIAN_POINT('',(-0.25,-1.09,-15.18));
#13201=CARTESIAN_POINT('',(-0.25,-1.09,-15.78));
#13202=CARTESIAN_POINT('',(-0.45,-0.89,-15.58));
#13203=CARTESIAN_POINT('',(-0.25,-1.09,-15.18));
#13204=CARTESIAN_POINT('',(-0.25,-2.36,-15.18));
#13205=CARTESIAN_POINT('',(-0.25,-2.36,-15.18));
#13206=CARTESIAN_POINT('',(-0.25,-2.36,-15.78));
#13207=CARTESIAN_POINT('',(-0.25,-2.36,-15.78));
#13208=CARTESIAN_POINT('',(-0.25,-1.96,-15.78));
#13209=CARTESIAN_POINT('',(-0.25,-1.96,-15.18));
#13210=CARTESIAN_POINT('',(-0.45,-2.16,-15.38));
#13211=CARTESIAN_POINT('',(-0.25,-1.96,-15.78));
#13212=CARTESIAN_POINT('',(-0.25,-0.69,-6.29));
#13213=CARTESIAN_POINT('',(-0.25,-0.69,-6.29));
#13214=CARTESIAN_POINT('',(-0.25,-1.09,-6.29));
#13215=CARTESIAN_POINT('',(-0.25,-1.09,-6.29));
#13216=CARTESIAN_POINT('',(-0.25,-1.09,-6.89));
#13217=CARTESIAN_POINT('',(-0.25,-0.69,-6.89));
#13218=CARTESIAN_POINT('',(-0.383333333333334,-0.823333333333333,-6.75666666666667));
#13219=CARTESIAN_POINT('',(-0.25,-1.09,-6.89));
#13220=CARTESIAN_POINT('',(-0.25,-2.36,-10.1));
#13221=CARTESIAN_POINT('',(-0.25,-2.36,-10.1));
#13222=CARTESIAN_POINT('',(-0.25,-2.36,-10.7));
#13223=CARTESIAN_POINT('',(-0.25,-2.36,-10.7));
#13224=CARTESIAN_POINT('',(-0.25,-1.96,-10.7));
#13225=CARTESIAN_POINT('',(-0.25,-1.96,-10.1));
#13226=CARTESIAN_POINT('',(-0.450000000000001,-2.16,-10.3));
#13227=CARTESIAN_POINT('',(-0.25,-1.96,-10.7));
#13228=CARTESIAN_POINT('',(-0.25,-0.69,-8.16));
#13229=CARTESIAN_POINT('',(-0.383333333333334,-0.823333333333333,-8.02666666666667));
#13230=CARTESIAN_POINT('',(-0.45,-0.89,-7.76));
#13231=CARTESIAN_POINT('',(-0.25,-0.69,-7.56));
#13232=CARTESIAN_POINT('',(-0.25,-1.09,-7.56));
#13233=CARTESIAN_POINT('',(-0.25,-1.09,-8.16));
#13234=CARTESIAN_POINT('',(-0.45,-0.89,-7.96));
#13235=CARTESIAN_POINT('',(-0.25,-1.09,-7.56));
#13236=CARTESIAN_POINT('',(-0.25,-1.96,-17.05));
#13237=CARTESIAN_POINT('',(-0.383333333333334,-2.09333333333333,-16.9166666666667));
#13238=CARTESIAN_POINT('',(-0.45,-2.16,-16.65));
#13239=CARTESIAN_POINT('',(-0.25,-1.96,-16.45));
#13240=CARTESIAN_POINT('',(-0.25,-2.36,-16.45));
#13241=CARTESIAN_POINT('',(-0.25,-2.36,-17.05));
#13242=CARTESIAN_POINT('',(-0.45,-2.16,-16.85));
#13243=CARTESIAN_POINT('',(-0.25,-2.36,-16.45));
#13244=CARTESIAN_POINT('',(-0.25,-1.96,-12.64));
#13245=CARTESIAN_POINT('',(-0.25,-1.96,-12.64));
#13246=CARTESIAN_POINT('',(-0.25,-2.36,-12.64));
#13247=CARTESIAN_POINT('',(-0.25,-2.36,-12.64));
#13248=CARTESIAN_POINT('',(-0.25,-2.36,-13.24));
#13249=CARTESIAN_POINT('',(-0.25,-1.96,-13.24));
#13250=CARTESIAN_POINT('',(-0.383333333333334,-2.09333333333333,-13.1066666666667));
#13251=CARTESIAN_POINT('',(-0.25,-2.36,-13.24));
#13252=CARTESIAN_POINT('',(-0.25,-2.36,-5.62));
#13253=CARTESIAN_POINT('',(-0.45,-2.16,-5.42));
#13254=CARTESIAN_POINT('',(-0.383333333333334,-2.09333333333333,-5.48666666666667));
#13255=CARTESIAN_POINT('',(-0.25,-1.96,-5.62));
#13256=CARTESIAN_POINT('',(-0.25,-1.96,-5.02));
#13257=CARTESIAN_POINT('',(-0.25,-2.36,-5.02));
#13258=CARTESIAN_POINT('',(-0.383333333333334,-2.22666666666667,-5.15333333333333));
#13259=CARTESIAN_POINT('',(-0.25,-1.96,-5.02));
#13260=CARTESIAN_POINT('',(-0.25,-0.69,-4.35));
#13261=CARTESIAN_POINT('',(-0.383333333333334,-0.823333333333333,-4.21666666666667));
#13262=CARTESIAN_POINT('',(-0.45,-0.89,-3.95));
#13263=CARTESIAN_POINT('',(-0.25,-0.69,-3.75));
#13264=CARTESIAN_POINT('',(-0.25,-1.09,-3.75));
#13265=CARTESIAN_POINT('',(-0.25,-1.09,-4.35));
#13266=CARTESIAN_POINT('',(-0.45,-0.89,-4.15));
#13267=CARTESIAN_POINT('',(-0.25,-1.09,-3.75));
#13268=CARTESIAN_POINT('',(-0.25,-1.96,-3.08));
#13269=CARTESIAN_POINT('',(-0.25,-1.96,-3.08));
#13270=CARTESIAN_POINT('',(-0.25,-1.96,-2.48));
#13271=CARTESIAN_POINT('',(-0.25,-1.96,-2.48));
#13272=CARTESIAN_POINT('',(-0.25,-2.36,-2.48));
#13273=CARTESIAN_POINT('',(-0.25,-2.36,-3.08));
#13274=CARTESIAN_POINT('',(-0.45,-2.16,-2.88));
#13275=CARTESIAN_POINT('',(-0.25,-2.36,-2.48));
#13276=CARTESIAN_POINT('',(-0.25,-0.69,-14.51));
#13277=CARTESIAN_POINT('',(-0.383333333333334,-0.823333333333333,-14.3766666666667));
#13278=CARTESIAN_POINT('',(-0.450000000000001,-0.89,-14.11));
#13279=CARTESIAN_POINT('',(-0.25,-0.69,-13.91));
#13280=CARTESIAN_POINT('',(-0.25,-1.09,-13.91));
#13281=CARTESIAN_POINT('',(-0.25,-1.09,-14.51));
#13282=CARTESIAN_POINT('',(-0.450000000000001,-0.89,-14.31));
#13283=CARTESIAN_POINT('',(-0.25,-1.09,-13.91));
#13284=CARTESIAN_POINT('',(0.,0.,-0.7));
#13285=CARTESIAN_POINT('',(0.45,-0.899999999999999,-1.15));
#13286=CARTESIAN_POINT('',(0.949999999999999,-1.9,-1.65));
#13287=CARTESIAN_POINT('',(0.,-2.85,0.));
#13288=CARTESIAN_POINT('',(5.85333333333332,3.00333333333333,-11.7066666666667));
#13289=CARTESIAN_POINT('',(0.,-1.35,0.));
#13290=CARTESIAN_POINT('',(0.45,-0.899999999999999,-0.650000000000001));
#13291=CARTESIAN_POINT('',(0.,0.,-17.56));
#13292=CARTESIAN_POINT('',(5.85333333333332,4.50333333333333,-11.7066666666667));
#13293=CARTESIAN_POINT('',(0.,0.,-0.2));
#13294=CARTESIAN_POINT('',(-0.0666666666666666,-0.133333333333333,-0.133333333333333));
#13295=CARTESIAN_POINT('',(0.,-1.35,0.));
#13296=CARTESIAN_POINT('',(6.01999999999998,4.67,-12.04));
#13297=CARTESIAN_POINT('',(0.,-0.2,0.));
#13298=CARTESIAN_POINT('',(6.01999999999999,-6.22,-12.04));
#13299=CARTESIAN_POINT('',(0.,0.,-18.06));
#13300=CARTESIAN_POINT('',(0.,0.,0.));
#13301=CARTESIAN_POINT('',(-1.95,-0.362132034355953,0.075));
#13302=CARTESIAN_POINT('',(-1.95,-0.362132034355953,-0.075));
#13303=CARTESIAN_POINT('',(-2.05606605473473,-0.256066054734727,-0.075));
#13304=CARTESIAN_POINT('',(-2.1,-0.362132051344255,-0.075));
#13305=CARTESIAN_POINT('',(-2.1,-0.362132051344255,0.075));
#13306=CARTESIAN_POINT('',(-2.1,-0.362132051344255,0.075));
#13307=CARTESIAN_POINT('',(-1.95,-0.362132034355953,0.075));
#13308=CARTESIAN_POINT('',(-2.05606605473473,-0.256066054734727,0.075));
#13309=CARTESIAN_POINT('',(-2.05606605473473,-0.256066054734727,0.075));
#13310=CARTESIAN_POINT('',(-2.1,-0.362132051344255,0.075));
#13311=CARTESIAN_POINT('',(-2.1,-0.362132051344255,-0.075));
#13312=CARTESIAN_POINT('',(-2.1,-5.611,-0.075));
#13313=CARTESIAN_POINT('',(-2.1,-5.611,0.075));
#13314=CARTESIAN_POINT('',(-2.1,-5.611,0.075));
#13315=CARTESIAN_POINT('',(-2.1,-0.362132051344255,0.075));
#13316=CARTESIAN_POINT('',(-2.1,-5.611,0.075));
#13317=CARTESIAN_POINT('',(-2.1,-5.611,-0.075));
#13318=CARTESIAN_POINT('',(-1.015,-5.611,-0.075));
#13319=CARTESIAN_POINT('',(-1.015,-5.611,0.075));
#13320=CARTESIAN_POINT('',(-1.015,-5.611,0.075));
#13321=CARTESIAN_POINT('',(-2.1,-5.611,0.075));
#13322=CARTESIAN_POINT('',(-1.015,-5.611,0.075));
#13323=CARTESIAN_POINT('',(-1.015,-5.611,-0.075));
#13324=CARTESIAN_POINT('',(-1.015,-0.600000000000001,-0.075));
#13325=CARTESIAN_POINT('',(-1.015,-0.600000000000001,0.075));
#13326=CARTESIAN_POINT('',(-1.015,-0.600000000000001,0.075));
#13327=CARTESIAN_POINT('',(-1.015,-5.611,0.075));
#13328=CARTESIAN_POINT('',(-0.915,-0.6,0.075));
#13329=CARTESIAN_POINT('',(-0.915,-0.6,-0.075));
#13330=CARTESIAN_POINT('',(-0.915,-0.5,-0.075));
#13331=CARTESIAN_POINT('',(-0.915,-0.5,0.075));
#13332=CARTESIAN_POINT('',(-0.915,-0.5,0.075));
#13333=CARTESIAN_POINT('',(-0.915,-0.6,0.075));
#13334=CARTESIAN_POINT('',(-0.915,-0.5,0.075));
#13335=CARTESIAN_POINT('',(-0.915,-0.5,-0.075));
#13336=CARTESIAN_POINT('',(-0.25,-0.5,-0.075));
#13337=CARTESIAN_POINT('',(-0.25,-0.5,0.175));
#13338=CARTESIAN_POINT('',(0.,-0.5,0.175));
#13339=CARTESIAN_POINT('',(0.,-0.5,0.075));
#13340=CARTESIAN_POINT('',(0.,-0.5,0.475));
#13341=CARTESIAN_POINT('',(-0.915,-0.5,0.475));
#13342=CARTESIAN_POINT('',(-0.15,-0.5,0.475));
#13343=CARTESIAN_POINT('',(-0.15,-0.5,0.575));
#13344=CARTESIAN_POINT('',(-0.15,-0.5,0.175));
#13345=CARTESIAN_POINT('',(-0.25,-0.5,0.175));
#13346=CARTESIAN_POINT('',(-0.25,-0.5,0.075));
#13347=CARTESIAN_POINT('',(-0.915,-0.5,0.075));
#13348=CARTESIAN_POINT('',(0.,-0.5,0.075));
#13349=CARTESIAN_POINT('',(0.,-0.5,0.175));
#13350=CARTESIAN_POINT('',(0.,0.,0.175));
#13351=CARTESIAN_POINT('',(0.,0.,0.075));
#13352=CARTESIAN_POINT('',(0.,0.,0.475));
#13353=CARTESIAN_POINT('',(0.,-0.1,0.475));
#13354=CARTESIAN_POINT('',(0.,-0.1,0.575));
#13355=CARTESIAN_POINT('',(0.,0.,0.575));
#13356=CARTESIAN_POINT('',(0.,-0.4,0.575));
#13357=CARTESIAN_POINT('',(0.,-0.4,0.475));
#13358=CARTESIAN_POINT('',(0.,0.,0.075));
#13359=CARTESIAN_POINT('',(-0.25,0.,0.175));
#13360=CARTESIAN_POINT('',(-0.25,0.,-0.075));
#13361=CARTESIAN_POINT('',(0.,0.,-0.075));
#13362=CARTESIAN_POINT('',(-1.73786794865574,0.,-0.075));
#13363=CARTESIAN_POINT('',(-1.73786794865574,0.,0.075));
#13364=CARTESIAN_POINT('',(-1.73786794865574,0.,0.075));
#13365=CARTESIAN_POINT('',(0.,0.,0.075));
#13366=CARTESIAN_POINT('',(-0.25,0.,0.075));
#13367=CARTESIAN_POINT('',(-0.25,0.,0.175));
#13368=CARTESIAN_POINT('',(-0.15,0.,0.175));
#13369=CARTESIAN_POINT('',(-0.15,0.,0.575));
#13370=CARTESIAN_POINT('',(-0.15,0.,0.475));
#13371=CARTESIAN_POINT('',(0.,0.,0.475));
#13372=CARTESIAN_POINT('',(-1.73786796564405,-0.149999999999999,0.075));
#13373=CARTESIAN_POINT('',(-1.73786796564405,-0.149999999999999,-0.075));
#13374=CARTESIAN_POINT('',(-1.84393394526527,-0.0439339452652684,-0.075));
#13375=CARTESIAN_POINT('',(-1.84393394526527,-0.0439339452652684,0.075));
#13376=CARTESIAN_POINT('',(-1.84393394526527,-0.0439339452652684,0.075));
#13377=CARTESIAN_POINT('',(-1.73786796564405,-0.149999999999999,0.075));
#13378=CARTESIAN_POINT('',(-1.84393394526527,-0.0439339452652685,0.075));
#13379=CARTESIAN_POINT('',(-1.84393394526527,-0.0439339452652685,-0.075));
#13380=CARTESIAN_POINT('',(-1.84393394526527,-0.0439339452652685,0.075));
#13381=CARTESIAN_POINT('',(-1.95,-0.362132034355953,0.075));
#13382=CARTESIAN_POINT('',(-0.25,0.,0.075));
#13383=CARTESIAN_POINT('',(-1.95,-0.362132034355953,-0.075));
#13384=CARTESIAN_POINT('',(-0.25,-0.362132034355953,-0.075));
#13385=CARTESIAN_POINT('',(-0.15,-0.5,0.575));
#13386=CARTESIAN_POINT('',(-0.15,-0.4,0.475));
#13387=CARTESIAN_POINT('',(-0.15,-0.4,0.575));
#13388=CARTESIAN_POINT('',(-0.15,-0.5,0.575));
#13389=CARTESIAN_POINT('',(-0.15,-0.1,0.575));
#13390=CARTESIAN_POINT('',(-0.15,-0.1,0.475));
#13391=CARTESIAN_POINT('',(-0.15,-0.5,0.175));
#13392=CARTESIAN_POINT('',(0.,0.,0.575));
#13393=CARTESIAN_POINT('',(0.,-0.4,0.575));
#13394=CARTESIAN_POINT('',(0.,-0.1,0.575));
#13395=CARTESIAN_POINT('',(-0.915,-0.4,0.475));
#13396=CARTESIAN_POINT('',(0.,-0.1,0.475));
#13397=CARTESIAN_POINT('',(-0.25,-0.5,0.175));
#13398=CARTESIAN_POINT('',(-0.25,-0.5,0.175));
#13399=CARTESIAN_POINT('',(-9.4,-3.675,-1.125));
#13400=CARTESIAN_POINT('',(-9.4,-3.675,-2.395));
#13401=CARTESIAN_POINT('',(-9.4,-3.675,-3.665));
#13402=CARTESIAN_POINT('',(-9.4,-3.675,-4.935));
#13403=CARTESIAN_POINT('',(-9.4,-3.675,-6.205));
#13404=CARTESIAN_POINT('',(-9.4,-3.675,-7.475));
#13405=CARTESIAN_POINT('',(-9.4,-3.675,-8.745));
#13406=CARTESIAN_POINT('',(-9.4,-3.675,-10.015));
#13407=CARTESIAN_POINT('',(-9.4,-3.675,-11.285));
#13408=CARTESIAN_POINT('',(-9.4,-3.675,-12.555));
#13409=CARTESIAN_POINT('',(-9.4,-3.675,-13.825));
#13410=CARTESIAN_POINT('',(-9.4,-3.675,-15.095));
#13411=CARTESIAN_POINT('',(-9.4,-3.675,-16.365));
#13412=CARTESIAN_POINT('',(-3.285,0.,0.075));
#13413=CARTESIAN_POINT('',(-3.285,0.,-0.075));
#13414=CARTESIAN_POINT('',(-3.285,0.,-0.075));
#13415=CARTESIAN_POINT('',(-3.285,-6.881,-0.075));
#13416=CARTESIAN_POINT('',(-3.285,-6.881,0.075));
#13417=CARTESIAN_POINT('',(-3.285,-6.881,0.075));
#13418=CARTESIAN_POINT('',(-3.285,0.,0.075));
#13419=CARTESIAN_POINT('',(-3.285,0.,0.075));
#13420=CARTESIAN_POINT('',(-3.285,0.,0.075));
#13421=CARTESIAN_POINT('',(-3.285,-6.881,0.075));
#13422=CARTESIAN_POINT('',(-3.285,-6.881,-0.075));
#13423=CARTESIAN_POINT('',(-2.2,-6.881,-0.075));
#13424=CARTESIAN_POINT('',(-2.2,-6.881,0.075));
#13425=CARTESIAN_POINT('',(-2.2,-6.881,0.075));
#13426=CARTESIAN_POINT('',(-3.285,-6.881,0.075));
#13427=CARTESIAN_POINT('',(-2.2,-6.881,0.075));
#13428=CARTESIAN_POINT('',(-2.2,-6.881,-0.075));
#13429=CARTESIAN_POINT('',(-2.2,-0.95,-0.075));
#13430=CARTESIAN_POINT('',(-2.2,-0.95,0.075));
#13431=CARTESIAN_POINT('',(-2.2,-0.95,0.075));
#13432=CARTESIAN_POINT('',(-2.2,-6.881,0.075));
#13433=CARTESIAN_POINT('',(-2.05,-0.95,0.075));
#13434=CARTESIAN_POINT('',(-2.05,-0.95,-0.075));
#13435=CARTESIAN_POINT('',(-2.05,-0.8,-0.075));
#13436=CARTESIAN_POINT('',(-2.05,-0.8,0.075));
#13437=CARTESIAN_POINT('',(-2.05,-0.8,0.075));
#13438=CARTESIAN_POINT('',(-2.05,-0.95,0.075));
#13439=CARTESIAN_POINT('',(-2.05,-0.8,0.075));
#13440=CARTESIAN_POINT('',(-2.05,-0.8,-0.075));
#13441=CARTESIAN_POINT('',(-0.97,-0.8,-0.075));
#13442=CARTESIAN_POINT('',(-0.97,-0.8,0.075));
#13443=CARTESIAN_POINT('',(-0.97,-0.8,0.075));
#13444=CARTESIAN_POINT('',(-2.05,-0.8,0.075));
#13445=CARTESIAN_POINT('',(-0.97,-0.65,0.075));
#13446=CARTESIAN_POINT('',(-0.97,-0.65,-0.075));
#13447=CARTESIAN_POINT('',(-0.82,-0.65,-0.075));
#13448=CARTESIAN_POINT('',(-0.82,-0.65,0.075));
#13449=CARTESIAN_POINT('',(-0.82,-0.65,0.075));
#13450=CARTESIAN_POINT('',(-0.97,-0.65,0.075));
#13451=CARTESIAN_POINT('',(-0.67,-0.65,0.075));
#13452=CARTESIAN_POINT('',(-0.67,-0.65,-0.075));
#13453=CARTESIAN_POINT('',(-0.67,-0.5,-0.075));
#13454=CARTESIAN_POINT('',(-0.67,-0.5,0.075));
#13455=CARTESIAN_POINT('',(-0.67,-0.5,0.075));
#13456=CARTESIAN_POINT('',(-0.67,-0.65,0.075));
#13457=CARTESIAN_POINT('',(-0.67,-0.5,0.075));
#13458=CARTESIAN_POINT('',(0.,-0.5,0.075));
#13459=CARTESIAN_POINT('',(0.,-0.5,-0.175));
#13460=CARTESIAN_POINT('',(0.,-0.5,-0.475));
#13461=CARTESIAN_POINT('',(-0.25,-0.5,-0.175));
#13462=CARTESIAN_POINT('',(-0.25,-0.5,0.075));
#13463=CARTESIAN_POINT('',(-0.67,-0.5,0.075));
#13464=CARTESIAN_POINT('',(-0.67,-0.5,-0.075));
#13465=CARTESIAN_POINT('',(-0.25,-0.5,-0.075));
#13466=CARTESIAN_POINT('',(-0.25,-0.5,-0.175));
#13467=CARTESIAN_POINT('',(-0.15,-0.5,-0.175));
#13468=CARTESIAN_POINT('',(-0.15,-0.5,-0.575));
#13469=CARTESIAN_POINT('',(-0.15,-0.5,-0.475));
#13470=CARTESIAN_POINT('',(-0.67,-0.5,-0.475));
#13471=CARTESIAN_POINT('',(0.,-0.5,0.075));
#13472=CARTESIAN_POINT('',(0.,0.,0.075));
#13473=CARTESIAN_POINT('',(0.,0.,-0.175));
#13474=CARTESIAN_POINT('',(0.,0.,-0.475));
#13475=CARTESIAN_POINT('',(0.,-0.5,-0.175));
#13476=CARTESIAN_POINT('',(0.,-0.4,-0.475));
#13477=CARTESIAN_POINT('',(0.,-0.4,-0.575));
#13478=CARTESIAN_POINT('',(0.,-0.5,-0.575));
#13479=CARTESIAN_POINT('',(0.,-0.1,-0.575));
#13480=CARTESIAN_POINT('',(0.,-0.1,-0.475));
#13481=CARTESIAN_POINT('',(0.,0.,0.075));
#13482=CARTESIAN_POINT('',(0.,0.,0.075));
#13483=CARTESIAN_POINT('',(-0.25,0.,0.075));
#13484=CARTESIAN_POINT('',(-0.25,0.,-0.175));
#13485=CARTESIAN_POINT('',(0.,0.,-0.475));
#13486=CARTESIAN_POINT('',(-0.15,0.,-0.475));
#13487=CARTESIAN_POINT('',(-0.15,0.,-0.575));
#13488=CARTESIAN_POINT('',(-0.15,0.,-0.175));
#13489=CARTESIAN_POINT('',(-0.25,0.,-0.175));
#13490=CARTESIAN_POINT('',(-0.25,0.,-0.075));
#13491=CARTESIAN_POINT('',(0.,0.,-0.075));
#13492=CARTESIAN_POINT('',(-2.05,-0.95,0.075));
#13493=CARTESIAN_POINT('',(-0.25,0.,0.075));
#13494=CARTESIAN_POINT('',(-2.05,-0.95,-0.075));
#13495=CARTESIAN_POINT('',(-0.25,-0.95,-0.075));
#13496=CARTESIAN_POINT('',(-0.15,0.,-0.575));
#13497=CARTESIAN_POINT('',(-0.15,-0.1,-0.475));
#13498=CARTESIAN_POINT('',(-0.15,-0.1,-0.575));
#13499=CARTESIAN_POINT('',(-0.15,0.,-0.575));
#13500=CARTESIAN_POINT('',(-0.15,-0.4,-0.575));
#13501=CARTESIAN_POINT('',(-0.15,-0.4,-0.475));
#13502=CARTESIAN_POINT('',(-0.15,0.,-0.175));
#13503=CARTESIAN_POINT('',(0.,0.,-0.575));
#13504=CARTESIAN_POINT('',(0.,-0.1,-0.575));
#13505=CARTESIAN_POINT('',(0.,-0.4,-0.575));
#13506=CARTESIAN_POINT('',(0.,-0.1,-0.475));
#13507=CARTESIAN_POINT('',(-0.67,-0.4,-0.475));
#13508=CARTESIAN_POINT('',(-0.25,-0.95,-0.175));
#13509=CARTESIAN_POINT('',(-0.25,-0.95,-0.175));
#13510=CARTESIAN_POINT('',(-10.67,-3.675,-1.9));
#13511=CARTESIAN_POINT('',(-10.67,-3.675,-3.17));
#13512=CARTESIAN_POINT('',(-10.67,-3.675,-4.44));
#13513=CARTESIAN_POINT('',(-10.67,-3.675,-5.71));
#13514=CARTESIAN_POINT('',(-10.67,-3.675,-6.98));
#13515=CARTESIAN_POINT('',(-10.67,-3.675,-8.25));
#13516=CARTESIAN_POINT('',(-10.67,-3.675,-9.52));
#13517=CARTESIAN_POINT('',(-10.67,-3.675,-10.79));
#13518=CARTESIAN_POINT('',(-10.67,-3.675,-12.06));
#13519=CARTESIAN_POINT('',(-10.67,-3.675,-13.33));
#13520=CARTESIAN_POINT('',(-10.67,-3.675,-14.6));
#13521=CARTESIAN_POINT('',(-10.67,-3.675,-15.87));
#13522=CARTESIAN_POINT('',(-10.67,-3.675,-17.14));
#13523=CARTESIAN_POINT('',(-2.8,0.638375924720123,0.3));
#13524=CARTESIAN_POINT('',(-2.8,0.638375924720123,0.));
#13525=CARTESIAN_POINT('',(-2.8,0.638375924720123,0.));
#13526=CARTESIAN_POINT('',(-2.8,0.4,0.));
#13527=CARTESIAN_POINT('',(-2.8,0.4,0.4));
#13528=CARTESIAN_POINT('',(-2.8,0.,0.4));
#13529=CARTESIAN_POINT('',(-2.8,0.,0.3));
#13530=CARTESIAN_POINT('',(-2.8,0.,0.449869822485207));
#13531=CARTESIAN_POINT('',(-2.8,0.3,0.449869822485207));
#13532=CARTESIAN_POINT('',(-2.8,0.3,0.449869822485207));
#13533=CARTESIAN_POINT('',(-2.8,0.3,0.));
#13534=CARTESIAN_POINT('',(-2.8,0.3,0.4));
#13535=CARTESIAN_POINT('',(-2.8,0.4,0.4));
#13536=CARTESIAN_POINT('',(-2.8,0.4,0.3));
#13537=CARTESIAN_POINT('',(-2.8,0.638375924720123,0.3));
#13538=CARTESIAN_POINT('',(-2.8,0.638375924720123,0.3));
#13539=CARTESIAN_POINT('',(-2.8,0.638375924720123,0.3));
#13540=CARTESIAN_POINT('',(-2.8,0.,0.3));
#13541=CARTESIAN_POINT('',(-2.8,0.,0.4));
#13542=CARTESIAN_POINT('',(-1.8,0.,0.4));
#13543=CARTESIAN_POINT('',(-1.8,0.,0.3));
#13544=CARTESIAN_POINT('',(-1.8,0.,0.54));
#13545=CARTESIAN_POINT('',(-1.7,0.,0.54));
#13546=CARTESIAN_POINT('',(-1.7,0.,0.64));
#13547=CARTESIAN_POINT('',(-1.62,0.,0.64));
#13548=CARTESIAN_POINT('',(-1.62,0.,0.64));
#13549=CARTESIAN_POINT('',(-1.62,0.,0.74));
#13550=CARTESIAN_POINT('',(-1.52,0.,0.74));
#13551=CARTESIAN_POINT('',(-1.52,0.,0.84));
#13552=CARTESIAN_POINT('',(-1.52,0.,0.84));
#13553=CARTESIAN_POINT('',(-1.62,0.,0.84));
#13554=CARTESIAN_POINT('',(-1.62,0.,0.94));
#13555=CARTESIAN_POINT('',(-3.5,0.,0.94));
#13556=CARTESIAN_POINT('',(-3.5,0.,0.94));
#13557=CARTESIAN_POINT('',(-3.5,0.,0.839999999999999));
#13558=CARTESIAN_POINT('',(-3.6,0.,0.84));
#13559=CARTESIAN_POINT('',(-3.6,0.,0.2));
#13560=CARTESIAN_POINT('',(-3.6,0.,0.2));
#13561=CARTESIAN_POINT('',(-3.5,0.,0.200000000000001));
#13562=CARTESIAN_POINT('',(-3.5,0.,0.1));
#13563=CARTESIAN_POINT('',(-3.2,0.,0.1));
#13564=CARTESIAN_POINT('',(-3.2,0.,0.0999999999999998));
#13565=CARTESIAN_POINT('',(-3.2,0.,0.200000000000001));
#13566=CARTESIAN_POINT('',(-3.1,0.,0.2));
#13567=CARTESIAN_POINT('',(-3.1,0.,0.449869822485207));
#13568=CARTESIAN_POINT('',(-3.1,0.,0.349869822485207));
#13569=CARTESIAN_POINT('',(-3.,0.,0.349869822485207));
#13570=CARTESIAN_POINT('',(-3.,0.,0.449869822485207));
#13571=CARTESIAN_POINT('',(-2.8,0.,0.449869822485207));
#13572=CARTESIAN_POINT('',(-1.8,0.,0.3));
#13573=CARTESIAN_POINT('',(-1.8,0.4,0.4));
#13574=CARTESIAN_POINT('',(-1.8,0.4,0.));
#13575=CARTESIAN_POINT('',(-1.8,0.4,0.3));
#13576=CARTESIAN_POINT('',(-1.8,0.4,0.3));
#13577=CARTESIAN_POINT('',(-1.8,0.4,0.4));
#13578=CARTESIAN_POINT('',(-1.8,0.3,0.4));
#13579=CARTESIAN_POINT('',(-1.8,0.3,0.54));
#13580=CARTESIAN_POINT('',(-1.8,0.3,0.54));
#13581=CARTESIAN_POINT('',(-1.8,0.3,0.54));
#13582=CARTESIAN_POINT('',(-1.8,0.4,0.3));
#13583=CARTESIAN_POINT('',(-1.8,0.4,0.));
#13584=CARTESIAN_POINT('',(-1.5,0.4,0.));
#13585=CARTESIAN_POINT('',(-1.5,0.4,0.3));
#13586=CARTESIAN_POINT('',(-1.5,0.4,0.3));
#13587=CARTESIAN_POINT('',(-1.8,0.4,0.3));
#13588=CARTESIAN_POINT('',(-1.5,0.4,0.3));
#13589=CARTESIAN_POINT('',(-1.5,0.4,0.));
#13590=CARTESIAN_POINT('',(-1.5,0.15,0.));
#13591=CARTESIAN_POINT('',(-1.5,0.15,0.3));
#13592=CARTESIAN_POINT('',(-1.5,0.15,0.3));
#13593=CARTESIAN_POINT('',(-1.5,0.4,0.3));
#13594=CARTESIAN_POINT('',(-1.4,0.15,0.3));
#13595=CARTESIAN_POINT('',(-1.4,0.15,0.));
#13596=CARTESIAN_POINT('',(-1.4,0.05,0.));
#13597=CARTESIAN_POINT('',(-1.4,0.05,0.3));
#13598=CARTESIAN_POINT('',(-1.4,0.05,0.3));
#13599=CARTESIAN_POINT('',(-1.4,0.15,0.3));
#13600=CARTESIAN_POINT('',(-1.4,0.05,0.3));
#13601=CARTESIAN_POINT('',(-1.4,0.05,0.));
#13602=CARTESIAN_POINT('',(1.4,0.05,0.));
#13603=CARTESIAN_POINT('',(1.4,0.05,0.3));
#13604=CARTESIAN_POINT('',(1.4,0.05,0.3));
#13605=CARTESIAN_POINT('',(-1.4,0.05,0.3));
#13606=CARTESIAN_POINT('',(1.4,0.15,0.3));
#13607=CARTESIAN_POINT('',(1.4,0.15,0.));
#13608=CARTESIAN_POINT('',(1.5,0.15,0.));
#13609=CARTESIAN_POINT('',(1.5,0.15,0.3));
#13610=CARTESIAN_POINT('',(1.5,0.15,0.3));
#13611=CARTESIAN_POINT('',(1.4,0.15,0.3));
#13612=CARTESIAN_POINT('',(1.5,0.15,0.3));
#13613=CARTESIAN_POINT('',(1.5,0.15,0.));
#13614=CARTESIAN_POINT('',(1.5,0.4,0.));
#13615=CARTESIAN_POINT('',(1.5,0.4,0.3));
#13616=CARTESIAN_POINT('',(1.5,0.4,0.3));
#13617=CARTESIAN_POINT('',(1.5,0.15,0.3));
#13618=CARTESIAN_POINT('',(1.5,0.4,0.3));
#13619=CARTESIAN_POINT('',(1.5,0.4,0.));
#13620=CARTESIAN_POINT('',(1.8,0.4,0.));
#13621=CARTESIAN_POINT('',(1.8,0.4,0.3));
#13622=CARTESIAN_POINT('',(1.8,0.4,0.3));
#13623=CARTESIAN_POINT('',(1.5,0.4,0.3));
#13624=CARTESIAN_POINT('',(1.8,0.4,0.3));
#13625=CARTESIAN_POINT('',(1.8,0.4,0.4));
#13626=CARTESIAN_POINT('',(1.8,0.,0.4));
#13627=CARTESIAN_POINT('',(1.8,0.,0.3));
#13628=CARTESIAN_POINT('',(1.8,0.,0.54));
#13629=CARTESIAN_POINT('',(1.8,0.3,0.54));
#13630=CARTESIAN_POINT('',(1.8,0.3,0.54));
#13631=CARTESIAN_POINT('',(1.8,0.3,0.));
#13632=CARTESIAN_POINT('',(1.8,0.3,0.4));
#13633=CARTESIAN_POINT('',(1.8,0.4,0.4));
#13634=CARTESIAN_POINT('',(1.8,0.,0.3));
#13635=CARTESIAN_POINT('',(1.8,0.,0.4));
#13636=CARTESIAN_POINT('',(2.8,0.,0.4));
#13637=CARTESIAN_POINT('',(2.8,0.,0.3));
#13638=CARTESIAN_POINT('',(2.8,0.,0.451727917419609));
#13639=CARTESIAN_POINT('',(3.1,0.,0.451727917419609));
#13640=CARTESIAN_POINT('',(3.,0.,0.451727917419609));
#13641=CARTESIAN_POINT('',(3.,0.,0.351727917419609));
#13642=CARTESIAN_POINT('',(3.1,0.,0.351727917419609));
#13643=CARTESIAN_POINT('',(3.1,0.,0.2));
#13644=CARTESIAN_POINT('',(3.1,0.,0.2));
#13645=CARTESIAN_POINT('',(3.2,0.,0.2));
#13646=CARTESIAN_POINT('',(3.2,0.,0.1));
#13647=CARTESIAN_POINT('',(3.5,0.,0.1));
#13648=CARTESIAN_POINT('',(3.5,0.,0.0999999999999998));
#13649=CARTESIAN_POINT('',(3.5,0.,0.200000000000001));
#13650=CARTESIAN_POINT('',(3.6,0.,0.2));
#13651=CARTESIAN_POINT('',(3.6,0.,0.84));
#13652=CARTESIAN_POINT('',(3.6,0.,0.84));
#13653=CARTESIAN_POINT('',(3.5,0.,0.839999999999998));
#13654=CARTESIAN_POINT('',(3.5,0.,0.94));
#13655=CARTESIAN_POINT('',(1.62,0.,0.94));
#13656=CARTESIAN_POINT('',(1.62,0.,0.94));
#13657=CARTESIAN_POINT('',(1.62,0.,0.84));
#13658=CARTESIAN_POINT('',(1.52,0.,0.84));
#13659=CARTESIAN_POINT('',(1.52,0.,0.74));
#13660=CARTESIAN_POINT('',(1.52,0.,0.74));
#13661=CARTESIAN_POINT('',(1.62,0.,0.74));
#13662=CARTESIAN_POINT('',(1.62,0.,0.64));
#13663=CARTESIAN_POINT('',(1.7,0.,0.64));
#13664=CARTESIAN_POINT('',(1.7,0.,0.64));
#13665=CARTESIAN_POINT('',(1.7,0.,0.54));
#13666=CARTESIAN_POINT('',(2.8,0.,0.3));
#13667=CARTESIAN_POINT('',(2.8,0.4,0.4));
#13668=CARTESIAN_POINT('',(2.8,0.4,0.));
#13669=CARTESIAN_POINT('',(2.8,0.,0.));
#13670=CARTESIAN_POINT('',(2.8,0.638375924720123,0.));
#13671=CARTESIAN_POINT('',(2.8,0.638375924720123,0.3));
#13672=CARTESIAN_POINT('',(2.8,0.638375924720123,0.3));
#13673=CARTESIAN_POINT('',(2.8,0.,0.3));
#13674=CARTESIAN_POINT('',(2.8,0.4,0.3));
#13675=CARTESIAN_POINT('',(2.8,0.4,0.4));
#13676=CARTESIAN_POINT('',(2.8,0.3,0.4));
#13677=CARTESIAN_POINT('',(2.8,0.3,0.451727917419609));
#13678=CARTESIAN_POINT('',(2.8,0.3,0.451727917419609));
#13679=CARTESIAN_POINT('',(2.8,0.3,0.451727917419609));
#13680=CARTESIAN_POINT('',(2.60000000000074,0.63837538095697,0.3));
#13681=CARTESIAN_POINT('',(2.60000000000074,0.63837538095697,0.));
#13682=CARTESIAN_POINT('',(2.7005600308465,0.811255918312396,0.));
#13683=CARTESIAN_POINT('',(2.7005600308465,0.811255918312396,0.3));
#13684=CARTESIAN_POINT('',(2.7005600308465,0.811255918312396,0.3));
#13685=CARTESIAN_POINT('',(2.60000000000074,0.63837538095697,0.3));
#13686=CARTESIAN_POINT('',(2.7005600308465,0.811255918312396,0.3));
#13687=CARTESIAN_POINT('',(2.7005600308465,0.811255918312396,0.));
#13688=CARTESIAN_POINT('',(2.1994399691535,1.1027440816876,0.));
#13689=CARTESIAN_POINT('',(2.1994399691535,1.1027440816876,0.3));
#13690=CARTESIAN_POINT('',(2.1994399691535,1.1027440816876,0.3));
#13691=CARTESIAN_POINT('',(2.7005600308465,0.811255918312396,0.3));
#13692=CARTESIAN_POINT('',(2.29999999999926,1.27562461904303,0.3));
#13693=CARTESIAN_POINT('',(2.29999999999926,1.27562461904303,0.));
#13694=CARTESIAN_POINT('',(2.1,1.27562407527988,0.));
#13695=CARTESIAN_POINT('',(2.1,1.27562407527988,0.3));
#13696=CARTESIAN_POINT('',(2.1,1.27562407527988,0.3));
#13697=CARTESIAN_POINT('',(2.29999999999926,1.27562461904303,0.3));
#13698=CARTESIAN_POINT('',(2.1,1.27562407527988,0.3));
#13699=CARTESIAN_POINT('',(2.1,1.27562407527988,0.));
#13700=CARTESIAN_POINT('',(2.1,1.742,0.));
#13701=CARTESIAN_POINT('',(2.1,1.742,0.3));
#13702=CARTESIAN_POINT('',(2.1,1.742,0.3));
#13703=CARTESIAN_POINT('',(2.1,1.27562407527988,0.3));
#13704=CARTESIAN_POINT('',(2.1,1.742,0.3));
#13705=CARTESIAN_POINT('',(2.1,1.742,0.));
#13706=CARTESIAN_POINT('',(-2.1,1.742,0.));
#13707=CARTESIAN_POINT('',(-2.1,1.742,0.3));
#13708=CARTESIAN_POINT('',(-2.1,1.742,0.3));
#13709=CARTESIAN_POINT('',(2.1,1.742,0.3));
#13710=CARTESIAN_POINT('',(-2.1,1.742,0.3));
#13711=CARTESIAN_POINT('',(-2.1,1.742,0.));
#13712=CARTESIAN_POINT('',(-2.1,1.27562407527988,0.));
#13713=CARTESIAN_POINT('',(-2.1,1.27562407527988,0.3));
#13714=CARTESIAN_POINT('',(-2.1,1.27562407527988,0.3));
#13715=CARTESIAN_POINT('',(-2.1,1.742,0.3));
#13716=CARTESIAN_POINT('',(-2.29999999999926,1.27562461904303,0.3));
#13717=CARTESIAN_POINT('',(-2.29999999999926,1.27562461904303,0.));
#13718=CARTESIAN_POINT('',(-2.1994399691535,1.1027440816876,0.));
#13719=CARTESIAN_POINT('',(-2.1994399691535,1.1027440816876,0.3));
#13720=CARTESIAN_POINT('',(-2.1994399691535,1.1027440816876,0.3));
#13721=CARTESIAN_POINT('',(-2.29999999999926,1.27562461904303,0.3));
#13722=CARTESIAN_POINT('',(-2.1994399691535,1.1027440816876,0.3));
#13723=CARTESIAN_POINT('',(-2.1994399691535,1.1027440816876,0.));
#13724=CARTESIAN_POINT('',(-2.7005600308465,0.811255918312396,0.));
#13725=CARTESIAN_POINT('',(-2.7005600308465,0.811255918312396,0.3));
#13726=CARTESIAN_POINT('',(-2.7005600308465,0.811255918312396,0.3));
#13727=CARTESIAN_POINT('',(-2.1994399691535,1.1027440816876,0.3));
#13728=CARTESIAN_POINT('',(-2.60000000000074,0.638375380956972,0.3));
#13729=CARTESIAN_POINT('',(-2.60000000000074,0.638375380956972,0.));
#13730=CARTESIAN_POINT('',(-2.60000000000074,0.638375380956972,0.3));
#13731=CARTESIAN_POINT('',(-1.4,0.15,0.3));
#13732=CARTESIAN_POINT('',(2.8,0.4,0.3));
#13733=CARTESIAN_POINT('',(-1.8,0.4,0.3));
#13734=CARTESIAN_POINT('',(-1.4,0.15,0.));
#13735=CARTESIAN_POINT('',(-1.4,0.4,0.));
#13736=CARTESIAN_POINT('',(-1.4,0.4,0.));
#13737=CARTESIAN_POINT('',(1.62,0.3,0.74));
#13738=CARTESIAN_POINT('',(1.52,0.3,0.74));
#13739=CARTESIAN_POINT('',(1.52,0.3,0.74));
#13740=CARTESIAN_POINT('',(1.62,0.3,0.74));
#13741=CARTESIAN_POINT('',(1.62,0.3,0.64));
#13742=CARTESIAN_POINT('',(1.62,0.3,0.64));
#13743=CARTESIAN_POINT('',(1.52,0.3,0.74));
#13744=CARTESIAN_POINT('',(1.52,0.3,0.84));
#13745=CARTESIAN_POINT('',(1.52,0.3,0.84));
#13746=CARTESIAN_POINT('',(1.52,0.3,0.74));
#13747=CARTESIAN_POINT('',(1.62,0.3,0.84));
#13748=CARTESIAN_POINT('',(1.62,0.3,0.94));
#13749=CARTESIAN_POINT('',(1.62,0.3,0.94));
#13750=CARTESIAN_POINT('',(1.62,0.3,0.84));
#13751=CARTESIAN_POINT('',(1.62,0.3,0.94));
#13752=CARTESIAN_POINT('',(3.5,0.3,0.94));
#13753=CARTESIAN_POINT('',(3.5,0.3,0.94));
#13754=CARTESIAN_POINT('',(1.62,0.3,0.94));
#13755=CARTESIAN_POINT('',(3.5,0.3,0.839999999999998));
#13756=CARTESIAN_POINT('',(3.6,0.3,0.84));
#13757=CARTESIAN_POINT('',(3.6,0.3,0.84));
#13758=CARTESIAN_POINT('',(3.5,0.3,0.839999999999998));
#13759=CARTESIAN_POINT('',(3.6,0.3,0.84));
#13760=CARTESIAN_POINT('',(3.6,0.3,0.2));
#13761=CARTESIAN_POINT('',(3.6,0.3,0.2));
#13762=CARTESIAN_POINT('',(3.6,0.3,0.84));
#13763=CARTESIAN_POINT('',(3.5,0.3,0.200000000000001));
#13764=CARTESIAN_POINT('',(3.5,0.3,0.0999999999999998));
#13765=CARTESIAN_POINT('',(3.5,0.3,0.0999999999999998));
#13766=CARTESIAN_POINT('',(3.5,0.3,0.200000000000001));
#13767=CARTESIAN_POINT('',(3.5,0.3,0.1));
#13768=CARTESIAN_POINT('',(3.2,0.3,0.1));
#13769=CARTESIAN_POINT('',(3.2,0.3,0.1));
#13770=CARTESIAN_POINT('',(3.5,0.3,0.1));
#13771=CARTESIAN_POINT('',(3.2,0.3,0.2));
#13772=CARTESIAN_POINT('',(3.1,0.3,0.2));
#13773=CARTESIAN_POINT('',(3.1,0.3,0.2));
#13774=CARTESIAN_POINT('',(3.2,0.3,0.2));
#13775=CARTESIAN_POINT('',(3.1,0.3,0.2));
#13776=CARTESIAN_POINT('',(3.1,0.3,0.351727917419609));
#13777=CARTESIAN_POINT('',(3.1,0.3,0.351727917419609));
#13778=CARTESIAN_POINT('',(3.1,0.3,0.2));
#13779=CARTESIAN_POINT('',(3.1,0.3,0.451727917419609));
#13780=CARTESIAN_POINT('',(3.1,0.3,0.451727917419609));
#13781=CARTESIAN_POINT('',(3.,0.3,0.451727917419609));
#13782=CARTESIAN_POINT('',(3.,0.,0.451727917419609));
#13783=CARTESIAN_POINT('',(1.7,0.3,0.54));
#13784=CARTESIAN_POINT('',(1.7,0.3,0.64));
#13785=CARTESIAN_POINT('',(1.7,0.3,0.64));
#13786=CARTESIAN_POINT('',(1.7,0.3,0.54));
#13787=CARTESIAN_POINT('',(1.7,0.3,0.64));
#13788=CARTESIAN_POINT('',(1.7,0.3,0.64));
#13789=CARTESIAN_POINT('',(1.62,0.3,0.74));
#13790=CARTESIAN_POINT('',(1.8,0.3,0.4));
#13791=CARTESIAN_POINT('',(3.,0.3,0.351727917419609));
#13792=CARTESIAN_POINT('',(-3.5,0.3,0.200000000000001));
#13793=CARTESIAN_POINT('',(-3.6,0.3,0.2));
#13794=CARTESIAN_POINT('',(-3.6,0.3,0.2));
#13795=CARTESIAN_POINT('',(-3.5,0.3,0.200000000000001));
#13796=CARTESIAN_POINT('',(-3.5,0.3,0.1));
#13797=CARTESIAN_POINT('',(-3.5,0.3,0.1));
#13798=CARTESIAN_POINT('',(-3.6,0.3,0.2));
#13799=CARTESIAN_POINT('',(-3.6,0.3,0.84));
#13800=CARTESIAN_POINT('',(-3.6,0.3,0.84));
#13801=CARTESIAN_POINT('',(-3.6,0.3,0.2));
#13802=CARTESIAN_POINT('',(-3.5,0.3,0.839999999999999));
#13803=CARTESIAN_POINT('',(-3.5,0.3,0.94));
#13804=CARTESIAN_POINT('',(-3.5,0.3,0.94));
#13805=CARTESIAN_POINT('',(-3.5,0.3,0.839999999999999));
#13806=CARTESIAN_POINT('',(-3.5,0.3,0.94));
#13807=CARTESIAN_POINT('',(-1.62,0.3,0.94));
#13808=CARTESIAN_POINT('',(-1.62,0.3,0.94));
#13809=CARTESIAN_POINT('',(-3.5,0.3,0.94));
#13810=CARTESIAN_POINT('',(-1.62,0.3,0.84));
#13811=CARTESIAN_POINT('',(-1.52,0.3,0.84));
#13812=CARTESIAN_POINT('',(-1.52,0.3,0.84));
#13813=CARTESIAN_POINT('',(-1.62,0.3,0.84));
#13814=CARTESIAN_POINT('',(-1.52,0.3,0.84));
#13815=CARTESIAN_POINT('',(-1.52,0.3,0.74));
#13816=CARTESIAN_POINT('',(-1.52,0.3,0.74));
#13817=CARTESIAN_POINT('',(-1.52,0.3,0.84));
#13818=CARTESIAN_POINT('',(-1.62,0.3,0.74));
#13819=CARTESIAN_POINT('',(-1.62,0.3,0.64));
#13820=CARTESIAN_POINT('',(-1.62,0.3,0.64));
#13821=CARTESIAN_POINT('',(-1.62,0.3,0.74));
#13822=CARTESIAN_POINT('',(-1.62,0.3,0.64));
#13823=CARTESIAN_POINT('',(-1.7,0.3,0.64));
#13824=CARTESIAN_POINT('',(-1.7,0.3,0.64));
#13825=CARTESIAN_POINT('',(-1.62,0.3,0.64));
#13826=CARTESIAN_POINT('',(-1.7,0.3,0.54));
#13827=CARTESIAN_POINT('',(-1.7,0.3,0.54));
#13828=CARTESIAN_POINT('',(-2.8,0.3,0.449869822485207));
#13829=CARTESIAN_POINT('',(-3.,0.3,0.449869822485207));
#13830=CARTESIAN_POINT('',(-3.,0.3,0.449869822485207));
#13831=CARTESIAN_POINT('',(-2.8,0.3,0.449869822485207));
#13832=CARTESIAN_POINT('',(-3.1,0.3,0.449869822485207));
#13833=CARTESIAN_POINT('',(-3.1,0.3,0.449869822485207));
#13834=CARTESIAN_POINT('',(-3.1,0.3,0.349869822485207));
#13835=CARTESIAN_POINT('',(-3.1,0.3,0.2));
#13836=CARTESIAN_POINT('',(-3.1,0.,0.349869822485207));
#13837=CARTESIAN_POINT('',(-3.1,0.3,0.2));
#13838=CARTESIAN_POINT('',(-3.2,0.3,0.200000000000001));
#13839=CARTESIAN_POINT('',(-3.2,0.3,0.0999999999999998));
#13840=CARTESIAN_POINT('',(-3.2,0.3,0.0999999999999998));
#13841=CARTESIAN_POINT('',(-3.2,0.3,0.200000000000001));
#13842=CARTESIAN_POINT('',(-3.2,0.3,0.1));
#13843=CARTESIAN_POINT('',(-3.2,0.3,0.1));
#13844=CARTESIAN_POINT('',(-3.5,0.3,0.200000000000001));
#13845=CARTESIAN_POINT('',(-2.8,0.3,0.4));
#13846=CARTESIAN_POINT('',(-3.,0.3,0.349869822485207));
#13847=CARTESIAN_POINT('',(-3.5,0.4,0.4));
#13848=CARTESIAN_POINT('',(1.62,0.4,0.4));
#13849=CARTESIAN_POINT('',(1.8,0.4,0.4));
#13850=CARTESIAN_POINT('',(-2.8,0.4,0.4));
#13851=CARTESIAN_POINT('',(-3.,0.3,0.349869822485207));
#13852=CARTESIAN_POINT('',(3.,0.3,0.351727917419609));
#13853=CARTESIAN_POINT('',(-7.2,-3.675,1.5));
#13854=CARTESIAN_POINT('',(-7.2,-3.675,-19.76));
#13855=MECHANICAL_DESIGN_GEOMETRIC_PRESENTATION_REPRESENTATION('',(#8471,
#8472,#8473,#8474),#13856);
#13856=(
GEOMETRIC_REPRESENTATION_CONTEXT(3)
GLOBAL_UNCERTAINTY_ASSIGNED_CONTEXT((#13861))
GLOBAL_UNIT_ASSIGNED_CONTEXT((#13868,#13867,#13866))
REPRESENTATION_CONTEXT('CBED202-1302B001C1AC','TOP_LEVEL_ASSEMBLY_PART')
);
#13857=(
GEOMETRIC_REPRESENTATION_CONTEXT(3)
GLOBAL_UNCERTAINTY_ASSIGNED_CONTEXT((#13862))
GLOBAL_UNIT_ASSIGNED_CONTEXT((#13868,#13867,#13866))
REPRESENTATION_CONTEXT('CBED202-13-HSG','COMPONENT_PART')
);
#13858=(
GEOMETRIC_REPRESENTATION_CONTEXT(3)
GLOBAL_UNCERTAINTY_ASSIGNED_CONTEXT((#13863))
GLOBAL_UNIT_ASSIGNED_CONTEXT((#13868,#13867,#13866))
REPRESENTATION_CONTEXT('CBED202-Terminal','COMPONENT_PART')
);
#13859=(
GEOMETRIC_REPRESENTATION_CONTEXT(3)
GLOBAL_UNCERTAINTY_ASSIGNED_CONTEXT((#13864))
GLOBAL_UNIT_ASSIGNED_CONTEXT((#13868,#13867,#13866))
REPRESENTATION_CONTEXT('CBED202-Terminal1','COMPONENT_PART')
);
#13860=(
GEOMETRIC_REPRESENTATION_CONTEXT(3)
GLOBAL_UNCERTAINTY_ASSIGNED_CONTEXT((#13865))
GLOBAL_UNIT_ASSIGNED_CONTEXT((#13868,#13867,#13866))
REPRESENTATION_CONTEXT('CBED202-Ground Piece','COMPONENT_PART')
);
#13861=UNCERTAINTY_MEASURE_WITH_UNIT(LENGTH_MEASURE(1.E-5),#13868,
'DISTANCE_ACCURACY_VALUE','Maximum Tolerance applied to model');
#13862=UNCERTAINTY_MEASURE_WITH_UNIT(LENGTH_MEASURE(1.E-5),#13868,
'DISTANCE_ACCURACY_VALUE','Maximum Tolerance applied to model');
#13863=UNCERTAINTY_MEASURE_WITH_UNIT(LENGTH_MEASURE(1.E-5),#13868,
'DISTANCE_ACCURACY_VALUE','Maximum Tolerance applied to model');
#13864=UNCERTAINTY_MEASURE_WITH_UNIT(LENGTH_MEASURE(1.E-5),#13868,
'DISTANCE_ACCURACY_VALUE','Maximum Tolerance applied to model');
#13865=UNCERTAINTY_MEASURE_WITH_UNIT(LENGTH_MEASURE(1.E-5),#13868,
'DISTANCE_ACCURACY_VALUE','Maximum Tolerance applied to model');
#13866=(
NAMED_UNIT(*)
SI_UNIT($,.STERADIAN.)
SOLID_ANGLE_UNIT()
);
#13867=(
NAMED_UNIT(*)
PLANE_ANGLE_UNIT()
SI_UNIT($,.RADIAN.)
);
#13868=(
LENGTH_UNIT()
NAMED_UNIT(*)
SI_UNIT(.MILLI.,.METRE.)
);
#13869=PRODUCT_DEFINITION_SHAPE('','',#13903);
#13870=PRODUCT_DEFINITION_SHAPE('','',#13904);
#13871=PRODUCT_DEFINITION_SHAPE(' ','NAUO PRDDFN',#48);
#13872=PRODUCT_DEFINITION_SHAPE('','',#13905);
#13873=PRODUCT_DEFINITION_SHAPE(' ','NAUO PRDDFN',#49);
#13874=PRODUCT_DEFINITION_SHAPE(' ','NAUO PRDDFN',#50);
#13875=PRODUCT_DEFINITION_SHAPE(' ','NAUO PRDDFN',#51);
#13876=PRODUCT_DEFINITION_SHAPE(' ','NAUO PRDDFN',#52);
#13877=PRODUCT_DEFINITION_SHAPE(' ','NAUO PRDDFN',#53);
#13878=PRODUCT_DEFINITION_SHAPE(' ','NAUO PRDDFN',#54);
#13879=PRODUCT_DEFINITION_SHAPE(' ','NAUO PRDDFN',#55);
#13880=PRODUCT_DEFINITION_SHAPE(' ','NAUO PRDDFN',#56);
#13881=PRODUCT_DEFINITION_SHAPE(' ','NAUO PRDDFN',#57);
#13882=PRODUCT_DEFINITION_SHAPE(' ','NAUO PRDDFN',#58);
#13883=PRODUCT_DEFINITION_SHAPE(' ','NAUO PRDDFN',#59);
#13884=PRODUCT_DEFINITION_SHAPE(' ','NAUO PRDDFN',#60);
#13885=PRODUCT_DEFINITION_SHAPE(' ','NAUO PRDDFN',#61);
#13886=PRODUCT_DEFINITION_SHAPE('','',#13906);
#13887=PRODUCT_DEFINITION_SHAPE(' ','NAUO PRDDFN',#62);
#13888=PRODUCT_DEFINITION_SHAPE(' ','NAUO PRDDFN',#63);
#13889=PRODUCT_DEFINITION_SHAPE(' ','NAUO PRDDFN',#64);
#13890=PRODUCT_DEFINITION_SHAPE(' ','NAUO PRDDFN',#65);
#13891=PRODUCT_DEFINITION_SHAPE(' ','NAUO PRDDFN',#66);
#13892=PRODUCT_DEFINITION_SHAPE(' ','NAUO PRDDFN',#67);
#13893=PRODUCT_DEFINITION_SHAPE(' ','NAUO PRDDFN',#68);
#13894=PRODUCT_DEFINITION_SHAPE(' ','NAUO PRDDFN',#69);
#13895=PRODUCT_DEFINITION_SHAPE(' ','NAUO PRDDFN',#70);
#13896=PRODUCT_DEFINITION_SHAPE(' ','NAUO PRDDFN',#71);
#13897=PRODUCT_DEFINITION_SHAPE(' ','NAUO PRDDFN',#72);
#13898=PRODUCT_DEFINITION_SHAPE(' ','NAUO PRDDFN',#73);
#13899=PRODUCT_DEFINITION_SHAPE(' ','NAUO PRDDFN',#74);
#13900=PRODUCT_DEFINITION_SHAPE('','',#13907);
#13901=PRODUCT_DEFINITION_SHAPE(' ','NAUO PRDDFN',#75);
#13902=PRODUCT_DEFINITION_SHAPE(' ','NAUO PRDDFN',#76);
#13903=PRODUCT_DEFINITION('','',#13913,#13908);
#13904=PRODUCT_DEFINITION('','',#13914,#13909);
#13905=PRODUCT_DEFINITION('','',#13915,#13910);
#13906=PRODUCT_DEFINITION('','',#13916,#13911);
#13907=PRODUCT_DEFINITION('','',#13917,#13912);
#13908=PRODUCT_DEFINITION_CONTEXT('',#13939,'design');
#13909=PRODUCT_DEFINITION_CONTEXT('',#13939,'design');
#13910=PRODUCT_DEFINITION_CONTEXT('',#13939,'design');
#13911=PRODUCT_DEFINITION_CONTEXT('',#13939,'design');
#13912=PRODUCT_DEFINITION_CONTEXT('',#13939,'design');
#13913=PRODUCT_DEFINITION_FORMATION_WITH_SPECIFIED_SOURCE('','',#13923,
 .NOT_KNOWN.);
#13914=PRODUCT_DEFINITION_FORMATION_WITH_SPECIFIED_SOURCE('','',#13924,
 .NOT_KNOWN.);
#13915=PRODUCT_DEFINITION_FORMATION_WITH_SPECIFIED_SOURCE('','',#13925,
 .NOT_KNOWN.);
#13916=PRODUCT_DEFINITION_FORMATION_WITH_SPECIFIED_SOURCE('','',#13926,
 .NOT_KNOWN.);
#13917=PRODUCT_DEFINITION_FORMATION_WITH_SPECIFIED_SOURCE('','',#13927,
 .NOT_KNOWN.);
#13918=PRODUCT_RELATED_PRODUCT_CATEGORY('','',(#13923));
#13919=PRODUCT_RELATED_PRODUCT_CATEGORY('','',(#13924));
#13920=PRODUCT_RELATED_PRODUCT_CATEGORY('','',(#13925));
#13921=PRODUCT_RELATED_PRODUCT_CATEGORY('','',(#13926));
#13922=PRODUCT_RELATED_PRODUCT_CATEGORY('','',(#13927));
#13923=PRODUCT('CBED202-1302B001C1AC','CBED202-1302B001C1AC',
'CBED202-1302B001C1AC',(#13933));
#13924=PRODUCT('CBED202-13-HSG','CBED202-13-HSG','CBED202-13-HSG',(#13934));
#13925=PRODUCT('CBED202-Terminal','CBED202-Terminal','CBED202-Terminal',
(#13935));
#13926=PRODUCT('CBED202-Terminal1','CBED202-Terminal1',
'CBED202-Terminal1',(#13936));
#13927=PRODUCT('CBED202-Ground Piece','CBED202-Ground Piece',
'CBED202-Ground Piece',(#13937));
#13928=PRODUCT_CATEGORY('','');
#13929=PRODUCT_CATEGORY('','');
#13930=PRODUCT_CATEGORY('','');
#13931=PRODUCT_CATEGORY('','');
#13932=PRODUCT_CATEGORY('','');
#13933=PRODUCT_CONTEXT('',#13939,'mechanical');
#13934=PRODUCT_CONTEXT('',#13939,'mechanical');
#13935=PRODUCT_CONTEXT('',#13939,'mechanical');
#13936=PRODUCT_CONTEXT('',#13939,'mechanical');
#13937=PRODUCT_CONTEXT('',#13939,'mechanical');
#13938=APPLICATION_PROTOCOL_DEFINITION('international standard',
'automotive_design',2010,#13939);
#13939=APPLICATION_CONTEXT(
'core data for automotive mechanical design processes');
ENDSEC;
END-ISO-10303-21;
