ISO-10303-21;
HEADER;
FILE_DESCRIPTION (( 'STEP AP214' ),
    '1' );
FILE_NAME ('3561.STEP',
    '2017-01-31T18:58:47',
    ( '' ),
    ( '' ),
    'SwSTEP 2.0',
    'SolidWorks 2013',
    '' );
FILE_SCHEMA (( 'AUTOMOTIVE_DESIGN' ));
ENDSEC;

DATA;
#1 = DIRECTION ( 'NONE',  ( 1.000000000000000000, 0.0000000000000000000, 0.0000000000000000000 ) ) ;
#2 = ORIENTED_EDGE ( 'NONE', *, *, #1010, .F. ) ;
#3 = ORIENTED_EDGE ( 'NONE', *, *, #746, .T. ) ;
#4 = ORIENTED_EDGE ( 'NONE', *, *, #927, .T. ) ;
#5 = AXIS2_PLACEMENT_3D ( 'NONE', #125, #179, #163 ) ;
#6 = CARTESIAN_POINT ( 'NONE',  ( 0.06199999999999997900, 0.03200000000000000800, 0.1600000000000000000 ) ) ;
#7 = ADVANCED_FACE ( 'NONE', ( #1532 ), #1718, .T. ) ;
#8 = CARTESIAN_POINT ( 'NONE',  ( 0.01040861369491943200, 0.1950000000000000100, 0.1600000000000000000 ) ) ;
#9 = FACE_OUTER_BOUND ( 'NONE', #1389, .T. ) ;
#10 = DIRECTION ( 'NONE',  ( -1.000000000000000000, 0.0000000000000000000, 0.0000000000000000000 ) ) ;
#11 = LINE ( 'NONE', #2069, #1896 ) ;
#12 = FACE_OUTER_BOUND ( 'NONE', #1082, .T. ) ;
#13 = LINE ( 'NONE', #351, #630 ) ;
#14 = VERTEX_POINT ( 'NONE', #1743 ) ;
#15 = VECTOR ( 'NONE', #665, 39.37007874015748100 ) ;
#16 = ORIENTED_EDGE ( 'NONE', *, *, #1915, .F. ) ;
#17 = AXIS2_PLACEMENT_3D ( 'NONE', #1322, #1250, #394 ) ;
#18 = DIRECTION ( 'NONE',  ( -1.000000000000000000, 0.0000000000000000000, 0.0000000000000000000 ) ) ;
#19 = ADVANCED_FACE ( 'NONE', ( #2095 ), #315, .T. ) ;
#20 = VERTEX_POINT ( 'NONE', #23 ) ;
#21 = EDGE_LOOP ( 'NONE', ( #321, #141 ) ) ;
#22 = DIRECTION ( 'NONE',  ( 0.0000000000000000000, 0.0000000000000000000, 1.000000000000000000 ) ) ;
#23 = CARTESIAN_POINT ( 'NONE',  ( 0.06746690346800052200, 0.1562133550483189600, 0.1600000000000000000 ) ) ;
#24 = DIRECTION ( 'NONE',  ( 1.000000000000000000, 0.0000000000000000000, 0.0000000000000000000 ) ) ;
#25 = ORIENTED_EDGE ( 'NONE', *, *, #261, .T. ) ;
#26 = DIRECTION ( 'NONE',  ( -1.000000000000000000, 0.0000000000000000000, 0.0000000000000000000 ) ) ;
#27 = CARTESIAN_POINT ( 'NONE',  ( 0.07848687319692936000, 0.2605615222594772600, 0.1948482833758408400 ) ) ;
#28 = ORIENTED_EDGE ( 'NONE', *, *, #472, .T. ) ;
#29 = CARTESIAN_POINT ( 'NONE',  ( -0.06200000000000001300, 0.1421519439852088100, 0.1600000000000000000 ) ) ;
#30 = VERTEX_POINT ( 'NONE', #998 ) ;
#31 = ORIENTED_EDGE ( 'NONE', *, *, #660, .T. ) ;
#32 = DIRECTION ( 'NONE',  ( -1.000000000000000000, 0.0000000000000000000, 0.0000000000000000000 ) ) ;
#33 = CYLINDRICAL_SURFACE ( 'NONE', #1708, 0.03350000000000000200 ) ;
#34 = DIRECTION ( 'NONE',  ( -0.7485240438050506700, -0.6631076502693470400, 0.0000000000000000000 ) ) ;
#35 = LINE ( 'NONE', #2055, #97 ) ;
#36 = DIRECTION ( 'NONE',  ( -0.0000000000000000000, -0.0000000000000000000, -1.000000000000000000 ) ) ;
#37 = VECTOR ( 'NONE', #638, 39.37007874015748100 ) ;
#38 = DIRECTION ( 'NONE',  ( -3.100090537248139900E-016, -1.000000000000000000, 0.0000000000000000000 ) ) ;
#39 = DIRECTION ( 'NONE',  ( -0.0000000000000000000, -0.6389319776098920700, 0.7692632371220609100 ) ) ;
#40 = ORIENTED_EDGE ( 'NONE', *, *, #1085, .T. ) ;
#41 = ORIENTED_EDGE ( 'NONE', *, *, #618, .F. ) ;
#42 = PLANE ( 'NONE',  #488 ) ;
#43 = DIRECTION ( 'NONE',  ( -1.000000000000000000, 0.0000000000000000000, 0.0000000000000000000 ) ) ;
#44 = AXIS2_PLACEMENT_3D ( 'NONE', #2222, #106, #2110 ) ;
#45 = ORIENTED_EDGE ( 'NONE', *, *, #1218, .T. ) ;
#46 = CARTESIAN_POINT ( 'NONE',  ( 0.05500838988623168300, 0.2010749957066882700, 0.1600000000000000000 ) ) ;
#47 = DIRECTION ( 'NONE',  ( -0.0000000000000000000, -0.0000000000000000000, -1.000000000000000000 ) ) ;
#48 = CARTESIAN_POINT ( 'NONE',  ( -0.06954723059823836300, 0.2742194448086190900, 0.1600000000000000000 ) ) ;
#49 = ORIENTED_EDGE ( 'NONE', *, *, #1829, .T. ) ;
#50 = PLANE ( 'NONE',  #389 ) ;
#51 = ORIENTED_EDGE ( 'NONE', *, *, #1783, .F. ) ;
#52 = DIRECTION ( 'NONE',  ( 1.000000000000000000, 0.0000000000000000000, -0.0000000000000000000 ) ) ;
#53 = DIRECTION ( 'NONE',  ( -1.000000000000000000, 0.0000000000000000000, 0.0000000000000000000 ) ) ;
#54 = EDGE_LOOP ( 'NONE', ( #1828, #1492, #370, #1345 ) ) ;
#55 = DIRECTION ( 'NONE',  ( -0.0000000000000000000, -0.0000000000000000000, -1.000000000000000000 ) ) ;
#56 = AXIS2_PLACEMENT_3D ( 'NONE', #451, #908, #265 ) ;
#57 = DIRECTION ( 'NONE',  ( 0.0000000000000000000, 1.000000000000000000, -0.0000000000000000000 ) ) ;
#58 = ADVANCED_FACE ( 'NONE', ( #714 ), #1294, .F. ) ;
#59 = CARTESIAN_POINT ( 'NONE',  ( 0.04599999999999998500, 8.537024980200822600E-018, 0.0000000000000000000 ) ) ;
#60 = AXIS2_PLACEMENT_3D ( 'NONE', #1518, #1287, #278 ) ;
#61 = EDGE_CURVE ( 'NONE', #198, #973, #1377, .T. ) ;
#62 = CARTESIAN_POINT ( 'NONE',  ( -0.09349999999999998600, 0.2530000000000000000, 0.0000000000000000000 ) ) ;
#63 = VECTOR ( 'NONE', #1051, 39.37007874015748100 ) ;
#64 = PLANE ( 'NONE',  #1768 ) ;
#65 = VECTOR ( 'NONE', #1527, 39.37007874015748900 ) ;
#66 = CARTESIAN_POINT ( 'NONE',  ( 0.09241648051850692700, 0.2009999999999999800, 0.08800728356649475900 ) ) ;
#67 = DIRECTION ( 'NONE',  ( 0.0000000000000000000, 0.0000000000000000000, 1.000000000000000000 ) ) ;
#68 = FACE_OUTER_BOUND ( 'NONE', #2094, .T. ) ;
#69 = ORIENTED_EDGE ( 'NONE', *, *, #1022, .T. ) ;
#70 = CARTESIAN_POINT ( 'NONE',  ( -0.06555818791397131900, 0.2374033613445376800, 0.0000000000000000000 ) ) ;
#71 = CARTESIAN_POINT ( 'NONE',  ( -0.07800000000000001400, 0.1421519439852088100, 0.1600000000000000000 ) ) ;
#72 = EDGE_LOOP ( 'NONE', ( #2077, #676, #1183, #1225 ) ) ;
#73 = DIRECTION ( 'NONE',  ( 0.0000000000000000000, 0.0000000000000000000, 1.000000000000000000 ) ) ;
#74 = EDGE_LOOP ( 'NONE', ( #1233, #1215, #1570, #41 ) ) ;
#75 = AXIS2_PLACEMENT_3D ( 'NONE', #1590, #2129, #528 ) ;
#76 = FACE_OUTER_BOUND ( 'NONE', #1669, .T. ) ;
#77 = PLANE ( 'NONE',  #228 ) ;
#78 = EDGE_CURVE ( 'NONE', #1375, #233, #920, .T. ) ;
#79 = DIRECTION ( 'NONE',  ( 1.000000000000000000, 0.0000000000000000000, 0.0000000000000000000 ) ) ;
#80 = DIRECTION ( 'NONE',  ( -1.000000000000000000, -2.449212707644754500E-016, -0.0000000000000000000 ) ) ;
#81 = CARTESIAN_POINT ( 'NONE',  ( -0.09249999999999999900, 0.2759999999999999700, 0.02300000000000016300 ) ) ;
#82 = ORIENTED_EDGE ( 'NONE', *, *, #2123, .F. ) ;
#83 = DIRECTION ( 'NONE',  ( -0.0000000000000000000, -0.0000000000000000000, -1.000000000000000000 ) ) ;
#84 = CARTESIAN_POINT ( 'NONE',  ( 0.04599999999999998500, 0.01600000000000000000, 0.1970000000000000100 ) ) ;
#85 = ORIENTED_EDGE ( 'NONE', *, *, #2019, .T. ) ;
#86 = DIRECTION ( 'NONE',  ( -0.0000000000000000000, -0.0000000000000000000, -1.000000000000000000 ) ) ;
#87 = ORIENTED_EDGE ( 'NONE', *, *, #1431, .T. ) ;
#88 = DIRECTION ( 'NONE',  ( -0.0000000000000000000, 0.0000000000000000000, -1.000000000000000000 ) ) ;
#89 = ORIENTED_EDGE ( 'NONE', *, *, #61, .F. ) ;
#90 = CARTESIAN_POINT ( 'NONE',  ( 0.1420083898862316600, 0.2010749957066882700, 0.1600000000000000000 ) ) ;
#91 = DIRECTION ( 'NONE',  ( 0.7485240438050501100, 0.6631076502693477000, 0.0000000000000000000 ) ) ;
#92 = AXIS2_PLACEMENT_3D ( 'NONE', #2203, #156, #10 ) ;
#93 = FACE_BOUND ( 'NONE', #473, .T. ) ;
#94 = DIRECTION ( 'NONE',  ( -0.0000000000000000000, -0.0000000000000000000, -1.000000000000000000 ) ) ;
#95 = DIRECTION ( 'NONE',  ( -3.100090537248139900E-016, -1.000000000000000000, 0.0000000000000000000 ) ) ;
#96 = CYLINDRICAL_SURFACE ( 'NONE', #318, 0.01599999999999998600 ) ;
#97 = VECTOR ( 'NONE', #207, 39.37007874015748100 ) ;
#98 = CARTESIAN_POINT ( 'NONE',  ( 0.1900000000000000300, 0.2249999999999997300, 0.05911169164449883700 ) ) ;
#99 = CARTESIAN_POINT ( 'NONE',  ( -0.04599999999999999200, -2.253275691033173900E-017, 0.0000000000000000000 ) ) ;
#100 = FACE_OUTER_BOUND ( 'NONE', #424, .T. ) ;
#101 = ORIENTED_EDGE ( 'NONE', *, *, #1858, .T. ) ;
#102 = VERTEX_POINT ( 'NONE', #1796 ) ;
#103 = DIRECTION ( 'NONE',  ( 1.000000000000000000, 0.0000000000000000000, 0.0000000000000000000 ) ) ;
#104 = EDGE_LOOP ( 'NONE', ( #703, #719, #1236 ) ) ;
#105 = CIRCLE ( 'NONE', #2250, 0.1029999999999999700 ) ;
#106 = DIRECTION ( 'NONE',  ( -0.0000000000000000000, 0.0000000000000000000, -1.000000000000000000 ) ) ;
#107 = EDGE_LOOP ( 'NONE', ( #1011, #1886, #768 ) ) ;
#108 = CARTESIAN_POINT ( 'NONE',  ( -0.06954723059823834900, 0.2742194448086190900, 0.1600000000000000000 ) ) ;
#109 = CARTESIAN_POINT ( 'NONE',  ( 0.09259127268789924000, 0.1948470126591986000, 0.09711169164449882900 ) ) ;
#110 = DIRECTION ( 'NONE',  ( 1.000000000000000000, 0.0000000000000000000, 0.0000000000000000000 ) ) ;
#111 = VERTEX_POINT ( 'NONE', #1053 ) ;
#112 = AXIS2_PLACEMENT_3D ( 'NONE', #603, #1742, #2116 ) ;
#113 = CARTESIAN_POINT ( 'NONE',  ( -0.07705535534015069100, 0.2589550726179675200, 0.1970000000000000100 ) ) ;
#114 = CARTESIAN_POINT ( 'NONE',  ( 0.07826381016023215000, 0.2578845183146912800, -2.032209941077028100E-019 ) ) ;
#115 = STYLED_ITEM ( 'NONE', ( #924 ), #2046 ) ;
#116 = CARTESIAN_POINT ( 'NONE',  ( 0.06954723059823834900, 0.2742194448086190900, 0.1600000000000000000 ) ) ;
#117 = CARTESIAN_POINT ( 'NONE',  ( -0.09259138630508059700, 0.1950000000000000100, 0.0000000000000000000 ) ) ;
#118 = AXIS2_PLACEMENT_3D ( 'NONE', #1769, #709, #1338 ) ;
#119 = ORIENTED_EDGE ( 'NONE', *, *, #422, .T. ) ;
#120 = DIRECTION ( 'NONE',  ( 0.0000000000000000000, -0.7574764072846688100, 0.6528625371447732700 ) ) ;
#121 = PLANE ( 'NONE',  #302 ) ;
#122 = DIRECTION ( 'NONE',  ( -0.7485240438050501100, -0.6631076502693475900, 0.0000000000000000000 ) ) ;
#123 = VERTEX_POINT ( 'NONE', #1526 ) ;
#124 = DIRECTION ( 'NONE',  ( 1.000000000000000000, 0.0000000000000000000, 0.0000000000000000000 ) ) ;
#125 = CARTESIAN_POINT ( 'NONE',  ( -0.04600000000000000600, 0.03199999999999997300, 0.0000000000000000000 ) ) ;
#126 = VECTOR ( 'NONE', #2117, 39.37007874015748100 ) ;
#127 = LINE ( 'NONE', #1054, #469 ) ;
#128 = ADVANCED_FACE ( 'NONE', ( #1455 ), #1219, .F. ) ;
#129 = LINE ( 'NONE', #821, #388 ) ;
#130 =( GEOMETRIC_REPRESENTATION_CONTEXT ( 3 ) GLOBAL_UNCERTAINTY_ASSIGNED_CONTEXT ( ( #384 ) ) GLOBAL_UNIT_ASSIGNED_CONTEXT ( ( #1482, #675, #1418 ) ) REPRESENTATION_CONTEXT ( 'NONE', 'WORKASPACE' ) );
#131 = CYLINDRICAL_SURFACE ( 'NONE', #112, 0.1029999999999999700 ) ;
#132 = AXIS2_PLACEMENT_3D ( 'NONE', #835, #999, #942 ) ;
#133 =( BOUNDED_CURVE ( )  B_SPLINE_CURVE ( 3, ( #970, #2015, #293, #2126 ),
 .UNSPECIFIED., .F., .T. ) 
 B_SPLINE_CURVE_WITH_KNOTS ( ( 4, 4 ),
 ( 4.712388980384693200, 4.915247911176893000 ),
 .UNSPECIFIED. ) 
 CURVE ( )  GEOMETRIC_REPRESENTATION_ITEM ( )  RATIONAL_B_SPLINE_CURVE ( ( 1.000000000000000000, 0.9965736268872280600, 0.9965736268872280600, 1.000000000000000000 ) ) 
 REPRESENTATION_ITEM ( '' )  );
#134 = CARTESIAN_POINT ( 'NONE',  ( -0.04599999999999997800, 0.03200000000000001500, 0.1970000000000000100 ) ) ;
#135 = VECTOR ( 'NONE', #2194, 39.37007874015748100 ) ;
#136 = ORIENTED_EDGE ( 'NONE', *, *, #621, .T. ) ;
#137 = LINE ( 'NONE', #1984, #15 ) ;
#138 = EDGE_LOOP ( 'NONE', ( #51, #45, #1055, #1618, #1514, #986 ) ) ;
#139 = CARTESIAN_POINT ( 'NONE',  ( 0.07799999999999995800, 0.1421519439852087800, 0.0000000000000000000 ) ) ;
#140 = ORIENTED_EDGE ( 'NONE', *, *, #1315, .T. ) ;
#141 = ORIENTED_EDGE ( 'NONE', *, *, #853, .F. ) ;
#142 = LINE ( 'NONE', #1991, #1503 ) ;
#143 = DIRECTION ( 'NONE',  ( 0.0000000000000000000, 1.000000000000000000, 0.0000000000000000000 ) ) ;
#144 = CARTESIAN_POINT ( 'NONE',  ( 0.07039997859344331000, 0.2751103617969755700, 0.1600000000000000000 ) ) ;
#145 = ADVANCED_FACE ( 'NONE', ( #643, #76 ), #1848, .F. ) ;
#146 = AXIS2_PLACEMENT_3D ( 'NONE', #858, #1395, #1092 ) ;
#147 = CARTESIAN_POINT ( 'NONE',  ( -0.08152361529911916800, 0.2636097224043095200, 0.1600000000000000000 ) ) ;
#148 = ORIENTED_EDGE ( 'NONE', *, *, #1844, .T. ) ;
#149 = CARTESIAN_POINT ( 'NONE',  ( 0.08152361529911916800, 0.2636097224043095200, 0.1970000000000000100 ) ) ;
#150 = CARTESIAN_POINT ( 'NONE',  ( -0.06200000000000001300, 0.1421519439852088100, 0.1600000000000000000 ) ) ;
#151 = ORIENTED_EDGE ( 'NONE', *, *, #462, .F. ) ;
#152 = ORIENTED_EDGE ( 'NONE', *, *, #1139, .T. ) ;
#153 = DIRECTION ( 'NONE',  ( 1.000000000000000000, 0.0000000000000000000, -0.0000000000000000000 ) ) ;
#154 = ADVANCED_FACE ( 'NONE', ( #1161 ), #1483, .F. ) ;
#155 = VERTEX_POINT ( 'NONE', #1898 ) ;
#156 = DIRECTION ( 'NONE',  ( -0.0000000000000000000, -0.0000000000000000000, -1.000000000000000000 ) ) ;
#157 = LINE ( 'NONE', #1671, #1861 ) ;
#158 = LINE ( 'NONE', #1894, #1610 ) ;
#159 = CARTESIAN_POINT ( 'NONE',  ( 0.07800000000000001400, 0.1421519439852088100, 0.1600000000000000000 ) ) ;
#160 = CIRCLE ( 'NONE', #487, 0.03350000000000000200 ) ;
#161 = VECTOR ( 'NONE', #143, 39.37007874015748100 ) ;
#162 = ORIENTED_EDGE ( 'NONE', *, *, #2246, .T. ) ;
#163 = DIRECTION ( 'NONE',  ( 1.000000000000000000, 0.0000000000000000000, 0.0000000000000000000 ) ) ;
#164 = AXIS2_PLACEMENT_3D ( 'NONE', #1695, #2080, #2146 ) ;
#165 = CARTESIAN_POINT ( 'NONE',  ( -0.09349999999999998600, 0.2530000000000000000, 0.1600000000000000000 ) ) ;
#166 = LINE ( 'NONE', #2253, #1149 ) ;
#167 = ORIENTED_EDGE ( 'NONE', *, *, #1979, .T. ) ;
#168 = AXIS2_PLACEMENT_3D ( 'NONE', #1664, #1239, #1797 ) ;
#169 = ORIENTED_EDGE ( 'NONE', *, *, #1928, .F. ) ;
#170 = PLANE ( 'NONE',  #1856 ) ;
#171 = CARTESIAN_POINT ( 'NONE',  ( 0.08052361529911919400, 0.2866097224043095400, 0.1600000000000000000 ) ) ;
#172 = ORIENTED_EDGE ( 'NONE', *, *, #366, .F. ) ;
#173 = EDGE_LOOP ( 'NONE', ( #770, #485, #1339, #1558, #2007 ) ) ;
#174 = VERTEX_POINT ( 'NONE', #1034 ) ;
#175 = CARTESIAN_POINT ( 'NONE',  ( -0.06200000000000001300, 0.1421519439852088100, 0.0000000000000000000 ) ) ;
#176 = DIRECTION ( 'NONE',  ( 1.000000000000000000, 0.0000000000000000000, 0.0000000000000000000 ) ) ;
#177 = VERTEX_POINT ( 'NONE', #1903 ) ;
#178 = AXIS2_PLACEMENT_3D ( 'NONE', #1993, #527, #1761 ) ;
#179 = DIRECTION ( 'NONE',  ( -0.0000000000000000000, -0.0000000000000000000, -1.000000000000000000 ) ) ;
#180 = DIRECTION ( 'NONE',  ( -0.0000000000000000000, -0.0000000000000000000, -1.000000000000000000 ) ) ;
#181 = ORIENTED_EDGE ( 'NONE', *, *, #1386, .F. ) ;
#182 = ADVANCED_FACE ( 'NONE', ( #503 ), #1790, .F. ) ;
#183 = CARTESIAN_POINT ( 'NONE',  ( 0.03349999999999999500, 0.01599999999999999700, 0.09850000000000000400 ) ) ;
#184 = DIRECTION ( 'NONE',  ( 0.0000000000000000000, 0.0000000000000000000, 1.000000000000000000 ) ) ;
#185 = ORIENTED_EDGE ( 'NONE', *, *, #1021, .T. ) ;
#186 = DIRECTION ( 'NONE',  ( 0.0000000000000000000, 0.0000000000000000000, 1.000000000000000000 ) ) ;
#187 = FACE_OUTER_BOUND ( 'NONE', #1731, .T. ) ;
#188 = DIRECTION ( 'NONE',  ( 1.000000000000000000, 2.747548269489918800E-015, 0.0000000000000000000 ) ) ;
#189 = DIRECTION ( 'NONE',  ( -0.0000000000000000000, 0.0000000000000000000, -1.000000000000000000 ) ) ;
#190 = LINE ( 'NONE', #1443, #681 ) ;
#191 = DIRECTION ( 'NONE',  ( 1.000000000000000000, 3.532562060772753500E-015, 0.0000000000000000000 ) ) ;
#192 = DIRECTION ( 'NONE',  ( 0.0000000000000000000, 0.7692632371220613500, 0.6389319776098918400 ) ) ;
#193 = CIRCLE ( 'NONE', #2152, 0.01600000000000001400 ) ;
#194 = FACE_OUTER_BOUND ( 'NONE', #2229, .T. ) ;
#195 = DIRECTION ( 'NONE',  ( -0.0000000000000000000, -0.0000000000000000000, -1.000000000000000000 ) ) ;
#196 = AXIS2_PLACEMENT_3D ( 'NONE', #1109, #1520, #933 ) ;
#197 = VECTOR ( 'NONE', #273, 39.37007874015748100 ) ;
#198 = VERTEX_POINT ( 'NONE', #1938 ) ;
#199 = VERTEX_POINT ( 'NONE', #1945 ) ;
#200 = EDGE_CURVE ( 'NONE', #233, #1608, #203, .T. ) ;
#201 = ORIENTED_EDGE ( 'NONE', *, *, #514, .F. ) ;
#202 = DIRECTION ( 'NONE',  ( -0.0000000000000000000, -0.0000000000000000000, -1.000000000000000000 ) ) ;
#203 = LINE ( 'NONE', #1934, #843 ) ;
#204 = CARTESIAN_POINT ( 'NONE',  ( 0.06555818791397127800, 0.2374033613445378200, 0.1600000000000000000 ) ) ;
#205 = DIRECTION ( 'NONE',  ( -0.0000000000000000000, -0.0000000000000000000, -1.000000000000000000 ) ) ;
#206 = DIRECTION ( 'NONE',  ( -0.0000000000000000000, -0.6528625371447732700, -0.7574764072846688100 ) ) ;
#207 = DIRECTION ( 'NONE',  ( -1.000000000000000000, -0.0000000000000000000, -0.0000000000000000000 ) ) ;
#208 = PRODUCT_DEFINITION_SHAPE ( 'NONE', 'NONE',  #652 ) ;
#209 = ADVANCED_FACE ( 'NONE', ( #372 ), #557, .F. ) ;
#210 = CARTESIAN_POINT ( 'NONE',  ( 0.06954723059823832200, 0.2742194448086190900, 0.1600000000000000000 ) ) ;
#211 = ORIENTED_EDGE ( 'NONE', *, *, #276, .T. ) ;
#212 = AXIS2_PLACEMENT_3D ( 'NONE', #1683, #547, #804 ) ;
#213 = CARTESIAN_POINT ( 'NONE',  ( 0.07997697640861391200, 0.2621137839138094600, 0.1926982793659376100 ) ) ;
#214 = DIRECTION ( 'NONE',  ( 0.6631076502693469300, -0.7485240438050507800, 0.0000000000000000000 ) ) ;
#215 = AXIS2_PLACEMENT_3D ( 'NONE', #1875, #186, #1535 ) ;
#216 = ORIENTED_EDGE ( 'NONE', *, *, #520, .T. ) ;
#217 = EDGE_CURVE ( 'NONE', #1268, #745, #1592, .T. ) ;
#218 = CARTESIAN_POINT ( 'NONE',  ( 0.01040861369491943200, 0.1950000000000000100, 0.0000000000000000000 ) ) ;
#219 = VERTEX_POINT ( 'NONE', #1969 ) ;
#220 = DIRECTION ( 'NONE',  ( -0.0000000000000000000, -0.0000000000000000000, -1.000000000000000000 ) ) ;
#221 = ADVANCED_FACE ( 'NONE', ( #343 ), #1983, .T. ) ;
#222 = CYLINDRICAL_SURFACE ( 'NONE', #2137, 0.08699999999999999400 ) ;
#223 = CARTESIAN_POINT ( 'NONE',  ( -0.01040861369491943200, 0.1950000000000000100, 0.0000000000000000000 ) ) ;
#224 = CARTESIAN_POINT ( 'NONE',  ( 0.06678320304013964100, 0.2714791170461426400, 0.1944369943946974400 ) ) ;
#225 = CIRCLE ( 'NONE', #1832, 0.03199999999999999400 ) ;
#226 = VERTEX_POINT ( 'NONE', #1965 ) ;
#227 = VECTOR ( 'NONE', #1953, 39.37007874015748100 ) ;
#228 = AXIS2_PLACEMENT_3D ( 'NONE', #844, #1390, #816 ) ;
#229 = DIRECTION ( 'NONE',  ( -0.6631076502693469300, -0.7485240438050505500, 0.0000000000000000000 ) ) ;
#230 = CARTESIAN_POINT ( 'NONE',  ( -0.07659138630508059700, 0.1950000000000000100, 0.1600000000000000000 ) ) ;
#231 = ORIENTED_EDGE ( 'NONE', *, *, #1962, .T. ) ;
#232 = EDGE_CURVE ( 'NONE', #1839, #1611, #142, .T. ) ;
#233 = VERTEX_POINT ( 'NONE', #2000 ) ;
#234 = CARTESIAN_POINT ( 'NONE',  ( 0.08052361529911919400, 0.2866097224043095400, 0.1600000000000000000 ) ) ;
#235 = FACE_OUTER_BOUND ( 'NONE', #906, .T. ) ;
#236 = DIRECTION ( 'NONE',  ( -1.000000000000000000, 0.0000000000000000000, 0.0000000000000000000 ) ) ;
#237 = DIRECTION ( 'NONE',  ( -0.0000000000000000000, -0.0000000000000000000, -1.000000000000000000 ) ) ;
#238 = ORIENTED_EDGE ( 'NONE', *, *, #639, .F. ) ;
#239 = VERTEX_POINT ( 'NONE', #2004 ) ;
#240 = EDGE_CURVE ( 'NONE', #155, #1009, #1792, .T. ) ;
#241 = DIRECTION ( 'NONE',  ( -0.0000000000000000000, 0.0000000000000000000, -1.000000000000000000 ) ) ;
#242 = CARTESIAN_POINT ( 'NONE',  ( -0.08052361529911919400, 0.2866097224043095400, 0.1600000000000000000 ) ) ;
#243 = ORIENTED_EDGE ( 'NONE', *, *, #287, .F. ) ;
#244 = AXIS2_PLACEMENT_3D ( 'NONE', #223, #1244, #1382 ) ;
#245 = EDGE_CURVE ( 'NONE', #226, #1712, #500, .T. ) ;
#246 = CARTESIAN_POINT ( 'NONE',  ( -0.07799999999999997200, 0.03200000000000000800, 0.1970000000000000100 ) ) ;
#247 = FACE_OUTER_BOUND ( 'NONE', #1845, .T. ) ;
#248 = CIRCLE ( 'NONE', #963, 0.01600000000000000400 ) ;
#249 = CLOSED_SHELL ( 'NONE', ( #1152, #2211, #833, #1937, #501, #338, #1519, #373, #1476, #1165, #561, #849, #1380, #1210, #221, #2089, #985, #845, #1043, #2048, #7, #1308, #791, #662, #58, #884, #1306, #1489, #700, #670, #717, #418, #19, #1880, #322, #209, #1024, #540, #1495, #919, #154, #1976, #182, #145, #1318, #646, #1835, #1351, #1563, #359, #739, #128, #490, #504, #2051, #708, #1340, #1147, #857, #2242, #1657, #2221, #1288, #2258, #1361, #1677, #1850, #2231, #991, #266, #996, #644, #724 ) ) ;
#250 = CARTESIAN_POINT ( 'NONE',  ( 0.06200000000000001300, 0.1362085363627967000, 0.1600000000000000000 ) ) ;
#251 = DIRECTION ( 'NONE',  ( -0.0000000000000000000, -0.0000000000000000000, -1.000000000000000000 ) ) ;
#252 = FACE_OUTER_BOUND ( 'NONE', #138, .T. ) ;
#253 = VERTEX_POINT ( 'NONE', #1144 ) ;
#254 = CYLINDRICAL_SURFACE ( 'NONE', #827, 0.08699999999999999400 ) ;
#255 = ORIENTED_EDGE ( 'NONE', *, *, #846, .F. ) ;
#256 = ORIENTED_EDGE ( 'NONE', *, *, #200, .F. ) ;
#257 = DIRECTION ( 'NONE',  ( 0.0000000000000000000, 0.0000000000000000000, 1.000000000000000000 ) ) ;
#258 = DIRECTION ( 'NONE',  ( 1.000000000000000000, -3.100090537248139900E-016, 0.0000000000000000000 ) ) ;
#259 = ORIENTED_EDGE ( 'NONE', *, *, #660, .F. ) ;
#260 = DIRECTION ( 'NONE',  ( -0.7485240438050501100, 0.6631076502693475900, 0.0000000000000000000 ) ) ;
#261 = EDGE_CURVE ( 'NONE', #573, #1319, #452, .T. ) ;
#262 = CARTESIAN_POINT ( 'NONE',  ( 0.01040861369491943200, 0.1950000000000000100, 0.1600000000000000000 ) ) ;
#263 = CARTESIAN_POINT ( 'NONE',  ( 0.08999999999999999700, 0.1948470126591986000, 0.09711169164449882900 ) ) ;
#264 = ORIENTED_EDGE ( 'NONE', *, *, #78, .F. ) ;
#265 = DIRECTION ( 'NONE',  ( 3.100090537248139000E-016, -1.000000000000000000, 0.0000000000000000000 ) ) ;
#266 = ADVANCED_FACE ( 'NONE', ( #698 ), #2037, .T. ) ;
#267 = ORIENTED_EDGE ( 'NONE', *, *, #1280, .F. ) ;
#268 = DIRECTION ( 'NONE',  ( -0.0000000000000000000, -0.0000000000000000000, -1.000000000000000000 ) ) ;
#269 = DIRECTION ( 'NONE',  ( 0.0000000000000000000, 0.0000000000000000000, 1.000000000000000000 ) ) ;
#270 = ORIENTED_EDGE ( 'NONE', *, *, #1139, .F. ) ;
#271 = ORIENTED_EDGE ( 'NONE', *, *, #811, .F. ) ;
#272 = EDGE_CURVE ( 'NONE', #1890, #1740, #2063, .T. ) ;
#273 = DIRECTION ( 'NONE',  ( -0.0000000000000000000, -0.0000000000000000000, -1.000000000000000000 ) ) ;
#274 = CARTESIAN_POINT ( 'NONE',  ( 0.1420083898862316600, 0.2010749957066882700, 0.1970000000000000100 ) ) ;
#275 = COLOUR_RGB ( '',0.8313725490196077800, 0.8392156862745098200, 0.8274509803921568100 ) ;
#276 = EDGE_CURVE ( 'NONE', #1540, #1917, #581, .T. ) ;
#277 = VECTOR ( 'NONE', #598, 39.37007874015748100 ) ;
#278 = DIRECTION ( 'NONE',  ( -1.000000000000000000, 0.0000000000000000000, 0.0000000000000000000 ) ) ;
#279 = CARTESIAN_POINT ( 'NONE',  ( 0.07952909395698563900, 0.2452016806722689100, 0.0000000000000000000 ) ) ;
#280 = CARTESIAN_POINT ( 'NONE',  ( -0.07800000000000001400, 0.1421519439852088100, 0.0000000000000000000 ) ) ;
#281 = CIRCLE ( 'NONE', #363, 0.03200000000000000100 ) ;
#282 = VERTEX_POINT ( 'NONE', #1687 ) ;
#283 = ORIENTED_EDGE ( 'NONE', *, *, #1218, .F. ) ;
#284 = ORIENTED_EDGE ( 'NONE', *, *, #1315, .F. ) ;
#285 = DIRECTION ( 'NONE',  ( -0.0000000000000000000, -0.0000000000000000000, -1.000000000000000000 ) ) ;
#286 = ORIENTED_EDGE ( 'NONE', *, *, #332, .T. ) ;
#287 = EDGE_CURVE ( 'NONE', #1295, #30, #1555, .T. ) ;
#288 = ORIENTED_EDGE ( 'NONE', *, *, #232, .F. ) ;
#289 = ORIENTED_EDGE ( 'NONE', *, *, #1910, .T. ) ;
#290 = DIRECTION ( 'NONE',  ( -0.7485240438050501100, 0.6631076502693475900, 0.0000000000000000000 ) ) ;
#291 = CARTESIAN_POINT ( 'NONE',  ( -0.06810991352962826600, 0.2725969836833567700, 0.004279507536297686100 ) ) ;
#292 = EDGE_CURVE ( 'NONE', #1186, #459, #789, .T. ) ;
#293 = CARTESIAN_POINT ( 'NONE',  ( 0.06684426697452840200, 0.2708373248367990100, 0.002123100667531154600 ) ) ;
#294 = ORIENTED_EDGE ( 'NONE', *, *, #621, .F. ) ;
#295 = VERTEX_POINT ( 'NONE', #871 ) ;
#296 = CARTESIAN_POINT ( 'NONE',  ( 0.06507892760249915600, 0.2695648331479888500, 0.1970000000000000100 ) ) ;
#297 = VERTEX_POINT ( 'NONE', #1789 ) ;
#298 = DIRECTION ( 'NONE',  ( -0.0000000000000000000, -0.0000000000000000000, -1.000000000000000000 ) ) ;
#299 = CARTESIAN_POINT ( 'NONE',  ( 0.08999999999999999700, 0.2179588827224767700, 0.1071116916444988200 ) ) ;
#300 = AXIS2_PLACEMENT_3D ( 'NONE', #8, #202, #191 ) ;
#301 = LINE ( 'NONE', #1788, #441 ) ;
#302 = AXIS2_PLACEMENT_3D ( 'NONE', #1324, #1741, #1629 ) ;
#303 = LINE ( 'NONE', #99, #2162 ) ;
#304 = DIRECTION ( 'NONE',  ( 1.000000000000000000, 1.067128122525103100E-015, 0.0000000000000000000 ) ) ;
#305 = DIRECTION ( 'NONE',  ( -0.7485240438050507800, -0.6631076502693469300, 0.0000000000000000000 ) ) ;
#306 = VECTOR ( 'NONE', #1923, 39.37007874015748900 ) ;
#307 = DIRECTION ( 'NONE',  ( -3.100090537248139000E-016, 1.000000000000000000, 0.0000000000000000000 ) ) ;
#308 = VECTOR ( 'NONE', #1129, 39.37007874015748100 ) ;
#309 = CARTESIAN_POINT ( 'NONE',  ( -0.04600000000000000600, 0.01599999999999999300, 0.0000000000000000000 ) ) ;
#310 = EDGE_LOOP ( 'NONE', ( #284, #1370, #740, #434, #1771, #2038 ) ) ;
#311 = EDGE_LOOP ( 'NONE', ( #2184, #1057, #1863, #2210 ) ) ;
#312 = CARTESIAN_POINT ( 'NONE',  ( 0.1900000000000000300, 0.1948470126591986000, 0.09711169164449882900 ) ) ;
#313 = CARTESIAN_POINT ( 'NONE',  ( 0.1420083898862316600, 0.2010749957066882700, 0.1600000000000000000 ) ) ;
#314 = ORIENTED_EDGE ( 'NONE', *, *, #1085, .F. ) ;
#315 = CYLINDRICAL_SURFACE ( 'NONE', #1680, 0.03199999999999999400 ) ;
#316 = AXIS2_PLACEMENT_3D ( 'NONE', #1297, #2198, #651 ) ;
#317 = EDGE_CURVE ( 'NONE', #1803, #810, #448, .T. ) ;
#318 = AXIS2_PLACEMENT_3D ( 'NONE', #1195, #1079, #1305 ) ;
#319 = CARTESIAN_POINT ( 'NONE',  ( 0.06555818791397127800, 0.2374033613445378200, 0.1600000000000000000 ) ) ;
#320 = EDGE_CURVE ( 'NONE', #745, #1277, #1999, .T. ) ;
#321 = ORIENTED_EDGE ( 'NONE', *, *, #2044, .F. ) ;
#322 = ADVANCED_FACE ( 'NONE', ( #1450, #814 ), #2151, .T. ) ;
#323 = ORIENTED_EDGE ( 'NONE', *, *, #780, .T. ) ;
#324 = PLANE ( 'NONE',  #56 ) ;
#325 = DIRECTION ( 'NONE',  ( -1.000000000000000000, 0.0000000000000000000, 0.0000000000000000000 ) ) ;
#326 = ORIENTED_EDGE ( 'NONE', *, *, #1284, .T. ) ;
#327 = CARTESIAN_POINT ( 'NONE',  ( 0.09201336174660902600, 0.2058967401847958700, 0.09711169164449882900 ) ) ;
#328 = FACE_OUTER_BOUND ( 'NONE', #1000, .T. ) ;
#329 = AXIS2_PLACEMENT_3D ( 'NONE', #852, #1891, #1320 ) ;
#330 = FACE_OUTER_BOUND ( 'NONE', #310, .T. ) ;
#331 = CARTESIAN_POINT ( 'NONE',  ( 0.1420083898862316600, 0.2010749957066882700, 0.1970000000000000100 ) ) ;
#332 = EDGE_CURVE ( 'NONE', #20, #253, #2149, .T. ) ;
#333 = CARTESIAN_POINT ( 'NONE',  ( 0.09259127268789924000, 0.1948470126591986000, 0.09711169164449882900 ) ) ;
#334 = CARTESIAN_POINT ( 'NONE',  ( -0.07800000000000000000, 0.03199999999999997300, 0.1600000000000000000 ) ) ;
#335 = EDGE_CURVE ( 'NONE', #1291, #413, #348, .T. ) ;
#336 = CARTESIAN_POINT ( 'NONE',  ( 0.08999999999999999700, 0.2179588827224767700, 0.09711169164449882900 ) ) ;
#337 = CARTESIAN_POINT ( 'NONE',  ( 0.1900000000000000300, 0.1769999999999999900, 0.09711169164449882900 ) ) ;
#338 = ADVANCED_FACE ( 'NONE', ( #1189 ), #554, .F. ) ;
#339 = VECTOR ( 'NONE', #1681, 39.37007874015748100 ) ;
#340 = CIRCLE ( 'NONE', #2011, 0.03199999999999998700 ) ;
#341 = ORIENTED_EDGE ( 'NONE', *, *, #800, .F. ) ;
#342 = CARTESIAN_POINT ( 'NONE',  ( -0.07039997859344329600, 0.2751103617969754600, 0.1893206088510553700 ) ) ;
#343 = FACE_OUTER_BOUND ( 'NONE', #1643, .T. ) ;
#344 = VERTEX_POINT ( 'NONE', #1229 ) ;
#345 = ORIENTED_EDGE ( 'NONE', *, *, #856, .T. ) ;
#346 = CARTESIAN_POINT ( 'NONE',  ( 0.07799999999999997200, 0.03200000000000000800, 0.0000000000000000000 ) ) ;
#347 = CARTESIAN_POINT ( 'NONE',  ( 0.1420083898862316600, 0.2010749957066882700, 0.1970000000000000100 ) ) ;
#348 = CIRCLE ( 'NONE', #1720, 0.03200000000000000100 ) ;
#349 = EDGE_LOOP ( 'NONE', ( #352, #255, #1209 ) ) ;
#350 = EDGE_CURVE ( 'NONE', #1499, #177, #841, .T. ) ;
#351 = CARTESIAN_POINT ( 'NONE',  ( 0.04599999999999997800, 0.01600000000000000000, 0.1600000000000000000 ) ) ;
#352 = ORIENTED_EDGE ( 'NONE', *, *, #472, .F. ) ;
#353 = VERTEX_POINT ( 'NONE', #2010 ) ;
#354 =( BOUNDED_CURVE ( )  B_SPLINE_CURVE ( 3, ( #2039, #1496, #1754, #1067 ),
 .UNSPECIFIED., .F., .T. ) 
 B_SPLINE_CURVE_WITH_KNOTS ( ( 4, 4 ),
 ( 4.654103557691294100, 4.937179107126761200 ),
 .UNSPECIFIED. ) 
 CURVE ( )  GEOMETRIC_REPRESENTATION_ITEM ( )  RATIONAL_B_SPLINE_CURVE ( ( 1.000000000000000000, 0.9933334930776889200, 0.9933334930776889200, 1.000000000000000000 ) ) 
 REPRESENTATION_ITEM ( '' )  );
#355 = ORIENTED_EDGE ( 'NONE', *, *, #432, .T. ) ;
#356 = CIRCLE ( 'NONE', #1843, 0.01600000000000001400 ) ;
#357 = LINE ( 'NONE', #246, #1231 ) ;
#358 = PLANE ( 'NONE',  #1327 ) ;
#359 = ADVANCED_FACE ( 'NONE', ( #235 ), #736, .T. ) ;
#360 = VECTOR ( 'NONE', #2003, 39.37007874015748100 ) ;
#361 = EDGE_CURVE ( 'NONE', #854, #964, #1575, .T. ) ;
#362 = CARTESIAN_POINT ( 'NONE',  ( 3.317300593186675700E-033, -1.280553747030123400E-017, 0.09850000000000000400 ) ) ;
#363 = AXIS2_PLACEMENT_3D ( 'NONE', #2169, #2047, #2188 ) ;
#364 = FACE_OUTER_BOUND ( 'NONE', #1346, .T. ) ;
#365 = ORIENTED_EDGE ( 'NONE', *, *, #650, .F. ) ;
#366 = EDGE_CURVE ( 'NONE', #2103, #787, #105, .T. ) ;
#367 = CARTESIAN_POINT ( 'NONE',  ( 0.06576330066491868600, 0.2689585560122242900, 9.858108208398307800E-020 ) ) ;
#368 = VECTOR ( 'NONE', #38, 39.37007874015748100 ) ;
#369 = ORIENTED_EDGE ( 'NONE', *, *, #995, .F. ) ;
#370 = ORIENTED_EDGE ( 'NONE', *, *, #853, .T. ) ;
#371 = CARTESIAN_POINT ( 'NONE',  ( 0.07799999999999997200, 0.03200000000000000800, 0.0000000000000000000 ) ) ;
#372 = FACE_OUTER_BOUND ( 'NONE', #763, .T. ) ;
#373 = ADVANCED_FACE ( 'NONE', ( #911 ), #1397, .T. ) ;
#374 = DIRECTION ( 'NONE',  ( -0.0000000000000000000, -0.0000000000000000000, -1.000000000000000000 ) ) ;
#375 = AXIS2_PLACEMENT_3D ( 'NONE', #1593, #1779, #1299 ) ;
#376 = CARTESIAN_POINT ( 'NONE',  ( 0.06200000000000001300, 0.1421519439852088100, 0.1600000000000000000 ) ) ;
#377 = VERTEX_POINT ( 'NONE', #84 ) ;
#378 = CARTESIAN_POINT ( 'NONE',  ( 0.09350000000000002800, 0.2530000000000000000, 0.1600000000000000000 ) ) ;
#379 = EDGE_CURVE ( 'NONE', #1564, #1415, #1946, .T. ) ;
#380 = CARTESIAN_POINT ( 'NONE',  ( 0.06199999999999997900, 0.03200000000000000800, 0.0000000000000000000 ) ) ;
#381 = CARTESIAN_POINT ( 'NONE',  ( 0.08999999999999999700, 0.2179588827224767700, 0.06758907712475803500 ) ) ;
#382 = ORIENTED_EDGE ( 'NONE', *, *, #1960, .F. ) ;
#383 = VERTEX_POINT ( 'NONE', #48 ) ;
#384 = UNCERTAINTY_MEASURE_WITH_UNIT (LENGTH_MEASURE( 1.000000000000000100E-005 ), #1482, 'distance_accuracy_value', 'NONE');
#385 = CARTESIAN_POINT ( 'NONE',  ( -0.06199999999999997900, 0.03199999999999998000, 0.1600000000000000000 ) ) ;
#386 = VECTOR ( 'NONE', #260, 39.37007874015748100 ) ;
#387 = CARTESIAN_POINT ( 'NONE',  ( 0.08152361529911916800, 0.2636097224043095200, 0.0000000000000000000 ) ) ;
#388 = VECTOR ( 'NONE', #1110, 39.37007874015748100 ) ;
#389 = AXIS2_PLACEMENT_3D ( 'NONE', #1414, #1086, #1190 ) ;
#390 = EDGE_CURVE ( 'NONE', #1905, #694, #961, .T. ) ;
#391 = VECTOR ( 'NONE', #1078, 39.37007874015748900 ) ;
#392 = ORIENTED_EDGE ( 'NONE', *, *, #2209, .F. ) ;
#393 = DIRECTION ( 'NONE',  ( -0.0000000000000000000, -0.0000000000000000000, -1.000000000000000000 ) ) ;
#394 = DIRECTION ( 'NONE',  ( -1.000000000000000000, 0.0000000000000000000, 0.0000000000000000000 ) ) ;
#395 = EDGE_CURVE ( 'NONE', #1150, #1430, #2085, .T. ) ;
#396 = VECTOR ( 'NONE', #962, 39.37007874015748100 ) ;
#397 = ORIENTED_EDGE ( 'NONE', *, *, #1349, .T. ) ;
#398 = DIRECTION ( 'NONE',  ( 0.0000000000000000000, 0.0000000000000000000, 1.000000000000000000 ) ) ;
#399 = EDGE_CURVE ( 'NONE', #1035, #30, #599, .T. ) ;
#400 = ORIENTED_EDGE ( 'NONE', *, *, #545, .F. ) ;
#401 = VECTOR ( 'NONE', #91, 39.37007874015748100 ) ;
#402 = ORIENTED_EDGE ( 'NONE', *, *, #1440, .T. ) ;
#403 = DIRECTION ( 'NONE',  ( -0.0000000000000000000, -0.0000000000000000000, -1.000000000000000000 ) ) ;
#404 = DIRECTION ( 'NONE',  ( 1.000000000000000000, 0.0000000000000000000, 0.0000000000000000000 ) ) ;
#405 = CARTESIAN_POINT ( 'NONE',  ( 0.1420083898862316600, 0.2010749957066882700, 0.1970000000000000100 ) ) ;
#406 = ORIENTED_EDGE ( 'NONE', *, *, #2079, .F. ) ;
#407 = EDGE_CURVE ( 'NONE', #1150, #1499, #1104, .T. ) ;
#408 = VERTEX_POINT ( 'NONE', #29 ) ;
#409 = AXIS2_PLACEMENT_3D ( 'NONE', #1649, #1735, #2135 ) ;
#410 = ORIENTED_EDGE ( 'NONE', *, *, #1154, .F. ) ;
#411 = EDGE_CURVE ( 'NONE', #1837, #551, #1049, .T. ) ;
#412 = DIRECTION ( 'NONE',  ( -2.449212707644754500E-016, 1.000000000000000000, 0.0000000000000000000 ) ) ;
#413 = VERTEX_POINT ( 'NONE', #59 ) ;
#414 = DIRECTION ( 'NONE',  ( -3.100090537248139000E-016, 1.000000000000000000, 0.0000000000000000000 ) ) ;
#415 = FACE_OUTER_BOUND ( 'NONE', #1372, .T. ) ;
#416 = FACE_OUTER_BOUND ( 'NONE', #2120, .T. ) ;
#417 =( NAMED_UNIT ( * ) PLANE_ANGLE_UNIT ( ) SI_UNIT ( $, .RADIAN. ) );
#418 = ADVANCED_FACE ( 'NONE', ( #93, #1696 ), #121, .T. ) ;
#419 = VECTOR ( 'NONE', #307, 39.37007874015748100 ) ;
#420 = VERTEX_POINT ( 'NONE', #171 ) ;
#421 = MECHANICAL_DESIGN_GEOMETRIC_PRESENTATION_REPRESENTATION (  '', ( #115 ), #695 ) ;
#422 = EDGE_CURVE ( 'NONE', #2103, #1766, #754, .T. ) ;
#423 = ORIENTED_EDGE ( 'NONE', *, *, #846, .T. ) ;
#424 = EDGE_LOOP ( 'NONE', ( #151, #2119, #400, #1542, #1762 ) ) ;
#425 = CARTESIAN_POINT ( 'NONE',  ( -0.03350000000000000900, 0.01599999999999998000, 0.09850000000000000400 ) ) ;
#426 = ORIENTED_EDGE ( 'NONE', *, *, #1246, .F. ) ;
#427 =( LENGTH_UNIT ( ) NAMED_UNIT ( * ) SI_UNIT ( $, .METRE. ) );
#428 = CARTESIAN_POINT ( 'NONE',  ( -0.06855771029995319500, 0.2733284849367865800, 0.1918760087232686000 ) ) ;
#429 = ORIENTED_EDGE ( 'NONE', *, *, #977, .T. ) ;
#430 = AXIS2_PLACEMENT_3D ( 'NONE', #1615, #495, #904 ) ;
#431 = VERTEX_POINT ( 'NONE', #893 ) ;
#432 = EDGE_CURVE ( 'NONE', #459, #111, #1253, .T. ) ;
#433 = PLANE ( 'NONE',  #562 ) ;
#434 = ORIENTED_EDGE ( 'NONE', *, *, #390, .F. ) ;
#435 = EDGE_CURVE ( 'NONE', #607, #622, #133, .T. ) ;
#436 = DIRECTION ( 'NONE',  ( -1.000000000000000000, 0.0000000000000000000, 0.0000000000000000000 ) ) ;
#437 = CARTESIAN_POINT ( 'NONE',  ( 3.317300593186675700E-033, -1.280553747030123400E-017, 0.09850000000000000400 ) ) ;
#438 = LINE ( 'NONE', #601, #126 ) ;
#439 = CIRCLE ( 'NONE', #460, 0.01599999999999998600 ) ;
#440 = CARTESIAN_POINT ( 'NONE',  ( -0.09249999999999999900, 0.2759999999999999700, 0.02300000000000017000 ) ) ;
#441 = VECTOR ( 'NONE', #1596, 39.37007874015748100 ) ;
#442 = LINE ( 'NONE', #1199, #396 ) ;
#443 = DIRECTION ( 'NONE',  ( 1.000000000000000000, 0.0000000000000000000, 0.0000000000000000000 ) ) ;
#444 = DIRECTION ( 'NONE',  ( 0.0000000000000000000, 0.8005668113186987800, -0.5992435069443897700 ) ) ;
#445 = CARTESIAN_POINT ( 'NONE',  ( 0.08999999999999999700, 0.2058967401847958700, 0.09711169164449882900 ) ) ;
#446 = CIRCLE ( 'NONE', #1398, 0.03350000000000000200 ) ;
#447 = ORIENTED_EDGE ( 'NONE', *, *, #1169, .T. ) ;
#448 = CIRCLE ( 'NONE', #1739, 0.1029999999999999800 ) ;
#449 = EDGE_CURVE ( 'NONE', #1153, #1275, #1470, .T. ) ;
#450 = EDGE_LOOP ( 'NONE', ( #1019, #626, #1654, #406 ) ) ;
#451 = CARTESIAN_POINT ( 'NONE',  ( -0.06199999999999997900, 0.03199999999999998000, 0.1600000000000000000 ) ) ;
#452 = CIRCLE ( 'NONE', #1628, 0.08700000000000002200 ) ;
#453 = CARTESIAN_POINT ( 'NONE',  ( -0.07800000000000001400, 0.1421519439852088100, 0.1600000000000000000 ) ) ;
#454 =( NAMED_UNIT ( * ) PLANE_ANGLE_UNIT ( ) SI_UNIT ( $, .RADIAN. ) );
#455 = DIRECTION ( 'NONE',  ( 1.000000000000000000, 0.0000000000000000000, 0.0000000000000000000 ) ) ;
#456 = VECTOR ( 'NONE', #206, 39.37007874015748100 ) ;
#457 = ORIENTED_EDGE ( 'NONE', *, *, #679, .F. ) ;
#458 = CARTESIAN_POINT ( 'NONE',  ( -0.04599999999999997800, 0.01600000000000000400, 0.1970000000000000100 ) ) ;
#459 = VERTEX_POINT ( 'NONE', #336 ) ;
#460 = AXIS2_PLACEMENT_3D ( 'NONE', #1670, #966, #802 ) ;
#461 = ORIENTED_EDGE ( 'NONE', *, *, #1094, .T. ) ;
#462 = EDGE_CURVE ( 'NONE', #2014, #510, #1498, .T. ) ;
#463 = DIRECTION ( 'NONE',  ( 0.0000000000000000000, 0.0000000000000000000, 1.000000000000000000 ) ) ;
#464 = DIRECTION ( 'NONE',  ( 0.0000000000000000000, 0.0000000000000000000, 1.000000000000000000 ) ) ;
#466 = ORIENTED_EDGE ( 'NONE', *, *, #1310, .F. ) ;
#465 = DIRECTION ( 'NONE',  ( -1.000000000000000000, 0.0000000000000000000, 0.0000000000000000000 ) ) ;
#467 = VECTOR ( 'NONE', #1746, 39.37007874015748100 ) ;
#468 = CARTESIAN_POINT ( 'NONE',  ( -0.1420083898862316600, 0.2010749957066882700, 0.1970000000000000100 ) ) ;
#469 = VECTOR ( 'NONE', #2122, 39.37007874015748100 ) ;
#470 = ORIENTED_EDGE ( 'NONE', *, *, #2093, .F. ) ;
#471 = EDGE_LOOP ( 'NONE', ( #288, #1065, #1952, #1428, #216 ) ) ;
#472 = EDGE_CURVE ( 'NONE', #1561, #2190, #1970, .T. ) ;
#473 = EDGE_LOOP ( 'NONE', ( #1140, #2099 ) ) ;
#474 = AXIS2_PLACEMENT_3D ( 'NONE', #541, #305, #214 ) ;
#475 = ORIENTED_EDGE ( 'NONE', *, *, #1951, .T. ) ;
#476 = PLANE ( 'NONE',  #1384 ) ;
#477 = EDGE_CURVE ( 'NONE', #344, #721, #2113, .T. ) ;
#478 = CARTESIAN_POINT ( 'NONE',  ( 0.07750000000000001300, 0.2530000000000000000, 0.1600000000000000000 ) ) ;
#479 = DIRECTION ( 'NONE',  ( -0.0000000000000000000, -0.0000000000000000000, -1.000000000000000000 ) ) ;
#480 = DIRECTION ( 'NONE',  ( -0.0000000000000000000, 0.6528625371447732700, 0.7574764072846688100 ) ) ;
#481 = ORIENTED_EDGE ( 'NONE', *, *, #502, .T. ) ;
#482 = DIRECTION ( 'NONE',  ( 0.0000000000000000000, 0.0000000000000000000, 1.000000000000000000 ) ) ;
#483 = ORIENTED_EDGE ( 'NONE', *, *, #666, .T. ) ;
#484 = AXIS2_PLACEMENT_3D ( 'NONE', #1242, #960, #1075 ) ;
#485 = ORIENTED_EDGE ( 'NONE', *, *, #1800, .T. ) ;
#486 = CARTESIAN_POINT ( 'NONE',  ( 0.1723050135359048600, 0.1745746474895063500, 0.1970000000000000100 ) ) ;
#487 = AXIS2_PLACEMENT_3D ( 'NONE', #793, #1548, #1113 ) ;
#488 = AXIS2_PLACEMENT_3D ( 'NONE', #2153, #918, #1278 ) ;
#489 = CYLINDRICAL_SURFACE ( 'NONE', #196, 0.1030000000000000400 ) ;
#490 = ADVANCED_FACE ( 'NONE', ( #972 ), #254, .F. ) ;
#491 = PRODUCT_DEFINITION_FORMATION_WITH_SPECIFIED_SOURCE ( 'ANY', '', #1973, .NOT_KNOWN. ) ;
#492 = SURFACE_STYLE_FILL_AREA ( #1103 ) ;
#493 = FACE_OUTER_BOUND ( 'NONE', #2125, .T. ) ;
#494 = LINE ( 'NONE', #346, #1523 ) ;
#495 = DIRECTION ( 'NONE',  ( -0.0000000000000000000, 0.0000000000000000000, -1.000000000000000000 ) ) ;
#496 = CYLINDRICAL_SURFACE ( 'NONE', #316, 0.03200000000000002100 ) ;
#497 = VERTEX_POINT ( 'NONE', #848 ) ;
#498 = PLANE ( 'NONE',  #1724 ) ;
#499 = APPLICATION_PROTOCOL_DEFINITION ( 'draft international standard', 'automotive_design', 1998, #508 ) ;
#500 = LINE ( 'NONE', #1191, #1612 ) ;
#501 = ADVANCED_FACE ( 'NONE', ( #777 ), #809, .T. ) ;
#502 = EDGE_CURVE ( 'NONE', #1841, #1329, #248, .T. ) ;
#503 = FACE_OUTER_BOUND ( 'NONE', #1760, .T. ) ;
#504 = ADVANCED_FACE ( 'NONE', ( #730 ), #42, .F. ) ;
#505 = CARTESIAN_POINT ( 'NONE',  ( -0.07997697640861389800, 0.2621137839138095200, 0.1926982793659376100 ) ) ;
#506 = EDGE_CURVE ( 'NONE', #1052, #1263, #1536, .T. ) ;
#507 = ORIENTED_EDGE ( 'NONE', *, *, #1402, .T. ) ;
#508 = APPLICATION_CONTEXT ( 'automotive_design' ) ;
#509 = ORIENTED_EDGE ( 'NONE', *, *, #2049, .T. ) ;
#510 = VERTEX_POINT ( 'NONE', #1301 ) ;
#511 = DIRECTION ( 'NONE',  ( 0.4688879161621353200, 0.5292864272557306100, 0.7071067811865436900 ) ) ;
#512 = CARTESIAN_POINT ( 'NONE',  ( -0.06954723059823834900, 0.2742194448086190900, 0.0000000000000000000 ) ) ;
#513 = ORIENTED_EDGE ( 'NONE', *, *, #2123, .T. ) ;
#514 = EDGE_CURVE ( 'NONE', #1944, #199, #1852, .T. ) ;
#515 = VECTOR ( 'NONE', #2166, 39.37007874015748100 ) ;
#516 = PLANE ( 'NONE',  #44 ) ;
#517 = AXIS2_PLACEMENT_3D ( 'NONE', #1272, #930, #1325 ) ;
#518 = CIRCLE ( 'NONE', #1908, 0.03200000000000000800 ) ;
#519 = ORIENTED_EDGE ( 'NONE', *, *, #937, .T. ) ;
#520 = EDGE_CURVE ( 'NONE', #622, #1611, #1259, .T. ) ;
#521 = FACE_OUTER_BOUND ( 'NONE', #1033, .T. ) ;
#522 = DIRECTION ( 'NONE',  ( 1.000000000000000000, 0.0000000000000000000, -0.0000000000000000000 ) ) ;
#523 = LINE ( 'NONE', #1622, #1730 ) ;
#524 = VERTEX_POINT ( 'NONE', #776 ) ;
#525 = PRODUCT_RELATED_PRODUCT_CATEGORY ( 'part', '', ( #1973 ) ) ;
#526 = LINE ( 'NONE', #1460, #864 ) ;
#527 = DIRECTION ( 'NONE',  ( 0.0000000000000000000, 0.0000000000000000000, 1.000000000000000000 ) ) ;
#528 = DIRECTION ( 'NONE',  ( -1.000000000000000000, 0.0000000000000000000, 0.0000000000000000000 ) ) ;
#529 = EDGE_LOOP ( 'NONE', ( #1666, #1447, #938, #1424 ) ) ;
#530 = CARTESIAN_POINT ( 'NONE',  ( -0.04599999999999999200, -2.253275691033173900E-017, 0.0000000000000000000 ) ) ;
#531 = AXIS2_PLACEMENT_3D ( 'NONE', #555, #2220, #1552 ) ;
#532 = EDGE_CURVE ( 'NONE', #854, #1005, #1025, .T. ) ;
#533 = CARTESIAN_POINT ( 'NONE',  ( 0.09350000000000002800, 0.2530000000000000000, 0.1600000000000000000 ) ) ;
#534 = DIRECTION ( 'NONE',  ( -0.4688879161621340400, -0.5292864272557280500, -0.7071067811865465700 ) ) ;
#535 = DIRECTION ( 'NONE',  ( -0.0000000000000000000, -0.0000000000000000000, -1.000000000000000000 ) ) ;
#536 = ORIENTED_EDGE ( 'NONE', *, *, #956, .T. ) ;
#537 = CARTESIAN_POINT ( 'NONE',  ( -0.06199999999999997900, 0.03199999999999998000, 0.0000000000000000000 ) ) ;
#538 = EDGE_LOOP ( 'NONE', ( #875, #1427, #69, #31 ) ) ;
#539 = DIRECTION ( 'NONE',  ( -0.0000000000000000000, -0.0000000000000000000, -1.000000000000000000 ) ) ;
#540 = ADVANCED_FACE ( 'NONE', ( #1286 ), #358, .T. ) ;
#541 = CARTESIAN_POINT ( 'NONE',  ( -0.08152361529911916800, 0.2636097224043095200, 0.1600000000000000000 ) ) ;
#542 = LINE ( 'NONE', #1572, #1717 ) ;
#543 = DIRECTION ( 'NONE',  ( -1.067128122525101700E-015, 1.000000000000000000, 0.0000000000000000000 ) ) ;
#544 = VECTOR ( 'NONE', #648, 39.37007874015748100 ) ;
#545 = EDGE_CURVE ( 'NONE', #1005, #282, #357, .T. ) ;
#546 = PRESENTATION_LAYER_ASSIGNMENT (  '', '', ( #2219 ) ) ;
#547 = DIRECTION ( 'NONE',  ( -0.0000000000000000000, -0.0000000000000000000, -1.000000000000000000 ) ) ;
#548 = AXIS2_PLACEMENT_3D ( 'NONE', #1433, #588, #522 ) ;
#549 = CARTESIAN_POINT ( 'NONE',  ( -0.1207584950737125200, 0.2202390333164126500, 0.1970000000000000100 ) ) ;
#550 = LINE ( 'NONE', #2226, #306 ) ;
#551 = VERTEX_POINT ( 'NONE', #974 ) ;
#552 = EDGE_CURVE ( 'NONE', #2030, #2208, #1756, .T. ) ;
#553 = ORIENTED_EDGE ( 'NONE', *, *, #1010, .T. ) ;
#554 = CYLINDRICAL_SURFACE ( 'NONE', #2235, 0.01600000000000001400 ) ;
#555 = CARTESIAN_POINT ( 'NONE',  ( -0.07800000000000001400, 0.1421519439852088100, 0.0000000000000000000 ) ) ;
#556 = DIRECTION ( 'NONE',  ( 0.0000000000000000000, 0.0000000000000000000, 1.000000000000000000 ) ) ;
#557 = CYLINDRICAL_SURFACE ( 'NONE', #1569, 0.01600000000000001400 ) ;
#558 = AXIS2_PLACEMENT_3D ( 'NONE', #165, #611, #110 ) ;
#559 = EDGE_CURVE ( 'NONE', #1153, #102, #1396, .T. ) ;
#560 = DIRECTION ( 'NONE',  ( 0.0000000000000000000, 0.0000000000000000000, 1.000000000000000000 ) ) ;
#561 = ADVANCED_FACE ( 'NONE', ( #903 ), #64, .T. ) ;
#562 = AXIS2_PLACEMENT_3D ( 'NONE', #1145, #241, #784 ) ;
#563 = ORIENTED_EDGE ( 'NONE', *, *, #292, .T. ) ;
#564 = AXIS2_PLACEMENT_3D ( 'NONE', #876, #1606, #861 ) ;
#565 = CARTESIAN_POINT ( 'NONE',  ( 0.06199999999999997900, 0.03200000000000001500, 0.1970000000000000100 ) ) ;
#566 = ORIENTED_EDGE ( 'NONE', *, *, #870, .F. ) ;
#567 = CARTESIAN_POINT ( 'NONE',  ( -0.07826381016023212200, 0.2578845183146912800, 2.032209941077023000E-019 ) ) ;
#568 = ORIENTED_EDGE ( 'NONE', *, *, #1126, .F. ) ;
#569 = LINE ( 'NONE', #1379, #1391 ) ;
#570 = VECTOR ( 'NONE', #1595, 39.37007874015748100 ) ;
#571 = AXIS2_PLACEMENT_3D ( 'NONE', #2040, #1367, #1653 ) ;
#572 = VECTOR ( 'NONE', #229, 39.37007874015748900 ) ;
#573 = VERTEX_POINT ( 'NONE', #1331 ) ;
#574 = DIRECTION ( 'NONE',  ( -1.000000000000000000, 0.0000000000000000000, 0.0000000000000000000 ) ) ;
#575 = EDGE_CURVE ( 'NONE', #510, #1115, #1721, .T. ) ;
#576 = LINE ( 'NONE', #537, #1748 ) ;
#577 = ORIENTED_EDGE ( 'NONE', *, *, #1126, .T. ) ;
#578 = MECHANICAL_DESIGN_GEOMETRIC_PRESENTATION_REPRESENTATION (  '', ( #2219 ), #641 ) ;
#579 = CARTESIAN_POINT ( 'NONE',  ( -0.08526788587841537000, 0.2516796993376234600, 0.0000000000000000000 ) ) ;
#580 = VECTOR ( 'NONE', #1248, 39.37007874015748100 ) ;
#581 = LINE ( 'NONE', #1333, #2091 ) ;
#582 = EDGE_LOOP ( 'NONE', ( #1119, #1465, #1314, #1814 ) ) ;
#583 = DIRECTION ( 'NONE',  ( -0.0000000000000000000, -0.0000000000000000000, -1.000000000000000000 ) ) ;
#584 = UNCERTAINTY_MEASURE_WITH_UNIT (LENGTH_MEASURE( 1.000000000000000100E-005 ), #2212, 'distance_accuracy_value', 'NONE');
#585 = AXIS2_PLACEMENT_3D ( 'NONE', #262, #205, #936 ) ;
#586 = EDGE_CURVE ( 'NONE', #782, #1712, #1283, .T. ) ;
#587 = ORIENTED_EDGE ( 'NONE', *, *, #696, .F. ) ;
#588 = DIRECTION ( 'NONE',  ( 0.0000000000000000000, 0.0000000000000000000, 1.000000000000000000 ) ) ;
#589 = CARTESIAN_POINT ( 'NONE',  ( -0.09349999999999998600, 0.2530000000000000000, 0.1600000000000000000 ) ) ;
#590 = ORIENTED_EDGE ( 'NONE', *, *, #462, .T. ) ;
#591 = EDGE_CURVE ( 'NONE', #510, #573, #1642, .T. ) ;
#592 = CARTESIAN_POINT ( 'NONE',  ( -0.08152361529911916800, 0.2636097224043095200, 0.1905529453572467600 ) ) ;
#593 = DIRECTION ( 'NONE',  ( -0.0000000000000000000, -0.0000000000000000000, -1.000000000000000000 ) ) ;
#594 = ORIENTED_EDGE ( 'NONE', *, *, #545, .T. ) ;
#595 = DIRECTION ( 'NONE',  ( 1.000000000000000000, 0.0000000000000000000, -0.0000000000000000000 ) ) ;
#596 = LINE ( 'NONE', #116, #572 ) ;
#597 = PLANE ( 'NONE',  #1641 ) ;
#598 = DIRECTION ( 'NONE',  ( -0.0000000000000000000, -0.0000000000000000000, -1.000000000000000000 ) ) ;
#599 = CIRCLE ( 'NONE', #2193, 0.01599999999999999700 ) ;
#600 = AXIS2_PLACEMENT_3D ( 'NONE', #988, #1429, #1464 ) ;
#601 = CARTESIAN_POINT ( 'NONE',  ( 0.06555818791397127800, 0.2374033613445378200, 0.1600000000000000000 ) ) ;
#602 = VERTEX_POINT ( 'NONE', #1134 ) ;
#603 = CARTESIAN_POINT ( 'NONE',  ( -0.1420083898862316600, 0.2010749957066882700, 0.1970000000000000100 ) ) ;
#604 = CARTESIAN_POINT ( 'NONE',  ( -0.06684426697452837400, 0.2708373248367990100, 0.002123100667531164200 ) ) ;
#605 = CARTESIAN_POINT ( 'NONE',  ( -0.06954723059823834900, 0.2742194448086190900, 0.1600000000000000000 ) ) ;
#606 = CYLINDRICAL_SURFACE ( 'NONE', #2027, 0.03350000000000000200 ) ;
#607 = VERTEX_POINT ( 'NONE', #2202 ) ;
#608 = EDGE_LOOP ( 'NONE', ( #410, #1293, #2157, #1494, #1426 ) ) ;
#609 = CARTESIAN_POINT ( 'NONE',  ( 0.07705535534015069100, 0.2589550726179675700, 0.1970000000000000100 ) ) ;
#610 = ORIENTED_EDGE ( 'NONE', *, *, #1094, .F. ) ;
#611 = DIRECTION ( 'NONE',  ( 0.0000000000000000000, 0.0000000000000000000, 1.000000000000000000 ) ) ;
#612 = CARTESIAN_POINT ( 'NONE',  ( -0.08152361529911916800, 0.2636097224043095200, 0.1970000000000000100 ) ) ;
#613 = ORIENTED_EDGE ( 'NONE', *, *, #520, .F. ) ;
#614 = DIRECTION ( 'NONE',  ( -1.000000000000000000, 0.0000000000000000000, 0.0000000000000000000 ) ) ;
#615 = DIRECTION ( 'NONE',  ( 0.0000000000000000000, 0.0000000000000000000, 1.000000000000000000 ) ) ;
#616 = ORIENTED_EDGE ( 'NONE', *, *, #1352, .T. ) ;
#617 = EDGE_CURVE ( 'NONE', #1262, #818, #838, .T. ) ;
#618 = EDGE_CURVE ( 'NONE', #2131, #226, #1697, .T. ) ;
#619 = CARTESIAN_POINT ( 'NONE',  ( 0.08999999999999999700, 0.1769999999999999900, 0.09711169164449882900 ) ) ;
#620 = VERTEX_POINT ( 'NONE', #250 ) ;
#621 = EDGE_CURVE ( 'NONE', #720, #1035, #786, .T. ) ;
#622 = VERTEX_POINT ( 'NONE', #367 ) ;
#623 = CARTESIAN_POINT ( 'NONE',  ( 0.03900838988623168300, 0.2010749957066882700, 0.1600000000000000000 ) ) ;
#624 = CARTESIAN_POINT ( 'NONE',  ( 0.09350000000000002800, 0.2530000000000000000, 0.0000000000000000000 ) ) ;
#625 = LINE ( 'NONE', #371, #2057 ) ;
#626 = ORIENTED_EDGE ( 'NONE', *, *, #2209, .T. ) ;
#627 = PLANE ( 'NONE',  #430 ) ;
#628 = CARTESIAN_POINT ( 'NONE',  ( 0.06954723059823832200, 0.2742194448086190900, 0.1600000000000000000 ) ) ;
#629 = VECTOR ( 'NONE', #480, 39.37007874015748900 ) ;
#630 = VECTOR ( 'NONE', #285, 39.37007874015748100 ) ;
#631 = ORIENTED_EDGE ( 'NONE', *, *, #1181, .T. ) ;
#632 = DIRECTION ( 'NONE',  ( 0.0000000000000000000, 0.0000000000000000000, 1.000000000000000000 ) ) ;
#633 = CARTESIAN_POINT ( 'NONE',  ( -0.08052361529911919400, 0.2866097224043095400, 0.1600000000000000000 ) ) ;
#634 = AXIS2_PLACEMENT_3D ( 'NONE', #1481, #980, #1217 ) ;
#635 = EDGE_LOOP ( 'NONE', ( #1435, #1265, #610, #323 ) ) ;
#636 = EDGE_CURVE ( 'NONE', #497, #782, #2024, .T. ) ;
#637 = ORIENTED_EDGE ( 'NONE', *, *, #292, .F. ) ;
#638 = DIRECTION ( 'NONE',  ( -0.0000000000000000000, -0.0000000000000000000, -1.000000000000000000 ) ) ;
#639 = EDGE_CURVE ( 'NONE', #102, #383, #225, .T. ) ;
#640 = ORIENTED_EDGE ( 'NONE', *, *, #2255, .T. ) ;
#641 =( GEOMETRIC_REPRESENTATION_CONTEXT ( 3 ) GLOBAL_UNCERTAINTY_ASSIGNED_CONTEXT ( ( #584 ) ) GLOBAL_UNIT_ASSIGNED_CONTEXT ( ( #2212, #454, #2232 ) ) REPRESENTATION_CONTEXT ( 'NONE', 'WORKASPACE' ) );
#642 = DIRECTION ( 'NONE',  ( 0.0000000000000000000, -0.8005668113187032200, -0.5992435069443837700 ) ) ;
#643 = FACE_BOUND ( 'NONE', #21, .T. ) ;
#644 = ADVANCED_FACE ( 'NONE', ( #493 ), #1660, .T. ) ;
#645 = ORIENTED_EDGE ( 'NONE', *, *, #1197, .F. ) ;
#646 = ADVANCED_FACE ( 'NONE', ( #194 ), #324, .F. ) ;
#647 = DIRECTION ( 'NONE',  ( -1.000000000000000000, 0.0000000000000000000, 0.0000000000000000000 ) ) ;
#648 = DIRECTION ( 'NONE',  ( -0.0000000000000000000, -0.0000000000000000000, -1.000000000000000000 ) ) ;
#649 = ORIENTED_EDGE ( 'NONE', *, *, #1201, .F. ) ;
#650 = EDGE_CURVE ( 'NONE', #1967, #413, #1312, .T. ) ;
#651 = DIRECTION ( 'NONE',  ( -1.000000000000000000, 0.0000000000000000000, 0.0000000000000000000 ) ) ;
#652 = PRODUCT_DEFINITION ( 'UNKNOWN', '', #491, #851 ) ;
#653 = CYLINDRICAL_SURFACE ( 'NONE', #2059, 0.08700000000000002200 ) ;
#654 = CARTESIAN_POINT ( 'NONE',  ( 0.06199999999999997900, 0.03200000000000001500, 0.0000000000000000000 ) ) ;
#655 = FACE_OUTER_BOUND ( 'NONE', #1101, .T. ) ;
#656 = CARTESIAN_POINT ( 'NONE',  ( 0.04599999999999997800, 0.01600000000000000000, 0.0000000000000000000 ) ) ;
#657 = FACE_OUTER_BOUND ( 'NONE', #1366, .T. ) ;
#658 = ORIENTED_EDGE ( 'NONE', *, *, #1960, .T. ) ;
#659 = DIRECTION ( 'NONE',  ( -2.449212707644754500E-016, 1.000000000000000000, -0.0000000000000000000 ) ) ;
#660 = EDGE_CURVE ( 'NONE', #123, #720, #1583, .T. ) ;
#661 = ORIENTED_EDGE ( 'NONE', *, *, #618, .T. ) ;
#662 = ADVANCED_FACE ( 'NONE', ( #68 ), #516, .T. ) ;
#663 = AXIS2_PLACEMENT_3D ( 'NONE', #280, #905, #2195 ) ;
#664 = ORIENTED_EDGE ( 'NONE', *, *, #1247, .F. ) ;
#665 = DIRECTION ( 'NONE',  ( -0.0000000000000000000, -0.0000000000000000000, -1.000000000000000000 ) ) ;
#666 = EDGE_CURVE ( 'NONE', #510, #1412, #682, .T. ) ;
#667 = DIRECTION ( 'NONE',  ( -0.0000000000000000000, -0.0000000000000000000, -1.000000000000000000 ) ) ;
#668 = VERTEX_POINT ( 'NONE', #46 ) ;
#669 = DIRECTION ( 'NONE',  ( -0.0000000000000000000, -0.0000000000000000000, -1.000000000000000000 ) ) ;
#670 = ADVANCED_FACE ( 'NONE', ( #100 ), #1694, .T. ) ;
#671 = ORIENTED_EDGE ( 'NONE', *, *, #591, .T. ) ;
#672 = ORIENTED_EDGE ( 'NONE', *, *, #1486, .T. ) ;
#673 = DIMENSIONAL_EXPONENTS ( 1.000000000000000000, 0.0000000000000000000, 0.0000000000000000000, 0.0000000000000000000, 0.0000000000000000000, 0.0000000000000000000, 0.0000000000000000000 ) ;
#674 = EDGE_CURVE ( 'NONE', #964, #2030, #1365, .T. ) ;
#675 =( NAMED_UNIT ( * ) PLANE_ANGLE_UNIT ( ) SI_UNIT ( $, .RADIAN. ) );
#676 = ORIENTED_EDGE ( 'NONE', *, *, #200, .T. ) ;
#677 = DIRECTION ( 'NONE',  ( -0.0000000000000000000, -0.0000000000000000000, -1.000000000000000000 ) ) ;
#678 = AXIS2_PLACEMENT_3D ( 'NONE', #1914, #258, #1924 ) ;
#679 = EDGE_CURVE ( 'NONE', #20, #668, #1604, .T. ) ;
#680 = CARTESIAN_POINT ( 'NONE',  ( -0.06426662311535233400, 0.1503613507447880100, 0.1600000000000000000 ) ) ;
#681 = VECTOR ( 'NONE', #711, 39.37007874015748100 ) ;
#682 = CIRCLE ( 'NONE', #132, 0.1030000000000000400 ) ;
#683 = ORIENTED_EDGE ( 'NONE', *, *, #272, .F. ) ;
#684 = DIRECTION ( 'NONE',  ( -1.000000000000000000, 0.0000000000000000000, 0.0000000000000000000 ) ) ;
#685 = SURFACE_STYLE_FILL_AREA ( #1143 ) ;
#686 = LINE ( 'NONE', #926, #1581 ) ;
#687 = ORIENTED_EDGE ( 'NONE', *, *, #766, .T. ) ;
#688 = LINE ( 'NONE', #1469, #2245 ) ;
#689 = ORIENTED_EDGE ( 'NONE', *, *, #1349, .F. ) ;
#690 = DIMENSIONAL_EXPONENTS ( 1.000000000000000000, 0.0000000000000000000, 0.0000000000000000000, 0.0000000000000000000, 0.0000000000000000000, 0.0000000000000000000, 0.0000000000000000000 ) ;
#691 = ORIENTED_EDGE ( 'NONE', *, *, #995, .T. ) ;
#692 = ORIENTED_EDGE ( 'NONE', *, *, #977, .F. ) ;
#693 = DIRECTION ( 'NONE',  ( -1.000000000000000000, 0.0000000000000000000, 0.0000000000000000000 ) ) ;
#694 = VERTEX_POINT ( 'NONE', #380 ) ;
#695 =( GEOMETRIC_REPRESENTATION_CONTEXT ( 3 ) GLOBAL_UNCERTAINTY_ASSIGNED_CONTEXT ( ( #1112 ) ) GLOBAL_UNIT_ASSIGNED_CONTEXT ( ( #1066, #417, #1781 ) ) REPRESENTATION_CONTEXT ( 'NONE', 'WORKASPACE' ) );
#696 = EDGE_CURVE ( 'NONE', #297, #2224, #837, .T. ) ;
#697 = DIRECTION ( 'NONE',  ( -1.000000000000000000, -2.449212707644754500E-016, 0.0000000000000000000 ) ) ;
#698 = FACE_OUTER_BOUND ( 'NONE', #349, .T. ) ;
#699 = CARTESIAN_POINT ( 'NONE',  ( -0.07039997859344329600, 0.2751103617969754600, 0.1600000000000000000 ) ) ;
#700 = ADVANCED_FACE ( 'NONE', ( #902 ), #489, .T. ) ;
#701 = ORIENTED_EDGE ( 'NONE', *, *, #395, .F. ) ;
#702 = DIRECTION ( 'NONE',  ( 0.7485240438050501100, -0.6631076502693477000, 0.0000000000000000000 ) ) ;
#703 = ORIENTED_EDGE ( 'NONE', *, *, #317, .F. ) ;
#704 = EDGE_CURVE ( 'NONE', #2200, #2103, #758, .T. ) ;
#705 = CIRCLE ( 'NONE', #866, 0.1029999999999999700 ) ;
#706 = AXIS2_PLACEMENT_3D ( 'NONE', #437, #412, #1410 ) ;
#707 = EDGE_CURVE ( 'NONE', #383, #2103, #550, .T. ) ;
#708 = ADVANCED_FACE ( 'NONE', ( #883 ), #131, .T. ) ;
#709 = DIRECTION ( 'NONE',  ( -0.0000000000000000000, -0.0000000000000000000, -1.000000000000000000 ) ) ;
#710 = ORIENTED_EDGE ( 'NONE', *, *, #320, .F. ) ;
#711 = DIRECTION ( 'NONE',  ( -0.7485240438050501100, -0.6631076502693477000, 0.0000000000000000000 ) ) ;
#712 = VECTOR ( 'NONE', #1050, 39.37007874015748100 ) ;
#713 = ORIENTED_EDGE ( 'NONE', *, *, #734, .T. ) ;
#714 = FACE_OUTER_BOUND ( 'NONE', #1132, .T. ) ;
#715 = PRESENTATION_LAYER_ASSIGNMENT (  '', '', ( #115 ) ) ;
#716 = EDGE_LOOP ( 'NONE', ( #283, #710, #507, #148, #1302 ) ) ;
#717 = ADVANCED_FACE ( 'NONE', ( #1862 ), #1833, .T. ) ;
#718 = DIRECTION ( 'NONE',  ( 0.0000000000000000000, 0.0000000000000000000, 1.000000000000000000 ) ) ;
#719 = ORIENTED_EDGE ( 'NONE', *, *, #2096, .F. ) ;
#720 = VERTEX_POINT ( 'NONE', #764 ) ;
#721 = VERTEX_POINT ( 'NONE', #1478 ) ;
#722 = DIRECTION ( 'NONE',  ( 1.000000000000000000, 0.0000000000000000000, 0.0000000000000000000 ) ) ;
#723 = CARTESIAN_POINT ( 'NONE',  ( 0.06150000000000000600, 0.2530000000000000000, 0.1600000000000000000 ) ) ;
#724 = ADVANCED_FACE ( 'NONE', ( #2247 ), #1439, .F. ) ;
#725 = CARTESIAN_POINT ( 'NONE',  ( 0.04599999999999999200, 0.03200000000000000100, 0.0000000000000000000 ) ) ;
#726 = CIRCLE ( 'NONE', #2254, 0.03200000000000000800 ) ;
#727 = PLANE ( 'NONE',  #779 ) ;
#728 = LINE ( 'NONE', #263, #360 ) ;
#729 = EDGE_CURVE ( 'NONE', #1412, #1150, #860, .T. ) ;
#730 = FACE_OUTER_BOUND ( 'NONE', #72, .T. ) ;
#731 = CARTESIAN_POINT ( 'NONE',  ( 3.317300593186675700E-033, -1.280553747030123400E-017, 0.09850000000000000400 ) ) ;
#732 = LINE ( 'NONE', #149, #1474 ) ;
#733 = ORIENTED_EDGE ( 'NONE', *, *, #1980, .T. ) ;
#734 = EDGE_CURVE ( 'NONE', #1329, #1317, #2165, .T. ) ;
#735 = FACE_OUTER_BOUND ( 'NONE', #1600, .T. ) ;
#736 = CYLINDRICAL_SURFACE ( 'NONE', #2225, 0.01599999999999999700 ) ;
#737 = CARTESIAN_POINT ( 'NONE',  ( -0.01040861369491943200, 0.1950000000000000100, 0.09711169164449882900 ) ) ;
#738 = CARTESIAN_POINT ( 'NONE',  ( -0.08052361529911919400, 0.2866097224043095400, 0.1600000000000000000 ) ) ;
#739 = ADVANCED_FACE ( 'NONE', ( #2054 ), #597, .F. ) ;
#740 = ORIENTED_EDGE ( 'NONE', *, *, #1237, .T. ) ;
#741 = DIRECTION ( 'NONE',  ( -0.4688879161621321000, -0.5292864272557269400, 0.7071067811865484600 ) ) ;
#742 = ORIENTED_EDGE ( 'NONE', *, *, #707, .T. ) ;
#743 = EDGE_CURVE ( 'NONE', #818, #2014, #340, .T. ) ;
#744 = CARTESIAN_POINT ( 'NONE',  ( -0.09349999999999998600, 0.2530000000000000000, 0.1600000000000000000 ) ) ;
#745 = VERTEX_POINT ( 'NONE', #2087 ) ;
#746 = EDGE_CURVE ( 'NONE', #810, #1276, #596, .T. ) ;
#747 = DIRECTION ( 'NONE',  ( 1.000000000000000000, 0.0000000000000000000, 0.0000000000000000000 ) ) ;
#748 = ORIENTED_EDGE ( 'NONE', *, *, #1227, .F. ) ;
#749 = DIRECTION ( 'NONE',  ( -0.7485240438050501100, 0.6631076502693477000, 0.0000000000000000000 ) ) ;
#750 = CARTESIAN_POINT ( 'NONE',  ( -0.06426662311535233400, 0.1503613507447880100, 0.1600000000000000000 ) ) ;
#751 = ORIENTED_EDGE ( 'NONE', *, *, #532, .F. ) ;
#752 = DIRECTION ( 'NONE',  ( 0.0000000000000000000, 0.0000000000000000000, 1.000000000000000000 ) ) ;
#753 = CYLINDRICAL_SURFACE ( 'NONE', #1949, 0.03199999999999999400 ) ;
#754 = LINE ( 'NONE', #108, #391 ) ;
#755 = ORIENTED_EDGE ( 'NONE', *, *, #1284, .F. ) ;
#756 = CARTESIAN_POINT ( 'NONE',  ( -0.04599999999999998500, 8.537024980200822600E-018, 0.1970000000000000100 ) ) ;
#757 = EDGE_CURVE ( 'NONE', #1268, #1291, #1733, .T. ) ;
#758 = CIRCLE ( 'NONE', #178, 0.1029999999999999700 ) ;
#759 = ORIENTED_EDGE ( 'NONE', *, *, #1310, .T. ) ;
#760 = CARTESIAN_POINT ( 'NONE',  ( -0.07952909395698569400, 0.2452016806722688600, 0.1600000000000000000 ) ) ;
#761 = ORIENTED_EDGE ( 'NONE', *, *, #1858, .F. ) ;
#762 = ORIENTED_EDGE ( 'NONE', *, *, #559, .T. ) ;
#763 = EDGE_LOOP ( 'NONE', ( #1039, #2128, #616, #1698 ) ) ;
#764 = CARTESIAN_POINT ( 'NONE',  ( 0.07799999999999995800, 0.1421519439852087800, 0.0000000000000000000 ) ) ;
#765 = CARTESIAN_POINT ( 'NONE',  ( -0.07952909395698569400, 0.2452016806722688600, 0.1600000000000000000 ) ) ;
#766 = EDGE_CURVE ( 'NONE', #1052, #721, #732, .T. ) ;
#767 = PRESENTATION_STYLE_ASSIGNMENT (( #1194 ) ) ;
#768 = ORIENTED_EDGE ( 'NONE', *, *, #881, .F. ) ;
#769 = EDGE_CURVE ( 'NONE', #408, #1605, #1257, .T. ) ;
#770 = ORIENTED_EDGE ( 'NONE', *, *, #1227, .T. ) ;
#771 = CARTESIAN_POINT ( 'NONE',  ( 0.01040861369491943200, 0.1950000000000000100, 0.1600000000000000000 ) ) ;
#772 = LINE ( 'NONE', #1882, #2191 ) ;
#773 = CARTESIAN_POINT ( 'NONE',  ( 0.08999999999999999700, 0.2009999999999999800, 0.08800728356649475900 ) ) ;
#774 = LINE ( 'NONE', #1831, #629 ) ;
#775 = CIRCLE ( 'NONE', #1211, 0.03199999999999999400 ) ;
#776 = CARTESIAN_POINT ( 'NONE',  ( -0.06954723059823836300, 0.2742194448086190900, 0.006447054642753549000 ) ) ;
#777 = FACE_OUTER_BOUND ( 'NONE', #1588, .T. ) ;
#778 = PLANE ( 'NONE',  #1084 ) ;
#779 = AXIS2_PLACEMENT_3D ( 'NONE', #1042, #1755, #1897 ) ;
#780 = EDGE_CURVE ( 'NONE', #1385, #413, #1994, .T. ) ;
#781 = VECTOR ( 'NONE', #511, 39.37007874015748100 ) ;
#782 = VERTEX_POINT ( 'NONE', #1264 ) ;
#783 = AXIS2_PLACEMENT_3D ( 'NONE', #1770, #1360, #1644 ) ;
#784 = DIRECTION ( 'NONE',  ( -1.000000000000000000, 0.0000000000000000000, 0.0000000000000000000 ) ) ;
#785 = CARTESIAN_POINT ( 'NONE',  ( 0.06150000000000000600, 0.2530000000000000000, 0.0000000000000000000 ) ) ;
#786 = LINE ( 'NONE', #139, #712 ) ;
#787 = VERTEX_POINT ( 'NONE', #699 ) ;
#788 = AXIS2_PLACEMENT_3D ( 'NONE', #1738, #1556, #807 ) ;
#789 = LINE ( 'NONE', #968, #580 ) ;
#790 = ORIENTED_EDGE ( 'NONE', *, *, #2044, .T. ) ;
#791 = ADVANCED_FACE ( 'NONE', ( #416 ), #476, .T. ) ;
#792 = VERTEX_POINT ( 'NONE', #2083 ) ;
#793 = CARTESIAN_POINT ( 'NONE',  ( -3.918740332231604000E-018, 0.01599999999999998600, 0.09850000000000000400 ) ) ;
#794 = EDGE_LOOP ( 'NONE', ( #1566, #664, #1597 ) ) ;
#795 = DIRECTION ( 'NONE',  ( 1.000000000000000000, 0.0000000000000000000, 0.0000000000000000000 ) ) ;
#796 = CARTESIAN_POINT ( 'NONE',  ( 0.01040861369491943200, 0.1950000000000000100, 0.1600000000000000000 ) ) ;
#797 = CARTESIAN_POINT ( 'NONE',  ( 0.09165356120144499400, 0.2750445295087901000, 0.1752764726786233400 ) ) ;
#798 = AXIS2_PLACEMENT_3D ( 'NONE', #1892, #1729, #1716 ) ;
#799 = ORIENTED_EDGE ( 'NONE', *, *, #636, .T. ) ;
#800 = EDGE_CURVE ( 'NONE', #253, #1458, #1313, .T. ) ;
#801 = ORIENTED_EDGE ( 'NONE', *, *, #422, .F. ) ;
#802 = DIRECTION ( 'NONE',  ( 1.000000000000000000, 0.0000000000000000000, 0.0000000000000000000 ) ) ;
#803 = CIRCLE ( 'NONE', #1799, 0.1029999999999999800 ) ;
#804 = DIRECTION ( 'NONE',  ( -1.000000000000000000, 0.0000000000000000000, 0.0000000000000000000 ) ) ;
#805 = LINE ( 'NONE', #1638, #882 ) ;
#806 = LINE ( 'NONE', #334, #197 ) ;
#807 = DIRECTION ( 'NONE',  ( 1.000000000000000000, 0.0000000000000000000, 0.0000000000000000000 ) ) ;
#808 = AXIS2_PLACEMENT_3D ( 'NONE', #347, #47, #1453 ) ;
#809 = CYLINDRICAL_SURFACE ( 'NONE', #564, 0.03200000000000002100 ) ;
#810 = VERTEX_POINT ( 'NONE', #1471 ) ;
#811 = EDGE_CURVE ( 'NONE', #551, #1115, #576, .T. ) ;
#812 = DIRECTION ( 'NONE',  ( -0.0000000000000000000, -0.0000000000000000000, -1.000000000000000000 ) ) ;
#813 = LINE ( 'NONE', #1957, #2143 ) ;
#814 = FACE_OUTER_BOUND ( 'NONE', #538, .T. ) ;
#815 = AXIS2_PLACEMENT_3D ( 'NONE', #1488, #1623, #1801 ) ;
#816 = DIRECTION ( 'NONE',  ( 0.6631076502693469300, 0.7485240438050505500, 0.0000000000000000000 ) ) ;
#817 = EDGE_CURVE ( 'NONE', #720, #1291, #625, .T. ) ;
#818 = VERTEX_POINT ( 'NONE', #1243 ) ;
#819 = ORIENTED_EDGE ( 'NONE', *, *, #1829, .F. ) ;
#820 = CARTESIAN_POINT ( 'NONE',  ( 0.09208308585301006000, 0.2067135563149951600, 0.08112825891226785300 ) ) ;
#821 = CARTESIAN_POINT ( 'NONE',  ( 0.08052361529911919400, 0.2866097224043095400, 0.1970000000000000100 ) ) ;
#822 = ORIENTED_EDGE ( 'NONE', *, *, #956, .F. ) ;
#823 = AXIS2_PLACEMENT_3D ( 'NONE', #2022, #1292, #1954 ) ;
#824 = PLANE ( 'NONE',  #1480 ) ;
#825 = ORIENTED_EDGE ( 'NONE', *, *, #769, .F. ) ;
#826 = ORIENTED_EDGE ( 'NONE', *, *, #1800, .F. ) ;
#827 = AXIS2_PLACEMENT_3D ( 'NONE', #1220, #393, #935 ) ;
#828 = DIRECTION ( 'NONE',  ( -1.000000000000000000, 0.0000000000000000000, 0.0000000000000000000 ) ) ;
#829 = DIRECTION ( 'NONE',  ( -0.0000000000000000000, -0.0000000000000000000, -1.000000000000000000 ) ) ;
#830 = CIRCLE ( 'NONE', #1565, 0.08699999999999999400 ) ;
#831 = LINE ( 'NONE', #319, #1602 ) ;
#832 = CARTESIAN_POINT ( 'NONE',  ( -0.09259138630508059700, 0.1950000000000000100, 0.1600000000000000000 ) ) ;
#833 = ADVANCED_FACE ( 'NONE', ( #252 ), #1230, .F. ) ;
#834 = FACE_OUTER_BOUND ( 'NONE', #1405, .T. ) ;
#835 = CARTESIAN_POINT ( 'NONE',  ( 0.01040861369491943200, 0.1950000000000000100, 0.0000000000000000000 ) ) ;
#836 = DIRECTION ( 'NONE',  ( 1.000000000000000000, 0.0000000000000000000, -0.0000000000000000000 ) ) ;
#837 = LINE ( 'NONE', #1463, #781 ) ;
#838 = LINE ( 'NONE', #1304, #308 ) ;
#839 =( BOUNDED_CURVE ( )  B_SPLINE_CURVE ( 3, ( #2207, #604, #291, #939 ),
 .UNSPECIFIED., .F., .F. ) 
 B_SPLINE_CURVE_WITH_KNOTS ( ( 4, 4 ),
 ( 1.367937396002692400, 1.570796326794895400 ),
 .UNSPECIFIED. ) 
 CURVE ( )  GEOMETRIC_REPRESENTATION_ITEM ( )  RATIONAL_B_SPLINE_CURVE ( ( 1.000000000000000000, 0.9965736268872280600, 0.9965736268872280600, 1.000000000000000000 ) ) 
 REPRESENTATION_ITEM ( '' )  );
#840 = EDGE_CURVE ( 'NONE', #431, #1944, #686, .T. ) ;
#841 = LINE ( 'NONE', #579, #401 ) ;
#842 = CARTESIAN_POINT ( 'NONE',  ( 0.1900000000000000300, 0.2249999999999999800, 0.09711169164449882900 ) ) ;
#843 = VECTOR ( 'NONE', #1926, 39.37007874015748100 ) ;
#844 = CARTESIAN_POINT ( 'NONE',  ( 0.06954723059823834900, 0.2742194448086190900, 0.1600000000000000000 ) ) ;
#845 = ADVANCED_FACE ( 'NONE', ( #1472 ), #873, .T. ) ;
#846 = EDGE_CURVE ( 'NONE', #295, #1561, #1444, .T. ) ;
#847 = ORIENTED_EDGE ( 'NONE', *, *, #1032, .F. ) ;
#848 = CARTESIAN_POINT ( 'NONE',  ( 0.09100637533530235600, 0.1769999999999999900, 0.1071116916444988200 ) ) ;
#849 = ADVANCED_FACE ( 'NONE', ( #1363 ), #1864, .T. ) ;
#850 = ORIENTED_EDGE ( 'NONE', *, *, #1021, .F. ) ;
#851 = PRODUCT_DEFINITION_CONTEXT ( 'detailed design', #508, 'design' ) ;
#852 = CARTESIAN_POINT ( 'NONE',  ( -0.01040861369491943200, 0.1950000000000000100, 0.1600000000000000000 ) ) ;
#853 = EDGE_CURVE ( 'NONE', #1537, #1917, #446, .T. ) ;
#854 = VERTEX_POINT ( 'NONE', #2092 ) ;
#855 = DIRECTION ( 'NONE',  ( -0.0000000000000000000, -0.0000000000000000000, -1.000000000000000000 ) ) ;
#856 = EDGE_CURVE ( 'NONE', #721, #297, #2114, .T. ) ;
#857 = ADVANCED_FACE ( 'NONE', ( #735 ), #1172, .T. ) ;
#858 = CARTESIAN_POINT ( 'NONE',  ( -0.07799999999999997200, 0.03199999999999997300, 0.1600000000000000000 ) ) ;
#859 = CIRCLE ( 'NONE', #823, 0.08700000000000002200 ) ;
#860 = CIRCLE ( 'NONE', #212, 0.1030000000000000400 ) ;
#861 = DIRECTION ( 'NONE',  ( -1.000000000000000000, 0.0000000000000000000, 0.0000000000000000000 ) ) ;
#862 = VECTOR ( 'NONE', #2175, 39.37007874015748100 ) ;
#863 = CARTESIAN_POINT ( 'NONE',  ( -0.09249999999999999900, 0.2759999999999999700, 0.1600000000000000000 ) ) ;
#864 = VECTOR ( 'NONE', #752, 39.37007874015748100 ) ;
#865 = CARTESIAN_POINT ( 'NONE',  ( 0.1900000000000000300, 0.1769999999999999900, 0.1071116916444988200 ) ) ;
#866 = AXIS2_PLACEMENT_3D ( 'NONE', #959, #269, #455 ) ;
#867 = ORIENTED_EDGE ( 'NONE', *, *, #575, .F. ) ;
#868 = ORIENTED_EDGE ( 'NONE', *, *, #877, .F. ) ;
#869 = EDGE_LOOP ( 'NONE', ( #345, #1063, #748, #1490, #687 ) ) ;
#870 = EDGE_CURVE ( 'NONE', #239, #1564, #1577, .T. ) ;
#871 = CARTESIAN_POINT ( 'NONE',  ( 0.09241648051850692700, 0.2009999999999999800, 0.08800728356649475900 ) ) ;
#872 = ORIENTED_EDGE ( 'NONE', *, *, #514, .T. ) ;
#873 = PLANE ( 'NONE',  #2223 ) ;
#874 = ORIENTED_EDGE ( 'NONE', *, *, #769, .T. ) ;
#875 = ORIENTED_EDGE ( 'NONE', *, *, #2067, .F. ) ;
#876 = CARTESIAN_POINT ( 'NONE',  ( 0.09350000000000002800, 0.2530000000000000000, 0.1600000000000000000 ) ) ;
#877 = EDGE_CURVE ( 'NONE', #694, #1967, #439, .T. ) ;
#878 = FILL_AREA_STYLE_COLOUR ( '', #1573 ) ;
#879 = CIRCLE ( 'NONE', #1674, 0.08699999999999999400 ) ;
#880 = VECTOR ( 'NONE', #1270, 39.37007874015748100 ) ;
#881 = EDGE_CURVE ( 'NONE', #111, #353, #1274, .T. ) ;
#882 = VECTOR ( 'NONE', #2056, 39.37007874015748100 ) ;
#883 = FACE_OUTER_BOUND ( 'NONE', #1869, .T. ) ;
#884 = ADVANCED_FACE ( 'NONE', ( #1359 ), #2206, .T. ) ;
#885 = ORIENTED_EDGE ( 'NONE', *, *, #1160, .F. ) ;
#886 = ORIENTED_EDGE ( 'NONE', *, *, #317, .T. ) ;
#887 = CARTESIAN_POINT ( 'NONE',  ( -0.07800000000000000000, 0.03199999999999997300, 0.0000000000000000000 ) ) ;
#888 = ORIENTED_EDGE ( 'NONE', *, *, #800, .T. ) ;
#889 = EDGE_CURVE ( 'NONE', #1005, #792, #158, .T. ) ;
#890 = CARTESIAN_POINT ( 'NONE',  ( -0.07659138630508059700, 0.1950000000000000100, 0.0000000000000000000 ) ) ;
#891 = ORIENTED_EDGE ( 'NONE', *, *, #1300, .F. ) ;
#892 = EDGE_CURVE ( 'NONE', #1841, #1837, #2189, .T. ) ;
#893 = CARTESIAN_POINT ( 'NONE',  ( -0.08052361529911919400, 0.2866097224043095400, 0.1739999999999998800 ) ) ;
#894 = ORIENTED_EDGE ( 'NONE', *, *, #332, .F. ) ;
#895 = CARTESIAN_POINT ( 'NONE',  ( 0.08999999999999999700, 0.1720411172775232500, 0.07065140832946659200 ) ) ;
#896 = ORIENTED_EDGE ( 'NONE', *, *, #2139, .F. ) ;
#897 = CARTESIAN_POINT ( 'NONE',  ( 0.07800000000000001400, 0.1421519439852088100, 0.0000000000000000000 ) ) ;
#898 =( BOUNDED_CURVE ( )  B_SPLINE_CURVE ( 3, ( #910, #1388, #1267, #1093 ),
 .UNSPECIFIED., .F., .F. ) 
 B_SPLINE_CURVE_WITH_KNOTS ( ( 4, 4 ),
 ( 1.156068423670006100, 1.570796326794893200 ),
 .UNSPECIFIED. ) 
 CURVE ( )  GEOMETRIC_REPRESENTATION_ITEM ( )  RATIONAL_B_SPLINE_CURVE ( ( 1.000000000000000000, 0.9857180176241131500, 0.9857180176241131500, 1.000000000000000000 ) ) 
 REPRESENTATION_ITEM ( '' )  );
#899 = CARTESIAN_POINT ( 'NONE',  ( 0.06200000000000001300, 0.1421519439852088100, 0.0000000000000000000 ) ) ;
#900 = CIRCLE ( 'NONE', #798, 0.03200000000000000800 ) ;
#901 = EDGE_CURVE ( 'NONE', #420, #219, #1423, .T. ) ;
#902 = FACE_OUTER_BOUND ( 'NONE', #1533, .T. ) ;
#903 = FACE_OUTER_BOUND ( 'NONE', #2172, .T. ) ;
#904 = DIRECTION ( 'NONE',  ( -1.000000000000000000, 0.0000000000000000000, 0.0000000000000000000 ) ) ;
#905 = DIRECTION ( 'NONE',  ( -0.0000000000000000000, 0.0000000000000000000, -1.000000000000000000 ) ) ;
#906 = EDGE_LOOP ( 'NONE', ( #825, #689, #1133, #2178 ) ) ;
#907 = ORIENTED_EDGE ( 'NONE', *, *, #1059, .T. ) ;
#908 = DIRECTION ( 'NONE',  ( -1.000000000000000000, -3.100090537248139000E-016, 0.0000000000000000000 ) ) ;
#909 = EDGE_LOOP ( 'NONE', ( #850, #1383, #2, #1737 ) ) ;
#910 = CARTESIAN_POINT ( 'NONE',  ( 0.07826381016023215000, 0.2578845183146912800, -2.032209941077028100E-019 ) ) ;
#911 = FACE_OUTER_BOUND ( 'NONE', #1614, .T. ) ;
#912 = DIRECTION ( 'NONE',  ( -0.6607823546329876200, 0.7505775641502245900, -0.0000000000000000000 ) ) ;
#913 = AXIS2_PLACEMENT_3D ( 'NONE', #1266, #556, #1279 ) ;
#914 = EDGE_CURVE ( 'NONE', #377, #1967, #13, .T. ) ;
#915 = CARTESIAN_POINT ( 'NONE',  ( 0.1900000000000000300, 0.2058967401847958700, 0.09711169164449882900 ) ) ;
#916 = ORIENTED_EDGE ( 'NONE', *, *, #586, .F. ) ;
#917 = ORIENTED_EDGE ( 'NONE', *, *, #881, .T. ) ;
#918 = DIRECTION ( 'NONE',  ( 0.7505775641502240300, -0.6607823546329884000, 0.0000000000000000000 ) ) ;
#919 = ADVANCED_FACE ( 'NONE', ( #1335 ), #496, .T. ) ;
#920 =( BOUNDED_CURVE ( )  B_SPLINE_CURVE ( 3, ( #1254, #224, #2071, #1155 ),
 .UNSPECIFIED., .F., .T. ) 
 B_SPLINE_CURVE_WITH_KNOTS ( ( 4, 4 ),
 ( 4.714852818893619200, 4.789486367227249600 ),
 .UNSPECIFIED. ) 
 CURVE ( )  GEOMETRIC_REPRESENTATION_ITEM ( )  RATIONAL_B_SPLINE_CURVE ( ( 1.000000000000000000, 0.9995358733186551200, 0.9995358733186551200, 1.000000000000000000 ) ) 
 REPRESENTATION_ITEM ( '' )  );
#921 = CIRCLE ( 'NONE', #375, 0.08699999999999999400 ) ;
#922 = DIRECTION ( 'NONE',  ( -0.0000000000000000000, -0.0000000000000000000, -1.000000000000000000 ) ) ;
#923 = FACE_OUTER_BOUND ( 'NONE', #869, .T. ) ;
#924 = PRESENTATION_STYLE_ASSIGNMENT (( #1127 ) ) ;
#925 = VECTOR ( 'NONE', #94, 39.37007874015748100 ) ;
#926 = CARTESIAN_POINT ( 'NONE',  ( -0.06524964328651143600, 0.2692601357700094000, 0.1971148704374124600 ) ) ;
#927 = EDGE_CURVE ( 'NONE', #1009, #1355, #1959, .T. ) ;
#928 = VECTOR ( 'NONE', #1179, 39.37007874015748100 ) ;
#929 = ORIENTED_EDGE ( 'NONE', *, *, #1041, .T. ) ;
#930 = DIRECTION ( 'NONE',  ( -1.000000000000000000, 0.0000000000000000000, -0.0000000000000000000 ) ) ;
#931 = CARTESIAN_POINT ( 'NONE',  ( 0.09127572817090709400, 0.2123796000265061000, 0.07430643862476733800 ) ) ;
#932 = ORIENTED_EDGE ( 'NONE', *, *, #2049, .F. ) ;
#933 = DIRECTION ( 'NONE',  ( -1.000000000000000000, 0.0000000000000000000, 0.0000000000000000000 ) ) ;
#934 = ORIENTED_EDGE ( 'NONE', *, *, #746, .F. ) ;
#935 = DIRECTION ( 'NONE',  ( -1.000000000000000000, 0.0000000000000000000, 0.0000000000000000000 ) ) ;
#936 = DIRECTION ( 'NONE',  ( -1.000000000000000000, 0.0000000000000000000, 0.0000000000000000000 ) ) ;
#937 = EDGE_CURVE ( 'NONE', #1009, #2131, #1374, .T. ) ;
#938 = ORIENTED_EDGE ( 'NONE', *, *, #2133, .F. ) ;
#939 = CARTESIAN_POINT ( 'NONE',  ( -0.06954723059823836300, 0.2742194448086190900, 0.006447054642753549000 ) ) ;
#940 = ORIENTED_EDGE ( 'NONE', *, *, #1030, .F. ) ;
#941 = EDGE_CURVE ( 'NONE', #2200, #408, #1178, .T. ) ;
#942 = DIRECTION ( 'NONE',  ( -1.000000000000000000, 0.0000000000000000000, 0.0000000000000000000 ) ) ;
#943 = DIRECTION ( 'NONE',  ( -1.000000000000000000, 0.0000000000000000000, 0.0000000000000000000 ) ) ;
#944 = ORIENTED_EDGE ( 'NONE', *, *, #639, .T. ) ;
#945 = ORIENTED_EDGE ( 'NONE', *, *, #361, .T. ) ;
#946 = DIRECTION ( 'NONE',  ( 1.000000000000000000, 0.0000000000000000000, -0.0000000000000000000 ) ) ;
#947 = PLANE ( 'NONE',  #1485 ) ;
#948 = VECTOR ( 'NONE', #2028, 39.37007874015748900 ) ;
#949 = SURFACE_SIDE_STYLE ('',( #492 ) ) ;
#950 = SHAPE_REPRESENTATION_RELATIONSHIP ( 'NONE' , 'NONE' ,  #2177, #1780 ) ;
#951 = EDGE_CURVE ( 'NONE', #1089, #20, #1932, .T. ) ;
#952 = CARTESIAN_POINT ( 'NONE',  ( 0.09350000000000002800, 0.2530000000000000000, 0.1600000000000000000 ) ) ;
#953 = CIRCLE ( 'NONE', #1646, 0.1029999999999999900 ) ;
#954 = FACE_OUTER_BOUND ( 'NONE', #529, .T. ) ;
#955 = ORIENTED_EDGE ( 'NONE', *, *, #1056, .T. ) ;
#956 = EDGE_CURVE ( 'NONE', #1317, #2200, #1810, .T. ) ;
#957 = CARTESIAN_POINT ( 'NONE',  ( 0.08999999999999999700, 0.2249999999999999800, 0.1071116916444988200 ) ) ;
#958 = ORIENTED_EDGE ( 'NONE', *, *, #449, .T. ) ;
#959 = CARTESIAN_POINT ( 'NONE',  ( -0.1420083898862316600, 0.2010749957066882700, 0.1970000000000000100 ) ) ;
#960 = DIRECTION ( 'NONE',  ( -0.0000000000000000000, 0.0000000000000000000, -1.000000000000000000 ) ) ;
#961 = LINE ( 'NONE', #6, #2070 ) ;
#962 = DIRECTION ( 'NONE',  ( 0.7485240438050501100, -0.6631076502693475900, 0.0000000000000000000 ) ) ;
#963 = AXIS2_PLACEMENT_3D ( 'NONE', #1177, #1547, #1689 ) ;
#964 = VERTEX_POINT ( 'NONE', #592 ) ;
#965 = ORIENTED_EDGE ( 'NONE', *, *, #1675, .F. ) ;
#966 = DIRECTION ( 'NONE',  ( -0.0000000000000000000, -0.0000000000000000000, -1.000000000000000000 ) ) ;
#967 = VECTOR ( 'NONE', #479, 39.37007874015748100 ) ;
#968 = CARTESIAN_POINT ( 'NONE',  ( 0.08999999999999999700, 0.2249999999999999800, 0.09711169164449882900 ) ) ;
#969 = VECTOR ( 'NONE', #702, 39.37007874015748100 ) ;
#970 = CARTESIAN_POINT ( 'NONE',  ( 0.06954723059823832200, 0.2742194448086190900, 0.006447054642753484800 ) ) ;
#971 = LINE ( 'NONE', #210, #63 ) ;
#972 = FACE_OUTER_BOUND ( 'NONE', #716, .T. ) ;
#973 = VERTEX_POINT ( 'NONE', #623 ) ;
#974 = CARTESIAN_POINT ( 'NONE',  ( -0.06199999999999997900, 0.03199999999999998000, 0.0000000000000000000 ) ) ;
#975 = LINE ( 'NONE', #1321, #1448 ) ;
#976 = ORIENTED_EDGE ( 'NONE', *, *, #1675, .T. ) ;
#977 = EDGE_CURVE ( 'NONE', #810, #973, #1073, .T. ) ;
#978 = ORIENTED_EDGE ( 'NONE', *, *, #1962, .F. ) ;
#979 = EDGE_LOOP ( 'NONE', ( #16, #1631, #733, #1899 ) ) ;
#980 = DIRECTION ( 'NONE',  ( 0.7485240438050507800, -0.6631076502693469300, 0.0000000000000000000 ) ) ;
#981 = PLANE ( 'NONE',  #663 ) ;
#982 = EDGE_CURVE ( 'NONE', #1967, #1837, #1422, .T. ) ;
#983 = ORIENTED_EDGE ( 'NONE', *, *, #1059, .F. ) ;
#984 = DIRECTION ( 'NONE',  ( 0.0000000000000000000, 0.0000000000000000000, 1.000000000000000000 ) ) ;
#985 = ADVANCED_FACE ( 'NONE', ( #364 ), #627, .T. ) ;
#986 = ORIENTED_EDGE ( 'NONE', *, *, #506, .T. ) ;
#987 = DIRECTION ( 'NONE',  ( -0.0000000000000000000, -0.0000000000000000000, -1.000000000000000000 ) ) ;
#988 = CARTESIAN_POINT ( 'NONE',  ( 0.1420083898862316600, 0.2010749957066882700, 0.1600000000000000000 ) ) ;
#989 = ORIENTED_EDGE ( 'NONE', *, *, #1160, .T. ) ;
#990 = EDGE_CURVE ( 'NONE', #573, #1115, #1529, .T. ) ;
#991 = ADVANCED_FACE ( 'NONE', ( #12 ), #1842, .T. ) ;
#992 = ORIENTED_EDGE ( 'NONE', *, *, #591, .F. ) ;
#993 = CARTESIAN_POINT ( 'NONE',  ( 0.08052361529911919400, 0.2866097224043095400, 0.1600000000000000000 ) ) ;
#994 = ORIENTED_EDGE ( 'NONE', *, *, #532, .T. ) ;
#995 = EDGE_CURVE ( 'NONE', #226, #497, #2218, .T. ) ;
#996 = ADVANCED_FACE ( 'NONE', ( #1778 ), #1826, .T. ) ;
#997 = CYLINDRICAL_SURFACE ( 'NONE', #2121, 0.01599999999999999700 ) ;
#998 = CARTESIAN_POINT ( 'NONE',  ( 0.06426662311535233400, 0.1503613507447880100, 0.0000000000000000000 ) ) ;
#999 = DIRECTION ( 'NONE',  ( -0.0000000000000000000, -0.0000000000000000000, -1.000000000000000000 ) ) ;
#1000 = EDGE_LOOP ( 'NONE', ( #2144, #976, #181, #934, #1031 ) ) ;
#1001 = CARTESIAN_POINT ( 'NONE',  ( -0.08052361529911919400, 0.2866097224043095400, 0.02300000000000017000 ) ) ;
#1002 = LINE ( 'NONE', #230, #2136 ) ;
#1003 = CARTESIAN_POINT ( 'NONE',  ( -0.04600000000000000600, 0.03199999999999997300, 0.0000000000000000000 ) ) ;
#1004 = LINE ( 'NONE', #1502, #2192 ) ;
#1005 = VERTEX_POINT ( 'NONE', #2008 ) ;
#1006 = CARTESIAN_POINT ( 'NONE',  ( 0.04599999999999998500, 8.537024980200822600E-018, 0.1600000000000000000 ) ) ;
#1007 = ORIENTED_EDGE ( 'NONE', *, *, #1893, .T. ) ;
#1008 = AXIS2_PLACEMENT_3D ( 'NONE', #1026, #1728, #24 ) ;
#1009 = VERTEX_POINT ( 'NONE', #895 ) ;
#1010 = EDGE_CURVE ( 'NONE', #551, #2014, #166, .T. ) ;
#1011 = ORIENTED_EDGE ( 'NONE', *, *, #1030, .T. ) ;
#1012 = DIRECTION ( 'NONE',  ( -0.0000000000000000000, 0.6389319776098918400, -0.7692632371220613500 ) ) ;
#1013 = EDGE_LOOP ( 'NONE', ( #1817, #289, #1504, #1163, #519, #661, #691, #989, #568, #355, #917 ) ) ;
#1014 = PLANE ( 'NONE',  #1550 ) ;
#1015 = ORIENTED_EDGE ( 'NONE', *, *, #1838, .F. ) ;
#1016 = CARTESIAN_POINT ( 'NONE',  ( -0.06555818791397131900, 0.2374033613445376800, 0.1600000000000000000 ) ) ;
#1017 = DIRECTION ( 'NONE',  ( -0.0000000000000000000, -0.0000000000000000000, -1.000000000000000000 ) ) ;
#1018 = ORIENTED_EDGE ( 'NONE', *, *, #729, .T. ) ;
#1019 = ORIENTED_EDGE ( 'NONE', *, *, #1201, .T. ) ;
#1020 = DIRECTION ( 'NONE',  ( -0.0000000000000000000, -0.0000000000000000000, -1.000000000000000000 ) ) ;
#1021 = EDGE_CURVE ( 'NONE', #818, #1837, #1124, .T. ) ;
#1022 = EDGE_CURVE ( 'NONE', #602, #123, #1185, .T. ) ;
#1023 = LINE ( 'NONE', #1456, #1285 ) ;
#1024 = ADVANCED_FACE ( 'NONE', ( #923 ), #1232, .T. ) ;
#1025 = CIRCLE ( 'NONE', #788, 0.08699999999999999400 ) ;
#1026 = CARTESIAN_POINT ( 'NONE',  ( 0.01040861369491943200, 0.1950000000000000100, 0.0000000000000000000 ) ) ;
#1027 = VECTOR ( 'NONE', #1012, 39.37007874015748100 ) ;
#1028 = ORIENTED_EDGE ( 'NONE', *, *, #432, .F. ) ;
#1029 = EDGE_LOOP ( 'NONE', ( #566, #759, #152, #1506 ) ) ;
#1030 = EDGE_CURVE ( 'NONE', #111, #1186, #1180, .T. ) ;
#1031 = ORIENTED_EDGE ( 'NONE', *, *, #1187, .F. ) ;
#1032 = EDGE_CURVE ( 'NONE', #383, #524, #137, .T. ) ;
#1033 = EDGE_LOOP ( 'NONE', ( #1326, #2199, #365, #868 ) ) ;
#1034 = CARTESIAN_POINT ( 'NONE',  ( -0.09259138630508059700, 0.1950000000000000100, 0.1600000000000000000 ) ) ;
#1035 = VERTEX_POINT ( 'NONE', #899 ) ;
#1036 = DIRECTION ( 'NONE',  ( -1.000000000000000000, -2.449212707644754000E-016, 0.0000000000000000000 ) ) ;
#1037 = CARTESIAN_POINT ( 'NONE',  ( -0.06507892760249918400, 0.2695648331479887900, 0.1970000000000000100 ) ) ;
#1038 = LENGTH_MEASURE_WITH_UNIT ( LENGTH_MEASURE( 0.02539999999999999900 ), #1461 );
#1039 = ORIENTED_EDGE ( 'NONE', *, *, #2246, .F. ) ;
#1040 = AXIS2_PLACEMENT_3D ( 'NONE', #731, #1546, #1036 ) ;
#1041 = EDGE_CURVE ( 'NONE', #1870, #782, #1071, .T. ) ;
#1042 = CARTESIAN_POINT ( 'NONE',  ( 0.1900000000000000300, 0.2249999999999999800, 0.1071116916444988200 ) ) ;
#1043 = ADVANCED_FACE ( 'NONE', ( #1182 ), #433, .T. ) ;
#1044 = ORIENTED_EDGE ( 'NONE', *, *, #320, .T. ) ;
#1045 = EDGE_CURVE ( 'NONE', #1291, #694, #494, .T. ) ;
#1046 = CARTESIAN_POINT ( 'NONE',  ( 0.04599999999999997800, 0.01600000000000000000, 0.0000000000000000000 ) ) ;
#1047 = EDGE_CURVE ( 'NONE', #1164, #620, #2147, .T. ) ;
#1048 = CIRCLE ( 'NONE', #585, 0.1030000000000000400 ) ;
#1049 = CIRCLE ( 'NONE', #5, 0.01599999999999998300 ) ;
#1050 = DIRECTION ( 'NONE',  ( -1.000000000000000000, 3.201384367575319200E-015, 0.0000000000000000000 ) ) ;
#1051 = DIRECTION ( 'NONE',  ( -0.0000000000000000000, -0.0000000000000000000, -1.000000000000000000 ) ) ;
#1052 = VERTEX_POINT ( 'NONE', #1846 ) ;
#1053 = CARTESIAN_POINT ( 'NONE',  ( 0.09201336174660902600, 0.2058967401847958700, 0.09711169164449882900 ) ) ;
#1054 = CARTESIAN_POINT ( 'NONE',  ( 0.09249999999999999900, 0.2759999999999999700, 0.1600000000000000000 ) ) ;
#1055 = ORIENTED_EDGE ( 'NONE', *, *, #1114, .T. ) ;
#1056 = EDGE_CURVE ( 'NONE', #1275, #1499, #1709, .T. ) ;
#1057 = ORIENTED_EDGE ( 'NONE', *, *, #780, .F. ) ;
#1058 = DIRECTION ( 'NONE',  ( -0.8583360552904776300, 0.5130879224737042700, 0.0000000000000000000 ) ) ;
#1059 = EDGE_CURVE ( 'NONE', #720, #30, #1500, .T. ) ;
#1060 = CARTESIAN_POINT ( 'NONE',  ( -0.09165356120144499400, 0.2750445295087901000, 0.1752764726786233100 ) ) ;
#1061 = ORIENTED_EDGE ( 'NONE', *, *, #817, .F. ) ;
#1062 = DIRECTION ( 'NONE',  ( -1.000000000000000000, 0.0000000000000000000, 0.0000000000000000000 ) ) ;
#1063 = ORIENTED_EDGE ( 'NONE', *, *, #696, .T. ) ;
#1064 = PLANE ( 'NONE',  #678 ) ;
#1065 = ORIENTED_EDGE ( 'NONE', *, *, #1169, .F. ) ;
#1066 =( CONVERSION_BASED_UNIT ( 'INCH', #1200 ) LENGTH_UNIT ( ) NAMED_UNIT ( #1865 ) );
#1067 = CARTESIAN_POINT ( 'NONE',  ( 0.08999999999999999700, 0.1720411172775232500, 0.05440806597387085700 ) ) ;
#1068 = DIRECTION ( 'NONE',  ( -1.000000000000000000, 0.0000000000000000000, 0.0000000000000000000 ) ) ;
#1069 = VECTOR ( 'NONE', #39, 39.37007874015748900 ) ;
#1070 = EDGE_CURVE ( 'NONE', #1263, #1375, #1392, .T. ) ;
#1071 = LINE ( 'NONE', #957, #1639 ) ;
#1072 = FACE_OUTER_BOUND ( 'NONE', #1436, .T. ) ;
#1073 = CIRCLE ( 'NONE', #60, 0.1029999999999999800 ) ;
#1074 = ORIENTED_EDGE ( 'NONE', *, *, #477, .F. ) ;
#1075 = DIRECTION ( 'NONE',  ( -1.000000000000000000, 0.0000000000000000000, 0.0000000000000000000 ) ) ;
#1076 = FACE_OUTER_BOUND ( 'NONE', #2076, .T. ) ;
#1077 = ORIENTED_EDGE ( 'NONE', *, *, #734, .F. ) ;
#1078 = DIRECTION ( 'NONE',  ( -0.6631076502693469300, 0.7485240438050505500, 0.0000000000000000000 ) ) ;
#1079 = DIRECTION ( 'NONE',  ( -0.0000000000000000000, -0.0000000000000000000, -1.000000000000000000 ) ) ;
#1080 = EDGE_LOOP ( 'NONE', ( #1921, #916, #1736, #369 ) ) ;
#1081 = DIRECTION ( 'NONE',  ( -0.0000000000000000000, -0.0000000000000000000, -1.000000000000000000 ) ) ;
#1082 = EDGE_LOOP ( 'NONE', ( #423, #761, #1744 ) ) ;
#1083 = CARTESIAN_POINT ( 'NONE',  ( -0.07039997859344329600, 0.2751103617969754600, 0.1970000000000000100 ) ) ;
#1084 = AXIS2_PLACEMENT_3D ( 'NONE', #2182, #398, #595 ) ;
#1085 = EDGE_CURVE ( 'NONE', #30, #253, #526, .T. ) ;
#1086 = DIRECTION ( 'NONE',  ( -0.7505775641502245900, -0.6607823546329877300, 0.0000000000000000000 ) ) ;
#1087 = EDGE_CURVE ( 'NONE', #282, #2014, #806, .T. ) ;
#1088 = PLANE ( 'NONE',  #783 ) ;
#1089 = VERTEX_POINT ( 'NONE', #204 ) ;
#1090 = ORIENTED_EDGE ( 'NONE', *, *, #982, .T. ) ;
#1091 = EDGE_LOOP ( 'NONE', ( #944, #742, #2181, #1473, #874, #658, #755 ) ) ;
#1092 = DIRECTION ( 'NONE',  ( 3.100090537248139400E-016, -1.000000000000000000, 0.0000000000000000000 ) ) ;
#1093 = CARTESIAN_POINT ( 'NONE',  ( 0.08152361529911916800, 0.2636097224043095200, 0.006447054642753531600 ) ) ;
#1094 = EDGE_CURVE ( 'NONE', #1385, #1268, #281, .T. ) ;
#1095 = FILL_AREA_STYLE_COLOUR ( '', #275 ) ;
#1096 = CIRCLE ( 'NONE', #1438, 0.03200000000000000800 ) ;
#1097 = VECTOR ( 'NONE', #2002, 39.37007874015748100 ) ;
#1098 = ORIENTED_EDGE ( 'NONE', *, *, #982, .F. ) ;
#1099 = EDGE_CURVE ( 'NONE', #413, #818, #303, .T. ) ;
#1100 = VECTOR ( 'NONE', #1586, 39.37007874015748100 ) ;
#1101 = EDGE_LOOP ( 'NONE', ( #1977, #2171, #2073, #701 ) ) ;
#1102 = CARTESIAN_POINT ( 'NONE',  ( 0.09257986136054027800, 0.1871642500508901900, 0.08819785283853287500 ) ) ;
#1103 = FILL_AREA_STYLE ('',( #1095 ) ) ;
#1104 = CIRCLE ( 'NONE', #2034, 0.01599999999999999700 ) ;
#1105 = VERTEX_POINT ( 'NONE', #478 ) ;
#1106 = CARTESIAN_POINT ( 'NONE',  ( 0.09350000000000002800, 0.2530000000000000000, 0.1600000000000000000 ) ) ;
#1107 = ORIENTED_EDGE ( 'NONE', *, *, #1154, .T. ) ;
#1108 = EDGE_LOOP ( 'NONE', ( #649, #1170, #1240, #1330, #1401, #896 ) ) ;
#1109 = CARTESIAN_POINT ( 'NONE',  ( 0.01040861369491943200, 0.1950000000000000100, 0.1600000000000000000 ) ) ;
#1110 = DIRECTION ( 'NONE',  ( -0.0000000000000000000, -0.0000000000000000000, -1.000000000000000000 ) ) ;
#1111 = EDGE_LOOP ( 'NONE', ( #466, #1273, #382, #402, #25 ) ) ;
#1112 = UNCERTAINTY_MEASURE_WITH_UNIT (LENGTH_MEASURE( 1.000000000000000100E-005 ), #1066, 'distance_accuracy_value', 'NONE');
#1113 = DIRECTION ( 'NONE',  ( -1.000000000000000000, -2.548365665731588800E-016, 0.0000000000000000000 ) ) ;
#1114 = EDGE_CURVE ( 'NONE', #668, #344, #2215, .T. ) ;
#1115 = VERTEX_POINT ( 'NONE', #175 ) ;
#1116 = DIRECTION ( 'NONE',  ( 0.0000000000000000000, 0.0000000000000000000, 1.000000000000000000 ) ) ;
#1117 = ORIENTED_EDGE ( 'NONE', *, *, #757, .T. ) ;
#1118 = CARTESIAN_POINT ( 'NONE',  ( -0.04600000000000000600, 0.01599999999999999300, 0.1600000000000000000 ) ) ;
#1119 = ORIENTED_EDGE ( 'NONE', *, *, #951, .T. ) ;
#1120 = DIRECTION ( 'NONE',  ( -0.0000000000000000000, -0.0000000000000000000, -1.000000000000000000 ) ) ;
#1121 = ORIENTED_EDGE ( 'NONE', *, *, #914, .T. ) ;
#1122 = CYLINDRICAL_SURFACE ( 'NONE', #1457, 0.08700000000000002200 ) ;
#1123 = DIRECTION ( 'NONE',  ( 1.000000000000000000, 0.0000000000000000000, 0.0000000000000000000 ) ) ;
#1124 = LINE ( 'NONE', #1713, #1901 ) ;
#1125 = FACE_OUTER_BOUND ( 'NONE', #1786, .T. ) ;
#1126 = EDGE_CURVE ( 'NONE', #459, #1870, #813, .T. ) ;
#1127 = SURFACE_STYLE_USAGE ( .BOTH. , #949 ) ;
#1128 = AXIS2_PLACEMENT_3D ( 'NONE', #378, #464, #1705 ) ;
#1129 = DIRECTION ( 'NONE',  ( -0.0000000000000000000, -0.0000000000000000000, -1.000000000000000000 ) ) ;
#1130 = ORIENTED_EDGE ( 'NONE', *, *, #407, .F. ) ;
#1131 = ORIENTED_EDGE ( 'NONE', *, *, #2067, .T. ) ;
#1132 = EDGE_LOOP ( 'NONE', ( #1404, #475, #2236, #801, #1204 ) ) ;
#1133 = ORIENTED_EDGE ( 'NONE', *, *, #990, .F. ) ;
#1134 = CARTESIAN_POINT ( 'NONE',  ( 0.07952909395698563900, 0.2452016806722689100, 0.1600000000000000000 ) ) ;
#1135 = CARTESIAN_POINT ( 'NONE',  ( -0.07800000000000001400, 0.1421519439852088100, 0.0000000000000000000 ) ) ;
#1136 = EDGE_CURVE ( 'NONE', #1329, #551, #1966, .T. ) ;
#1137 = APPLICATION_PROTOCOL_DEFINITION ( 'draft international standard', 'automotive_design', 1998, #1175 ) ;
#1138 = ORIENTED_EDGE ( 'NONE', *, *, #1402, .F. ) ;
#1139 = EDGE_CURVE ( 'NONE', #1319, #1430, #1399, .T. ) ;
#1140 = ORIENTED_EDGE ( 'NONE', *, *, #2093, .T. ) ;
#1141 = ORIENTED_EDGE ( 'NONE', *, *, #1431, .F. ) ;
#1142 = DIRECTION ( 'NONE',  ( 0.0000000000000000000, 0.0000000000000000000, 1.000000000000000000 ) ) ;
#1143 = FILL_AREA_STYLE ('',( #878 ) ) ;
#1144 = CARTESIAN_POINT ( 'NONE',  ( 0.06426662311535233400, 0.1503613507447880100, 0.1600000000000000000 ) ) ;
#1145 = CARTESIAN_POINT ( 'NONE',  ( -0.06199999999999997900, 0.03199999999999998000, 0.0000000000000000000 ) ) ;
#1146 = FACE_OUTER_BOUND ( 'NONE', #2256, .T. ) ;
#1147 = ADVANCED_FACE ( 'NONE', ( #1076 ), #222, .F. ) ;
#1148 = FACE_OUTER_BOUND ( 'NONE', #450, .T. ) ;
#1149 = VECTOR ( 'NONE', #2106, 39.37007874015748100 ) ;
#1150 = VERTEX_POINT ( 'NONE', #1871 ) ;
#1151 = CARTESIAN_POINT ( 'NONE',  ( 0.08999999999999999700, 0.1720411172775232500, 0.1600000000000000000 ) ) ;
#1152 = ADVANCED_FACE ( 'NONE', ( #1261 ), #606, .F. ) ;
#1153 = VERTEX_POINT ( 'NONE', #2179 ) ;
#1154 = EDGE_CURVE ( 'NONE', #964, #1153, #1692, .T. ) ;
#1155 = CARTESIAN_POINT ( 'NONE',  ( 0.07039997859344331000, 0.2751103617969755100, 0.1893206088510553700 ) ) ;
#1156 = VECTOR ( 'NONE', #1081, 39.37007874015748100 ) ;
#1157 = ORIENTED_EDGE ( 'NONE', *, *, #1982, .T. ) ;
#1158 = ORIENTED_EDGE ( 'NONE', *, *, #78, .T. ) ;
#1159 = CARTESIAN_POINT ( 'NONE',  ( 0.1723050135359048000, 0.1745746474895063500, 0.1970000000000000100 ) ) ;
#1160 = EDGE_CURVE ( 'NONE', #497, #1870, #953, .T. ) ;
#1161 = FACE_OUTER_BOUND ( 'NONE', #1673, .T. ) ;
#1162 = DIRECTION ( 'NONE',  ( -2.449212707644754500E-016, 1.000000000000000000, 0.0000000000000000000 ) ) ;
#1163 = ORIENTED_EDGE ( 'NONE', *, *, #927, .F. ) ;
#1164 = VERTEX_POINT ( 'NONE', #1378 ) ;
#1165 = ADVANCED_FACE ( 'NONE', ( #954 ), #170, .T. ) ;
#1166 = DIRECTION ( 'NONE',  ( 0.0000000000000000000, 0.0000000000000000000, 1.000000000000000000 ) ) ;
#1167 = ORIENTED_EDGE ( 'NONE', *, *, #2104, .F. ) ;
#1168 = DIRECTION ( 'NONE',  ( -1.000000000000000000, 0.0000000000000000000, 0.0000000000000000000 ) ) ;
#1169 = EDGE_CURVE ( 'NONE', #1276, #1839, #518, .T. ) ;
#1170 = ORIENTED_EDGE ( 'NONE', *, *, #1893, .F. ) ;
#1171 = EDGE_CURVE ( 'NONE', #1164, #1905, #1420, .T. ) ;
#1172 = PLANE ( 'NONE',  #215 ) ;
#1173 = ORIENTED_EDGE ( 'NONE', *, *, #674, .F. ) ;
#1174 = DIRECTION ( 'NONE',  ( 0.0000000000000000000, 0.0000000000000000000, 1.000000000000000000 ) ) ;
#1175 = APPLICATION_CONTEXT ( 'automotive_design' ) ;
#1176 = VECTOR ( 'NONE', #912, 39.37007874015748100 ) ;
#1177 = CARTESIAN_POINT ( 'NONE',  ( -0.04599999999999997800, 0.03200000000000001500, 0.1970000000000000100 ) ) ;
#1178 = LINE ( 'NONE', #1685, #419 ) ;
#1179 = DIRECTION ( 'NONE',  ( -1.000000000000000000, 0.0000000000000000000, 0.0000000000000000000 ) ) ;
#1180 = LINE ( 'NONE', #1543, #1895 ) ;
#1181 = EDGE_CURVE ( 'NONE', #2190, #353, #975, .T. ) ;
#1182 = FACE_OUTER_BOUND ( 'NONE', #1645, .T. ) ;
#1183 = ORIENTED_EDGE ( 'NONE', *, *, #1416, .T. ) ;
#1184 = DIRECTION ( 'NONE',  ( 1.000000000000000000, 0.0000000000000000000, 0.0000000000000000000 ) ) ;
#1185 = CIRCLE ( 'NONE', #571, 0.1030000000000000400 ) ;
#1186 = VERTEX_POINT ( 'NONE', #1256 ) ;
#1187 = EDGE_CURVE ( 'NONE', #420, #810, #523, .T. ) ;
#1188 = DIRECTION ( 'NONE',  ( 1.000000000000000000, 0.0000000000000000000, 0.0000000000000000000 ) ) ;
#1189 = FACE_OUTER_BOUND ( 'NONE', #1941, .T. ) ;
#1190 = DIRECTION ( 'NONE',  ( 0.6607823546329877300, -0.7505775641502245900, 0.0000000000000000000 ) ) ;
#1191 = CARTESIAN_POINT ( 'NONE',  ( 0.1900000000000000300, 0.1769999999999999900, 0.09711169164449882900 ) ) ;
#1192 = ORIENTED_EDGE ( 'NONE', *, *, #1354, .F. ) ;
#1193 = DIRECTION ( 'NONE',  ( 0.8583360552904795200, 0.5130879224737012700, 0.0000000000000000000 ) ) ;
#1194 = SURFACE_STYLE_USAGE ( .BOTH. , #1580 ) ;
#1195 = CARTESIAN_POINT ( 'NONE',  ( -0.04600000000000000600, 0.03199999999999997300, 0.1600000000000000000 ) ) ;
#1196 = AXIS2_PLACEMENT_3D ( 'NONE', #1381, #1289, #2042 ) ;
#1197 = EDGE_CURVE ( 'NONE', #377, #1841, #35, .T. ) ;
#1198 = ORIENTED_EDGE ( 'NONE', *, *, #1876, .T. ) ;
#1199 = CARTESIAN_POINT ( 'NONE',  ( 0.08052361529911919400, 0.2866097224043095400, 0.1739999999999998800 ) ) ;
#1200 = LENGTH_MEASURE_WITH_UNIT ( LENGTH_MEASURE( 0.02539999999999999900 ), #427 );
#1201 = EDGE_CURVE ( 'NONE', #792, #174, #1369, .T. ) ;
#1202 = CARTESIAN_POINT ( 'NONE',  ( 0.05500838988623168300, 0.2010749957066882700, 0.1970000000000000100 ) ) ;
#1203 = FACE_OUTER_BOUND ( 'NONE', #582, .T. ) ;
#1204 = ORIENTED_EDGE ( 'NONE', *, *, #707, .F. ) ;
#1205 = DIRECTION ( 'NONE',  ( 1.000000000000000000, 0.0000000000000000000, 0.0000000000000000000 ) ) ;
#1206 = CARTESIAN_POINT ( 'NONE',  ( 0.08152361529911916800, 0.2636097224043095200, 0.1905529453572467600 ) ) ;
#1207 = PLANE ( 'NONE',  #1598 ) ;
#1209 = ORIENTED_EDGE ( 'NONE', *, *, #1910, .F. ) ;
#1208 = CARTESIAN_POINT ( 'NONE',  ( 0.1420083898862316600, 0.2010749957066882700, 0.1970000000000000100 ) ) ;
#1210 = ADVANCED_FACE ( 'NONE', ( #2170 ), #498, .T. ) ;
#1211 = AXIS2_PLACEMENT_3D ( 'NONE', #1767, #1989, #124 ) ;
#1212 = EDGE_CURVE ( 'NONE', #1415, #1150, #1939, .T. ) ;
#1213 = LINE ( 'NONE', #654, #368 ) ;
#1214 = ORIENTED_EDGE ( 'NONE', *, *, #1252, .F. ) ;
#1215 = ORIENTED_EDGE ( 'NONE', *, *, #2064, .F. ) ;
#1216 = EDGE_CURVE ( 'NONE', #295, #1355, #354, .T. ) ;
#1217 = DIRECTION ( 'NONE',  ( 0.6631076502693469300, 0.7485240438050507800, 0.0000000000000000000 ) ) ;
#1218 = EDGE_CURVE ( 'NONE', #1277, #668, #1004, .T. ) ;
#1219 = PLANE ( 'NONE',  #1634 ) ;
#1220 = CARTESIAN_POINT ( 'NONE',  ( 0.1420083898862316600, 0.2010749957066882700, 0.1970000000000000100 ) ) ;
#1221 = ORIENTED_EDGE ( 'NONE', *, *, #1136, .F. ) ;
#1222 = DIRECTION ( 'NONE',  ( 0.0000000000000000000, 0.0000000000000000000, 1.000000000000000000 ) ) ;
#1223 = EDGE_LOOP ( 'NONE', ( #692, #3, #447, #1918, #1684, #457, #286, #888, #140, #1192 ) ) ;
#1224 = CARTESIAN_POINT ( 'NONE',  ( 0.1900000000000000300, 0.2009999999999999800, 0.08800728356649475900 ) ) ;
#1225 = ORIENTED_EDGE ( 'NONE', *, *, #2096, .T. ) ;
#1226 = ORIENTED_EDGE ( 'NONE', *, *, #240, .T. ) ;
#1227 = EDGE_CURVE ( 'NONE', #14, #2224, #127, .T. ) ;
#1228 = FACE_OUTER_BOUND ( 'NONE', #1080, .T. ) ;
#1229 = CARTESIAN_POINT ( 'NONE',  ( 0.06423253153159884400, 0.2400610939623497000, 0.1600000000000000000 ) ) ;
#1230 = CYLINDRICAL_SURFACE ( 'NONE', #1282, 0.08699999999999999400 ) ;
#1231 = VECTOR ( 'NONE', #1855, 39.37007874015748100 ) ;
#1232 = PLANE ( 'NONE',  #634 ) ;
#1233 = ORIENTED_EDGE ( 'NONE', *, *, #1247, .T. ) ;
#1234 = CARTESIAN_POINT ( 'NONE',  ( -0.01040861369491943200, 0.1950000000000000100, 0.1600000000000000000 ) ) ;
#1235 = CARTESIAN_POINT ( 'NONE',  ( 0.06199999999999997900, 0.03200000000000000800, 0.1970000000000000100 ) ) ;
#1236 = ORIENTED_EDGE ( 'NONE', *, *, #1187, .T. ) ;
#1237 = EDGE_CURVE ( 'NONE', #1035, #694, #1213, .T. ) ;
#1238 = ORIENTED_EDGE ( 'NONE', *, *, #1815, .F. ) ;
#1239 = DIRECTION ( 'NONE',  ( -0.0000000000000000000, -0.0000000000000000000, -1.000000000000000000 ) ) ;
#1240 = ORIENTED_EDGE ( 'NONE', *, *, #1337, .T. ) ;
#1241 = AXIS2_PLACEMENT_3D ( 'NONE', #1373, #1656, #1417 ) ;
#1242 = CARTESIAN_POINT ( 'NONE',  ( -0.07952909395698569400, 0.2452016806722688600, 0.0000000000000000000 ) ) ;
#1243 = CARTESIAN_POINT ( 'NONE',  ( -0.04599999999999999200, -2.253275691033173900E-017, 0.0000000000000000000 ) ) ;
#1244 = DIRECTION ( 'NONE',  ( -0.0000000000000000000, -0.0000000000000000000, -1.000000000000000000 ) ) ;
#1245 = AXIS2_PLACEMENT_3D ( 'NONE', #134, #1616, #1068 ) ;
#1246 = EDGE_CURVE ( 'NONE', #1608, #14, #442, .T. ) ;
#1247 = EDGE_CURVE ( 'NONE', #2131, #155, #1667, .T. ) ;
#1248 = DIRECTION ( 'NONE',  ( -0.0000000000000000000, 1.000000000000000000, -0.0000000000000000000 ) ) ;
#1249 = LINE ( 'NONE', #1599, #386 ) ;
#1250 = DIRECTION ( 'NONE',  ( -0.0000000000000000000, -0.0000000000000000000, -1.000000000000000000 ) ) ;
#1251 = CIRCLE ( 'NONE', #244, 0.1030000000000000400 ) ;
#1252 = EDGE_CURVE ( 'NONE', #721, #1105, #193, .T. ) ;
#1253 = CIRCLE ( 'NONE', #118, 0.1030000000000000400 ) ;
#1254 = CARTESIAN_POINT ( 'NONE',  ( 0.06507892760249915600, 0.2695648331479888500, 0.1970000000000000100 ) ) ;
#1255 = VECTOR ( 'NONE', #1930, 39.37007874015748100 ) ;
#1256 = CARTESIAN_POINT ( 'NONE',  ( 0.08999999999999999700, 0.2058967401847958700, 0.09711169164449882900 ) ) ;
#1257 = CIRCLE ( 'NONE', #1927, 0.01599999999999999700 ) ;
#1258 = ORIENTED_EDGE ( 'NONE', *, *, #2133, .T. ) ;
#1259 = CIRCLE ( 'NONE', #1364, 0.03200000000000000800 ) ;
#1260 = DIRECTION ( 'NONE',  ( -0.0000000000000000000, -0.0000000000000000000, -1.000000000000000000 ) ) ;
#1261 = FACE_OUTER_BOUND ( 'NONE', #54, .T. ) ;
#1262 = VERTEX_POINT ( 'NONE', #756 ) ;
#1263 = VERTEX_POINT ( 'NONE', #1607 ) ;
#1264 = CARTESIAN_POINT ( 'NONE',  ( 0.08999999999999999700, 0.1769999999999999900, 0.1071116916444988200 ) ) ;
#1265 = ORIENTED_EDGE ( 'NONE', *, *, #757, .F. ) ;
#1266 = CARTESIAN_POINT ( 'NONE',  ( -0.09349999999999998600, 0.2530000000000000000, 0.0000000000000000000 ) ) ;
#1267 = CARTESIAN_POINT ( 'NONE',  ( 0.08004628901737072300, 0.2619420983888352500, 0.004219171611773008000 ) ) ;
#1268 = VERTEX_POINT ( 'NONE', #1459 ) ;
#1269 = AXIS2_PLACEMENT_3D ( 'NONE', #1208, #1222, #2006 ) ;
#1270 = DIRECTION ( 'NONE',  ( -0.0000000000000000000, -0.0000000000000000000, -1.000000000000000000 ) ) ;
#1271 = CARTESIAN_POINT ( 'NONE',  ( -0.01040861369491943200, 0.1950000000000000100, 0.1600000000000000000 ) ) ;
#1272 = CARTESIAN_POINT ( 'NONE',  ( 0.08999999999999999700, 0.2249999999999999800, 0.09711169164449882900 ) ) ;
#1273 = ORIENTED_EDGE ( 'NONE', *, *, #1337, .F. ) ;
#1274 =( BOUNDED_CURVE ( )  B_SPLINE_CURVE ( 3, ( #327, #1981, #2213, #1884 ),
 .UNSPECIFIED., .F., .T. ) 
 B_SPLINE_CURVE_WITH_KNOTS ( ( 4, 4 ),
 ( 4.818380920354099000, 4.937179107126761200 ),
 .UNSPECIFIED. ) 
 CURVE ( )  GEOMETRIC_REPRESENTATION_ITEM ( )  RATIONAL_B_SPLINE_CURVE ( ( 1.000000000000000000, 0.9988242616544132900, 0.9988242616544132900, 1.000000000000000000 ) ) 
 REPRESENTATION_ITEM ( '' )  );
#1275 = VERTEX_POINT ( 'NONE', #1497 ) ;
#1276 = VERTEX_POINT ( 'NONE', #1553 ) ;
#1277 = VERTEX_POINT ( 'NONE', #1202 ) ;
#1278 = DIRECTION ( 'NONE',  ( 0.6607823546329882900, 0.7505775641502239200, 0.0000000000000000000 ) ) ;
#1279 = DIRECTION ( 'NONE',  ( 1.000000000000000000, 0.0000000000000000000, 0.0000000000000000000 ) ) ;
#1280 = EDGE_CURVE ( 'NONE', #2208, #1275, #688, .T. ) ;
#1281 = LINE ( 'NONE', #279, #948 ) ;
#1282 = AXIS2_PLACEMENT_3D ( 'NONE', #331, #583, #693 ) ;
#1283 = LINE ( 'NONE', #619, #925 ) ;
#1284 = EDGE_CURVE ( 'NONE', #102, #1652, #2167, .T. ) ;
#1285 = VECTOR ( 'NONE', #1120, 39.37007874015748100 ) ;
#1286 = FACE_OUTER_BOUND ( 'NONE', #173, .T. ) ;
#1287 = DIRECTION ( 'NONE',  ( 0.0000000000000000000, 0.0000000000000000000, 1.000000000000000000 ) ) ;
#1288 = ADVANCED_FACE ( 'NONE', ( #657 ), #1376, .F. ) ;
#1289 = DIRECTION ( 'NONE',  ( 0.0000000000000000000, 0.7574764072846688100, -0.6528625371447732700 ) ) ;
#1290 = VECTOR ( 'NONE', #539, 39.37007874015748100 ) ;
#1291 = VERTEX_POINT ( 'NONE', #1633 ) ;
#1292 = DIRECTION ( 'NONE',  ( -0.0000000000000000000, -0.0000000000000000000, -1.000000000000000000 ) ) ;
#1293 = ORIENTED_EDGE ( 'NONE', *, *, #674, .T. ) ;
#1294 = PLANE ( 'NONE',  #1678 ) ;
#1295 = VERTEX_POINT ( 'NONE', #1955 ) ;
#1296 = EDGE_CURVE ( 'NONE', #1766, #2197, #1551, .T. ) ;
#1297 = CARTESIAN_POINT ( 'NONE',  ( 0.09350000000000002800, 0.2530000000000000000, 0.1600000000000000000 ) ) ;
#1298 = EDGE_LOOP ( 'NONE', ( #958, #955, #1130, #1501, #1258 ) ) ;
#1299 = DIRECTION ( 'NONE',  ( 1.000000000000000000, 0.0000000000000000000, 0.0000000000000000000 ) ) ;
#1300 = EDGE_CURVE ( 'NONE', #1905, #377, #1468, .T. ) ;
#1301 = CARTESIAN_POINT ( 'NONE',  ( -0.07800000000000001400, 0.1421519439852088100, 0.0000000000000000000 ) ) ;
#1302 = ORIENTED_EDGE ( 'NONE', *, *, #679, .T. ) ;
#1303 = ORIENTED_EDGE ( 'NONE', *, *, #617, .F. ) ;
#1304 = CARTESIAN_POINT ( 'NONE',  ( -0.04599999999999999200, -2.253275691033173900E-017, 0.1600000000000000000 ) ) ;
#1305 = DIRECTION ( 'NONE',  ( -1.000000000000000000, 0.0000000000000000000, 0.0000000000000000000 ) ) ;
#1306 = ADVANCED_FACE ( 'NONE', ( #2160 ), #2074, .T. ) ;
#1307 = LINE ( 'NONE', #1582, #1775 ) ;
#1308 = ADVANCED_FACE ( 'NONE', ( #1992 ), #981, .T. ) ;
#1309 = VECTOR ( 'NONE', #1818, 39.37007874015748100 ) ;
#1310 = EDGE_CURVE ( 'NONE', #239, #1319, #1002, .T. ) ;
#1311 = DIRECTION ( 'NONE',  ( -0.0000000000000000000, -0.0000000000000000000, -1.000000000000000000 ) ) ;
#1312 = LINE ( 'NONE', #1046, #135 ) ;
#1313 = CIRCLE ( 'NONE', #1348, 0.01599999999999999700 ) ;
#1314 = ORIENTED_EDGE ( 'NONE', *, *, #1022, .F. ) ;
#1315 = EDGE_CURVE ( 'NONE', #1458, #620, #2082, .T. ) ;
#1316 = VECTOR ( 'NONE', #667, 39.37007874015748100 ) ;
#1317 = VERTEX_POINT ( 'NONE', #2102 ) ;
#1318 = ADVANCED_FACE ( 'NONE', ( #1146 ), #96, .F. ) ;
#1319 = VERTEX_POINT ( 'NONE', #890 ) ;
#1320 = DIRECTION ( 'NONE',  ( 1.000000000000000000, 0.0000000000000000000, 0.0000000000000000000 ) ) ;
#1321 = CARTESIAN_POINT ( 'NONE',  ( 0.08999999999999999700, 0.2179588827224767700, 0.1600000000000000000 ) ) ;
#1322 = CARTESIAN_POINT ( 'NONE',  ( 0.01040861369491943200, 0.1950000000000000100, 0.1600000000000000000 ) ) ;
#1323 = EDGE_CURVE ( 'NONE', #233, #1803, #772, .T. ) ;
#1324 = CARTESIAN_POINT ( 'NONE',  ( -0.04599999999999999200, -2.253275691033173900E-017, 0.1600000000000000000 ) ) ;
#1325 = DIRECTION ( 'NONE',  ( -0.0000000000000000000, 0.0000000000000000000, 1.000000000000000000 ) ) ;
#1326 = ORIENTED_EDGE ( 'NONE', *, *, #1045, .F. ) ;
#1327 = AXIS2_PLACEMENT_3D ( 'NONE', #993, #1823, #290 ) ;
#1328 = ORIENTED_EDGE ( 'NONE', *, *, #951, .F. ) ;
#1329 = VERTEX_POINT ( 'NONE', #1807 ) ;
#1330 = ORIENTED_EDGE ( 'NONE', *, *, #870, .T. ) ;
#1331 = CARTESIAN_POINT ( 'NONE',  ( -0.06426662311535233400, 0.1503613507447880100, 0.0000000000000000000 ) ) ;
#1332 = DIRECTION ( 'NONE',  ( -0.4688879161621352700, -0.5292864272557305000, -0.7071067811865436900 ) ) ;
#1333 = CARTESIAN_POINT ( 'NONE',  ( -0.03350000000000000200, -2.101040004091116200E-017, 0.09850000000000000400 ) ) ;
#1334 = CIRCLE ( 'NONE', #913, 0.03199999999999999400 ) ;
#1335 = FACE_OUTER_BOUND ( 'NONE', #471, .T. ) ;
#1336 = VECTOR ( 'NONE', #1193, 39.37007874015748900 ) ;
#1337 = EDGE_CURVE ( 'NONE', #1652, #239, #1690, .T. ) ;
#1338 = DIRECTION ( 'NONE',  ( 1.000000000000000000, 2.221284169605650000E-014, 0.0000000000000000000 ) ) ;
#1339 = ORIENTED_EDGE ( 'NONE', *, *, #901, .F. ) ;
#1340 = ADVANCED_FACE ( 'NONE', ( #1579 ), #50, .F. ) ;
#1341 = DIRECTION ( 'NONE',  ( 1.000000000000000000, 0.0000000000000000000, -0.0000000000000000000 ) ) ;
#1342 = ORIENTED_EDGE ( 'NONE', *, *, #704, .T. ) ;
#1343 = ORIENTED_EDGE ( 'NONE', *, *, #1212, .T. ) ;
#1344 = DIRECTION ( 'NONE',  ( 0.0000000000000000000, 0.0000000000000000000, 1.000000000000000000 ) ) ;
#1345 = ORIENTED_EDGE ( 'NONE', *, *, #276, .F. ) ;
#1346 = EDGE_LOOP ( 'NONE', ( #1462, #2005, #1672, #294 ) ) ;
#1347 = CARTESIAN_POINT ( 'NONE',  ( -0.06555818791397131900, 0.2374033613445376800, 0.1600000000000000000 ) ) ;
#1348 = AXIS2_PLACEMENT_3D ( 'NONE', #159, #1344, #1184 ) ;
#1349 = EDGE_CURVE ( 'NONE', #1115, #408, #2026, .T. ) ;
#1350 = DIRECTION ( 'NONE',  ( -1.000000000000000000, -2.548365665731588800E-016, 0.0000000000000000000 ) ) ;
#1351 = ADVANCED_FACE ( 'NONE', ( #415 ), #753, .T. ) ;
#1352 = EDGE_CURVE ( 'NONE', #602, #2033, #1693, .T. ) ;
#1353 = ORIENTED_EDGE ( 'NONE', *, *, #1300, .T. ) ;
#1354 = EDGE_CURVE ( 'NONE', #973, #620, #2140, .T. ) ;
#1355 = VERTEX_POINT ( 'NONE', #2230 ) ;
#1356 = DIRECTION ( 'NONE',  ( -1.000000000000000000, -2.449212707644754000E-016, 0.0000000000000000000 ) ) ;
#1357 = FACE_OUTER_BOUND ( 'NONE', #74, .T. ) ;
#1358 = DIRECTION ( 'NONE',  ( -0.0000000000000000000, -0.0000000000000000000, -1.000000000000000000 ) ) ;
#1359 = FACE_OUTER_BOUND ( 'NONE', #1620, .T. ) ;
#1360 = DIRECTION ( 'NONE',  ( -0.0000000000000000000, 0.0000000000000000000, -1.000000000000000000 ) ) ;
#1361 = ADVANCED_FACE ( 'NONE', ( #247 ), #727, .T. ) ;
#1362 = DIRECTION ( 'NONE',  ( 0.8731816276883989100, 0.4873949579831925400, 0.0000000000000000000 ) ) ;
#1363 = FACE_OUTER_BOUND ( 'NONE', #104, .T. ) ;
#1364 = AXIS2_PLACEMENT_3D ( 'NONE', #1929, #1142, #1188 ) ;
#1365 = LINE ( 'NONE', #1060, #65 ) ;
#1366 = EDGE_LOOP ( 'NONE', ( #267, #1785, #2196, #1141, #2158, #2248 ) ) ;
#1367 = DIRECTION ( 'NONE',  ( -0.0000000000000000000, -0.0000000000000000000, -1.000000000000000000 ) ) ;
#1368 = CARTESIAN_POINT ( 'NONE',  ( 3.317300593186675700E-033, -1.280553747030123400E-017, 0.09850000000000000400 ) ) ;
#1369 = CIRCLE ( 'NONE', #1749, 0.1030000000000000400 ) ;
#1370 = ORIENTED_EDGE ( 'NONE', *, *, #2012, .T. ) ;
#1371 = EDGE_CURVE ( 'NONE', #2030, #431, #1525, .T. ) ;
#1372 = EDGE_LOOP ( 'NONE', ( #640, #87, #847, #238, #2068, #1437 ) ) ;
#1373 = CARTESIAN_POINT ( 'NONE',  ( -0.1420083898862316600, 0.2010749957066882700, 0.1600000000000000000 ) ) ;
#1374 =( BOUNDED_CURVE ( )  B_SPLINE_CURVE ( 3, ( #1793, #2072, #1102, #109 ),
 .UNSPECIFIED., .F., .F. ) 
 B_SPLINE_CURVE_WITH_KNOTS ( ( 4, 4 ),
 ( 1.346006200052825200, 1.569311012260393700 ),
 .UNSPECIFIED. ) 
 CURVE ( )  GEOMETRIC_REPRESENTATION_ITEM ( )  RATIONAL_B_SPLINE_CURVE ( ( 1.000000000000000000, 0.9958488951556644400, 0.9958488951556644400, 1.000000000000000000 ) ) 
 REPRESENTATION_ITEM ( '' )  );
#1375 = VERTEX_POINT ( 'NONE', #296 ) ;
#1376 = PLANE ( 'NONE',  #164 ) ;
#1377 = LINE ( 'NONE', #1727, #1679 ) ;
#1378 = CARTESIAN_POINT ( 'NONE',  ( 0.06199999999999997900, 0.1362085363627967000, 0.1970000000000000100 ) ) ;
#1379 = CARTESIAN_POINT ( 'NONE',  ( 0.03350000000000000200, -4.600674899691305700E-018, 0.09850000000000000400 ) ) ;
#1380 = ADVANCED_FACE ( 'NONE', ( #2217 ), #1816, .T. ) ;
#1381 = CARTESIAN_POINT ( 'NONE',  ( 0.1900000000000000300, 0.1551999999999999500, 0.05111169164449883000 ) ) ;
#1382 = DIRECTION ( 'NONE',  ( 1.000000000000000000, 0.0000000000000000000, 0.0000000000000000000 ) ) ;
#1383 = ORIENTED_EDGE ( 'NONE', *, *, #743, .T. ) ;
#1384 = AXIS2_PLACEMENT_3D ( 'NONE', #1950, #1811, #647 ) ;
#1385 = VERTEX_POINT ( 'NONE', #1888 ) ;
#1386 = EDGE_CURVE ( 'NONE', #1276, #607, #971, .T. ) ;
#1387 = ORIENTED_EDGE ( 'NONE', *, *, #1070, .T. ) ;
#1388 = CARTESIAN_POINT ( 'NONE',  ( 0.07894394362697052000, 0.2600060463647423400, 0.002039016460068490100 ) ) ;
#1389 = EDGE_LOOP ( 'NONE', ( #341, #314, #1699, #1449 ) ) ;
#1390 = DIRECTION ( 'NONE',  ( 0.7485240438050506700, -0.6631076502693470400, 0.0000000000000000000 ) ) ;
#1391 = VECTOR ( 'NONE', #1409, 39.37007874015748100 ) ;
#1392 = LINE ( 'NONE', #486, #1725 ) ;
#1393 = DIRECTION ( 'NONE',  ( -1.000000000000000000, 0.0000000000000000000, 0.0000000000000000000 ) ) ;
#1394 = CYLINDRICAL_SURFACE ( 'NONE', #2204, 0.1029999999999999800 ) ;
#1395 = DIRECTION ( 'NONE',  ( -1.000000000000000000, -3.100090537248139400E-016, 0.0000000000000000000 ) ) ;
#1396 = CIRCLE ( 'NONE', #1241, 0.08699999999999999400 ) ;
#1397 = PLANE ( 'NONE',  #1787 ) ;
#1398 = AXIS2_PLACEMENT_3D ( 'NONE', #1516, #1162, #1350 ) ;
#1399 = CIRCLE ( 'NONE', #1008, 0.08700000000000002200 ) ;
#1400 = ORIENTED_EDGE ( 'NONE', *, *, #2139, .T. ) ;
#1401 = ORIENTED_EDGE ( 'NONE', *, *, #379, .T. ) ;
#1402 = EDGE_CURVE ( 'NONE', #745, #123, #805, .T. ) ;
#1403 = DIRECTION ( 'NONE',  ( 0.0000000000000000000, 0.8005668113186992200, -0.5992435069443889900 ) ) ;
#1404 = ORIENTED_EDGE ( 'NONE', *, *, #1032, .T. ) ;
#1405 = EDGE_LOOP ( 'NONE', ( #89, #819, #1158, #1451, #886, #429 ) ) ;
#1406 = EDGE_CURVE ( 'NONE', #1262, #1385, #11, .T. ) ;
#1407 = DIRECTION ( 'NONE',  ( 0.0000000000000000000, 0.0000000000000000000, 1.000000000000000000 ) ) ;
#1408 = EDGE_LOOP ( 'NONE', ( #631, #1157, #563, #577, #929, #2078, #2251, #1226, #4, #101, #28 ) ) ;
#1409 = DIRECTION ( 'NONE',  ( -2.449212707644754500E-016, 1.000000000000000000, -0.0000000000000000000 ) ) ;
#1410 = DIRECTION ( 'NONE',  ( -1.000000000000000000, -2.449212707644754000E-016, 0.0000000000000000000 ) ) ;
#1411 = ORIENTED_EDGE ( 'NONE', *, *, #575, .T. ) ;
#1412 = VERTEX_POINT ( 'NONE', #117 ) ;
#1413 = AXIS2_PLACEMENT_3D ( 'NONE', #1834, #2045, #1632 ) ;
#1414 = CARTESIAN_POINT ( 'NONE',  ( -0.08052361529911919400, 0.2866097224043095400, 0.1970000000000000100 ) ) ;
#1415 = VERTEX_POINT ( 'NONE', #765 ) ;
#1416 = EDGE_CURVE ( 'NONE', #1608, #420, #129, .T. ) ;
#1417 = DIRECTION ( 'NONE',  ( 1.000000000000000000, 0.0000000000000000000, 0.0000000000000000000 ) ) ;
#1418 =( NAMED_UNIT ( * ) SI_UNIT ( $, .STERADIAN. ) SOLID_ANGLE_UNIT ( ) );
#1419 = LINE ( 'NONE', #633, #1176 ) ;
#1420 = LINE ( 'NONE', #1235, #1100 ) ;
#1421 = VECTOR ( 'NONE', #1819, 39.37007874015748900 ) ;
#1422 = LINE ( 'NONE', #2237, #1587 ) ;
#1423 = LINE ( 'NONE', #234, #880 ) ;
#1424 = ORIENTED_EDGE ( 'NONE', *, *, #379, .F. ) ;
#1425 = VECTOR ( 'NONE', #987, 39.37007874015748100 ) ;
#1426 = ORIENTED_EDGE ( 'NONE', *, *, #449, .F. ) ;
#1427 = ORIENTED_EDGE ( 'NONE', *, *, #1352, .F. ) ;
#1428 = ORIENTED_EDGE ( 'NONE', *, *, #435, .T. ) ;
#1429 = DIRECTION ( 'NONE',  ( 0.0000000000000000000, 0.0000000000000000000, 1.000000000000000000 ) ) ;
#1430 = VERTEX_POINT ( 'NONE', #70 ) ;
#1431 = EDGE_CURVE ( 'NONE', #177, #524, #839, .T. ) ;
#1432 = DIRECTION ( 'NONE',  ( -0.8731816276883963600, 0.4873949579831973200, 0.0000000000000000000 ) ) ;
#1433 = CARTESIAN_POINT ( 'NONE',  ( 0.07799999999999995800, 0.1421519439852087800, 0.1600000000000000000 ) ) ;
#1434 = ORIENTED_EDGE ( 'NONE', *, *, #650, .T. ) ;
#1435 = ORIENTED_EDGE ( 'NONE', *, *, #335, .F. ) ;
#1436 = EDGE_LOOP ( 'NONE', ( #1782, #1686, #1173, #1925, #1167, #201 ) ) ;
#1437 = ORIENTED_EDGE ( 'NONE', *, *, #1968, .T. ) ;
#1438 = AXIS2_PLACEMENT_3D ( 'NONE', #1106, #1765, #103 ) ;
#1439 = PLANE ( 'NONE',  #517 ) ;
#1440 = EDGE_CURVE ( 'NONE', #1605, #573, #1777, .T. ) ;
#1441 = CYLINDRICAL_SURFACE ( 'NONE', #17, 0.1030000000000000400 ) ;
#1442 = CARTESIAN_POINT ( 'NONE',  ( -0.06199999999999997900, 0.03200000000000000800, 0.1970000000000000100 ) ) ;
#1443 = CARTESIAN_POINT ( 'NONE',  ( -0.1207584950737125600, 0.2202390333164126500, 0.1970000000000000100 ) ) ;
#1444 = LINE ( 'NONE', #1224, #2029 ) ;
#1445 = LINE ( 'NONE', #2228, #1421 ) ;
#1446 = CARTESIAN_POINT ( 'NONE',  ( 0.07799999999999997200, 0.03200000000000000800, 0.1600000000000000000 ) ) ;
#1447 = ORIENTED_EDGE ( 'NONE', *, *, #559, .F. ) ;
#1448 = VECTOR ( 'NONE', #1166, 39.37007874015748100 ) ;
#1449 = ORIENTED_EDGE ( 'NONE', *, *, #2012, .F. ) ;
#1450 = FACE_BOUND ( 'NONE', #1013, .T. ) ;
#1451 = ORIENTED_EDGE ( 'NONE', *, *, #1323, .T. ) ;
#1452 = CARTESIAN_POINT ( 'NONE',  ( 0.09100637533530235600, 0.1769999999999999900, 0.1600000000000000000 ) ) ;
#1453 = DIRECTION ( 'NONE',  ( -1.000000000000000000, 0.0000000000000000000, 0.0000000000000000000 ) ) ;
#1454 = DIRECTION ( 'NONE',  ( -0.4688879161621355400, 0.5292864272557308300, 0.7071067811865433500 ) ) ;
#1455 = FACE_OUTER_BOUND ( 'NONE', #1091, .T. ) ;
#1456 = CARTESIAN_POINT ( 'NONE',  ( -0.06555818791397131900, 0.2374033613445376800, 0.1600000000000000000 ) ) ;
#1457 = AXIS2_PLACEMENT_3D ( 'NONE', #1822, #1630, #465 ) ;
#1458 = VERTEX_POINT ( 'NONE', #376 ) ;
#1459 = CARTESIAN_POINT ( 'NONE',  ( 0.07799999999999997200, 0.03200000000000000800, 0.1970000000000000100 ) ) ;
#1460 = CARTESIAN_POINT ( 'NONE',  ( 0.06426662311535233400, 0.1503613507447880100, 0.1600000000000000000 ) ) ;
#1461 =( LENGTH_UNIT ( ) NAMED_UNIT ( * ) SI_UNIT ( $, .METRE. ) );
#1462 = ORIENTED_EDGE ( 'NONE', *, *, #817, .T. ) ;
#1463 = CARTESIAN_POINT ( 'NONE',  ( 0.1324346816930097300, 0.3210787582028005700, 0.08322352732137591700 ) ) ;
#1464 = DIRECTION ( 'NONE',  ( -1.000000000000000000, 0.0000000000000000000, 0.0000000000000000000 ) ) ;
#1465 = ORIENTED_EDGE ( 'NONE', *, *, #1844, .F. ) ;
#1466 = DIRECTION ( 'NONE',  ( -0.4688879161621306600, -0.5292864272557243900, 0.7071067811865513500 ) ) ;
#1467 = CARTESIAN_POINT ( 'NONE',  ( -0.07039997859344329600, 0.2751103617969754600, 0.1893206088510553700 ) ) ;
#1468 = CIRCLE ( 'NONE', #2043, 0.01600000000000000400 ) ;
#1469 = CARTESIAN_POINT ( 'NONE',  ( -0.1324346816930097300, 0.3210787582028005700, 0.08322352732137584800 ) ) ;
#1470 = LINE ( 'NONE', #147, #37 ) ;
#1471 = CARTESIAN_POINT ( 'NONE',  ( 0.06993914078971529000, 0.2746618378366795800, 0.1600000000000000000 ) ) ;
#1472 = FACE_OUTER_BOUND ( 'NONE', #909, .T. ) ;
#1473 = ORIENTED_EDGE ( 'NONE', *, *, #941, .T. ) ;
#1474 = VECTOR ( 'NONE', #195, 39.37007874015748100 ) ;
#1475 = ORIENTED_EDGE ( 'NONE', *, *, #1783, .T. ) ;
#1476 = ADVANCED_FACE ( 'NONE', ( #1203 ), #947, .T. ) ;
#1477 = ORIENTED_EDGE ( 'NONE', *, *, #272, .T. ) ;
#1478 = CARTESIAN_POINT ( 'NONE',  ( 0.08152361529911916800, 0.2636097224043095200, 0.1600000000000000000 ) ) ;
#1479 = EDGE_LOOP ( 'NONE', ( #867, #671, #2159 ) ) ;
#1480 = AXIS2_PLACEMENT_3D ( 'NONE', #549, #1651, #444 ) ;
#1481 = CARTESIAN_POINT ( 'NONE',  ( 0.08152361529911916800, 0.2636097224043095200, 0.1600000000000000000 ) ) ;
#1482 =( CONVERSION_BASED_UNIT ( 'INCH', #1038 ) LENGTH_UNIT ( ) NAMED_UNIT ( #690 ) );
#1483 = CYLINDRICAL_SURFACE ( 'NONE', #1601, 0.08700000000000002200 ) ;
#1484 = DIRECTION ( 'NONE',  ( -1.000000000000000000, 0.0000000000000000000, 0.0000000000000000000 ) ) ;
#1485 = AXIS2_PLACEMENT_3D ( 'NONE', #2097, #463, #2009 ) ;
#1486 = EDGE_CURVE ( 'NONE', #1089, #602, #831, .T. ) ;
#1487 = DIRECTION ( 'NONE',  ( -2.449212707644754500E-016, 1.000000000000000000, -0.0000000000000000000 ) ) ;
#1488 = CARTESIAN_POINT ( 'NONE',  ( -0.09349999999999998600, 0.2530000000000000000, 0.1600000000000000000 ) ) ;
#1489 = ADVANCED_FACE ( 'NONE', ( #1961 ), #2112, .F. ) ;
#1490 = ORIENTED_EDGE ( 'NONE', *, *, #1933, .T. ) ;
#1491 = CARTESIAN_POINT ( 'NONE',  ( 0.07724852404380473700, 0.2587839469924834700, 0.0000000000000000000 ) ) ;
#1492 = ORIENTED_EDGE ( 'NONE', *, *, #1750, .T. ) ;
#1493 = DIRECTION ( 'NONE',  ( 0.0000000000000000000, 0.0000000000000000000, 1.000000000000000000 ) ) ;
#1494 = ORIENTED_EDGE ( 'NONE', *, *, #1280, .T. ) ;
#1495 = ADVANCED_FACE ( 'NONE', ( #328 ), #77, .F. ) ;
#1496 = CARTESIAN_POINT ( 'NONE',  ( 0.09298453013793031600, 0.1912650407274810700, 0.07671240668925863300 ) ) ;
#1497 = CARTESIAN_POINT ( 'NONE',  ( -0.08152361529911916800, 0.2636097224043095200, 0.006447054642753536000 ) ) ;
#1498 = LINE ( 'NONE', #1764, #1868 ) ;
#1499 = VERTEX_POINT ( 'NONE', #567 ) ;
#1500 = LINE ( 'NONE', #2134, #1812 ) ;
#1501 = ORIENTED_EDGE ( 'NONE', *, *, #1212, .F. ) ;
#1502 = CARTESIAN_POINT ( 'NONE',  ( 0.05500838988623168300, 0.2010749957066882700, 0.1970000000000000100 ) ) ;
#1503 = VECTOR ( 'NONE', #1972, 39.37007874015748100 ) ;
#1504 = ORIENTED_EDGE ( 'NONE', *, *, #1216, .T. ) ;
#1505 = CARTESIAN_POINT ( 'NONE',  ( 0.09350000000000002800, 0.2530000000000000000, 0.1600000000000000000 ) ) ;
#1506 = ORIENTED_EDGE ( 'NONE', *, *, #1968, .F. ) ;
#1507 = DIRECTION ( 'NONE',  ( -1.000000000000000000, 0.0000000000000000000, 0.0000000000000000000 ) ) ;
#1508 = ORIENTED_EDGE ( 'NONE', *, *, #261, .F. ) ;
#1509 = DIRECTION ( 'NONE',  ( 1.000000000000000000, 0.0000000000000000000, 0.0000000000000000000 ) ) ;
#1510 = AXIS2_PLACEMENT_3D ( 'NONE', #1648, #36, #1507 ) ;
#1511 = DIRECTION ( 'NONE',  ( 0.0000000000000000000, 0.6389319776098920700, -0.7692632371220609100 ) ) ;
#1512 = AXIS2_PLACEMENT_3D ( 'NONE', #1446, #1773, #1609 ) ;
#1513 = AXIS2_PLACEMENT_3D ( 'NONE', #737, #855, #1 ) ;
#1514 = ORIENTED_EDGE ( 'NONE', *, *, #766, .F. ) ;
#1515 = ORIENTED_EDGE ( 'NONE', *, *, #1996, .F. ) ;
#1516 = CARTESIAN_POINT ( 'NONE',  ( -3.918740332231604000E-018, 0.01599999999999998600, 0.09850000000000000400 ) ) ;
#1517 = ORIENTED_EDGE ( 'NONE', *, *, #1087, .T. ) ;
#1518 = CARTESIAN_POINT ( 'NONE',  ( 0.1420083898862316600, 0.2010749957066882700, 0.1600000000000000000 ) ) ;
#1519 = ADVANCED_FACE ( 'NONE', ( #1148 ), #1441, .T. ) ;
#1520 = DIRECTION ( 'NONE',  ( -0.0000000000000000000, -0.0000000000000000000, -1.000000000000000000 ) ) ;
#1521 = DIRECTION ( 'NONE',  ( -0.0000000000000000000, -0.0000000000000000000, -1.000000000000000000 ) ) ;
#1522 = FACE_OUTER_BOUND ( 'NONE', #1029, .T. ) ;
#1523 = VECTOR ( 'NONE', #2145, 39.37007874015748100 ) ;
#1524 = DIRECTION ( 'NONE',  ( -1.000000000000000000, 0.0000000000000000000, 0.0000000000000000000 ) ) ;
#1525 = LINE ( 'NONE', #2127, #862 ) ;
#1526 = CARTESIAN_POINT ( 'NONE',  ( 0.07799999999999995800, 0.1421519439852087800, 0.1600000000000000000 ) ) ;
#1527 = DIRECTION ( 'NONE',  ( -0.4688879161621316600, 0.5292864272557265000, -0.7071067811865490200 ) ) ;
#1528 = CARTESIAN_POINT ( 'NONE',  ( -0.06993914078971517900, 0.2746618378366794700, 0.1600000000000000000 ) ) ;
#1529 = CIRCLE ( 'NONE', #531, 0.01599999999999999700 ) ;
#1530 = ORIENTED_EDGE ( 'NONE', *, *, #1830, .T. ) ;
#1531 = DIRECTION ( 'NONE',  ( 1.000000000000000000, 0.0000000000000000000, 0.0000000000000000000 ) ) ;
#1532 = FACE_OUTER_BOUND ( 'NONE', #1874, .T. ) ;
#1533 = EDGE_LOOP ( 'NONE', ( #392, #1400, #1343, #2088 ) ) ;
#1534 = DIRECTION ( 'NONE',  ( 0.0000000000000000000, 0.0000000000000000000, 1.000000000000000000 ) ) ;
#1535 = DIRECTION ( 'NONE',  ( 1.000000000000000000, 0.0000000000000000000, -0.0000000000000000000 ) ) ;
#1536 =( BOUNDED_CURVE ( )  B_SPLINE_CURVE ( 3, ( #1206, #213, #27, #609 ),
 .UNSPECIFIED., .F., .F. ) 
 B_SPLINE_CURVE_WITH_KNOTS ( ( 4, 4 ),
 ( 1.493698939952336800, 1.567879367374854800 ),
 .UNSPECIFIED. ) 
 CURVE ( )  GEOMETRIC_REPRESENTATION_ITEM ( )  RATIONAL_B_SPLINE_CURVE ( ( 1.000000000000000000, 0.9995414912494943200, 0.9995414912494943200, 1.000000000000000000 ) ) 
 REPRESENTATION_ITEM ( '' )  );
#1537 = VERTEX_POINT ( 'NONE', #183 ) ;
#1538 = DIRECTION ( 'NONE',  ( -1.000000000000000000, 0.0000000000000000000, 0.0000000000000000000 ) ) ;
#1539 = AXIS2_PLACEMENT_3D ( 'NONE', #1804, #257, #1594 ) ;
#1540 = VERTEX_POINT ( 'NONE', #2025 ) ;
#1541 = DIRECTION ( 'NONE',  ( 0.0000000000000000000, 0.0000000000000000000, 1.000000000000000000 ) ) ;
#1542 = ORIENTED_EDGE ( 'NONE', *, *, #889, .T. ) ;
#1543 = CARTESIAN_POINT ( 'NONE',  ( 0.1900000000000000300, 0.2058967401847958700, 0.09711169164449882900 ) ) ;
#1544 = CARTESIAN_POINT ( 'NONE',  ( 0.07952909395698563900, 0.2452016806722689100, 0.1600000000000000000 ) ) ;
#1545 = ORIENTED_EDGE ( 'NONE', *, *, #1915, .T. ) ;
#1546 = DIRECTION ( 'NONE',  ( -2.449212707644754500E-016, 1.000000000000000000, 0.0000000000000000000 ) ) ;
#1547 = DIRECTION ( 'NONE',  ( -0.0000000000000000000, -0.0000000000000000000, -1.000000000000000000 ) ) ;
#1548 = DIRECTION ( 'NONE',  ( -2.449212707644754500E-016, 1.000000000000000000, 0.0000000000000000000 ) ) ;
#1549 = FACE_OUTER_BOUND ( 'NONE', #1907, .T. ) ;
#1550 = AXIS2_PLACEMENT_3D ( 'NONE', #337, #57, #1794 ) ;
#1551 = LINE ( 'NONE', #242, #515 ) ;
#1552 = DIRECTION ( 'NONE',  ( 1.000000000000000000, 3.201384367575309000E-015, 0.0000000000000000000 ) ) ;
#1553 = CARTESIAN_POINT ( 'NONE',  ( 0.06954723059823832200, 0.2742194448086190900, 0.1600000000000000000 ) ) ;
#1554 = AXIS2_PLACEMENT_3D ( 'NONE', #1958, #1987, #1990 ) ;
#1555 = CIRCLE ( 'NONE', #1752, 0.08700000000000002200 ) ;
#1556 = DIRECTION ( 'NONE',  ( -0.0000000000000000000, -0.0000000000000000000, -1.000000000000000000 ) ) ;
#1557 = ORIENTED_EDGE ( 'NONE', *, *, #1815, .T. ) ;
#1558 = ORIENTED_EDGE ( 'NONE', *, *, #1416, .F. ) ;
#1559 = CARTESIAN_POINT ( 'NONE',  ( 0.01040861369491943200, 0.1950000000000000100, 0.1600000000000000000 ) ) ;
#1560 = CARTESIAN_POINT ( 'NONE',  ( 0.09350000000000002800, 0.2530000000000000000, 0.1600000000000000000 ) ) ;
#1561 = VERTEX_POINT ( 'NONE', #773 ) ;
#1562 = CARTESIAN_POINT ( 'NONE',  ( 0.07750000000000001300, 0.2530000000000000000, 0.1600000000000000000 ) ) ;
#1563 = ADVANCED_FACE ( 'NONE', ( #9 ), #997, .T. ) ;
#1564 = VERTEX_POINT ( 'NONE', #2016 ) ;
#1565 = AXIS2_PLACEMENT_3D ( 'NONE', #2036, #220, #43 ) ;
#1566 = ORIENTED_EDGE ( 'NONE', *, *, #240, .F. ) ;
#1567 = CARTESIAN_POINT ( 'NONE',  ( -0.08152361529911916800, 0.2636097224043095200, 0.1600000000000000000 ) ) ;
#1568 = DIRECTION ( 'NONE',  ( 0.4688879161621355400, -0.5292864272557309400, -0.7071067811865433500 ) ) ;
#1569 = AXIS2_PLACEMENT_3D ( 'NONE', #533, #535, #1947 ) ;
#1570 = ORIENTED_EDGE ( 'NONE', *, *, #245, .F. ) ;
#1571 = CARTESIAN_POINT ( 'NONE',  ( -0.01040861369491943200, 0.1950000000000000100, 0.1071116916444988200 ) ) ;
#1572 = CARTESIAN_POINT ( 'NONE',  ( -0.06527213934292391800, 0.2693936693967930500, -1.260465687421870000E-017 ) ) ;
#1573 = COLOUR_RGB ( '',0.8313725490196077800, 0.8392156862745098200, 0.8274509803921568100 ) ;
#1574 = ORIENTED_EDGE ( 'NONE', *, *, #1296, .T. ) ;
#1575 =( BOUNDED_CURVE ( )  B_SPLINE_CURVE ( 3, ( #113, #1795, #505, #2176 ),
 .UNSPECIFIED., .F., .T. ) 
 B_SPLINE_CURVE_WITH_KNOTS ( ( 4, 4 ),
 ( 4.715305939804730800, 4.789486367227249600 ),
 .UNSPECIFIED. ) 
 CURVE ( )  GEOMETRIC_REPRESENTATION_ITEM ( )  RATIONAL_B_SPLINE_CURVE ( ( 1.000000000000000000, 0.9995414912494942100, 0.9995414912494942100, 1.000000000000000000 ) ) 
 REPRESENTATION_ITEM ( '' )  );
#1576 = LINE ( 'NONE', #440, #2108 ) ;
#1577 = CIRCLE ( 'NONE', #2233, 0.08700000000000002200 ) ;
#1578 = DIRECTION ( 'NONE',  ( -0.0000000000000000000, -0.0000000000000000000, -1.000000000000000000 ) ) ;
#1579 = FACE_OUTER_BOUND ( 'NONE', #979, .T. ) ;
#1580 = SURFACE_SIDE_STYLE ('',( #685 ) ) ;
#1581 = VECTOR ( 'NONE', #1650, 39.37007874015748900 ) ;
#1582 = CARTESIAN_POINT ( 'NONE',  ( -0.08052361529911919400, 0.2866097224043095400, 0.1970000000000000100 ) ) ;
#1583 = LINE ( 'NONE', #1691, #1753 ) ;
#1584 = ORIENTED_EDGE ( 'NONE', *, *, #1136, .T. ) ;
#1585 = AXIS2_PLACEMENT_3D ( 'NONE', #98, #192, #1617 ) ;
#1586 = DIRECTION ( 'NONE',  ( -0.0000000000000000000, -1.000000000000000000, -0.0000000000000000000 ) ) ;
#1587 = VECTOR ( 'NONE', #697, 39.37007874015748100 ) ;
#1588 = EDGE_LOOP ( 'NONE', ( #1998, #1591, #513, #1655, #1515 ) ) ;
#1589 = AXIS2_PLACEMENT_3D ( 'NONE', #2075, #1776, #1772 ) ;
#1590 = CARTESIAN_POINT ( 'NONE',  ( -0.04600000000000000600, 0.03199999999999997300, 0.1600000000000000000 ) ) ;
#1591 = ORIENTED_EDGE ( 'NONE', *, *, #232, .T. ) ;
#1592 = LINE ( 'NONE', #1956, #227 ) ;
#1593 = CARTESIAN_POINT ( 'NONE',  ( -0.1420083898862316600, 0.2010749957066882700, 0.1600000000000000000 ) ) ;
#1594 = DIRECTION ( 'NONE',  ( -1.000000000000000000, 0.0000000000000000000, 0.0000000000000000000 ) ) ;
#1595 = DIRECTION ( 'NONE',  ( -0.0000000000000000000, -0.0000000000000000000, -1.000000000000000000 ) ) ;
#1596 = DIRECTION ( 'NONE',  ( 0.0000000000000000000, 0.0000000000000000000, -1.000000000000000000 ) ) ;
#1597 = ORIENTED_EDGE ( 'NONE', *, *, #937, .F. ) ;
#1598 = AXIS2_PLACEMENT_3D ( 'NONE', #1491, #1466, #642 ) ;
#1599 = CARTESIAN_POINT ( 'NONE',  ( 0.08052361529911919400, 0.2866097224043095400, 0.02300000000000017000 ) ) ;
#1600 = EDGE_LOOP ( 'NONE', ( #1044, #1475, #1387, #49, #509, #1857, #1353, #1902, #481, #713, #85, #1798, #994, #594, #1557, #2090, #461, #2174 ) ) ;
#1601 = AXIS2_PLACEMENT_3D ( 'NONE', #1889, #1851, #1859 ) ;
#1602 = VECTOR ( 'NONE', #1362, 39.37007874015748900 ) ;
#1603 = LINE ( 'NONE', #445, #1069 ) ;
#1604 = CIRCLE ( 'NONE', #168, 0.08699999999999999400 ) ;
#1605 = VERTEX_POINT ( 'NONE', #750 ) ;
#1606 = DIRECTION ( 'NONE',  ( -0.0000000000000000000, -0.0000000000000000000, -1.000000000000000000 ) ) ;
#1607 = CARTESIAN_POINT ( 'NONE',  ( 0.07705535534015069100, 0.2589550726179675700, 0.1970000000000000100 ) ) ;
#1608 = VERTEX_POINT ( 'NONE', #1847 ) ;
#1609 = DIRECTION ( 'NONE',  ( 3.100090537248139900E-016, 1.000000000000000000, 0.0000000000000000000 ) ) ;
#1610 = VECTOR ( 'NONE', #1311, 39.37007874015748100 ) ;
#1611 = VERTEX_POINT ( 'NONE', #785 ) ;
#1612 = VECTOR ( 'NONE', #236, 39.37007874015748100 ) ;
#1613 = AXIS2_PLACEMENT_3D ( 'NONE', #1916, #1911, #1922 ) ;
#1614 = EDGE_LOOP ( 'NONE', ( #1214, #1074, #1621, #672, #1624 ) ) ;
#1615 = CARTESIAN_POINT ( 'NONE',  ( 0.04599999999999997800, 0.01600000000000000000, 0.0000000000000000000 ) ) ;
#1616 = DIRECTION ( 'NONE',  ( 0.0000000000000000000, 0.0000000000000000000, 1.000000000000000000 ) ) ;
#1617 = DIRECTION ( 'NONE',  ( 0.0000000000000000000, -0.6389319776098918400, 0.7692632371220613500 ) ) ;
#1618 = ORIENTED_EDGE ( 'NONE', *, *, #477, .T. ) ;
#1619 = PLANE ( 'NONE',  #1196 ) ;
#1620 = EDGE_LOOP ( 'NONE', ( #1702, #2168, #1545, #1574, #167 ) ) ;
#1621 = ORIENTED_EDGE ( 'NONE', *, *, #1996, .T. ) ;
#1622 = CARTESIAN_POINT ( 'NONE',  ( 0.06954723059823834900, 0.2742194448086190900, 0.1600000000000000000 ) ) ;
#1623 = DIRECTION ( 'NONE',  ( 0.0000000000000000000, 0.0000000000000000000, 1.000000000000000000 ) ) ;
#1624 = ORIENTED_EDGE ( 'NONE', *, *, #2155, .F. ) ;
#1625 = CARTESIAN_POINT ( 'NONE',  ( 0.04599999999999997800, 0.03200000000000001500, 0.1600000000000000000 ) ) ;
#1626 = DIRECTION ( 'NONE',  ( -1.000000000000000000, 0.0000000000000000000, 0.0000000000000000000 ) ) ;
#1627 = VERTEX_POINT ( 'NONE', #1975 ) ;
#1628 = AXIS2_PLACEMENT_3D ( 'NONE', #218, #1521, #188 ) ;
#1629 = DIRECTION ( 'NONE',  ( 1.000000000000000000, 2.449212707644754500E-016, 0.0000000000000000000 ) ) ;
#1630 = DIRECTION ( 'NONE',  ( -0.0000000000000000000, -0.0000000000000000000, -1.000000000000000000 ) ) ;
#1631 = ORIENTED_EDGE ( 'NONE', *, *, #840, .T. ) ;
#1632 = DIRECTION ( 'NONE',  ( -0.7485240438050501100, -0.6631076502693475900, 0.0000000000000000000 ) ) ;
#1633 = CARTESIAN_POINT ( 'NONE',  ( 0.07799999999999997200, 0.03200000000000000800, 0.0000000000000000000 ) ) ;
#1634 = AXIS2_PLACEMENT_3D ( 'NONE', #2017, #2031, #2053 ) ;
#1635 = LINE ( 'NONE', #2142, #544 ) ;
#1636 = CARTESIAN_POINT ( 'NONE',  ( 0.08999999999999999700, 0.2249999999999997300, 0.05911169164449883700 ) ) ;
#1637 = CARTESIAN_POINT ( 'NONE',  ( 0.07952909395698563900, 0.2452016806722689100, 0.0000000000000000000 ) ) ;
#1638 = CARTESIAN_POINT ( 'NONE',  ( 0.07799999999999995800, 0.1421519439852087800, 0.1970000000000000100 ) ) ;
#1639 = VECTOR ( 'NONE', #1662, 39.37007874015748100 ) ;
#1640 = ORIENTED_EDGE ( 'NONE', *, *, #502, .F. ) ;
#1641 = AXIS2_PLACEMENT_3D ( 'NONE', #1625, #632, #946 ) ;
#1642 = LINE ( 'NONE', #2249, #1336 ) ;
#1643 = EDGE_LOOP ( 'NONE', ( #1820, #1131, #907, #243 ) ) ;
#1644 = DIRECTION ( 'NONE',  ( -1.000000000000000000, 0.0000000000000000000, 0.0000000000000000000 ) ) ;
#1645 = EDGE_LOOP ( 'NONE', ( #1986, #185, #1098, #1434 ) ) ;
#1646 = AXIS2_PLACEMENT_3D ( 'NONE', #1571, #1493, #1484 ) ;
#1647 = AXIS2_PLACEMENT_3D ( 'NONE', #1271, #677, #1808 ) ;
#1648 = CARTESIAN_POINT ( 'NONE',  ( 0.1420083898862316600, 0.2010749957066882700, 0.1600000000000000000 ) ) ;
#1649 = CARTESIAN_POINT ( 'NONE',  ( -0.1420083898862316600, 0.2010749957066882700, 0.1600000000000000000 ) ) ;
#1650 = DIRECTION ( 'NONE',  ( 0.4672448080327003500, -0.5307397623682179600, 0.7071050798911094900 ) ) ;
#1651 = DIRECTION ( 'NONE',  ( 0.4688879161621344300, -0.5292864272557285000, -0.7071067811865459100 ) ) ;
#1652 = VERTEX_POINT ( 'NONE', #1906 ) ;
#1653 = DIRECTION ( 'NONE',  ( 1.000000000000000000, 0.0000000000000000000, 0.0000000000000000000 ) ) ;
#1654 = ORIENTED_EDGE ( 'NONE', *, *, #666, .F. ) ;
#1655 = ORIENTED_EDGE ( 'NONE', *, *, #1876, .F. ) ;
#1656 = DIRECTION ( 'NONE',  ( -0.0000000000000000000, -0.0000000000000000000, -1.000000000000000000 ) ) ;
#1657 = ADVANCED_FACE ( 'NONE', ( #1549 ), #1774, .F. ) ;
#1658 = VECTOR ( 'NONE', #95, 39.37007874015748100 ) ;
#1659 = EDGE_CURVE ( 'NONE', #1564, #102, #775, .T. ) ;
#1660 = PLANE ( 'NONE',  #2180 ) ;
#1661 = VECTOR ( 'NONE', #812, 39.37007874015748100 ) ;
#1662 = DIRECTION ( 'NONE',  ( 0.0000000000000000000, -1.000000000000000000, 0.0000000000000000000 ) ) ;
#1663 = FACE_OUTER_BOUND ( 'NONE', #1701, .T. ) ;
#1664 = CARTESIAN_POINT ( 'NONE',  ( 0.1420083898862316600, 0.2010749957066882700, 0.1600000000000000000 ) ) ;
#1665 = CARTESIAN_POINT ( 'NONE',  ( -0.06200000000000001300, 0.1362085363627967000, 0.1600000000000000000 ) ) ;
#1666 = ORIENTED_EDGE ( 'NONE', *, *, #1659, .T. ) ;
#1667 = LINE ( 'NONE', #312, #928 ) ;
#1668 = ORIENTED_EDGE ( 'NONE', *, *, #2109, .T. ) ;
#1669 = EDGE_LOOP ( 'NONE', ( #1090, #2035, #645, #1121 ) ) ;
#1670 = CARTESIAN_POINT ( 'NONE',  ( 0.04599999999999999200, 0.03200000000000000100, 0.0000000000000000000 ) ) ;
#1671 = CARTESIAN_POINT ( 'NONE',  ( 0.06527213934292393200, 0.2693936693967930500, -7.105427357601003500E-018 ) ) ;
#1672 = ORIENTED_EDGE ( 'NONE', *, *, #1237, .F. ) ;
#1673 = EDGE_LOOP ( 'NONE', ( #1825, #40, #894, #1328, #1198 ) ) ;
#1674 = AXIS2_PLACEMENT_3D ( 'NONE', #90, #83, #325 ) ;
#1675 = EDGE_CURVE ( 'NONE', #219, #607, #157, .T. ) ;
#1676 = DIRECTION ( 'NONE',  ( -1.000000000000000000, -2.449212707644754000E-016, 0.0000000000000000000 ) ) ;
#1677 = ADVANCED_FACE ( 'NONE', ( #1228 ), #1014, .T. ) ;
#1678 = AXIS2_PLACEMENT_3D ( 'NONE', #605, #34, #1757 ) ;
#1679 = VECTOR ( 'NONE', #55, 39.37007874015748100 ) ;
#1680 = AXIS2_PLACEMENT_3D ( 'NONE', #1732, #2013, #1885 ) ;
#1681 = DIRECTION ( 'NONE',  ( -0.0000000000000000000, -0.0000000000000000000, -1.000000000000000000 ) ) ;
#1682 = ORIENTED_EDGE ( 'NONE', *, *, #1041, .F. ) ;
#1683 = CARTESIAN_POINT ( 'NONE',  ( 0.01040861369491943200, 0.1950000000000000100, 0.0000000000000000000 ) ) ;
#1684 = ORIENTED_EDGE ( 'NONE', *, *, #1114, .F. ) ;
#1685 = CARTESIAN_POINT ( 'NONE',  ( -0.06199999999999997900, 0.03199999999999998000, 0.1600000000000000000 ) ) ;
#1686 = ORIENTED_EDGE ( 'NONE', *, *, #1371, .F. ) ;
#1687 = CARTESIAN_POINT ( 'NONE',  ( -0.07799999999999997200, 0.03200000000000001500, 0.1970000000000000100 ) ) ;
#1688 = ORIENTED_EDGE ( 'NONE', *, *, #1750, .F. ) ;
#1689 = DIRECTION ( 'NONE',  ( -1.000000000000000000, 0.0000000000000000000, 0.0000000000000000000 ) ) ;
#1690 = CIRCLE ( 'NONE', #300, 0.08700000000000002200 ) ;
#1691 = CARTESIAN_POINT ( 'NONE',  ( 0.07799999999999995800, 0.1421519439852087800, 0.1600000000000000000 ) ) ;
#1692 = LINE ( 'NONE', #612, #339 ) ;
#1693 = LINE ( 'NONE', #1544, #2084 ) ;
#1694 = PLANE ( 'NONE',  #146 ) ;
#1695 = CARTESIAN_POINT ( 'NONE',  ( -0.08526788587841537000, 0.2516796993376234600, 0.0000000000000000000 ) ) ;
#1696 = FACE_OUTER_BOUND ( 'NONE', #311, .T. ) ;
#1697 = CIRCLE ( 'NONE', #1513, 0.1030000000000000400 ) ;
#1698 = ORIENTED_EDGE ( 'NONE', *, *, #1830, .F. ) ;
#1699 = ORIENTED_EDGE ( 'NONE', *, *, #399, .F. ) ;
#1700 = VECTOR ( 'NONE', #1432, 39.37007874015748100 ) ;
#1701 = EDGE_LOOP ( 'NONE', ( #1061, #259, #1138, #2001, #1117 ) ) ;
#1702 = ORIENTED_EDGE ( 'NONE', *, *, #552, .F. ) ;
#1703 = DIRECTION ( 'NONE',  ( -0.0000000000000000000, 0.0000000000000000000, -1.000000000000000000 ) ) ;
#1704 = AXIS2_PLACEMENT_3D ( 'NONE', #512, #88, #26 ) ;
#1705 = DIRECTION ( 'NONE',  ( -1.000000000000000000, 0.0000000000000000000, 0.0000000000000000000 ) ) ;
#1706 = DIRECTION ( 'NONE',  ( 1.000000000000000000, 0.0000000000000000000, 0.0000000000000000000 ) ) ;
#1707 = CARTESIAN_POINT ( 'NONE',  ( 0.1900000000000000300, 0.2009999999999999800, 0.08800728356649475900 ) ) ;
#1708 = AXIS2_PLACEMENT_3D ( 'NONE', #1368, #659, #1356 ) ;
#1709 =( BOUNDED_CURVE ( )  B_SPLINE_CURVE ( 3, ( #1878, #1936, #1867, #1963 ),
 .UNSPECIFIED., .F., .T. ) 
 B_SPLINE_CURVE_WITH_KNOTS ( ( 4, 4 ),
 ( 4.712388980384692300, 5.127116883509581100 ),
 .UNSPECIFIED. ) 
 CURVE ( )  GEOMETRIC_REPRESENTATION_ITEM ( )  RATIONAL_B_SPLINE_CURVE ( ( 1.000000000000000000, 0.9857180176241131500, 0.9857180176241131500, 1.000000000000000000 ) ) 
 REPRESENTATION_ITEM ( '' )  );
#1710 = AXIS2_PLACEMENT_3D ( 'NONE', #1234, #829, #1205 ) ;
#1711 = DIRECTION ( 'NONE',  ( -1.000000000000000000, 0.0000000000000000000, 0.0000000000000000000 ) ) ;
#1712 = VERTEX_POINT ( 'NONE', #1900 ) ;
#1713 = CARTESIAN_POINT ( 'NONE',  ( -0.04599999999999999200, -2.253275691033173900E-017, 0.0000000000000000000 ) ) ;
#1714 = ORIENTED_EDGE ( 'NONE', *, *, #892, .T. ) ;
#1715 = DIRECTION ( 'NONE',  ( -1.000000000000000000, 0.0000000000000000000, 0.0000000000000000000 ) ) ;
#1716 = DIRECTION ( 'NONE',  ( 1.000000000000000000, 0.0000000000000000000, 0.0000000000000000000 ) ) ;
#1717 = VECTOR ( 'NONE', #1454, 39.37007874015748100 ) ;
#1718 = PLANE ( 'NONE',  #1704 ) ;
#1719 = LINE ( 'NONE', #2154, #969 ) ;
#1720 = AXIS2_PLACEMENT_3D ( 'NONE', #725, #1578, #2081 ) ;
#1721 = LINE ( 'NONE', #1135, #1866 ) ;
#1722 = CARTESIAN_POINT ( 'NONE',  ( 0.06199999999999997900, 0.03200000000000001500, 0.1600000000000000000 ) ) ;
#1723 = FACE_OUTER_BOUND ( 'NONE', #794, .T. ) ;
#1724 = AXIS2_PLACEMENT_3D ( 'NONE', #387, #189, #1715 ) ;
#1725 = VECTOR ( 'NONE', #749, 39.37007874015748100 ) ;
#1726 = AXIS2_PLACEMENT_3D ( 'NONE', #405, #1759, #1393 ) ;
#1727 = CARTESIAN_POINT ( 'NONE',  ( 0.03900838988623168300, 0.2010749957066882700, 0.1970000000000000100 ) ) ;
#1728 = DIRECTION ( 'NONE',  ( -0.0000000000000000000, -0.0000000000000000000, -1.000000000000000000 ) ) ;
#1729 = DIRECTION ( 'NONE',  ( 0.0000000000000000000, 0.0000000000000000000, 1.000000000000000000 ) ) ;
#1730 = VECTOR ( 'NONE', #1887, 39.37007874015748900 ) ;
#1731 = EDGE_LOOP ( 'NONE', ( #932, #1879, #2021, #2018 ) ) ;
#1732 = CARTESIAN_POINT ( 'NONE',  ( 0.04599999999999999200, 0.03200000000000000100, 0.1600000000000000000 ) ) ;
#1733 = LINE ( 'NONE', #1943, #467 ) ;
#1734 = CARTESIAN_POINT ( 'NONE',  ( 0.06199999999999997900, 0.1362085363627967000, 0.1970000000000000100 ) ) ;
#1735 = DIRECTION ( 'NONE',  ( -0.0000000000000000000, -0.0000000000000000000, -1.000000000000000000 ) ) ;
#1736 = ORIENTED_EDGE ( 'NONE', *, *, #636, .F. ) ;
#1737 = ORIENTED_EDGE ( 'NONE', *, *, #411, .F. ) ;
#1738 = CARTESIAN_POINT ( 'NONE',  ( -0.1420083898862316600, 0.2010749957066882700, 0.1970000000000000100 ) ) ;
#1739 = AXIS2_PLACEMENT_3D ( 'NONE', #313, #1802, #1711 ) ;
#1740 = VERTEX_POINT ( 'NONE', #2216 ) ;
#1741 = DIRECTION ( 'NONE',  ( 2.449212707644754500E-016, -1.000000000000000000, 0.0000000000000000000 ) ) ;
#1742 = DIRECTION ( 'NONE',  ( -0.0000000000000000000, -0.0000000000000000000, -1.000000000000000000 ) ) ;
#1743 = CARTESIAN_POINT ( 'NONE',  ( 0.09249999999999999900, 0.2759999999999999700, 0.1739999999999998800 ) ) ;
#1744 = ORIENTED_EDGE ( 'NONE', *, *, #1216, .F. ) ;
#1745 = ORIENTED_EDGE ( 'NONE', *, *, #395, .T. ) ;
#1746 = DIRECTION ( 'NONE',  ( -0.0000000000000000000, -0.0000000000000000000, -1.000000000000000000 ) ) ;
#1747 = DIRECTION ( 'NONE',  ( -0.0000000000000000000, -0.0000000000000000000, -1.000000000000000000 ) ) ;
#1748 = VECTOR ( 'NONE', #414, 39.37007874015748100 ) ;
#1749 = AXIS2_PLACEMENT_3D ( 'NONE', #1559, #1358, #18 ) ;
#1750 = EDGE_CURVE ( 'NONE', #1627, #1537, #569, .T. ) ;
#1751 = FACE_OUTER_BOUND ( 'NONE', #1111, .T. ) ;
#1752 = AXIS2_PLACEMENT_3D ( 'NONE', #2086, #403, #1706 ) ;
#1753 = VECTOR ( 'NONE', #180, 39.37007874015748100 ) ;
#1754 = CARTESIAN_POINT ( 'NONE',  ( 0.09217363076548161500, 0.1815472964102286000, 0.06543750327002460800 ) ) ;
#1755 = DIRECTION ( 'NONE',  ( -0.0000000000000000000, 0.0000000000000000000, -1.000000000000000000 ) ) ;
#1756 = LINE ( 'NONE', #863, #1805 ) ;
#1757 = DIRECTION ( 'NONE',  ( 0.6631076502693469300, -0.7485240438050505500, 0.0000000000000000000 ) ) ;
#1758 = DIRECTION ( 'NONE',  ( 0.0000000000000000000, 0.0000000000000000000, 1.000000000000000000 ) ) ;
#1759 = DIRECTION ( 'NONE',  ( -0.0000000000000000000, -0.0000000000000000000, -1.000000000000000000 ) ) ;
#1760 = EDGE_LOOP ( 'NONE', ( #2101, #2239, #891, #2061 ) ) ;
#1761 = DIRECTION ( 'NONE',  ( 1.000000000000000000, 0.0000000000000000000, 0.0000000000000000000 ) ) ;
#1762 = ORIENTED_EDGE ( 'NONE', *, *, #2079, .T. ) ;
#1763 = CARTESIAN_POINT ( 'NONE',  ( -0.07952909395698569400, 0.2452016806722688600, 0.0000000000000000000 ) ) ;
#1764 = CARTESIAN_POINT ( 'NONE',  ( -0.07799999999999997200, 0.03199999999999997300, 0.0000000000000000000 ) ) ;
#1765 = DIRECTION ( 'NONE',  ( 0.0000000000000000000, 0.0000000000000000000, 1.000000000000000000 ) ) ;
#1766 = VERTEX_POINT ( 'NONE', #738 ) ;
#1767 = CARTESIAN_POINT ( 'NONE',  ( -0.09349999999999998600, 0.2530000000000000000, 0.1600000000000000000 ) ) ;
#1768 = AXIS2_PLACEMENT_3D ( 'NONE', #1016, #1541, #836 ) ;
#1769 = CARTESIAN_POINT ( 'NONE',  ( -0.01040861369491943200, 0.1950000000000000100, 0.09711169164449882900 ) ) ;
#1770 = CARTESIAN_POINT ( 'NONE',  ( 0.07799999999999997200, 0.03200000000000000800, 0.0000000000000000000 ) ) ;
#1771 = ORIENTED_EDGE ( 'NONE', *, *, #1171, .F. ) ;
#1772 = DIRECTION ( 'NONE',  ( 1.000000000000000000, 2.449212707644754500E-016, 0.0000000000000000000 ) ) ;
#1773 = DIRECTION ( 'NONE',  ( 1.000000000000000000, -3.100090537248139900E-016, 0.0000000000000000000 ) ) ;
#1774 = PLANE ( 'NONE',  #2107 ) ;
#1775 = VECTOR ( 'NONE', #1988, 39.37007874015748100 ) ;
#1776 = DIRECTION ( 'NONE',  ( 2.449212707644754500E-016, -1.000000000000000000, 0.0000000000000000000 ) ) ;
#1777 = LINE ( 'NONE', #680, #1255 ) ;
#1778 = FACE_OUTER_BOUND ( 'NONE', #107, .T. ) ;
#1779 = DIRECTION ( 'NONE',  ( -0.0000000000000000000, -0.0000000000000000000, -1.000000000000000000 ) ) ;
#1780 = ADVANCED_BREP_SHAPE_REPRESENTATION ( '', ( #2046, #1860 ), #130 ) ;
#1781 =( NAMED_UNIT ( * ) SI_UNIT ( $, .STERADIAN. ) SOLID_ANGLE_UNIT ( ) );
#1782 = ORIENTED_EDGE ( 'NONE', *, *, #840, .F. ) ;
#1783 = EDGE_CURVE ( 'NONE', #1277, #1263, #830, .T. ) ;
#1784 = VECTOR ( 'NONE', #268, 39.37007874015748100 ) ;
#1785 = ORIENTED_EDGE ( 'NONE', *, *, #1979, .F. ) ;
#1786 = EDGE_LOOP ( 'NONE', ( #965, #826, #587, #978, #1015, #1904 ) ) ;
#1787 = AXIS2_PLACEMENT_3D ( 'NONE', #628, #67, #52 ) ;
#1788 = CARTESIAN_POINT ( 'NONE',  ( 0.06200000000000001300, 0.1421519439852088100, 0.1600000000000000000 ) ) ;
#1789 = CARTESIAN_POINT ( 'NONE',  ( 0.08152361529911916800, 0.2636097224043095200, 0.006447054642753531600 ) ) ;
#1790 = CYLINDRICAL_SURFACE ( 'NONE', #1613, 0.01599999999999999300 ) ;
#1791 = CARTESIAN_POINT ( 'NONE',  ( -0.09249999999999999900, 0.2759999999999999700, 0.1739999999999998800 ) ) ;
#1792 = LINE ( 'NONE', #1997, #456 ) ;
#1793 = CARTESIAN_POINT ( 'NONE',  ( 0.08999999999999999700, 0.1720411172775232500, 0.07065140832946659200 ) ) ;
#1794 = DIRECTION ( 'NONE',  ( 0.0000000000000000000, 0.0000000000000000000, 1.000000000000000000 ) ) ;
#1795 = CARTESIAN_POINT ( 'NONE',  ( -0.07848687319692933300, 0.2605615222594772600, 0.1948482833758409200 ) ) ;
#1796 = CARTESIAN_POINT ( 'NONE',  ( -0.06423253153159885800, 0.2400610939623496800, 0.1600000000000000000 ) ) ;
#1797 = DIRECTION ( 'NONE',  ( -1.000000000000000000, 0.0000000000000000000, 0.0000000000000000000 ) ) ;
#1798 = ORIENTED_EDGE ( 'NONE', *, *, #2104, .T. ) ;
#1799 = AXIS2_PLACEMENT_3D ( 'NONE', #274, #1116, #1062 ) ;
#1800 = EDGE_CURVE ( 'NONE', #2224, #219, #1249, .T. ) ;
#1801 = DIRECTION ( 'NONE',  ( 1.000000000000000000, 0.0000000000000000000, -0.0000000000000000000 ) ) ;
#1802 = DIRECTION ( 'NONE',  ( 0.0000000000000000000, 0.0000000000000000000, 1.000000000000000000 ) ) ;
#1803 = VERTEX_POINT ( 'NONE', #144 ) ;
#1804 = CARTESIAN_POINT ( 'NONE',  ( 0.09350000000000002800, 0.2530000000000000000, 0.0000000000000000000 ) ) ;
#1805 = VECTOR ( 'NONE', #2156, 39.37007874015748100 ) ;
#1806 = DIRECTION ( 'NONE',  ( 0.0000000000000000000, -0.6528625371447732700, -0.7574764072846688100 ) ) ;
#1807 = CARTESIAN_POINT ( 'NONE',  ( -0.06199999999999997900, 0.03200000000000000800, 0.1970000000000000100 ) ) ;
#1808 = DIRECTION ( 'NONE',  ( -1.000000000000000000, 0.0000000000000000000, 0.0000000000000000000 ) ) ;
#1809 = CIRCLE ( 'NONE', #1269, 0.1029999999999999800 ) ;
#1810 = LINE ( 'NONE', #2227, #1097 ) ;
#1811 = DIRECTION ( 'NONE',  ( -0.0000000000000000000, 0.0000000000000000000, -1.000000000000000000 ) ) ;
#1812 = VECTOR ( 'NONE', #1058, 39.37007874015748100 ) ;
#1813 = ORIENTED_EDGE ( 'NONE', *, *, #399, .T. ) ;
#1814 = ORIENTED_EDGE ( 'NONE', *, *, #1486, .F. ) ;
#1815 = EDGE_CURVE ( 'NONE', #282, #1262, #2240, .T. ) ;
#1816 = PLANE ( 'NONE',  #815 ) ;
#1817 = ORIENTED_EDGE ( 'NONE', *, *, #1181, .F. ) ;
#1818 = DIRECTION ( 'NONE',  ( -1.000000000000000000, 0.0000000000000000000, 0.0000000000000000000 ) ) ;
#1819 = DIRECTION ( 'NONE',  ( -0.6607823546329882900, -0.7505775641502239200, 0.0000000000000000000 ) ) ;
#1820 = ORIENTED_EDGE ( 'NONE', *, *, #2109, .F. ) ;
#1821 = CARTESIAN_POINT ( 'NONE',  ( 0.09350000000000002800, 0.2530000000000000000, 0.1600000000000000000 ) ) ;
#1822 = CARTESIAN_POINT ( 'NONE',  ( 0.01040861369491943200, 0.1950000000000000100, 0.1600000000000000000 ) ) ;
#1823 = DIRECTION ( 'NONE',  ( 0.6631076502693475900, 0.7485240438050501100, -0.0000000000000000000 ) ) ;
#1824 = DIRECTION ( 'NONE',  ( -0.0000000000000000000, -0.0000000000000000000, -1.000000000000000000 ) ) ;
#1825 = ORIENTED_EDGE ( 'NONE', *, *, #287, .T. ) ;
#1826 = PLANE ( 'NONE',  #2163 ) ;
#1827 = LENGTH_MEASURE_WITH_UNIT ( LENGTH_MEASURE( 0.02539999999999999900 ), #1913 );
#1828 = ORIENTED_EDGE ( 'NONE', *, *, #2164, .F. ) ;
#1829 = EDGE_CURVE ( 'NONE', #1375, #198, #803, .T. ) ;
#1830 = EDGE_CURVE ( 'NONE', #1740, #2033, #356, .T. ) ;
#1831 = CARTESIAN_POINT ( 'NONE',  ( 0.08999999999999999700, 0.2009999999999999800, 0.08800728356649475900 ) ) ;
#1832 = AXIS2_PLACEMENT_3D ( 'NONE', #744, #718, #747 ) ;
#1833 = CYLINDRICAL_SURFACE ( 'NONE', #75, 0.03199999999999998700 ) ;
#1834 = CARTESIAN_POINT ( 'NONE',  ( -0.09249999999999999900, 0.2759999999999999700, 0.1600000000000000000 ) ) ;
#1835 = ADVANCED_FACE ( 'NONE', ( #1751 ), #1122, .F. ) ;
#1836 = DIRECTION ( 'NONE',  ( -0.0000000000000000000, -0.0000000000000000000, -1.000000000000000000 ) ) ;
#1837 = VERTEX_POINT ( 'NONE', #309 ) ;
#1838 = EDGE_CURVE ( 'NONE', #622, #1890, #1719, .T. ) ;
#1839 = VERTEX_POINT ( 'NONE', #723 ) ;
#1840 = EDGE_CURVE ( 'NONE', #1839, #344, #1096, .T. ) ;
#1841 = VERTEX_POINT ( 'NONE', #458 ) ;
#1842 = PLANE ( 'NONE',  #2205 ) ;
#1843 = AXIS2_PLACEMENT_3D ( 'NONE', #624, #615, #614 ) ;
#1844 = EDGE_CURVE ( 'NONE', #123, #20, #879, .T. ) ;
#1845 = EDGE_LOOP ( 'NONE', ( #799, #1682, #885 ) ) ;
#1846 = CARTESIAN_POINT ( 'NONE',  ( 0.08152361529911916800, 0.2636097224043095200, 0.1905529453572467600 ) ) ;
#1847 = CARTESIAN_POINT ( 'NONE',  ( 0.08052361529911919400, 0.2866097224043095400, 0.1739999999999998800 ) ) ;
#1848 = PLANE ( 'NONE',  #1589 ) ;
#1849 = CARTESIAN_POINT ( 'NONE',  ( 0.1420083898862316600, 0.2010749957066882700, 0.1600000000000000000 ) ) ;
#1850 = ADVANCED_FACE ( 'NONE', ( #1357 ), #778, .T. ) ;
#1851 = DIRECTION ( 'NONE',  ( -0.0000000000000000000, -0.0000000000000000000, -1.000000000000000000 ) ) ;
#1852 =( BOUNDED_CURVE ( )  B_SPLINE_CURVE ( 3, ( #342, #428, #1909, #1037 ),
 .UNSPECIFIED., .F., .F. ) 
 B_SPLINE_CURVE_WITH_KNOTS ( ( 4, 4 ),
 ( 1.493698939952337300, 1.568332488285967300 ),
 .UNSPECIFIED. ) 
 CURVE ( )  GEOMETRIC_REPRESENTATION_ITEM ( )  RATIONAL_B_SPLINE_CURVE ( ( 1.000000000000000000, 0.9995358733186551200, 0.9995358733186551200, 1.000000000000000000 ) ) 
 REPRESENTATION_ITEM ( '' )  );
#1853 = ORIENTED_EDGE ( 'NONE', *, *, #1070, .F. ) ;
#1854 = ORIENTED_EDGE ( 'NONE', *, *, #411, .T. ) ;
#1855 = DIRECTION ( 'NONE',  ( -1.550045268624070200E-016, -1.000000000000000000, -0.0000000000000000000 ) ) ;
#1856 = AXIS2_PLACEMENT_3D ( 'NONE', #1567, #1407, #1341 ) ;
#1857 = ORIENTED_EDGE ( 'NONE', *, *, #1171, .T. ) ;
#1858 = EDGE_CURVE ( 'NONE', #1355, #1561, #774, .T. ) ;
#1859 = DIRECTION ( 'NONE',  ( -1.000000000000000000, 0.0000000000000000000, 0.0000000000000000000 ) ) ;
#1860 = AXIS2_PLACEMENT_3D ( 'NONE', #2150, #1758, #722 ) ;
#1861 = VECTOR ( 'NONE', #1332, 39.37007874015748900 ) ;
#1862 = FACE_OUTER_BOUND ( 'NONE', #1877, .T. ) ;
#1863 = ORIENTED_EDGE ( 'NONE', *, *, #1406, .F. ) ;
#1864 = PLANE ( 'NONE',  #548 ) ;
#1865 = DIMENSIONAL_EXPONENTS ( 1.000000000000000000, 0.0000000000000000000, 0.0000000000000000000, 0.0000000000000000000, 0.0000000000000000000, 0.0000000000000000000, 0.0000000000000000000 ) ;
#1866 = VECTOR ( 'NONE', #304, 39.37007874015748100 ) ;
#1867 = CARTESIAN_POINT ( 'NONE',  ( -0.07894394362697050600, 0.2600060463647423400, 0.002039016460068498300 ) ) ;
#1868 = VECTOR ( 'NONE', #1919, 39.37007874015748100 ) ;
#1869 = EDGE_LOOP ( 'NONE', ( #2148, #872, #2115, #536, #1342, #2058 ) ) ;
#1870 = VERTEX_POINT ( 'NONE', #299 ) ;
#1871 = CARTESIAN_POINT ( 'NONE',  ( -0.07952909395698569400, 0.2452016806722688600, 0.0000000000000000000 ) ) ;
#1872 = CARTESIAN_POINT ( 'NONE',  ( 0.04599999999999997800, 0.03200000000000001500, 0.1970000000000000100 ) ) ;
#1873 = CARTESIAN_POINT ( 'NONE',  ( -0.1420083898862316600, 0.2010749957066882700, 0.1600000000000000000 ) ) ;
#1874 = EDGE_LOOP ( 'NONE', ( #483, #1018, #1745, #270, #1508, #992 ) ) ;
#1875 = CARTESIAN_POINT ( 'NONE',  ( 0.04599999999999997800, 0.03200000000000001500, 0.1970000000000000100 ) ) ;
#1876 = EDGE_CURVE ( 'NONE', #1089, #1295, #438, .T. ) ;
#1877 = EDGE_LOOP ( 'NONE', ( #1940, #1303, #1238, #1517 ) ) ;
#1878 = CARTESIAN_POINT ( 'NONE',  ( -0.08152361529911916800, 0.2636097224043095200, 0.006447054642753536000 ) ) ;
#1879 = ORIENTED_EDGE ( 'NONE', *, *, #61, .T. ) ;
#1880 = ADVANCED_FACE ( 'NONE', ( #1663 ), #1985, .T. ) ;
#1881 = CARTESIAN_POINT ( 'NONE',  ( 0.08152361529911916800, 0.2636097224043095200, 0.1600000000000000000 ) ) ;
#1882 = CARTESIAN_POINT ( 'NONE',  ( 0.07039997859344332400, 0.2751103617969755100, 0.1970000000000000100 ) ) ;
#1883 = DIRECTION ( 'NONE',  ( -2.449212707644754500E-016, 1.000000000000000000, -0.0000000000000000000 ) ) ;
#1884 = CARTESIAN_POINT ( 'NONE',  ( 0.08999999999999999700, 0.2179588827224767700, 0.08258907712475802000 ) ) ;
#1885 = DIRECTION ( 'NONE',  ( -1.000000000000000000, 0.0000000000000000000, 0.0000000000000000000 ) ) ;
#1886 = ORIENTED_EDGE ( 'NONE', *, *, #1982, .F. ) ;
#1887 = DIRECTION ( 'NONE',  ( -0.6631076502693469300, -0.7485240438050505500, 0.0000000000000000000 ) ) ;
#1888 = CARTESIAN_POINT ( 'NONE',  ( 0.04599999999999998500, 8.537024980200822600E-018, 0.1970000000000000100 ) ) ;
#1889 = CARTESIAN_POINT ( 'NONE',  ( -0.01040861369491943200, 0.1950000000000000100, 0.1600000000000000000 ) ) ;
#1890 = VERTEX_POINT ( 'NONE', #114 ) ;
#1891 = DIRECTION ( 'NONE',  ( -0.0000000000000000000, -0.0000000000000000000, -1.000000000000000000 ) ) ;
#1892 = CARTESIAN_POINT ( 'NONE',  ( 0.09350000000000002800, 0.2530000000000000000, 0.0000000000000000000 ) ) ;
#1893 = EDGE_CURVE ( 'NONE', #1652, #792, #921, .T. ) ;
#1894 = CARTESIAN_POINT ( 'NONE',  ( -0.07799999999999995800, 0.1421519439852087800, 0.1970000000000000100 ) ) ;
#1895 = VECTOR ( 'NONE', #1168, 39.37007874015748100 ) ;
#1896 = VECTOR ( 'NONE', #1531, 39.37007874015748100 ) ;
#1897 = DIRECTION ( 'NONE',  ( -1.000000000000000000, 0.0000000000000000000, 0.0000000000000000000 ) ) ;
#1898 = CARTESIAN_POINT ( 'NONE',  ( 0.08999999999999999700, 0.1948470126591986000, 0.09711169164449882900 ) ) ;
#1899 = ORIENTED_EDGE ( 'NONE', *, *, #1928, .T. ) ;
#1900 = CARTESIAN_POINT ( 'NONE',  ( 0.08999999999999999700, 0.1769999999999999900, 0.09711169164449882900 ) ) ;
#1901 = VECTOR ( 'NONE', #543, 39.37007874015748100 ) ;
#1902 = ORIENTED_EDGE ( 'NONE', *, *, #1197, .T. ) ;
#1903 = CARTESIAN_POINT ( 'NONE',  ( -0.06576330066491865900, 0.2689585560122242400, -9.858108208398343900E-020 ) ) ;
#1904 = ORIENTED_EDGE ( 'NONE', *, *, #435, .F. ) ;
#1905 = VERTEX_POINT ( 'NONE', #565 ) ;
#1906 = CARTESIAN_POINT ( 'NONE',  ( -0.06746690346800049400, 0.1562133550483189300, 0.1600000000000000000 ) ) ;
#1907 = EDGE_LOOP ( 'NONE', ( #2241, #426, #256, #264, #1853, #2065 ) ) ;
#1908 = AXIS2_PLACEMENT_3D ( 'NONE', #1505, #1174, #1123 ) ;
#1909 = CARTESIAN_POINT ( 'NONE',  ( -0.06678320304013965500, 0.2714791170461426400, 0.1944369943946974400 ) ) ;
#1910 = EDGE_CURVE ( 'NONE', #2190, #295, #1942, .T. ) ;
#1911 = DIRECTION ( 'NONE',  ( -0.0000000000000000000, -0.0000000000000000000, -1.000000000000000000 ) ) ;
#1912 = DIRECTION ( 'NONE',  ( -0.0000000000000000000, -0.0000000000000000000, -1.000000000000000000 ) ) ;
#1913 =( LENGTH_UNIT ( ) NAMED_UNIT ( * ) SI_UNIT ( $, .METRE. ) );
#1914 = CARTESIAN_POINT ( 'NONE',  ( 0.06199999999999997900, 0.03200000000000001500, 0.1600000000000000000 ) ) ;
#1915 = EDGE_CURVE ( 'NONE', #431, #1766, #1307, .T. ) ;
#1916 = CARTESIAN_POINT ( 'NONE',  ( 0.04599999999999999200, 0.03200000000000000100, 0.1600000000000000000 ) ) ;
#1917 = VERTEX_POINT ( 'NONE', #425 ) ;
#1918 = ORIENTED_EDGE ( 'NONE', *, *, #1840, .T. ) ;
#1919 = DIRECTION ( 'NONE',  ( -3.100090537248139000E-016, 1.000000000000000000, 0.0000000000000000000 ) ) ;
#1920 = DIRECTION ( 'NONE',  ( -0.0000000000000000000, -0.0000000000000000000, 1.000000000000000000 ) ) ;
#1921 = ORIENTED_EDGE ( 'NONE', *, *, #245, .T. ) ;
#1922 = DIRECTION ( 'NONE',  ( -1.000000000000000000, 0.0000000000000000000, 0.0000000000000000000 ) ) ;
#1923 = DIRECTION ( 'NONE',  ( -0.6631076502693469300, 0.7485240438050505500, 0.0000000000000000000 ) ) ;
#1924 = DIRECTION ( 'NONE',  ( 3.100090537248139900E-016, 1.000000000000000000, 0.0000000000000000000 ) ) ;
#1925 = ORIENTED_EDGE ( 'NONE', *, *, #361, .F. ) ;
#1926 = DIRECTION ( 'NONE',  ( 0.4672448080327011900, 0.5307397623682180700, -0.7071050798911089300 ) ) ;
#1927 = AXIS2_PLACEMENT_3D ( 'NONE', #453, #984, #404 ) ;
#1928 = EDGE_CURVE ( 'NONE', #787, #1766, #1419, .T. ) ;
#1929 = CARTESIAN_POINT ( 'NONE',  ( 0.09350000000000002800, 0.2530000000000000000, 0.0000000000000000000 ) ) ;
#1930 = DIRECTION ( 'NONE',  ( -0.0000000000000000000, -0.0000000000000000000, -1.000000000000000000 ) ) ;
#1931 = CIRCLE ( 'NONE', #706, 0.03350000000000000200 ) ;
#1932 = CIRCLE ( 'NONE', #329, 0.08700000000000002200 ) ;
#1933 = EDGE_CURVE ( 'NONE', #14, #1052, #2214, .T. ) ;
#1934 = CARTESIAN_POINT ( 'NONE',  ( 0.06517906027710243500, 0.2691799610757230100, 0.1972216872573087400 ) ) ;
#1935 = CIRCLE ( 'NONE', #558, 0.01599999999999999700 ) ;
#1936 = CARTESIAN_POINT ( 'NONE',  ( -0.08004628901737069500, 0.2619420983888352500, 0.004219171611773021900 ) ) ;
#1937 = ADVANCED_FACE ( 'NONE', ( #1522 ), #653, .F. ) ;
#1938 = CARTESIAN_POINT ( 'NONE',  ( 0.03900838988623168300, 0.2010749957066882700, 0.1970000000000000100 ) ) ;
#1939 = LINE ( 'NONE', #760, #1316 ) ;
#1940 = ORIENTED_EDGE ( 'NONE', *, *, #743, .F. ) ;
#1941 = EDGE_LOOP ( 'NONE', ( #1971, #162, #683, #231, #2118 ) ) ;
#1942 =( BOUNDED_CURVE ( )  B_SPLINE_CURVE ( 3, ( #2201, #931, #820, #66 ),
 .UNSPECIFIED., .F., .F. ) 
 B_SPLINE_CURVE_WITH_KNOTS ( ( 4, 4 ),
 ( 1.346006200052825200, 1.512510904101501200 ),
 .UNSPECIFIED. ) 
 CURVE ( )  GEOMETRIC_REPRESENTATION_ITEM ( )  RATIONAL_B_SPLINE_CURVE ( ( 1.000000000000000000, 0.9976910160449167200, 0.9976910160449167200, 1.000000000000000000 ) ) 
 REPRESENTATION_ITEM ( '' )  );
#1943 = CARTESIAN_POINT ( 'NONE',  ( 0.07799999999999997200, 0.03200000000000000800, 0.1600000000000000000 ) ) ;
#1944 = VERTEX_POINT ( 'NONE', #1467 ) ;
#1945 = CARTESIAN_POINT ( 'NONE',  ( -0.06507892760249918400, 0.2695648331479887900, 0.1970000000000000100 ) ) ;
#1946 = LINE ( 'NONE', #1347, #1700 ) ;
#1947 = DIRECTION ( 'NONE',  ( -1.000000000000000000, 0.0000000000000000000, 0.0000000000000000000 ) ) ;
#1948 = EDGE_LOOP ( 'NONE', ( #613, #2234, #1477, #1530, #1668, #82 ) ) ;
#1949 = AXIS2_PLACEMENT_3D ( 'NONE', #589, #1824, #2238 ) ;
#1950 = CARTESIAN_POINT ( 'NONE',  ( 0.07799999999999995800, 0.1421519439852087800, 0.0000000000000000000 ) ) ;
#1951 = EDGE_CURVE ( 'NONE', #524, #2197, #542, .T. ) ;
#1952 = ORIENTED_EDGE ( 'NONE', *, *, #1386, .T. ) ;
#1953 = DIRECTION ( 'NONE',  ( -1.550045268624070200E-016, 1.000000000000000000, 0.0000000000000000000 ) ) ;
#1954 = DIRECTION ( 'NONE',  ( 1.000000000000000000, 0.0000000000000000000, 0.0000000000000000000 ) ) ;
#1955 = CARTESIAN_POINT ( 'NONE',  ( 0.06555818791397127800, 0.2374033613445378200, 0.0000000000000000000 ) ) ;
#1956 = CARTESIAN_POINT ( 'NONE',  ( 0.07799999999999997200, 0.03200000000000000800, 0.1970000000000000100 ) ) ;
#1957 = CARTESIAN_POINT ( 'NONE',  ( 0.08999999999999999700, 0.2179588827224767700, 0.1600000000000000000 ) ) ;
#1958 = CARTESIAN_POINT ( 'NONE',  ( 0.07952909395698563900, 0.2452016806722689100, 0.0000000000000000000 ) ) ;
#1959 = LINE ( 'NONE', #1151, #1425 ) ;
#1960 = EDGE_CURVE ( 'NONE', #1605, #1652, #859, .T. ) ;
#1961 = FACE_OUTER_BOUND ( 'NONE', #1298, .T. ) ;
#1962 = EDGE_CURVE ( 'NONE', #1890, #297, #898, .T. ) ;
#1963 = CARTESIAN_POINT ( 'NONE',  ( -0.07826381016023212200, 0.2578845183146912800, 2.032209941077023000E-019 ) ) ;
#1964 = DIRECTION ( 'NONE',  ( -0.0000000000000000000, -0.0000000000000000000, -1.000000000000000000 ) ) ;
#1965 = CARTESIAN_POINT ( 'NONE',  ( 0.09100637533530235600, 0.1769999999999999900, 0.09711169164449882900 ) ) ;
#1966 = LINE ( 'NONE', #385, #1784 ) ;
#1967 = VERTEX_POINT ( 'NONE', #656 ) ;
#1968 = EDGE_CURVE ( 'NONE', #1564, #1430, #1023, .T. ) ;
#1969 = CARTESIAN_POINT ( 'NONE',  ( 0.08052361529911920800, 0.2866097224043096000, 0.02300000000000023900 ) ) ;
#1970 = LINE ( 'NONE', #1636, #1027 ) ;
#1971 = ORIENTED_EDGE ( 'NONE', *, *, #1252, .T. ) ;
#1972 = DIRECTION ( 'NONE',  ( -0.0000000000000000000, -0.0000000000000000000, -1.000000000000000000 ) ) ;
#1973 = PRODUCT ( '3561', '3561', '', ( #2041 ) ) ;
#1974 = ORIENTED_EDGE ( 'NONE', *, *, #811, .T. ) ;
#1975 = CARTESIAN_POINT ( 'NONE',  ( 0.03350000000000000900, -4.600674899691305000E-018, 0.09850000000000000400 ) ) ;
#1976 = ADVANCED_FACE ( 'NONE', ( #330 ), #1064, .F. ) ;
#1977 = ORIENTED_EDGE ( 'NONE', *, *, #407, .T. ) ;
#1978 = CARTESIAN_POINT ( 'NONE',  ( 0.09249999999999999900, 0.2759999999999999700, 0.02300000000000017000 ) ) ;
#1979 = EDGE_CURVE ( 'NONE', #2197, #2208, #1576, .T. ) ;
#1980 = EDGE_CURVE ( 'NONE', #1944, #787, #2050, .T. ) ;
#1981 = CARTESIAN_POINT ( 'NONE',  ( 0.09158160348456345600, 0.2099549753415458400, 0.09222564551895945400 ) ) ;
#1982 = EDGE_CURVE ( 'NONE', #353, #1186, #1603, .T. ) ;
#1983 = PLANE ( 'NONE',  #1554 ) ;
#1984 = CARTESIAN_POINT ( 'NONE',  ( -0.06954723059823834900, 0.2742194448086190900, 0.1600000000000000000 ) ) ;
#1985 = PLANE ( 'NONE',  #1512 ) ;
#1986 = ORIENTED_EDGE ( 'NONE', *, *, #1099, .T. ) ;
#1987 = DIRECTION ( 'NONE',  ( -0.0000000000000000000, 0.0000000000000000000, -1.000000000000000000 ) ) ;
#1988 = DIRECTION ( 'NONE',  ( -0.0000000000000000000, -0.0000000000000000000, -1.000000000000000000 ) ) ;
#1989 = DIRECTION ( 'NONE',  ( 0.0000000000000000000, 0.0000000000000000000, 1.000000000000000000 ) ) ;
#1990 = DIRECTION ( 'NONE',  ( -1.000000000000000000, 0.0000000000000000000, 0.0000000000000000000 ) ) ;
#1991 = CARTESIAN_POINT ( 'NONE',  ( 0.06150000000000000600, 0.2530000000000000000, 0.1600000000000000000 ) ) ;
#1992 = FACE_OUTER_BOUND ( 'NONE', #1479, .T. ) ;
#1993 = CARTESIAN_POINT ( 'NONE',  ( -0.1420083898862316600, 0.2010749957066882700, 0.1600000000000000000 ) ) ;
#1994 = LINE ( 'NONE', #1006, #2138 ) ;
#1995 = LINE ( 'NONE', #1562, #967 ) ;
#1996 = EDGE_CURVE ( 'NONE', #344, #1089, #726, .T. ) ;
#1997 = CARTESIAN_POINT ( 'NONE',  ( 0.08999999999999999700, 0.1551999999999999500, 0.05111169164449883000 ) ) ;
#1998 = ORIENTED_EDGE ( 'NONE', *, *, #1840, .F. ) ;
#1999 = CIRCLE ( 'NONE', #1726, 0.08699999999999999400 ) ;
#2000 = CARTESIAN_POINT ( 'NONE',  ( 0.07039997859344331000, 0.2751103617969755100, 0.1893206088510553700 ) ) ;
#2001 = ORIENTED_EDGE ( 'NONE', *, *, #217, .F. ) ;
#2002 = DIRECTION ( 'NONE',  ( -0.0000000000000000000, -0.0000000000000000000, -1.000000000000000000 ) ) ;
#2003 = DIRECTION ( 'NONE',  ( -0.0000000000000000000, 1.000000000000000000, -0.0000000000000000000 ) ) ;
#2004 = CARTESIAN_POINT ( 'NONE',  ( -0.07659138630508059700, 0.1950000000000000100, 0.1600000000000000000 ) ) ;
#2005 = ORIENTED_EDGE ( 'NONE', *, *, #1045, .T. ) ;
#2006 = DIRECTION ( 'NONE',  ( -1.000000000000000000, 0.0000000000000000000, 0.0000000000000000000 ) ) ;
#2007 = ORIENTED_EDGE ( 'NONE', *, *, #1246, .T. ) ;
#2008 = CARTESIAN_POINT ( 'NONE',  ( -0.07799999999999995800, 0.1421519439852087800, 0.1970000000000000100 ) ) ;
#2009 = DIRECTION ( 'NONE',  ( 1.000000000000000000, 0.0000000000000000000, -0.0000000000000000000 ) ) ;
#2010 = CARTESIAN_POINT ( 'NONE',  ( 0.08999999999999999700, 0.2179588827224767700, 0.08258907712475802000 ) ) ;
#2011 = AXIS2_PLACEMENT_3D ( 'NONE', #1003, #669, #53 ) ;
#2012 = EDGE_CURVE ( 'NONE', #1458, #1035, #301, .T. ) ;
#2013 = DIRECTION ( 'NONE',  ( -0.0000000000000000000, -0.0000000000000000000, -1.000000000000000000 ) ) ;
#2014 = VERTEX_POINT ( 'NONE', #887 ) ;
#2015 = CARTESIAN_POINT ( 'NONE',  ( 0.06810991352962826600, 0.2725969836833567700, 0.004279507536297645300 ) ) ;
#2016 = CARTESIAN_POINT ( 'NONE',  ( -0.06555818791397131900, 0.2374033613445376800, 0.1600000000000000000 ) ) ;
#2017 = CARTESIAN_POINT ( 'NONE',  ( 0.04599999999999997800, 0.03200000000000001500, 0.1600000000000000000 ) ) ;
#2018 = ORIENTED_EDGE ( 'NONE', *, *, #1047, .F. ) ;
#2019 = EDGE_CURVE ( 'NONE', #1317, #199, #705, .T. ) ;
#2020 = CIRCLE ( 'NONE', #1128, 0.01600000000000001400 ) ;
#2021 = ORIENTED_EDGE ( 'NONE', *, *, #1354, .T. ) ;
#2022 = CARTESIAN_POINT ( 'NONE',  ( 0.01040861369491943200, 0.1950000000000000100, 0.1600000000000000000 ) ) ;
#2023 = VECTOR ( 'NONE', #741, 39.37007874015748900 ) ;
#2024 = LINE ( 'NONE', #865, #1309 ) ;
#2025 = CARTESIAN_POINT ( 'NONE',  ( -0.03350000000000000200, -2.101040004091116200E-017, 0.09850000000000000400 ) ) ;
#2026 = LINE ( 'NONE', #150, #2105 ) ;
#2027 = AXIS2_PLACEMENT_3D ( 'NONE', #362, #1487, #1676 ) ;
#2028 = DIRECTION ( 'NONE',  ( -0.8731816276883989100, -0.4873949579831925400, 0.0000000000000000000 ) ) ;
#2029 = VECTOR ( 'NONE', #1524, 39.37007874015748100 ) ;
#2030 = VERTEX_POINT ( 'NONE', #1791 ) ;
#2031 = DIRECTION ( 'NONE',  ( 0.0000000000000000000, 0.0000000000000000000, 1.000000000000000000 ) ) ;
#2032 = CARTESIAN_POINT ( 'NONE',  ( 0.1420083898862316600, 0.2010749957066882700, 0.1970000000000000100 ) ) ;
#2033 = VERTEX_POINT ( 'NONE', #1637 ) ;
#2034 = AXIS2_PLACEMENT_3D ( 'NONE', #62, #73, #79 ) ;
#2035 = ORIENTED_EDGE ( 'NONE', *, *, #892, .F. ) ;
#2036 = CARTESIAN_POINT ( 'NONE',  ( 0.1420083898862316600, 0.2010749957066882700, 0.1970000000000000100 ) ) ;
#2037 = PLANE ( 'NONE',  #1585 ) ;
#2038 = ORIENTED_EDGE ( 'NONE', *, *, #1047, .T. ) ;
#2039 = CARTESIAN_POINT ( 'NONE',  ( 0.09241648051850692700, 0.2009999999999999800, 0.08800728356649475900 ) ) ;
#2040 = CARTESIAN_POINT ( 'NONE',  ( -0.01040861369491943200, 0.1950000000000000100, 0.1600000000000000000 ) ) ;
#2041 = PRODUCT_CONTEXT ( 'NONE', #1175, 'mechanical' ) ;
#2042 = DIRECTION ( 'NONE',  ( 0.0000000000000000000, 0.6528625371447732700, 0.7574764072846688100 ) ) ;
#2043 = AXIS2_PLACEMENT_3D ( 'NONE', #1872, #1260, #443 ) ;
#2044 = EDGE_CURVE ( 'NONE', #1917, #1537, #160, .T. ) ;
#2045 = DIRECTION ( 'NONE',  ( -0.6631076502693475900, 0.7485240438050501100, 0.0000000000000000000 ) ) ;
#2046 = MANIFOLD_SOLID_BREP ( 'Extrude3', #249 ) ;
#2047 = DIRECTION ( 'NONE',  ( 0.0000000000000000000, 0.0000000000000000000, 1.000000000000000000 ) ) ;
#2048 = ADVANCED_FACE ( 'NONE', ( #655 ), #2161, .T. ) ;
#2049 = EDGE_CURVE ( 'NONE', #198, #1164, #1809, .T. ) ;
#2050 = LINE ( 'NONE', #1083, #1661 ) ;
#2051 = ADVANCED_FACE ( 'NONE', ( #834 ), #1394, .T. ) ;
#2052 = LINE ( 'NONE', #832, #277 ) ;
#2053 = DIRECTION ( 'NONE',  ( 1.000000000000000000, 0.0000000000000000000, -0.0000000000000000000 ) ) ;
#2054 = FACE_OUTER_BOUND ( 'NONE', #1223, .T. ) ;
#2055 = CARTESIAN_POINT ( 'NONE',  ( -0.04599999999999998500, 0.01600000000000000000, 0.1970000000000000100 ) ) ;
#2056 = DIRECTION ( 'NONE',  ( -0.0000000000000000000, -0.0000000000000000000, -1.000000000000000000 ) ) ;
#2057 = VECTOR ( 'NONE', #2257, 39.37007874015748100 ) ;
#2058 = ORIENTED_EDGE ( 'NONE', *, *, #366, .T. ) ;
#2059 = AXIS2_PLACEMENT_3D ( 'NONE', #771, #593, #1626 ) ;
#2060 = VECTOR ( 'NONE', #2173, 39.37007874015748100 ) ;
#2061 = ORIENTED_EDGE ( 'NONE', *, *, #390, .T. ) ;
#2062 = DIRECTION ( 'NONE',  ( -0.0000000000000000000, -0.0000000000000000000, -1.000000000000000000 ) ) ;
#2063 = CIRCLE ( 'NONE', #1539, 0.01600000000000001400 ) ;
#2064 = EDGE_CURVE ( 'NONE', #1712, #155, #728, .T. ) ;
#2065 = ORIENTED_EDGE ( 'NONE', *, *, #506, .F. ) ;
#2066 = ORIENTED_EDGE ( 'NONE', *, *, #889, .F. ) ;
#2067 = EDGE_CURVE ( 'NONE', #2033, #720, #1251, .T. ) ;
#2068 = ORIENTED_EDGE ( 'NONE', *, *, #1659, .F. ) ;
#2069 = CARTESIAN_POINT ( 'NONE',  ( -0.04599999999999998500, 8.537024980200822600E-018, 0.1970000000000000100 ) ) ;
#2070 = VECTOR ( 'NONE', #1747, 39.37007874015748100 ) ;
#2071 = CARTESIAN_POINT ( 'NONE',  ( 0.06855771029995322300, 0.2733284849367866300, 0.1918760087232685700 ) ) ;
#2072 = CARTESIAN_POINT ( 'NONE',  ( 0.09171250330367554400, 0.1795305968287948000, 0.07934099264493356400 ) ) ;
#2073 = ORIENTED_EDGE ( 'NONE', *, *, #2255, .F. ) ;
#2074 = PLANE ( 'NONE',  #474 ) ;
#2075 = CARTESIAN_POINT ( 'NONE',  ( -0.04599999999999999200, 0.01599999999999997600, 0.1600000000000000000 ) ) ;
#2076 = EDGE_LOOP ( 'NONE', ( #751, #945, #1107, #762, #326, #1007, #2066 ) ) ;
#2077 = ORIENTED_EDGE ( 'NONE', *, *, #1323, .F. ) ;
#2078 = ORIENTED_EDGE ( 'NONE', *, *, #586, .T. ) ;
#2079 = EDGE_CURVE ( 'NONE', #792, #510, #1635, .T. ) ;
#2080 = DIRECTION ( 'NONE',  ( 0.4688879161621305500, -0.5292864272557241700, 0.7071067811865516800 ) ) ;
#2081 = DIRECTION ( 'NONE',  ( 1.000000000000000000, 0.0000000000000000000, 0.0000000000000000000 ) ) ;
#2082 = LINE ( 'NONE', #1722, #1658 ) ;
#2083 = CARTESIAN_POINT ( 'NONE',  ( -0.07800000000000001400, 0.1421519439852088100, 0.1600000000000000000 ) ) ;
#2084 = VECTOR ( 'NONE', #1964, 39.37007874015748100 ) ;
#2085 = LINE ( 'NONE', #1763, #2060 ) ;
#2086 = CARTESIAN_POINT ( 'NONE',  ( -0.01040861369491943200, 0.1950000000000000100, 0.0000000000000000000 ) ) ;
#2087 = CARTESIAN_POINT ( 'NONE',  ( 0.07799999999999995800, 0.1421519439852087800, 0.1970000000000000100 ) ) ;
#2088 = ORIENTED_EDGE ( 'NONE', *, *, #729, .F. ) ;
#2089 = ADVANCED_FACE ( 'NONE', ( #521 ), #1088, .T. ) ;
#2090 = ORIENTED_EDGE ( 'NONE', *, *, #1406, .T. ) ;
#2091 = VECTOR ( 'NONE', #1883, 39.37007874015748100 ) ;
#2092 = CARTESIAN_POINT ( 'NONE',  ( -0.07705535534015069100, 0.2589550726179675200, 0.1970000000000000100 ) ) ;
#2093 = EDGE_CURVE ( 'NONE', #1540, #1627, #1931, .T. ) ;
#2094 = EDGE_LOOP ( 'NONE', ( #983, #136, #1813 ) ) ;
#2095 = FACE_OUTER_BOUND ( 'NONE', #635, .T. ) ;
#2096 = EDGE_CURVE ( 'NONE', #420, #1803, #1445, .T. ) ;
#2097 = CARTESIAN_POINT ( 'NONE',  ( 0.06555818791397127800, 0.2374033613445378200, 0.1600000000000000000 ) ) ;
#2098 = DIRECTION ( 'NONE',  ( 0.0000000000000000000, -0.7692632371220610200, -0.6389319776098921800 ) ) ;
#2099 = ORIENTED_EDGE ( 'NONE', *, *, #2164, .T. ) ;
#2100 = DIRECTION ( 'NONE',  ( -1.000000000000000000, 0.0000000000000000000, 0.0000000000000000000 ) ) ;
#2101 = ORIENTED_EDGE ( 'NONE', *, *, #877, .T. ) ;
#2102 = CARTESIAN_POINT ( 'NONE',  ( -0.06200000000000004800, 0.1362085363627966700, 0.1970000000000000100 ) ) ;
#2103 = VERTEX_POINT ( 'NONE', #1528 ) ;
#2104 = EDGE_CURVE ( 'NONE', #199, #854, #190, .T. ) ;
#2105 = VECTOR ( 'NONE', #1920, 39.37007874015748100 ) ;
#2106 = DIRECTION ( 'NONE',  ( -1.000000000000000000, -2.667820306312754800E-016, 0.0000000000000000000 ) ) ;
#2107 = AXIS2_PLACEMENT_3D ( 'NONE', #1159, #534, #1403 ) ;
#2108 = VECTOR ( 'NONE', #122, 39.37007874015748100 ) ;
#2109 = EDGE_CURVE ( 'NONE', #2033, #1295, #1281, .T. ) ;
#2110 = DIRECTION ( 'NONE',  ( -1.000000000000000000, 0.0000000000000000000, 0.0000000000000000000 ) ) ;
#2111 = DIRECTION ( 'NONE',  ( -0.0000000000000000000, -0.0000000000000000000, -1.000000000000000000 ) ) ;
#2112 = CYLINDRICAL_SURFACE ( 'NONE', #92, 0.01599999999999999700 ) ;
#2113 = CIRCLE ( 'NONE', #1510, 0.08699999999999999400 ) ;
#2114 = LINE ( 'NONE', #1881, #1156 ) ;
#2115 = ORIENTED_EDGE ( 'NONE', *, *, #2019, .F. ) ;
#2116 = DIRECTION ( 'NONE',  ( -1.000000000000000000, 0.0000000000000000000, 0.0000000000000000000 ) ) ;
#2117 = DIRECTION ( 'NONE',  ( -0.0000000000000000000, -0.0000000000000000000, -1.000000000000000000 ) ) ;
#2118 = ORIENTED_EDGE ( 'NONE', *, *, #856, .F. ) ;
#2119 = ORIENTED_EDGE ( 'NONE', *, *, #1087, .F. ) ;
#2120 = EDGE_LOOP ( 'NONE', ( #271, #553, #590, #1411 ) ) ;
#2121 = AXIS2_PLACEMENT_3D ( 'NONE', #2244, #86, #574 ) ;
#2122 = DIRECTION ( 'NONE',  ( -0.0000000000000000000, -0.0000000000000000000, -1.000000000000000000 ) ) ;
#2123 = EDGE_CURVE ( 'NONE', #1611, #1295, #900, .T. ) ;
#2124 = EDGE_LOOP ( 'NONE', ( #1688, #470, #211, #790 ) ) ;
#2125 = EDGE_LOOP ( 'NONE', ( #637, #940, #1028 ) ) ;
#2126 = CARTESIAN_POINT ( 'NONE',  ( 0.06576330066491868600, 0.2689585560122242900, 9.858108208398307800E-020 ) ) ;
#2127 = CARTESIAN_POINT ( 'NONE',  ( -0.09249999999999999900, 0.2759999999999999700, 0.1739999999999998800 ) ) ;
#2128 = ORIENTED_EDGE ( 'NONE', *, *, #2155, .T. ) ;
#2129 = DIRECTION ( 'NONE',  ( -0.0000000000000000000, -0.0000000000000000000, -1.000000000000000000 ) ) ;
#2130 = FACE_OUTER_BOUND ( 'NONE', #2124, .T. ) ;
#2131 = VERTEX_POINT ( 'NONE', #333 ) ;
#2132 = AXIS2_PLACEMENT_3D ( 'NONE', #1849, #237, #828 ) ;
#2133 = EDGE_CURVE ( 'NONE', #1415, #1153, #1935, .T. ) ;
#2134 = CARTESIAN_POINT ( 'NONE',  ( 0.07799999999999995800, 0.1421519439852087800, 0.0000000000000000000 ) ) ;
#2135 = DIRECTION ( 'NONE',  ( 1.000000000000000000, 0.0000000000000000000, 0.0000000000000000000 ) ) ;
#2136 = VECTOR ( 'NONE', #251, 39.37007874015748100 ) ;
#2137 = AXIS2_PLACEMENT_3D ( 'NONE', #468, #2062, #684 ) ;
#2138 = VECTOR ( 'NONE', #1912, 39.37007874015748100 ) ;
#2139 = EDGE_CURVE ( 'NONE', #174, #1415, #1048, .T. ) ;
#2140 = CIRCLE ( 'NONE', #600, 0.1029999999999999800 ) ;
#2141 = VECTOR ( 'NONE', #2186, 39.37007874015748100 ) ;
#2142 = CARTESIAN_POINT ( 'NONE',  ( -0.07800000000000001400, 0.1421519439852088100, 0.1600000000000000000 ) ) ;
#2143 = VECTOR ( 'NONE', #482, 39.37007874015748100 ) ;
#2144 = ORIENTED_EDGE ( 'NONE', *, *, #901, .T. ) ;
#2145 = DIRECTION ( 'NONE',  ( -1.000000000000000000, -2.667820306312757800E-016, 0.0000000000000000000 ) ) ;
#2146 = DIRECTION ( 'NONE',  ( 0.0000000000000000000, -0.8005668113187035500, -0.5992435069443834400 ) ) ;
#2147 = LINE ( 'NONE', #1734, #570 ) ;
#2148 = ORIENTED_EDGE ( 'NONE', *, *, #1980, .F. ) ;
#2149 = CIRCLE ( 'NONE', #1710, 0.08700000000000002200 ) ;
#2150 = CARTESIAN_POINT ( 'NONE',  ( 0.0000000000000000000, 0.0000000000000000000, 0.0000000000000000000 ) ) ;
#2151 = CYLINDRICAL_SURFACE ( 'NONE', #1647, 0.1029999999999999900 ) ;
#2152 = AXIS2_PLACEMENT_3D ( 'NONE', #1560, #1534, #1538 ) ;
#2153 = CARTESIAN_POINT ( 'NONE',  ( 0.08052361529911919400, 0.2866097224043095400, 0.1970000000000000100 ) ) ;
#2154 = CARTESIAN_POINT ( 'NONE',  ( 0.07724852404380473700, 0.2587839469924834700, 0.0000000000000000000 ) ) ;
#2155 = EDGE_CURVE ( 'NONE', #1105, #602, #2020, .T. ) ;
#2156 = DIRECTION ( 'NONE',  ( -0.0000000000000000000, -0.0000000000000000000, -1.000000000000000000 ) ) ;
#2157 = ORIENTED_EDGE ( 'NONE', *, *, #552, .T. ) ;
#2158 = ORIENTED_EDGE ( 'NONE', *, *, #350, .F. ) ;
#2159 = ORIENTED_EDGE ( 'NONE', *, *, #990, .T. ) ;
#2160 = FACE_OUTER_BOUND ( 'NONE', #608, .T. ) ;
#2161 = PLANE ( 'NONE',  #484 ) ;
#2162 = VECTOR ( 'NONE', #80, 39.37007874015748100 ) ;
#2163 = AXIS2_PLACEMENT_3D ( 'NONE', #915, #2098, #1511 ) ;
#2164 = EDGE_CURVE ( 'NONE', #1627, #1540, #2187, .T. ) ;
#2165 = LINE ( 'NONE', #1442, #161 ) ;
#2166 = DIRECTION ( 'NONE',  ( -0.0000000000000000000, -0.0000000000000000000, -1.000000000000000000 ) ) ;
#2167 = CIRCLE ( 'NONE', #409, 0.08699999999999999400 ) ;
#2168 = ORIENTED_EDGE ( 'NONE', *, *, #1371, .T. ) ;
#2169 = CARTESIAN_POINT ( 'NONE',  ( 0.04599999999999997800, 0.03200000000000001500, 0.1970000000000000100 ) ) ;
#2170 = FACE_OUTER_BOUND ( 'NONE', #1948, .T. ) ;
#2171 = ORIENTED_EDGE ( 'NONE', *, *, #350, .T. ) ;
#2172 = EDGE_LOOP ( 'NONE', ( #169, #172, #119 ) ) ;
#2173 = DIRECTION ( 'NONE',  ( 0.8731816276883963600, -0.4873949579831973200, 0.0000000000000000000 ) ) ;
#2174 = ORIENTED_EDGE ( 'NONE', *, *, #217, .T. ) ;
#2175 = DIRECTION ( 'NONE',  ( 0.7485240438050501100, 0.6631076502693475900, 0.0000000000000000000 ) ) ;
#2176 = CARTESIAN_POINT ( 'NONE',  ( -0.08152361529911916800, 0.2636097224043095200, 0.1905529453572467600 ) ) ;
#2177 = SHAPE_REPRESENTATION ( '3561', ( #1860 ), #130 ) ;
#2178 = ORIENTED_EDGE ( 'NONE', *, *, #1440, .F. ) ;
#2179 = CARTESIAN_POINT ( 'NONE',  ( -0.08152361529911916800, 0.2636097224043095200, 0.1600000000000000000 ) ) ;
#2180 = AXIS2_PLACEMENT_3D ( 'NONE', #842, #560, #153 ) ;
#2181 = ORIENTED_EDGE ( 'NONE', *, *, #704, .F. ) ;
#2182 = CARTESIAN_POINT ( 'NONE',  ( 0.1900000000000000300, 0.1948470126591986000, 0.09711169164449882900 ) ) ;
#2183 = SHAPE_DEFINITION_REPRESENTATION ( #208, #2177 ) ;
#2184 = ORIENTED_EDGE ( 'NONE', *, *, #1099, .F. ) ;
#2185 = DIRECTION ( 'NONE',  ( 1.000000000000000000, 0.0000000000000000000, 0.0000000000000000000 ) ) ;
#2186 = DIRECTION ( 'NONE',  ( 0.0000000000000000000, 0.0000000000000000000, 1.000000000000000000 ) ) ;
#2187 = CIRCLE ( 'NONE', #1040, 0.03350000000000000200 ) ;
#2188 = DIRECTION ( 'NONE',  ( 1.000000000000000000, 0.0000000000000000000, 0.0000000000000000000 ) ) ;
#2189 = LINE ( 'NONE', #1118, #1290 ) ;
#2190 = VERTEX_POINT ( 'NONE', #381 ) ;
#2191 = VECTOR ( 'NONE', #374, 39.37007874015748100 ) ;
#2192 = VECTOR ( 'NONE', #298, 39.37007874015748100 ) ;
#2193 = AXIS2_PLACEMENT_3D ( 'NONE', #897, #922, #795 ) ;
#2194 = DIRECTION ( 'NONE',  ( 5.335640612625516600E-016, -1.000000000000000000, 0.0000000000000000000 ) ) ;
#2195 = DIRECTION ( 'NONE',  ( -1.000000000000000000, 0.0000000000000000000, 0.0000000000000000000 ) ) ;
#2196 = ORIENTED_EDGE ( 'NONE', *, *, #1951, .F. ) ;
#2197 = VERTEX_POINT ( 'NONE', #1001 ) ;
#2198 = DIRECTION ( 'NONE',  ( -0.0000000000000000000, -0.0000000000000000000, -1.000000000000000000 ) ) ;
#2199 = ORIENTED_EDGE ( 'NONE', *, *, #335, .T. ) ;
#2200 = VERTEX_POINT ( 'NONE', #1665 ) ;
#2201 = CARTESIAN_POINT ( 'NONE',  ( 0.08999999999999999700, 0.2179588827224767700, 0.06758907712475803500 ) ) ;
#2202 = CARTESIAN_POINT ( 'NONE',  ( 0.06954723059823832200, 0.2742194448086190900, 0.006447054642753484800 ) ) ;
#2203 = CARTESIAN_POINT ( 'NONE',  ( -0.09349999999999998600, 0.2530000000000000000, 0.1600000000000000000 ) ) ;
#2204 = AXIS2_PLACEMENT_3D ( 'NONE', #2032, #2111, #943 ) ;
#2205 = AXIS2_PLACEMENT_3D ( 'NONE', #1707, #120, #1806 ) ;
#2206 = PLANE ( 'NONE',  #1413 ) ;
#2207 = CARTESIAN_POINT ( 'NONE',  ( -0.06576330066491865900, 0.2689585560122242400, -9.858108208398343900E-020 ) ) ;
#2208 = VERTEX_POINT ( 'NONE', #81 ) ;
#2209 = EDGE_CURVE ( 'NONE', #174, #1412, #2052, .T. ) ;
#2210 = ORIENTED_EDGE ( 'NONE', *, *, #617, .T. ) ;
#2211 = ADVANCED_FACE ( 'NONE', ( #187 ), #2243, .T. ) ;
#2212 =( CONVERSION_BASED_UNIT ( 'INCH', #1827 ) LENGTH_UNIT ( ) NAMED_UNIT ( #673 ) );
#2213 = CARTESIAN_POINT ( 'NONE',  ( 0.09090969291133468900, 0.2139804223932295600, 0.08737907571441541600 ) ) ;
#2214 = LINE ( 'NONE', #797, #2023 ) ;
#2215 = CIRCLE ( 'NONE', #2132, 0.08699999999999999400 ) ;
#2216 = CARTESIAN_POINT ( 'NONE',  ( 0.07750000000000001300, 0.2530000000000000000, 0.0000000000000000000 ) ) ;
#2217 = FACE_OUTER_BOUND ( 'NONE', #1108, .T. ) ;
#2218 = LINE ( 'NONE', #1452, #2141 ) ;
#2219 = STYLED_ITEM ( 'NONE', ( #767 ), #1780 ) ;
#2220 = DIRECTION ( 'NONE',  ( -0.0000000000000000000, -0.0000000000000000000, -1.000000000000000000 ) ) ;
#2221 = ADVANCED_FACE ( 'NONE', ( #1072 ), #824, .F. ) ;
#2222 = CARTESIAN_POINT ( 'NONE',  ( 0.07799999999999995800, 0.1421519439852087800, 0.0000000000000000000 ) ) ;
#2223 = AXIS2_PLACEMENT_3D ( 'NONE', #530, #1703, #32 ) ;
#2224 = VERTEX_POINT ( 'NONE', #1978 ) ;
#2225 = AXIS2_PLACEMENT_3D ( 'NONE', #71, #1017, #436 ) ;
#2226 = CARTESIAN_POINT ( 'NONE',  ( -0.06954723059823834900, 0.2742194448086190900, 0.1600000000000000000 ) ) ;
#2227 = CARTESIAN_POINT ( 'NONE',  ( -0.06200000000000004800, 0.1362085363627966700, 0.1970000000000000100 ) ) ;
#2228 = CARTESIAN_POINT ( 'NONE',  ( 0.08052361529911919400, 0.2866097224043095400, 0.1600000000000000000 ) ) ;
#2229 = EDGE_LOOP ( 'NONE', ( #1974, #397, #2252, #822, #1077, #1584 ) ) ;
#2230 = CARTESIAN_POINT ( 'NONE',  ( 0.08999999999999999700, 0.1720411172775232500, 0.05440806597387085700 ) ) ;
#2231 = ADVANCED_FACE ( 'NONE', ( #1723 ), #1619, .T. ) ;
#2232 =( NAMED_UNIT ( * ) SI_UNIT ( $, .STERADIAN. ) SOLID_ANGLE_UNIT ( ) );
#2233 = AXIS2_PLACEMENT_3D ( 'NONE', #796, #1020, #1509 ) ;
#2234 = ORIENTED_EDGE ( 'NONE', *, *, #1838, .T. ) ;
#2235 = AXIS2_PLACEMENT_3D ( 'NONE', #1821, #1836, #2100 ) ;
#2236 = ORIENTED_EDGE ( 'NONE', *, *, #1296, .F. ) ;
#2237 = CARTESIAN_POINT ( 'NONE',  ( -0.04599999999999999200, 0.01599999999999997600, 0.0000000000000000000 ) ) ;
#2238 = DIRECTION ( 'NONE',  ( -1.000000000000000000, 0.0000000000000000000, 0.0000000000000000000 ) ) ;
#2239 = ORIENTED_EDGE ( 'NONE', *, *, #914, .F. ) ;
#2240 = CIRCLE ( 'NONE', #1245, 0.03200000000000000100 ) ;
#2241 = ORIENTED_EDGE ( 'NONE', *, *, #1933, .F. ) ;
#2242 = ADVANCED_FACE ( 'NONE', ( #1125 ), #1207, .F. ) ;
#2243 = CYLINDRICAL_SURFACE ( 'NONE', #808, 0.1029999999999999800 ) ;
#2244 = CARTESIAN_POINT ( 'NONE',  ( 0.07800000000000001400, 0.1421519439852088100, 0.1600000000000000000 ) ) ;
#2245 = VECTOR ( 'NONE', #1568, 39.37007874015748100 ) ;
#2246 = EDGE_CURVE ( 'NONE', #1105, #1740, #1995, .T. ) ;
#2247 = FACE_OUTER_BOUND ( 'NONE', #1408, .T. ) ;
#2248 = ORIENTED_EDGE ( 'NONE', *, *, #1056, .F. ) ;
#2249 = CARTESIAN_POINT ( 'NONE',  ( -0.07800000000000001400, 0.1421519439852088100, 0.0000000000000000000 ) ) ;
#2250 = AXIS2_PLACEMENT_3D ( 'NONE', #1873, #184, #176 ) ;
#2251 = ORIENTED_EDGE ( 'NONE', *, *, #2064, .T. ) ;
#2252 = ORIENTED_EDGE ( 'NONE', *, *, #941, .F. ) ;
#2253 = CARTESIAN_POINT ( 'NONE',  ( -0.06199999999999997900, 0.03199999999999998000, 0.0000000000000000000 ) ) ;
#2254 = AXIS2_PLACEMENT_3D ( 'NONE', #952, #22, #2185 ) ;
#2255 = EDGE_CURVE ( 'NONE', #1430, #177, #1334, .T. ) ;
#2256 = EDGE_LOOP ( 'NONE', ( #1854, #1221, #1640, #1714 ) ) ;
#2257 = DIRECTION ( 'NONE',  ( -3.100090537248139900E-016, -1.000000000000000000, -0.0000000000000000000 ) ) ;
#2258 = ADVANCED_FACE ( 'NONE', ( #2130 ), #33, .F. ) ;
ENDSEC;
END-ISO-10303-21;
