ISO-10303-21;
HEADER;
/* Generated by software containing ST-Developer
 * from STEP Tools, Inc. (www.steptools.com) 
 */
/* OPTION: using custom renumber hook */

FILE_DESCRIPTION(
/* description */ ('STEP AP214'),
/* implementation_level */ '2;1');

FILE_NAME(
/* name */ 'GBED204-1305B001C1AD',
/* time_stamp */ '2026-05-18T10:47:37+02:00',
/* author */ ('License CC BY-ND 4.0'),
/* organization */ ('CADENAS'),
/* preprocessor_version */ 'ST-DEVELOPER v20',
/* originating_system */ 'PARTsolutions',
/* authorisation */ '  ');

FILE_SCHEMA (('AUTOMOTIVE_DESIGN {1 0 10303 214 3 1 1}'));
ENDSEC;

DATA;
#10=PROPERTY_DEFINITION_REPRESENTATION(#14,#12);
#11=PROPERTY_DEFINITION_REPRESENTATION(#15,#13);
#12=REPRESENTATION('',(#16),#9793);
#13=REPRESENTATION('',(#17),#9793);
#14=PROPERTY_DEFINITION('pmi validation property','',#9806);
#15=PROPERTY_DEFINITION('pmi validation property','',#9806);
#16=VALUE_REPRESENTATION_ITEM('number of annotations',COUNT_MEASURE(0.));
#17=VALUE_REPRESENTATION_ITEM('number of views',COUNT_MEASURE(0.));
#18=ELLIPSE('',#6317,0.404270659720171,0.35);
#19=ELLIPSE('',#6318,0.404270659720171,0.35);
#20=ELLIPSE('',#6323,0.231011805554383,0.2);
#21=ELLIPSE('',#6324,0.231011805554383,0.2);
#22=DRAUGHTING_PRE_DEFINED_COLOUR('yellow');
#23=CONTEXT_DEPENDENT_SHAPE_REPRESENTATION(#81,#9808);
#24=CONTEXT_DEPENDENT_SHAPE_REPRESENTATION(#82,#9810);
#25=CONTEXT_DEPENDENT_SHAPE_REPRESENTATION(#83,#9811);
#26=CONTEXT_DEPENDENT_SHAPE_REPRESENTATION(#84,#9812);
#27=CONTEXT_DEPENDENT_SHAPE_REPRESENTATION(#85,#9813);
#28=CONTEXT_DEPENDENT_SHAPE_REPRESENTATION(#86,#9814);
#29=CONTEXT_DEPENDENT_SHAPE_REPRESENTATION(#87,#9815);
#30=CONTEXT_DEPENDENT_SHAPE_REPRESENTATION(#88,#9816);
#31=CONTEXT_DEPENDENT_SHAPE_REPRESENTATION(#89,#9817);
#32=CONTEXT_DEPENDENT_SHAPE_REPRESENTATION(#90,#9818);
#33=CONTEXT_DEPENDENT_SHAPE_REPRESENTATION(#91,#9819);
#34=CONTEXT_DEPENDENT_SHAPE_REPRESENTATION(#92,#9820);
#35=CONTEXT_DEPENDENT_SHAPE_REPRESENTATION(#93,#9821);
#36=CONTEXT_DEPENDENT_SHAPE_REPRESENTATION(#94,#9822);
#37=CONTEXT_DEPENDENT_SHAPE_REPRESENTATION(#95,#9824);
#38=CONTEXT_DEPENDENT_SHAPE_REPRESENTATION(#96,#9825);
#39=CONTEXT_DEPENDENT_SHAPE_REPRESENTATION(#97,#9826);
#40=CONTEXT_DEPENDENT_SHAPE_REPRESENTATION(#98,#9827);
#41=CONTEXT_DEPENDENT_SHAPE_REPRESENTATION(#99,#9828);
#42=CONTEXT_DEPENDENT_SHAPE_REPRESENTATION(#100,#9829);
#43=CONTEXT_DEPENDENT_SHAPE_REPRESENTATION(#101,#9830);
#44=CONTEXT_DEPENDENT_SHAPE_REPRESENTATION(#102,#9831);
#45=CONTEXT_DEPENDENT_SHAPE_REPRESENTATION(#103,#9832);
#46=CONTEXT_DEPENDENT_SHAPE_REPRESENTATION(#104,#9833);
#47=CONTEXT_DEPENDENT_SHAPE_REPRESENTATION(#105,#9834);
#48=CONTEXT_DEPENDENT_SHAPE_REPRESENTATION(#106,#9835);
#49=CONTEXT_DEPENDENT_SHAPE_REPRESENTATION(#107,#9836);
#50=CONTEXT_DEPENDENT_SHAPE_REPRESENTATION(#108,#9838);
#51=CONTEXT_DEPENDENT_SHAPE_REPRESENTATION(#109,#9839);
#52=NEXT_ASSEMBLY_USAGE_OCCURRENCE('NAUO1','GBED204-13-HSG',
'GBED204-13-HSG',#9840,#9841,'');
#53=NEXT_ASSEMBLY_USAGE_OCCURRENCE('NAUO2','GBED204-Terminal2',
'GBED204-Terminal2',#9840,#9842,'');
#54=NEXT_ASSEMBLY_USAGE_OCCURRENCE('NAUO3','GBED204-Terminal2',
'GBED204-Terminal2',#9840,#9842,'');
#55=NEXT_ASSEMBLY_USAGE_OCCURRENCE('NAUO4','GBED204-Terminal2',
'GBED204-Terminal2',#9840,#9842,'');
#56=NEXT_ASSEMBLY_USAGE_OCCURRENCE('NAUO5','GBED204-Terminal2',
'GBED204-Terminal2',#9840,#9842,'');
#57=NEXT_ASSEMBLY_USAGE_OCCURRENCE('NAUO6','GBED204-Terminal2',
'GBED204-Terminal2',#9840,#9842,'');
#58=NEXT_ASSEMBLY_USAGE_OCCURRENCE('NAUO7','GBED204-Terminal2',
'GBED204-Terminal2',#9840,#9842,'');
#59=NEXT_ASSEMBLY_USAGE_OCCURRENCE('NAUO8','GBED204-Terminal2',
'GBED204-Terminal2',#9840,#9842,'');
#60=NEXT_ASSEMBLY_USAGE_OCCURRENCE('NAUO9','GBED204-Terminal2',
'GBED204-Terminal2',#9840,#9842,'');
#61=NEXT_ASSEMBLY_USAGE_OCCURRENCE('NAUO10','GBED204-Terminal2',
'GBED204-Terminal2',#9840,#9842,'');
#62=NEXT_ASSEMBLY_USAGE_OCCURRENCE('NAUO11','GBED204-Terminal2',
'GBED204-Terminal2',#9840,#9842,'');
#63=NEXT_ASSEMBLY_USAGE_OCCURRENCE('NAUO12','GBED204-Terminal2',
'GBED204-Terminal2',#9840,#9842,'');
#64=NEXT_ASSEMBLY_USAGE_OCCURRENCE('NAUO13','GBED204-Terminal2',
'GBED204-Terminal2',#9840,#9842,'');
#65=NEXT_ASSEMBLY_USAGE_OCCURRENCE('NAUO14','GBED204-Terminal2',
'GBED204-Terminal2',#9840,#9842,'');
#66=NEXT_ASSEMBLY_USAGE_OCCURRENCE('NAUO15','GBED204-Terminal',
'GBED204-Terminal',#9840,#9843,'');
#67=NEXT_ASSEMBLY_USAGE_OCCURRENCE('NAUO16','GBED204-Terminal',
'GBED204-Terminal',#9840,#9843,'');
#68=NEXT_ASSEMBLY_USAGE_OCCURRENCE('NAUO17','GBED204-Terminal',
'GBED204-Terminal',#9840,#9843,'');
#69=NEXT_ASSEMBLY_USAGE_OCCURRENCE('NAUO18','GBED204-Terminal',
'GBED204-Terminal',#9840,#9843,'');
#70=NEXT_ASSEMBLY_USAGE_OCCURRENCE('NAUO19','GBED204-Terminal',
'GBED204-Terminal',#9840,#9843,'');
#71=NEXT_ASSEMBLY_USAGE_OCCURRENCE('NAUO20','GBED204-Terminal',
'GBED204-Terminal',#9840,#9843,'');
#72=NEXT_ASSEMBLY_USAGE_OCCURRENCE('NAUO21','GBED204-Terminal',
'GBED204-Terminal',#9840,#9843,'');
#73=NEXT_ASSEMBLY_USAGE_OCCURRENCE('NAUO22','GBED204-Terminal',
'GBED204-Terminal',#9840,#9843,'');
#74=NEXT_ASSEMBLY_USAGE_OCCURRENCE('NAUO23','GBED204-Terminal',
'GBED204-Terminal',#9840,#9843,'');
#75=NEXT_ASSEMBLY_USAGE_OCCURRENCE('NAUO24','GBED204-Terminal',
'GBED204-Terminal',#9840,#9843,'');
#76=NEXT_ASSEMBLY_USAGE_OCCURRENCE('NAUO25','GBED204-Terminal',
'GBED204-Terminal',#9840,#9843,'');
#77=NEXT_ASSEMBLY_USAGE_OCCURRENCE('NAUO26','GBED204-Terminal',
'GBED204-Terminal',#9840,#9843,'');
#78=NEXT_ASSEMBLY_USAGE_OCCURRENCE('NAUO27','GBED204-Terminal',
'GBED204-Terminal',#9840,#9843,'');
#79=NEXT_ASSEMBLY_USAGE_OCCURRENCE('NAUO28','GBED204-Ground Piece',
'GBED204-Ground Piece',#9840,#9844,'');
#80=NEXT_ASSEMBLY_USAGE_OCCURRENCE('NAUO29','GBED204-Ground Piece',
'GBED204-Ground Piece',#9840,#9844,'');
#81=(
REPRESENTATION_RELATIONSHIP(' ',' ',#5924,#5923)
REPRESENTATION_RELATIONSHIP_WITH_TRANSFORMATION(#110)
SHAPE_REPRESENTATION_RELATIONSHIP()
);
#82=(
REPRESENTATION_RELATIONSHIP(' ',' ',#5925,#5923)
REPRESENTATION_RELATIONSHIP_WITH_TRANSFORMATION(#111)
SHAPE_REPRESENTATION_RELATIONSHIP()
);
#83=(
REPRESENTATION_RELATIONSHIP(' ',' ',#5925,#5923)
REPRESENTATION_RELATIONSHIP_WITH_TRANSFORMATION(#112)
SHAPE_REPRESENTATION_RELATIONSHIP()
);
#84=(
REPRESENTATION_RELATIONSHIP(' ',' ',#5925,#5923)
REPRESENTATION_RELATIONSHIP_WITH_TRANSFORMATION(#113)
SHAPE_REPRESENTATION_RELATIONSHIP()
);
#85=(
REPRESENTATION_RELATIONSHIP(' ',' ',#5925,#5923)
REPRESENTATION_RELATIONSHIP_WITH_TRANSFORMATION(#114)
SHAPE_REPRESENTATION_RELATIONSHIP()
);
#86=(
REPRESENTATION_RELATIONSHIP(' ',' ',#5925,#5923)
REPRESENTATION_RELATIONSHIP_WITH_TRANSFORMATION(#115)
SHAPE_REPRESENTATION_RELATIONSHIP()
);
#87=(
REPRESENTATION_RELATIONSHIP(' ',' ',#5925,#5923)
REPRESENTATION_RELATIONSHIP_WITH_TRANSFORMATION(#116)
SHAPE_REPRESENTATION_RELATIONSHIP()
);
#88=(
REPRESENTATION_RELATIONSHIP(' ',' ',#5925,#5923)
REPRESENTATION_RELATIONSHIP_WITH_TRANSFORMATION(#117)
SHAPE_REPRESENTATION_RELATIONSHIP()
);
#89=(
REPRESENTATION_RELATIONSHIP(' ',' ',#5925,#5923)
REPRESENTATION_RELATIONSHIP_WITH_TRANSFORMATION(#118)
SHAPE_REPRESENTATION_RELATIONSHIP()
);
#90=(
REPRESENTATION_RELATIONSHIP(' ',' ',#5925,#5923)
REPRESENTATION_RELATIONSHIP_WITH_TRANSFORMATION(#119)
SHAPE_REPRESENTATION_RELATIONSHIP()
);
#91=(
REPRESENTATION_RELATIONSHIP(' ',' ',#5925,#5923)
REPRESENTATION_RELATIONSHIP_WITH_TRANSFORMATION(#120)
SHAPE_REPRESENTATION_RELATIONSHIP()
);
#92=(
REPRESENTATION_RELATIONSHIP(' ',' ',#5925,#5923)
REPRESENTATION_RELATIONSHIP_WITH_TRANSFORMATION(#121)
SHAPE_REPRESENTATION_RELATIONSHIP()
);
#93=(
REPRESENTATION_RELATIONSHIP(' ',' ',#5925,#5923)
REPRESENTATION_RELATIONSHIP_WITH_TRANSFORMATION(#122)
SHAPE_REPRESENTATION_RELATIONSHIP()
);
#94=(
REPRESENTATION_RELATIONSHIP(' ',' ',#5925,#5923)
REPRESENTATION_RELATIONSHIP_WITH_TRANSFORMATION(#123)
SHAPE_REPRESENTATION_RELATIONSHIP()
);
#95=(
REPRESENTATION_RELATIONSHIP(' ',' ',#5926,#5923)
REPRESENTATION_RELATIONSHIP_WITH_TRANSFORMATION(#124)
SHAPE_REPRESENTATION_RELATIONSHIP()
);
#96=(
REPRESENTATION_RELATIONSHIP(' ',' ',#5926,#5923)
REPRESENTATION_RELATIONSHIP_WITH_TRANSFORMATION(#125)
SHAPE_REPRESENTATION_RELATIONSHIP()
);
#97=(
REPRESENTATION_RELATIONSHIP(' ',' ',#5926,#5923)
REPRESENTATION_RELATIONSHIP_WITH_TRANSFORMATION(#126)
SHAPE_REPRESENTATION_RELATIONSHIP()
);
#98=(
REPRESENTATION_RELATIONSHIP(' ',' ',#5926,#5923)
REPRESENTATION_RELATIONSHIP_WITH_TRANSFORMATION(#127)
SHAPE_REPRESENTATION_RELATIONSHIP()
);
#99=(
REPRESENTATION_RELATIONSHIP(' ',' ',#5926,#5923)
REPRESENTATION_RELATIONSHIP_WITH_TRANSFORMATION(#128)
SHAPE_REPRESENTATION_RELATIONSHIP()
);
#100=(
REPRESENTATION_RELATIONSHIP(' ',' ',#5926,#5923)
REPRESENTATION_RELATIONSHIP_WITH_TRANSFORMATION(#129)
SHAPE_REPRESENTATION_RELATIONSHIP()
);
#101=(
REPRESENTATION_RELATIONSHIP(' ',' ',#5926,#5923)
REPRESENTATION_RELATIONSHIP_WITH_TRANSFORMATION(#130)
SHAPE_REPRESENTATION_RELATIONSHIP()
);
#102=(
REPRESENTATION_RELATIONSHIP(' ',' ',#5926,#5923)
REPRESENTATION_RELATIONSHIP_WITH_TRANSFORMATION(#131)
SHAPE_REPRESENTATION_RELATIONSHIP()
);
#103=(
REPRESENTATION_RELATIONSHIP(' ',' ',#5926,#5923)
REPRESENTATION_RELATIONSHIP_WITH_TRANSFORMATION(#132)
SHAPE_REPRESENTATION_RELATIONSHIP()
);
#104=(
REPRESENTATION_RELATIONSHIP(' ',' ',#5926,#5923)
REPRESENTATION_RELATIONSHIP_WITH_TRANSFORMATION(#133)
SHAPE_REPRESENTATION_RELATIONSHIP()
);
#105=(
REPRESENTATION_RELATIONSHIP(' ',' ',#5926,#5923)
REPRESENTATION_RELATIONSHIP_WITH_TRANSFORMATION(#134)
SHAPE_REPRESENTATION_RELATIONSHIP()
);
#106=(
REPRESENTATION_RELATIONSHIP(' ',' ',#5926,#5923)
REPRESENTATION_RELATIONSHIP_WITH_TRANSFORMATION(#135)
SHAPE_REPRESENTATION_RELATIONSHIP()
);
#107=(
REPRESENTATION_RELATIONSHIP(' ',' ',#5926,#5923)
REPRESENTATION_RELATIONSHIP_WITH_TRANSFORMATION(#136)
SHAPE_REPRESENTATION_RELATIONSHIP()
);
#108=(
REPRESENTATION_RELATIONSHIP(' ',' ',#5927,#5923)
REPRESENTATION_RELATIONSHIP_WITH_TRANSFORMATION(#137)
SHAPE_REPRESENTATION_RELATIONSHIP()
);
#109=(
REPRESENTATION_RELATIONSHIP(' ',' ',#5927,#5923)
REPRESENTATION_RELATIONSHIP_WITH_TRANSFORMATION(#138)
SHAPE_REPRESENTATION_RELATIONSHIP()
);
#110=ITEM_DEFINED_TRANSFORMATION(' ',' ',#5928,#6158);
#111=ITEM_DEFINED_TRANSFORMATION(' ',' ',#5928,#6201);
#112=ITEM_DEFINED_TRANSFORMATION(' ',' ',#5928,#6202);
#113=ITEM_DEFINED_TRANSFORMATION(' ',' ',#5928,#6203);
#114=ITEM_DEFINED_TRANSFORMATION(' ',' ',#5928,#6204);
#115=ITEM_DEFINED_TRANSFORMATION(' ',' ',#5928,#6205);
#116=ITEM_DEFINED_TRANSFORMATION(' ',' ',#5928,#6206);
#117=ITEM_DEFINED_TRANSFORMATION(' ',' ',#5928,#6207);
#118=ITEM_DEFINED_TRANSFORMATION(' ',' ',#5928,#6208);
#119=ITEM_DEFINED_TRANSFORMATION(' ',' ',#5928,#6209);
#120=ITEM_DEFINED_TRANSFORMATION(' ',' ',#5928,#6210);
#121=ITEM_DEFINED_TRANSFORMATION(' ',' ',#5928,#6211);
#122=ITEM_DEFINED_TRANSFORMATION(' ',' ',#5928,#6212);
#123=ITEM_DEFINED_TRANSFORMATION(' ',' ',#5928,#6213);
#124=ITEM_DEFINED_TRANSFORMATION(' ',' ',#5928,#6256);
#125=ITEM_DEFINED_TRANSFORMATION(' ',' ',#5928,#6257);
#126=ITEM_DEFINED_TRANSFORMATION(' ',' ',#5928,#6258);
#127=ITEM_DEFINED_TRANSFORMATION(' ',' ',#5928,#6259);
#128=ITEM_DEFINED_TRANSFORMATION(' ',' ',#5928,#6260);
#129=ITEM_DEFINED_TRANSFORMATION(' ',' ',#5928,#6261);
#130=ITEM_DEFINED_TRANSFORMATION(' ',' ',#5928,#6262);
#131=ITEM_DEFINED_TRANSFORMATION(' ',' ',#5928,#6263);
#132=ITEM_DEFINED_TRANSFORMATION(' ',' ',#5928,#6264);
#133=ITEM_DEFINED_TRANSFORMATION(' ',' ',#5928,#6265);
#134=ITEM_DEFINED_TRANSFORMATION(' ',' ',#5928,#6266);
#135=ITEM_DEFINED_TRANSFORMATION(' ',' ',#5928,#6267);
#136=ITEM_DEFINED_TRANSFORMATION(' ',' ',#5928,#6268);
#137=ITEM_DEFINED_TRANSFORMATION(' ',' ',#5928,#6427);
#138=ITEM_DEFINED_TRANSFORMATION(' ',' ',#5928,#6428);
#139=SHAPE_REPRESENTATION_RELATIONSHIP('','',#5924,#143);
#140=SHAPE_REPRESENTATION_RELATIONSHIP('','',#5925,#144);
#141=SHAPE_REPRESENTATION_RELATIONSHIP('','',#5926,#145);
#142=SHAPE_REPRESENTATION_RELATIONSHIP('','',#5927,#146);
#143=ADVANCED_BREP_SHAPE_REPRESENTATION('',(#5914),#9794);
#144=ADVANCED_BREP_SHAPE_REPRESENTATION('',(#5915),#9795);
#145=ADVANCED_BREP_SHAPE_REPRESENTATION('',(#5916),#9796);
#146=ADVANCED_BREP_SHAPE_REPRESENTATION('',(#5917),#9797);
#147=DEGENERATE_TOROIDAL_SURFACE('',#6139,0.175,0.2,.T.);
#148=DEGENERATE_TOROIDAL_SURFACE('',#6146,0.174999999999997,0.2,.T.);
#149=DEGENERATE_TOROIDAL_SURFACE('',#6148,0.174999999999997,0.2,.T.);
#150=DEGENERATE_TOROIDAL_SURFACE('',#6154,0.174999999999999,0.2,.T.);
#151=TOROIDAL_SURFACE('',#6138,0.55,0.2);
#152=CYLINDRICAL_SURFACE('',#6017,0.0999999999999989);
#153=CYLINDRICAL_SURFACE('',#6021,0.0999999999999994);
#154=CYLINDRICAL_SURFACE('',#6024,0.0200000000000001);
#155=CYLINDRICAL_SURFACE('',#6027,0.0200000000000001);
#156=CYLINDRICAL_SURFACE('',#6030,0.0199999999999998);
#157=CYLINDRICAL_SURFACE('',#6033,0.0200000000000001);
#158=CYLINDRICAL_SURFACE('',#6036,0.0999999999999987);
#159=CYLINDRICAL_SURFACE('',#6040,0.0999999999999985);
#160=CYLINDRICAL_SURFACE('',#6042,0.0999999999999994);
#161=CYLINDRICAL_SURFACE('',#6044,0.0999999999999991);
#162=CYLINDRICAL_SURFACE('',#6046,0.0999999999999985);
#163=CYLINDRICAL_SURFACE('',#6048,0.0999999999999985);
#164=CYLINDRICAL_SURFACE('',#6052,0.0999999999999989);
#165=CYLINDRICAL_SURFACE('',#6055,0.0999999999999994);
#166=CYLINDRICAL_SURFACE('',#6057,0.0999999999999991);
#167=CYLINDRICAL_SURFACE('',#6060,0.0999999999999994);
#168=CYLINDRICAL_SURFACE('',#6063,0.0200000000000001);
#169=CYLINDRICAL_SURFACE('',#6066,0.0200000000000001);
#170=CYLINDRICAL_SURFACE('',#6069,0.0199999999999998);
#171=CYLINDRICAL_SURFACE('',#6072,0.0200000000000001);
#172=CYLINDRICAL_SURFACE('',#6075,0.0999999999999987);
#173=CYLINDRICAL_SURFACE('',#6078,0.0999999999999985);
#174=CYLINDRICAL_SURFACE('',#6080,0.0999999999999985);
#175=CYLINDRICAL_SURFACE('',#6083,0.0999999999999985);
#176=CYLINDRICAL_SURFACE('',#6114,0.75);
#177=CYLINDRICAL_SURFACE('',#6118,0.374999999999999);
#178=CYLINDRICAL_SURFACE('',#6121,0.374999999999997);
#179=CYLINDRICAL_SURFACE('',#6124,0.375);
#180=CYLINDRICAL_SURFACE('',#6128,0.374999999999997);
#181=CYLINDRICAL_SURFACE('',#6142,0.2);
#182=CYLINDRICAL_SURFACE('',#6144,0.2);
#183=CYLINDRICAL_SURFACE('',#6150,0.2);
#184=CYLINDRICAL_SURFACE('',#6152,0.2);
#185=CYLINDRICAL_SURFACE('',#6164,0.5);
#186=CYLINDRICAL_SURFACE('',#6174,0.2);
#187=CYLINDRICAL_SURFACE('',#6195,0.35);
#188=CYLINDRICAL_SURFACE('',#6196,0.1);
#189=CYLINDRICAL_SURFACE('',#6197,0.2);
#190=CYLINDRICAL_SURFACE('',#6198,0.2);
#191=CYLINDRICAL_SURFACE('',#6219,0.5);
#192=CYLINDRICAL_SURFACE('',#6229,0.2);
#193=CYLINDRICAL_SURFACE('',#6250,0.3);
#194=CYLINDRICAL_SURFACE('',#6251,0.1);
#195=CYLINDRICAL_SURFACE('',#6252,0.2);
#196=CYLINDRICAL_SURFACE('',#6253,0.2);
#197=CYLINDRICAL_SURFACE('',#6316,0.35);
#198=CYLINDRICAL_SURFACE('',#6322,0.2);
#199=CYLINDRICAL_SURFACE('',#6345,0.15);
#200=CYLINDRICAL_SURFACE('',#6346,0.100000000000002);
#201=CYLINDRICAL_SURFACE('',#6348,0.15);
#202=CYLINDRICAL_SURFACE('',#6349,0.100000000000002);
#203=CYLINDRICAL_SURFACE('',#6350,0.1);
#204=CYLINDRICAL_SURFACE('',#6352,0.0999999999999998);
#205=CYLINDRICAL_SURFACE('',#6354,0.1);
#206=CYLINDRICAL_SURFACE('',#6357,0.1);
#207=CYLINDRICAL_SURFACE('',#6359,0.0999999999999996);
#208=CYLINDRICAL_SURFACE('',#6361,0.1);
#209=CYLINDRICAL_SURFACE('',#6368,0.15);
#210=CYLINDRICAL_SURFACE('',#6370,0.150000000000003);
#211=CYLINDRICAL_SURFACE('',#6372,0.2);
#212=CYLINDRICAL_SURFACE('',#6374,0.200000000000003);
#213=CYLINDRICAL_SURFACE('',#6375,0.2);
#214=CYLINDRICAL_SURFACE('',#6377,0.2);
#215=CYLINDRICAL_SURFACE('',#6380,0.149999999999998);
#216=CYLINDRICAL_SURFACE('',#6381,0.15);
#217=CYLINDRICAL_SURFACE('',#6382,0.15);
#218=CYLINDRICAL_SURFACE('',#6384,0.0999999999999999);
#219=CYLINDRICAL_SURFACE('',#6386,0.0999999999999998);
#220=CYLINDRICAL_SURFACE('',#6388,0.15);
#221=CYLINDRICAL_SURFACE('',#6392,0.162999999999999);
#222=CYLINDRICAL_SURFACE('',#6394,0.15);
#223=CYLINDRICAL_SURFACE('',#6404,0.162999999999999);
#224=CYLINDRICAL_SURFACE('',#6406,0.0999999999999997);
#225=CYLINDRICAL_SURFACE('',#6408,0.0999999999999998);
#226=CYLINDRICAL_SURFACE('',#6410,0.162999999999999);
#227=CYLINDRICAL_SURFACE('',#6423,0.3);
#228=CYLINDRICAL_SURFACE('',#6424,0.3);
#229=CYLINDRICAL_SURFACE('',#6425,0.1);
#230=CYLINDRICAL_SURFACE('',#6426,0.1);
#231=CIRCLE('',#5932,0.375);
#232=CIRCLE('',#5933,0.374999999999997);
#233=CIRCLE('',#5934,0.374999999999999);
#234=CIRCLE('',#5935,0.374999999999997);
#235=CIRCLE('',#5936,0.75);
#236=CIRCLE('',#5972,0.0999999999999991);
#237=CIRCLE('',#5973,0.0999999999999994);
#238=CIRCLE('',#5974,0.0200000000000001);
#239=CIRCLE('',#5975,0.0200000000000001);
#240=CIRCLE('',#5976,0.0199999999999998);
#241=CIRCLE('',#5977,0.0200000000000001);
#242=CIRCLE('',#5978,0.0999999999999987);
#243=CIRCLE('',#5979,0.0999999999999985);
#244=CIRCLE('',#5980,0.0999999999999985);
#245=CIRCLE('',#5981,0.0999999999999985);
#246=CIRCLE('',#5982,0.0999999999999989);
#247=CIRCLE('',#5983,0.0999999999999994);
#248=CIRCLE('',#6002,0.0999999999999991);
#249=CIRCLE('',#6003,0.0999999999999994);
#250=CIRCLE('',#6004,0.0999999999999989);
#251=CIRCLE('',#6005,0.0999999999999985);
#252=CIRCLE('',#6006,0.0999999999999985);
#253=CIRCLE('',#6007,0.0999999999999985);
#254=CIRCLE('',#6008,0.0999999999999987);
#255=CIRCLE('',#6009,0.0200000000000001);
#256=CIRCLE('',#6010,0.0199999999999998);
#257=CIRCLE('',#6011,0.0200000000000001);
#258=CIRCLE('',#6012,0.0200000000000001);
#259=CIRCLE('',#6013,0.0999999999999994);
#260=CIRCLE('',#6018,0.0999999999999989);
#261=CIRCLE('',#6022,0.0999999999999994);
#262=CIRCLE('',#6025,0.0200000000000001);
#263=CIRCLE('',#6028,0.0200000000000001);
#264=CIRCLE('',#6031,0.0199999999999998);
#265=CIRCLE('',#6034,0.0200000000000001);
#266=CIRCLE('',#6037,0.0999999999999987);
#267=CIRCLE('',#6041,0.0999999999999985);
#268=CIRCLE('',#6043,0.0999999999999994);
#269=CIRCLE('',#6045,0.0999999999999991);
#270=CIRCLE('',#6047,0.0999999999999985);
#271=CIRCLE('',#6049,0.0999999999999985);
#272=CIRCLE('',#6053,0.0999999999999989);
#273=CIRCLE('',#6056,0.0999999999999994);
#274=CIRCLE('',#6058,0.0999999999999991);
#275=CIRCLE('',#6061,0.0999999999999994);
#276=CIRCLE('',#6064,0.0200000000000001);
#277=CIRCLE('',#6067,0.0200000000000001);
#278=CIRCLE('',#6070,0.0199999999999998);
#279=CIRCLE('',#6073,0.0200000000000001);
#280=CIRCLE('',#6076,0.0999999999999987);
#281=CIRCLE('',#6079,0.0999999999999985);
#282=CIRCLE('',#6081,0.0999999999999985);
#283=CIRCLE('',#6084,0.0999999999999985);
#284=CIRCLE('',#6113,0.75);
#285=CIRCLE('',#6115,0.75);
#286=CIRCLE('',#6117,0.55);
#287=CIRCLE('',#6119,0.374999999999999);
#288=CIRCLE('',#6122,0.374999999999997);
#289=CIRCLE('',#6125,0.375);
#290=CIRCLE('',#6126,0.375);
#291=CIRCLE('',#6129,0.374999999999997);
#292=CIRCLE('',#6130,0.374999999999997);
#293=CIRCLE('',#6133,0.174999999999999);
#294=CIRCLE('',#6134,0.174999999999997);
#295=CIRCLE('',#6135,0.175);
#296=CIRCLE('',#6136,0.174999999999997);
#297=CIRCLE('',#6140,0.2);
#298=CIRCLE('',#6141,0.2);
#299=CIRCLE('',#6143,0.2);
#300=CIRCLE('',#6145,0.2);
#301=CIRCLE('',#6147,0.2);
#302=CIRCLE('',#6149,0.2);
#303=CIRCLE('',#6151,0.2);
#304=CIRCLE('',#6153,0.2);
#305=CIRCLE('',#6165,0.5);
#306=CIRCLE('',#6166,0.5);
#307=CIRCLE('',#6168,0.2);
#308=CIRCLE('',#6169,0.2);
#309=CIRCLE('',#6172,0.2);
#310=CIRCLE('',#6173,0.2);
#311=CIRCLE('',#6175,0.2);
#312=CIRCLE('',#6176,0.2);
#313=CIRCLE('',#6178,0.35);
#314=CIRCLE('',#6179,0.1);
#315=CIRCLE('',#6182,0.1);
#316=CIRCLE('',#6188,0.1);
#317=CIRCLE('',#6193,0.1);
#318=CIRCLE('',#6194,0.35);
#319=CIRCLE('',#6220,0.5);
#320=CIRCLE('',#6221,0.5);
#321=CIRCLE('',#6223,0.2);
#322=CIRCLE('',#6224,0.2);
#323=CIRCLE('',#6227,0.2);
#324=CIRCLE('',#6228,0.2);
#325=CIRCLE('',#6230,0.2);
#326=CIRCLE('',#6231,0.2);
#327=CIRCLE('',#6233,0.3);
#328=CIRCLE('',#6234,0.1);
#329=CIRCLE('',#6237,0.1);
#330=CIRCLE('',#6243,0.1);
#331=CIRCLE('',#6248,0.1);
#332=CIRCLE('',#6249,0.3);
#333=CIRCLE('',#6270,0.15);
#334=CIRCLE('',#6271,0.100000000000002);
#335=CIRCLE('',#6272,0.1);
#336=CIRCLE('',#6273,0.0999999999999998);
#337=CIRCLE('',#6274,0.1);
#338=CIRCLE('',#6276,0.1);
#339=CIRCLE('',#6277,0.0999999999999996);
#340=CIRCLE('',#6278,0.1);
#341=CIRCLE('',#6279,0.100000000000002);
#342=CIRCLE('',#6280,0.15);
#343=CIRCLE('',#6284,0.15);
#344=CIRCLE('',#6285,0.1);
#345=CIRCLE('',#6286,0.0999999999999998);
#346=CIRCLE('',#6287,0.1);
#347=CIRCLE('',#6288,0.100000000000002);
#348=CIRCLE('',#6290,0.15);
#349=CIRCLE('',#6291,0.100000000000002);
#350=CIRCLE('',#6292,0.1);
#351=CIRCLE('',#6293,0.0999999999999996);
#352=CIRCLE('',#6294,0.1);
#353=CIRCLE('',#6298,0.162999999999999);
#354=CIRCLE('',#6299,0.0999999999999998);
#355=CIRCLE('',#6300,0.0999999999999997);
#356=CIRCLE('',#6301,0.162999999999999);
#357=CIRCLE('',#6302,0.15);
#358=CIRCLE('',#6303,0.162999999999999);
#359=CIRCLE('',#6304,0.15);
#360=CIRCLE('',#6305,0.15);
#361=CIRCLE('',#6306,0.150000000000003);
#362=CIRCLE('',#6307,0.2);
#363=CIRCLE('',#6308,0.200000000000003);
#364=CIRCLE('',#6309,0.15);
#365=CIRCLE('',#6310,0.0999999999999999);
#366=CIRCLE('',#6311,0.0999999999999998);
#367=CIRCLE('',#6312,0.15);
#368=CIRCLE('',#6313,0.2);
#369=CIRCLE('',#6314,0.2);
#370=CIRCLE('',#6315,0.149999999999998);
#371=CIRCLE('',#6326,0.162999999999999);
#372=CIRCLE('',#6327,0.15);
#373=CIRCLE('',#6328,0.162999999999999);
#374=CIRCLE('',#6329,0.0999999999999997);
#375=CIRCLE('',#6330,0.0999999999999998);
#376=CIRCLE('',#6331,0.162999999999999);
#377=CIRCLE('',#6332,0.15);
#378=CIRCLE('',#6333,0.149999999999998);
#379=CIRCLE('',#6334,0.2);
#380=CIRCLE('',#6335,0.2);
#381=CIRCLE('',#6336,0.15);
#382=CIRCLE('',#6337,0.0999999999999998);
#383=CIRCLE('',#6338,0.0999999999999999);
#384=CIRCLE('',#6339,0.15);
#385=CIRCLE('',#6340,0.200000000000003);
#386=CIRCLE('',#6341,0.2);
#387=CIRCLE('',#6342,0.150000000000003);
#388=CIRCLE('',#6343,0.15);
#389=CIRCLE('',#6397,0.3);
#390=CIRCLE('',#6398,0.1);
#391=CIRCLE('',#6401,0.3);
#392=CIRCLE('',#6402,0.1);
#393=CIRCLE('',#6413,0.3);
#394=CIRCLE('',#6414,0.1);
#395=CIRCLE('',#6417,0.3);
#396=CIRCLE('',#6418,0.1);
#397=ORIENTED_EDGE('',*,*,#2055,.F.);
#398=ORIENTED_EDGE('',*,*,#2056,.T.);
#399=ORIENTED_EDGE('',*,*,#2057,.T.);
#400=ORIENTED_EDGE('',*,*,#2058,.F.);
#401=ORIENTED_EDGE('',*,*,#2059,.F.);
#402=ORIENTED_EDGE('',*,*,#2060,.F.);
#403=ORIENTED_EDGE('',*,*,#2061,.T.);
#404=ORIENTED_EDGE('',*,*,#2057,.F.);
#405=ORIENTED_EDGE('',*,*,#2062,.F.);
#406=ORIENTED_EDGE('',*,*,#2063,.F.);
#407=ORIENTED_EDGE('',*,*,#2064,.F.);
#408=ORIENTED_EDGE('',*,*,#2065,.F.);
#409=ORIENTED_EDGE('',*,*,#2066,.F.);
#410=ORIENTED_EDGE('',*,*,#2067,.F.);
#411=ORIENTED_EDGE('',*,*,#2068,.F.);
#412=ORIENTED_EDGE('',*,*,#2069,.F.);
#413=ORIENTED_EDGE('',*,*,#2070,.F.);
#414=ORIENTED_EDGE('',*,*,#2071,.T.);
#415=ORIENTED_EDGE('',*,*,#2072,.T.);
#416=ORIENTED_EDGE('',*,*,#2073,.F.);
#417=ORIENTED_EDGE('',*,*,#2074,.F.);
#418=ORIENTED_EDGE('',*,*,#2075,.F.);
#419=ORIENTED_EDGE('',*,*,#2076,.T.);
#420=ORIENTED_EDGE('',*,*,#2077,.T.);
#421=ORIENTED_EDGE('',*,*,#2078,.T.);
#422=ORIENTED_EDGE('',*,*,#2079,.F.);
#423=ORIENTED_EDGE('',*,*,#2080,.F.);
#424=ORIENTED_EDGE('',*,*,#2081,.F.);
#425=ORIENTED_EDGE('',*,*,#2082,.T.);
#426=ORIENTED_EDGE('',*,*,#2083,.F.);
#427=ORIENTED_EDGE('',*,*,#2084,.T.);
#428=ORIENTED_EDGE('',*,*,#2085,.F.);
#429=ORIENTED_EDGE('',*,*,#2086,.T.);
#430=ORIENTED_EDGE('',*,*,#2087,.T.);
#431=ORIENTED_EDGE('',*,*,#2088,.T.);
#432=ORIENTED_EDGE('',*,*,#2089,.T.);
#433=ORIENTED_EDGE('',*,*,#2090,.F.);
#434=ORIENTED_EDGE('',*,*,#2091,.F.);
#435=ORIENTED_EDGE('',*,*,#2092,.F.);
#436=ORIENTED_EDGE('',*,*,#2093,.T.);
#437=ORIENTED_EDGE('',*,*,#2094,.T.);
#438=ORIENTED_EDGE('',*,*,#2095,.F.);
#439=ORIENTED_EDGE('',*,*,#2096,.T.);
#440=ORIENTED_EDGE('',*,*,#2097,.T.);
#441=ORIENTED_EDGE('',*,*,#2082,.F.);
#442=ORIENTED_EDGE('',*,*,#2098,.F.);
#443=ORIENTED_EDGE('',*,*,#2099,.F.);
#444=ORIENTED_EDGE('',*,*,#2100,.T.);
#445=ORIENTED_EDGE('',*,*,#2078,.F.);
#446=ORIENTED_EDGE('',*,*,#2101,.F.);
#447=ORIENTED_EDGE('',*,*,#2102,.T.);
#448=ORIENTED_EDGE('',*,*,#2103,.T.);
#449=ORIENTED_EDGE('',*,*,#2088,.F.);
#450=ORIENTED_EDGE('',*,*,#2104,.T.);
#451=ORIENTED_EDGE('',*,*,#2105,.T.);
#452=ORIENTED_EDGE('',*,*,#2106,.T.);
#453=ORIENTED_EDGE('',*,*,#2107,.T.);
#454=ORIENTED_EDGE('',*,*,#2108,.T.);
#455=ORIENTED_EDGE('',*,*,#2109,.F.);
#456=ORIENTED_EDGE('',*,*,#2110,.T.);
#457=ORIENTED_EDGE('',*,*,#2089,.F.);
#458=ORIENTED_EDGE('',*,*,#2103,.F.);
#459=ORIENTED_EDGE('',*,*,#2111,.T.);
#460=ORIENTED_EDGE('',*,*,#2112,.T.);
#461=ORIENTED_EDGE('',*,*,#2093,.F.);
#462=ORIENTED_EDGE('',*,*,#2113,.F.);
#463=ORIENTED_EDGE('',*,*,#2114,.F.);
#464=ORIENTED_EDGE('',*,*,#2115,.F.);
#465=ORIENTED_EDGE('',*,*,#2116,.F.);
#466=ORIENTED_EDGE('',*,*,#2117,.F.);
#467=ORIENTED_EDGE('',*,*,#2118,.F.);
#468=ORIENTED_EDGE('',*,*,#2119,.F.);
#469=ORIENTED_EDGE('',*,*,#2120,.F.);
#470=ORIENTED_EDGE('',*,*,#2094,.F.);
#471=ORIENTED_EDGE('',*,*,#2112,.F.);
#472=ORIENTED_EDGE('',*,*,#2121,.T.);
#473=ORIENTED_EDGE('',*,*,#2122,.T.);
#474=ORIENTED_EDGE('',*,*,#2076,.F.);
#475=ORIENTED_EDGE('',*,*,#2123,.F.);
#476=ORIENTED_EDGE('',*,*,#2124,.F.);
#477=ORIENTED_EDGE('',*,*,#2125,.T.);
#478=ORIENTED_EDGE('',*,*,#2072,.F.);
#479=ORIENTED_EDGE('',*,*,#2126,.F.);
#480=ORIENTED_EDGE('',*,*,#2127,.F.);
#481=ORIENTED_EDGE('',*,*,#2128,.F.);
#482=ORIENTED_EDGE('',*,*,#2129,.T.);
#483=ORIENTED_EDGE('',*,*,#2130,.T.);
#484=ORIENTED_EDGE('',*,*,#2131,.T.);
#485=ORIENTED_EDGE('',*,*,#2132,.T.);
#486=ORIENTED_EDGE('',*,*,#2133,.T.);
#487=ORIENTED_EDGE('',*,*,#2134,.T.);
#488=ORIENTED_EDGE('',*,*,#2135,.T.);
#489=ORIENTED_EDGE('',*,*,#2136,.T.);
#490=ORIENTED_EDGE('',*,*,#2060,.T.);
#491=ORIENTED_EDGE('',*,*,#2077,.F.);
#492=ORIENTED_EDGE('',*,*,#2122,.F.);
#493=ORIENTED_EDGE('',*,*,#2137,.T.);
#494=ORIENTED_EDGE('',*,*,#2101,.T.);
#495=ORIENTED_EDGE('',*,*,#2102,.F.);
#496=ORIENTED_EDGE('',*,*,#2137,.F.);
#497=ORIENTED_EDGE('',*,*,#2121,.F.);
#498=ORIENTED_EDGE('',*,*,#2111,.F.);
#499=ORIENTED_EDGE('',*,*,#2091,.T.);
#500=ORIENTED_EDGE('',*,*,#2138,.F.);
#501=ORIENTED_EDGE('',*,*,#2139,.F.);
#502=ORIENTED_EDGE('',*,*,#2140,.T.);
#503=ORIENTED_EDGE('',*,*,#2090,.T.);
#504=ORIENTED_EDGE('',*,*,#2110,.F.);
#505=ORIENTED_EDGE('',*,*,#2141,.F.);
#506=ORIENTED_EDGE('',*,*,#2142,.T.);
#507=ORIENTED_EDGE('',*,*,#2143,.F.);
#508=ORIENTED_EDGE('',*,*,#2138,.T.);
#509=ORIENTED_EDGE('',*,*,#2144,.F.);
#510=ORIENTED_EDGE('',*,*,#2145,.F.);
#511=ORIENTED_EDGE('',*,*,#2146,.F.);
#512=ORIENTED_EDGE('',*,*,#2113,.T.);
#513=ORIENTED_EDGE('',*,*,#2092,.T.);
#514=ORIENTED_EDGE('',*,*,#2140,.F.);
#515=ORIENTED_EDGE('',*,*,#2147,.F.);
#516=ORIENTED_EDGE('',*,*,#2144,.T.);
#517=ORIENTED_EDGE('',*,*,#2139,.T.);
#518=ORIENTED_EDGE('',*,*,#2143,.T.);
#519=ORIENTED_EDGE('',*,*,#2147,.T.);
#520=ORIENTED_EDGE('',*,*,#2142,.F.);
#521=ORIENTED_EDGE('',*,*,#2148,.F.);
#522=ORIENTED_EDGE('',*,*,#2145,.T.);
#523=ORIENTED_EDGE('',*,*,#2141,.T.);
#524=ORIENTED_EDGE('',*,*,#2109,.T.);
#525=ORIENTED_EDGE('',*,*,#2146,.T.);
#526=ORIENTED_EDGE('',*,*,#2148,.T.);
#527=ORIENTED_EDGE('',*,*,#2079,.T.);
#528=ORIENTED_EDGE('',*,*,#2100,.F.);
#529=ORIENTED_EDGE('',*,*,#2149,.F.);
#530=ORIENTED_EDGE('',*,*,#2150,.T.);
#531=ORIENTED_EDGE('',*,*,#2081,.T.);
#532=ORIENTED_EDGE('',*,*,#2151,.F.);
#533=ORIENTED_EDGE('',*,*,#2152,.F.);
#534=ORIENTED_EDGE('',*,*,#2098,.T.);
#535=ORIENTED_EDGE('',*,*,#2080,.T.);
#536=ORIENTED_EDGE('',*,*,#2150,.F.);
#537=ORIENTED_EDGE('',*,*,#2153,.F.);
#538=ORIENTED_EDGE('',*,*,#2151,.T.);
#539=ORIENTED_EDGE('',*,*,#2149,.T.);
#540=ORIENTED_EDGE('',*,*,#2099,.T.);
#541=ORIENTED_EDGE('',*,*,#2152,.T.);
#542=ORIENTED_EDGE('',*,*,#2153,.T.);
#543=ORIENTED_EDGE('',*,*,#2075,.T.);
#544=ORIENTED_EDGE('',*,*,#2154,.F.);
#545=ORIENTED_EDGE('',*,*,#2155,.F.);
#546=ORIENTED_EDGE('',*,*,#2123,.T.);
#547=ORIENTED_EDGE('',*,*,#2074,.T.);
#548=ORIENTED_EDGE('',*,*,#2156,.F.);
#549=ORIENTED_EDGE('',*,*,#2157,.F.);
#550=ORIENTED_EDGE('',*,*,#2154,.T.);
#551=ORIENTED_EDGE('',*,*,#2073,.T.);
#552=ORIENTED_EDGE('',*,*,#2125,.F.);
#553=ORIENTED_EDGE('',*,*,#2158,.F.);
#554=ORIENTED_EDGE('',*,*,#2156,.T.);
#555=ORIENTED_EDGE('',*,*,#2155,.T.);
#556=ORIENTED_EDGE('',*,*,#2157,.T.);
#557=ORIENTED_EDGE('',*,*,#2158,.T.);
#558=ORIENTED_EDGE('',*,*,#2124,.T.);
#559=ORIENTED_EDGE('',*,*,#2097,.F.);
#560=ORIENTED_EDGE('',*,*,#2159,.F.);
#561=ORIENTED_EDGE('',*,*,#2160,.T.);
#562=ORIENTED_EDGE('',*,*,#2083,.T.);
#563=ORIENTED_EDGE('',*,*,#2104,.F.);
#564=ORIENTED_EDGE('',*,*,#2087,.F.);
#565=ORIENTED_EDGE('',*,*,#2161,.T.);
#566=ORIENTED_EDGE('',*,*,#2162,.T.);
#567=ORIENTED_EDGE('',*,*,#2105,.F.);
#568=ORIENTED_EDGE('',*,*,#2162,.F.);
#569=ORIENTED_EDGE('',*,*,#2163,.T.);
#570=ORIENTED_EDGE('',*,*,#2164,.T.);
#571=ORIENTED_EDGE('',*,*,#2106,.F.);
#572=ORIENTED_EDGE('',*,*,#2164,.F.);
#573=ORIENTED_EDGE('',*,*,#2165,.T.);
#574=ORIENTED_EDGE('',*,*,#2166,.T.);
#575=ORIENTED_EDGE('',*,*,#2107,.F.);
#576=ORIENTED_EDGE('',*,*,#2166,.F.);
#577=ORIENTED_EDGE('',*,*,#2167,.T.);
#578=ORIENTED_EDGE('',*,*,#2168,.T.);
#579=ORIENTED_EDGE('',*,*,#2108,.F.);
#580=ORIENTED_EDGE('',*,*,#2168,.F.);
#581=ORIENTED_EDGE('',*,*,#2169,.T.);
#582=ORIENTED_EDGE('',*,*,#2170,.T.);
#583=ORIENTED_EDGE('',*,*,#2171,.T.);
#584=ORIENTED_EDGE('',*,*,#2172,.F.);
#585=ORIENTED_EDGE('',*,*,#2173,.T.);
#586=ORIENTED_EDGE('',*,*,#2174,.T.);
#587=ORIENTED_EDGE('',*,*,#2174,.F.);
#588=ORIENTED_EDGE('',*,*,#2175,.T.);
#589=ORIENTED_EDGE('',*,*,#2176,.T.);
#590=ORIENTED_EDGE('',*,*,#2177,.F.);
#591=ORIENTED_EDGE('',*,*,#2178,.T.);
#592=ORIENTED_EDGE('',*,*,#2179,.T.);
#593=ORIENTED_EDGE('',*,*,#2180,.T.);
#594=ORIENTED_EDGE('',*,*,#2178,.F.);
#595=ORIENTED_EDGE('',*,*,#2181,.F.);
#596=ORIENTED_EDGE('',*,*,#2182,.T.);
#597=ORIENTED_EDGE('',*,*,#2183,.T.);
#598=ORIENTED_EDGE('',*,*,#2184,.F.);
#599=ORIENTED_EDGE('',*,*,#2185,.F.);
#600=ORIENTED_EDGE('',*,*,#2186,.T.);
#601=ORIENTED_EDGE('',*,*,#2187,.F.);
#602=ORIENTED_EDGE('',*,*,#2188,.F.);
#603=ORIENTED_EDGE('',*,*,#2189,.T.);
#604=ORIENTED_EDGE('',*,*,#2190,.T.);
#605=ORIENTED_EDGE('',*,*,#2191,.T.);
#606=ORIENTED_EDGE('',*,*,#2186,.F.);
#607=ORIENTED_EDGE('',*,*,#2192,.T.);
#608=ORIENTED_EDGE('',*,*,#2190,.F.);
#609=ORIENTED_EDGE('',*,*,#2193,.T.);
#610=ORIENTED_EDGE('',*,*,#2194,.T.);
#611=ORIENTED_EDGE('',*,*,#2195,.F.);
#612=ORIENTED_EDGE('',*,*,#2196,.F.);
#613=ORIENTED_EDGE('',*,*,#2197,.T.);
#614=ORIENTED_EDGE('',*,*,#2172,.T.);
#615=ORIENTED_EDGE('',*,*,#2198,.T.);
#616=ORIENTED_EDGE('',*,*,#2182,.F.);
#617=ORIENTED_EDGE('',*,*,#2194,.F.);
#618=ORIENTED_EDGE('',*,*,#2199,.T.);
#619=ORIENTED_EDGE('',*,*,#2200,.T.);
#620=ORIENTED_EDGE('',*,*,#2201,.F.);
#621=ORIENTED_EDGE('',*,*,#2184,.T.);
#622=ORIENTED_EDGE('',*,*,#2202,.T.);
#623=ORIENTED_EDGE('',*,*,#2096,.F.);
#624=ORIENTED_EDGE('',*,*,#2170,.F.);
#625=ORIENTED_EDGE('',*,*,#2203,.T.);
#626=ORIENTED_EDGE('',*,*,#2159,.T.);
#627=ORIENTED_EDGE('',*,*,#2177,.T.);
#628=ORIENTED_EDGE('',*,*,#2204,.T.);
#629=ORIENTED_EDGE('',*,*,#2205,.T.);
#630=ORIENTED_EDGE('',*,*,#2206,.T.);
#631=ORIENTED_EDGE('',*,*,#2207,.T.);
#632=ORIENTED_EDGE('',*,*,#2208,.F.);
#633=ORIENTED_EDGE('',*,*,#2209,.T.);
#634=ORIENTED_EDGE('',*,*,#2210,.T.);
#635=ORIENTED_EDGE('',*,*,#2211,.T.);
#636=ORIENTED_EDGE('',*,*,#2212,.T.);
#637=ORIENTED_EDGE('',*,*,#2213,.T.);
#638=ORIENTED_EDGE('',*,*,#2214,.F.);
#639=ORIENTED_EDGE('',*,*,#2215,.T.);
#640=ORIENTED_EDGE('',*,*,#2216,.T.);
#641=ORIENTED_EDGE('',*,*,#2217,.T.);
#642=ORIENTED_EDGE('',*,*,#2218,.T.);
#643=ORIENTED_EDGE('',*,*,#2187,.T.);
#644=ORIENTED_EDGE('',*,*,#2185,.T.);
#645=ORIENTED_EDGE('',*,*,#2201,.T.);
#646=ORIENTED_EDGE('',*,*,#2219,.T.);
#647=ORIENTED_EDGE('',*,*,#2220,.T.);
#648=ORIENTED_EDGE('',*,*,#2221,.T.);
#649=ORIENTED_EDGE('',*,*,#2222,.T.);
#650=ORIENTED_EDGE('',*,*,#2223,.T.);
#651=ORIENTED_EDGE('',*,*,#2224,.T.);
#652=ORIENTED_EDGE('',*,*,#2225,.T.);
#653=ORIENTED_EDGE('',*,*,#2195,.T.);
#654=ORIENTED_EDGE('',*,*,#2181,.T.);
#655=ORIENTED_EDGE('',*,*,#2160,.F.);
#656=ORIENTED_EDGE('',*,*,#2203,.F.);
#657=ORIENTED_EDGE('',*,*,#2169,.F.);
#658=ORIENTED_EDGE('',*,*,#2167,.F.);
#659=ORIENTED_EDGE('',*,*,#2165,.F.);
#660=ORIENTED_EDGE('',*,*,#2163,.F.);
#661=ORIENTED_EDGE('',*,*,#2161,.F.);
#662=ORIENTED_EDGE('',*,*,#2086,.F.);
#663=ORIENTED_EDGE('',*,*,#2226,.F.);
#664=ORIENTED_EDGE('',*,*,#2084,.F.);
#665=ORIENTED_EDGE('',*,*,#2171,.F.);
#666=ORIENTED_EDGE('',*,*,#2179,.F.);
#667=ORIENTED_EDGE('',*,*,#2180,.F.);
#668=ORIENTED_EDGE('',*,*,#2198,.F.);
#669=ORIENTED_EDGE('',*,*,#2183,.F.);
#670=ORIENTED_EDGE('',*,*,#2191,.F.);
#671=ORIENTED_EDGE('',*,*,#2192,.F.);
#672=ORIENTED_EDGE('',*,*,#2202,.F.);
#673=ORIENTED_EDGE('',*,*,#2114,.T.);
#674=ORIENTED_EDGE('',*,*,#2071,.F.);
#675=ORIENTED_EDGE('',*,*,#2227,.F.);
#676=ORIENTED_EDGE('',*,*,#2228,.T.);
#677=ORIENTED_EDGE('',*,*,#2120,.T.);
#678=ORIENTED_EDGE('',*,*,#2229,.F.);
#679=ORIENTED_EDGE('',*,*,#2230,.F.);
#680=ORIENTED_EDGE('',*,*,#2095,.T.);
#681=ORIENTED_EDGE('',*,*,#2119,.T.);
#682=ORIENTED_EDGE('',*,*,#2231,.F.);
#683=ORIENTED_EDGE('',*,*,#2232,.F.);
#684=ORIENTED_EDGE('',*,*,#2229,.T.);
#685=ORIENTED_EDGE('',*,*,#2118,.T.);
#686=ORIENTED_EDGE('',*,*,#2233,.F.);
#687=ORIENTED_EDGE('',*,*,#2234,.F.);
#688=ORIENTED_EDGE('',*,*,#2231,.T.);
#689=ORIENTED_EDGE('',*,*,#2117,.T.);
#690=ORIENTED_EDGE('',*,*,#2235,.F.);
#691=ORIENTED_EDGE('',*,*,#2236,.F.);
#692=ORIENTED_EDGE('',*,*,#2233,.T.);
#693=ORIENTED_EDGE('',*,*,#2116,.T.);
#694=ORIENTED_EDGE('',*,*,#2237,.F.);
#695=ORIENTED_EDGE('',*,*,#2238,.F.);
#696=ORIENTED_EDGE('',*,*,#2235,.T.);
#697=ORIENTED_EDGE('',*,*,#2239,.F.);
#698=ORIENTED_EDGE('',*,*,#2240,.F.);
#699=ORIENTED_EDGE('',*,*,#2241,.F.);
#700=ORIENTED_EDGE('',*,*,#2242,.T.);
#701=ORIENTED_EDGE('',*,*,#2243,.T.);
#702=ORIENTED_EDGE('',*,*,#2244,.F.);
#703=ORIENTED_EDGE('',*,*,#2245,.F.);
#704=ORIENTED_EDGE('',*,*,#2240,.T.);
#705=ORIENTED_EDGE('',*,*,#2246,.F.);
#706=ORIENTED_EDGE('',*,*,#2247,.F.);
#707=ORIENTED_EDGE('',*,*,#2248,.F.);
#708=ORIENTED_EDGE('',*,*,#2249,.F.);
#709=ORIENTED_EDGE('',*,*,#2250,.T.);
#710=ORIENTED_EDGE('',*,*,#2247,.T.);
#711=ORIENTED_EDGE('',*,*,#2251,.F.);
#712=ORIENTED_EDGE('',*,*,#2252,.F.);
#713=ORIENTED_EDGE('',*,*,#2253,.T.);
#714=ORIENTED_EDGE('',*,*,#2254,.T.);
#715=ORIENTED_EDGE('',*,*,#2255,.T.);
#716=ORIENTED_EDGE('',*,*,#2256,.T.);
#717=ORIENTED_EDGE('',*,*,#2252,.T.);
#718=ORIENTED_EDGE('',*,*,#2257,.F.);
#719=ORIENTED_EDGE('',*,*,#2258,.F.);
#720=ORIENTED_EDGE('',*,*,#2259,.F.);
#721=ORIENTED_EDGE('',*,*,#2260,.F.);
#722=ORIENTED_EDGE('',*,*,#2261,.F.);
#723=ORIENTED_EDGE('',*,*,#2262,.F.);
#724=ORIENTED_EDGE('',*,*,#2258,.T.);
#725=ORIENTED_EDGE('',*,*,#2263,.T.);
#726=ORIENTED_EDGE('',*,*,#2264,.T.);
#727=ORIENTED_EDGE('',*,*,#2249,.T.);
#728=ORIENTED_EDGE('',*,*,#2265,.F.);
#729=ORIENTED_EDGE('',*,*,#2242,.F.);
#730=ORIENTED_EDGE('',*,*,#2266,.F.);
#731=ORIENTED_EDGE('',*,*,#2267,.T.);
#732=ORIENTED_EDGE('',*,*,#2268,.F.);
#733=ORIENTED_EDGE('',*,*,#2269,.F.);
#734=ORIENTED_EDGE('',*,*,#2261,.T.);
#735=ORIENTED_EDGE('',*,*,#2270,.F.);
#736=ORIENTED_EDGE('',*,*,#2254,.F.);
#737=ORIENTED_EDGE('',*,*,#2115,.T.);
#738=ORIENTED_EDGE('',*,*,#2228,.F.);
#739=ORIENTED_EDGE('',*,*,#2271,.F.);
#740=ORIENTED_EDGE('',*,*,#2237,.T.);
#741=ORIENTED_EDGE('',*,*,#2272,.T.);
#742=ORIENTED_EDGE('',*,*,#2273,.T.);
#743=ORIENTED_EDGE('',*,*,#2243,.F.);
#744=ORIENTED_EDGE('',*,*,#2250,.F.);
#745=ORIENTED_EDGE('',*,*,#2264,.F.);
#746=ORIENTED_EDGE('',*,*,#2274,.T.);
#747=ORIENTED_EDGE('',*,*,#2275,.T.);
#748=ORIENTED_EDGE('',*,*,#2276,.T.);
#749=ORIENTED_EDGE('',*,*,#2277,.T.);
#750=ORIENTED_EDGE('',*,*,#2278,.T.);
#751=ORIENTED_EDGE('',*,*,#2279,.T.);
#752=ORIENTED_EDGE('',*,*,#2280,.T.);
#753=ORIENTED_EDGE('',*,*,#2267,.F.);
#754=ORIENTED_EDGE('',*,*,#2253,.F.);
#755=ORIENTED_EDGE('',*,*,#2256,.F.);
#756=ORIENTED_EDGE('',*,*,#2281,.T.);
#757=ORIENTED_EDGE('',*,*,#2282,.T.);
#758=ORIENTED_EDGE('',*,*,#2283,.T.);
#759=ORIENTED_EDGE('',*,*,#2284,.T.);
#760=ORIENTED_EDGE('',*,*,#2285,.F.);
#761=ORIENTED_EDGE('',*,*,#2286,.T.);
#762=ORIENTED_EDGE('',*,*,#2287,.T.);
#763=ORIENTED_EDGE('',*,*,#2288,.T.);
#764=ORIENTED_EDGE('',*,*,#2289,.T.);
#765=ORIENTED_EDGE('',*,*,#2290,.T.);
#766=ORIENTED_EDGE('',*,*,#2291,.F.);
#767=ORIENTED_EDGE('',*,*,#2292,.T.);
#768=ORIENTED_EDGE('',*,*,#2293,.T.);
#769=ORIENTED_EDGE('',*,*,#2227,.T.);
#770=ORIENTED_EDGE('',*,*,#2070,.T.);
#771=ORIENTED_EDGE('',*,*,#2294,.T.);
#772=ORIENTED_EDGE('',*,*,#2062,.T.);
#773=ORIENTED_EDGE('',*,*,#2230,.T.);
#774=ORIENTED_EDGE('',*,*,#2232,.T.);
#775=ORIENTED_EDGE('',*,*,#2234,.T.);
#776=ORIENTED_EDGE('',*,*,#2236,.T.);
#777=ORIENTED_EDGE('',*,*,#2238,.T.);
#778=ORIENTED_EDGE('',*,*,#2271,.T.);
#779=ORIENTED_EDGE('',*,*,#2246,.T.);
#780=ORIENTED_EDGE('',*,*,#2239,.T.);
#781=ORIENTED_EDGE('',*,*,#2265,.T.);
#782=ORIENTED_EDGE('',*,*,#2248,.T.);
#783=ORIENTED_EDGE('',*,*,#2257,.T.);
#784=ORIENTED_EDGE('',*,*,#2251,.T.);
#785=ORIENTED_EDGE('',*,*,#2270,.T.);
#786=ORIENTED_EDGE('',*,*,#2260,.T.);
#787=ORIENTED_EDGE('',*,*,#2222,.F.);
#788=ORIENTED_EDGE('',*,*,#2295,.F.);
#789=ORIENTED_EDGE('',*,*,#2296,.T.);
#790=ORIENTED_EDGE('',*,*,#2297,.T.);
#791=ORIENTED_EDGE('',*,*,#2223,.F.);
#792=ORIENTED_EDGE('',*,*,#2297,.F.);
#793=ORIENTED_EDGE('',*,*,#2298,.T.);
#794=ORIENTED_EDGE('',*,*,#2299,.T.);
#795=ORIENTED_EDGE('',*,*,#2224,.F.);
#796=ORIENTED_EDGE('',*,*,#2299,.F.);
#797=ORIENTED_EDGE('',*,*,#2300,.T.);
#798=ORIENTED_EDGE('',*,*,#2301,.T.);
#799=ORIENTED_EDGE('',*,*,#2205,.F.);
#800=ORIENTED_EDGE('',*,*,#2302,.F.);
#801=ORIENTED_EDGE('',*,*,#2303,.T.);
#802=ORIENTED_EDGE('',*,*,#2304,.T.);
#803=ORIENTED_EDGE('',*,*,#2206,.F.);
#804=ORIENTED_EDGE('',*,*,#2304,.F.);
#805=ORIENTED_EDGE('',*,*,#2305,.T.);
#806=ORIENTED_EDGE('',*,*,#2306,.T.);
#807=ORIENTED_EDGE('',*,*,#2207,.F.);
#808=ORIENTED_EDGE('',*,*,#2306,.F.);
#809=ORIENTED_EDGE('',*,*,#2307,.T.);
#810=ORIENTED_EDGE('',*,*,#2308,.T.);
#811=ORIENTED_EDGE('',*,*,#2309,.T.);
#812=ORIENTED_EDGE('',*,*,#2208,.T.);
#813=ORIENTED_EDGE('',*,*,#2308,.F.);
#814=ORIENTED_EDGE('',*,*,#2310,.F.);
#815=ORIENTED_EDGE('',*,*,#2209,.F.);
#816=ORIENTED_EDGE('',*,*,#2309,.F.);
#817=ORIENTED_EDGE('',*,*,#2311,.T.);
#818=ORIENTED_EDGE('',*,*,#2312,.T.);
#819=ORIENTED_EDGE('',*,*,#2210,.F.);
#820=ORIENTED_EDGE('',*,*,#2312,.F.);
#821=ORIENTED_EDGE('',*,*,#2313,.T.);
#822=ORIENTED_EDGE('',*,*,#2314,.T.);
#823=ORIENTED_EDGE('',*,*,#2211,.F.);
#824=ORIENTED_EDGE('',*,*,#2314,.F.);
#825=ORIENTED_EDGE('',*,*,#2315,.T.);
#826=ORIENTED_EDGE('',*,*,#2316,.T.);
#827=ORIENTED_EDGE('',*,*,#2212,.F.);
#828=ORIENTED_EDGE('',*,*,#2316,.F.);
#829=ORIENTED_EDGE('',*,*,#2317,.T.);
#830=ORIENTED_EDGE('',*,*,#2318,.T.);
#831=ORIENTED_EDGE('',*,*,#2213,.F.);
#832=ORIENTED_EDGE('',*,*,#2318,.F.);
#833=ORIENTED_EDGE('',*,*,#2319,.T.);
#834=ORIENTED_EDGE('',*,*,#2320,.T.);
#835=ORIENTED_EDGE('',*,*,#2321,.T.);
#836=ORIENTED_EDGE('',*,*,#2214,.T.);
#837=ORIENTED_EDGE('',*,*,#2320,.F.);
#838=ORIENTED_EDGE('',*,*,#2322,.F.);
#839=ORIENTED_EDGE('',*,*,#2215,.F.);
#840=ORIENTED_EDGE('',*,*,#2321,.F.);
#841=ORIENTED_EDGE('',*,*,#2323,.T.);
#842=ORIENTED_EDGE('',*,*,#2324,.T.);
#843=ORIENTED_EDGE('',*,*,#2216,.F.);
#844=ORIENTED_EDGE('',*,*,#2324,.F.);
#845=ORIENTED_EDGE('',*,*,#2325,.T.);
#846=ORIENTED_EDGE('',*,*,#2326,.T.);
#847=ORIENTED_EDGE('',*,*,#2217,.F.);
#848=ORIENTED_EDGE('',*,*,#2326,.F.);
#849=ORIENTED_EDGE('',*,*,#2327,.T.);
#850=ORIENTED_EDGE('',*,*,#2328,.T.);
#851=ORIENTED_EDGE('',*,*,#2220,.F.);
#852=ORIENTED_EDGE('',*,*,#2329,.F.);
#853=ORIENTED_EDGE('',*,*,#2330,.T.);
#854=ORIENTED_EDGE('',*,*,#2331,.T.);
#855=ORIENTED_EDGE('',*,*,#2221,.F.);
#856=ORIENTED_EDGE('',*,*,#2331,.F.);
#857=ORIENTED_EDGE('',*,*,#2332,.T.);
#858=ORIENTED_EDGE('',*,*,#2295,.T.);
#859=ORIENTED_EDGE('',*,*,#2225,.F.);
#860=ORIENTED_EDGE('',*,*,#2301,.F.);
#861=ORIENTED_EDGE('',*,*,#2333,.T.);
#862=ORIENTED_EDGE('',*,*,#2196,.T.);
#863=ORIENTED_EDGE('',*,*,#2204,.F.);
#864=ORIENTED_EDGE('',*,*,#2176,.F.);
#865=ORIENTED_EDGE('',*,*,#2334,.T.);
#866=ORIENTED_EDGE('',*,*,#2302,.T.);
#867=ORIENTED_EDGE('',*,*,#2218,.F.);
#868=ORIENTED_EDGE('',*,*,#2328,.F.);
#869=ORIENTED_EDGE('',*,*,#2335,.T.);
#870=ORIENTED_EDGE('',*,*,#2188,.T.);
#871=ORIENTED_EDGE('',*,*,#2219,.F.);
#872=ORIENTED_EDGE('',*,*,#2200,.F.);
#873=ORIENTED_EDGE('',*,*,#2336,.T.);
#874=ORIENTED_EDGE('',*,*,#2329,.T.);
#875=ORIENTED_EDGE('',*,*,#2296,.F.);
#876=ORIENTED_EDGE('',*,*,#2332,.F.);
#877=ORIENTED_EDGE('',*,*,#2330,.F.);
#878=ORIENTED_EDGE('',*,*,#2336,.F.);
#879=ORIENTED_EDGE('',*,*,#2199,.F.);
#880=ORIENTED_EDGE('',*,*,#2193,.F.);
#881=ORIENTED_EDGE('',*,*,#2189,.F.);
#882=ORIENTED_EDGE('',*,*,#2335,.F.);
#883=ORIENTED_EDGE('',*,*,#2327,.F.);
#884=ORIENTED_EDGE('',*,*,#2325,.F.);
#885=ORIENTED_EDGE('',*,*,#2323,.F.);
#886=ORIENTED_EDGE('',*,*,#2322,.T.);
#887=ORIENTED_EDGE('',*,*,#2319,.F.);
#888=ORIENTED_EDGE('',*,*,#2317,.F.);
#889=ORIENTED_EDGE('',*,*,#2315,.F.);
#890=ORIENTED_EDGE('',*,*,#2313,.F.);
#891=ORIENTED_EDGE('',*,*,#2311,.F.);
#892=ORIENTED_EDGE('',*,*,#2310,.T.);
#893=ORIENTED_EDGE('',*,*,#2307,.F.);
#894=ORIENTED_EDGE('',*,*,#2305,.F.);
#895=ORIENTED_EDGE('',*,*,#2303,.F.);
#896=ORIENTED_EDGE('',*,*,#2334,.F.);
#897=ORIENTED_EDGE('',*,*,#2175,.F.);
#898=ORIENTED_EDGE('',*,*,#2173,.F.);
#899=ORIENTED_EDGE('',*,*,#2197,.F.);
#900=ORIENTED_EDGE('',*,*,#2333,.F.);
#901=ORIENTED_EDGE('',*,*,#2300,.F.);
#902=ORIENTED_EDGE('',*,*,#2298,.F.);
#903=ORIENTED_EDGE('',*,*,#2277,.F.);
#904=ORIENTED_EDGE('',*,*,#2337,.F.);
#905=ORIENTED_EDGE('',*,*,#2338,.F.);
#906=ORIENTED_EDGE('',*,*,#2339,.T.);
#907=ORIENTED_EDGE('',*,*,#2276,.F.);
#908=ORIENTED_EDGE('',*,*,#2340,.F.);
#909=ORIENTED_EDGE('',*,*,#2341,.F.);
#910=ORIENTED_EDGE('',*,*,#2337,.T.);
#911=ORIENTED_EDGE('',*,*,#2275,.F.);
#912=ORIENTED_EDGE('',*,*,#2342,.F.);
#913=ORIENTED_EDGE('',*,*,#2343,.F.);
#914=ORIENTED_EDGE('',*,*,#2340,.T.);
#915=ORIENTED_EDGE('',*,*,#2274,.F.);
#916=ORIENTED_EDGE('',*,*,#2263,.F.);
#917=ORIENTED_EDGE('',*,*,#2344,.F.);
#918=ORIENTED_EDGE('',*,*,#2342,.T.);
#919=ORIENTED_EDGE('',*,*,#2273,.F.);
#920=ORIENTED_EDGE('',*,*,#2345,.F.);
#921=ORIENTED_EDGE('',*,*,#2346,.F.);
#922=ORIENTED_EDGE('',*,*,#2244,.T.);
#923=ORIENTED_EDGE('',*,*,#2272,.F.);
#924=ORIENTED_EDGE('',*,*,#2347,.F.);
#925=ORIENTED_EDGE('',*,*,#2348,.F.);
#926=ORIENTED_EDGE('',*,*,#2345,.T.);
#927=ORIENTED_EDGE('',*,*,#2293,.F.);
#928=ORIENTED_EDGE('',*,*,#2349,.F.);
#929=ORIENTED_EDGE('',*,*,#2350,.F.);
#930=ORIENTED_EDGE('',*,*,#2347,.T.);
#931=ORIENTED_EDGE('',*,*,#2292,.F.);
#932=ORIENTED_EDGE('',*,*,#2351,.F.);
#933=ORIENTED_EDGE('',*,*,#2352,.F.);
#934=ORIENTED_EDGE('',*,*,#2349,.T.);
#935=ORIENTED_EDGE('',*,*,#2351,.T.);
#936=ORIENTED_EDGE('',*,*,#2291,.T.);
#937=ORIENTED_EDGE('',*,*,#2353,.F.);
#938=ORIENTED_EDGE('',*,*,#2354,.T.);
#939=ORIENTED_EDGE('',*,*,#2290,.F.);
#940=ORIENTED_EDGE('',*,*,#2355,.F.);
#941=ORIENTED_EDGE('',*,*,#2356,.F.);
#942=ORIENTED_EDGE('',*,*,#2353,.T.);
#943=ORIENTED_EDGE('',*,*,#2289,.F.);
#944=ORIENTED_EDGE('',*,*,#2357,.F.);
#945=ORIENTED_EDGE('',*,*,#2358,.F.);
#946=ORIENTED_EDGE('',*,*,#2355,.T.);
#947=ORIENTED_EDGE('',*,*,#2288,.F.);
#948=ORIENTED_EDGE('',*,*,#2359,.F.);
#949=ORIENTED_EDGE('',*,*,#2360,.F.);
#950=ORIENTED_EDGE('',*,*,#2357,.T.);
#951=ORIENTED_EDGE('',*,*,#2287,.F.);
#952=ORIENTED_EDGE('',*,*,#2361,.F.);
#953=ORIENTED_EDGE('',*,*,#2362,.F.);
#954=ORIENTED_EDGE('',*,*,#2359,.T.);
#955=ORIENTED_EDGE('',*,*,#2286,.F.);
#956=ORIENTED_EDGE('',*,*,#2363,.F.);
#957=ORIENTED_EDGE('',*,*,#2364,.F.);
#958=ORIENTED_EDGE('',*,*,#2361,.T.);
#959=ORIENTED_EDGE('',*,*,#2363,.T.);
#960=ORIENTED_EDGE('',*,*,#2285,.T.);
#961=ORIENTED_EDGE('',*,*,#2365,.F.);
#962=ORIENTED_EDGE('',*,*,#2366,.T.);
#963=ORIENTED_EDGE('',*,*,#2284,.F.);
#964=ORIENTED_EDGE('',*,*,#2367,.F.);
#965=ORIENTED_EDGE('',*,*,#2368,.F.);
#966=ORIENTED_EDGE('',*,*,#2365,.T.);
#967=ORIENTED_EDGE('',*,*,#2283,.F.);
#968=ORIENTED_EDGE('',*,*,#2369,.F.);
#969=ORIENTED_EDGE('',*,*,#2370,.F.);
#970=ORIENTED_EDGE('',*,*,#2367,.T.);
#971=ORIENTED_EDGE('',*,*,#2282,.F.);
#972=ORIENTED_EDGE('',*,*,#2371,.F.);
#973=ORIENTED_EDGE('',*,*,#2372,.F.);
#974=ORIENTED_EDGE('',*,*,#2369,.T.);
#975=ORIENTED_EDGE('',*,*,#2281,.F.);
#976=ORIENTED_EDGE('',*,*,#2255,.F.);
#977=ORIENTED_EDGE('',*,*,#2373,.F.);
#978=ORIENTED_EDGE('',*,*,#2371,.T.);
#979=ORIENTED_EDGE('',*,*,#2280,.F.);
#980=ORIENTED_EDGE('',*,*,#2374,.F.);
#981=ORIENTED_EDGE('',*,*,#2375,.F.);
#982=ORIENTED_EDGE('',*,*,#2268,.T.);
#983=ORIENTED_EDGE('',*,*,#2279,.F.);
#984=ORIENTED_EDGE('',*,*,#2376,.F.);
#985=ORIENTED_EDGE('',*,*,#2377,.F.);
#986=ORIENTED_EDGE('',*,*,#2374,.T.);
#987=ORIENTED_EDGE('',*,*,#2278,.F.);
#988=ORIENTED_EDGE('',*,*,#2339,.F.);
#989=ORIENTED_EDGE('',*,*,#2378,.F.);
#990=ORIENTED_EDGE('',*,*,#2376,.T.);
#991=ORIENTED_EDGE('',*,*,#2338,.T.);
#992=ORIENTED_EDGE('',*,*,#2341,.T.);
#993=ORIENTED_EDGE('',*,*,#2343,.T.);
#994=ORIENTED_EDGE('',*,*,#2344,.T.);
#995=ORIENTED_EDGE('',*,*,#2266,.T.);
#996=ORIENTED_EDGE('',*,*,#2241,.T.);
#997=ORIENTED_EDGE('',*,*,#2245,.T.);
#998=ORIENTED_EDGE('',*,*,#2346,.T.);
#999=ORIENTED_EDGE('',*,*,#2348,.T.);
#1000=ORIENTED_EDGE('',*,*,#2350,.T.);
#1001=ORIENTED_EDGE('',*,*,#2352,.T.);
#1002=ORIENTED_EDGE('',*,*,#2354,.F.);
#1003=ORIENTED_EDGE('',*,*,#2356,.T.);
#1004=ORIENTED_EDGE('',*,*,#2358,.T.);
#1005=ORIENTED_EDGE('',*,*,#2360,.T.);
#1006=ORIENTED_EDGE('',*,*,#2362,.T.);
#1007=ORIENTED_EDGE('',*,*,#2364,.T.);
#1008=ORIENTED_EDGE('',*,*,#2366,.F.);
#1009=ORIENTED_EDGE('',*,*,#2368,.T.);
#1010=ORIENTED_EDGE('',*,*,#2370,.T.);
#1011=ORIENTED_EDGE('',*,*,#2372,.T.);
#1012=ORIENTED_EDGE('',*,*,#2373,.T.);
#1013=ORIENTED_EDGE('',*,*,#2259,.T.);
#1014=ORIENTED_EDGE('',*,*,#2262,.T.);
#1015=ORIENTED_EDGE('',*,*,#2269,.T.);
#1016=ORIENTED_EDGE('',*,*,#2375,.T.);
#1017=ORIENTED_EDGE('',*,*,#2377,.T.);
#1018=ORIENTED_EDGE('',*,*,#2378,.T.);
#1019=ORIENTED_EDGE('',*,*,#2058,.T.);
#1020=ORIENTED_EDGE('',*,*,#2379,.T.);
#1021=ORIENTED_EDGE('',*,*,#2380,.F.);
#1022=ORIENTED_EDGE('',*,*,#2381,.F.);
#1023=ORIENTED_EDGE('',*,*,#2380,.T.);
#1024=ORIENTED_EDGE('',*,*,#2382,.T.);
#1025=ORIENTED_EDGE('',*,*,#2383,.F.);
#1026=ORIENTED_EDGE('',*,*,#2384,.F.);
#1027=ORIENTED_EDGE('',*,*,#2383,.T.);
#1028=ORIENTED_EDGE('',*,*,#2385,.T.);
#1029=ORIENTED_EDGE('',*,*,#2386,.F.);
#1030=ORIENTED_EDGE('',*,*,#2387,.F.);
#1031=ORIENTED_EDGE('',*,*,#2386,.T.);
#1032=ORIENTED_EDGE('',*,*,#2388,.T.);
#1033=ORIENTED_EDGE('',*,*,#2389,.F.);
#1034=ORIENTED_EDGE('',*,*,#2390,.F.);
#1035=ORIENTED_EDGE('',*,*,#2389,.T.);
#1036=ORIENTED_EDGE('',*,*,#2391,.T.);
#1037=ORIENTED_EDGE('',*,*,#2392,.F.);
#1038=ORIENTED_EDGE('',*,*,#2393,.F.);
#1039=ORIENTED_EDGE('',*,*,#2392,.T.);
#1040=ORIENTED_EDGE('',*,*,#2394,.T.);
#1041=ORIENTED_EDGE('',*,*,#2395,.F.);
#1042=ORIENTED_EDGE('',*,*,#2396,.F.);
#1043=ORIENTED_EDGE('',*,*,#2395,.T.);
#1044=ORIENTED_EDGE('',*,*,#2397,.T.);
#1045=ORIENTED_EDGE('',*,*,#2398,.F.);
#1046=ORIENTED_EDGE('',*,*,#2399,.F.);
#1047=ORIENTED_EDGE('',*,*,#2400,.T.);
#1048=ORIENTED_EDGE('',*,*,#2401,.F.);
#1049=ORIENTED_EDGE('',*,*,#2402,.F.);
#1050=ORIENTED_EDGE('',*,*,#2398,.T.);
#1051=ORIENTED_EDGE('',*,*,#2403,.F.);
#1052=ORIENTED_EDGE('',*,*,#2404,.T.);
#1053=ORIENTED_EDGE('',*,*,#2405,.T.);
#1054=ORIENTED_EDGE('',*,*,#2406,.F.);
#1055=ORIENTED_EDGE('',*,*,#2407,.F.);
#1056=ORIENTED_EDGE('',*,*,#2408,.T.);
#1057=ORIENTED_EDGE('',*,*,#2403,.T.);
#1058=ORIENTED_EDGE('',*,*,#2409,.F.);
#1059=ORIENTED_EDGE('',*,*,#2410,.F.);
#1060=ORIENTED_EDGE('',*,*,#2411,.T.);
#1061=ORIENTED_EDGE('',*,*,#2407,.T.);
#1062=ORIENTED_EDGE('',*,*,#2412,.F.);
#1063=ORIENTED_EDGE('',*,*,#2413,.F.);
#1064=ORIENTED_EDGE('',*,*,#2414,.T.);
#1065=ORIENTED_EDGE('',*,*,#2410,.T.);
#1066=ORIENTED_EDGE('',*,*,#2415,.F.);
#1067=ORIENTED_EDGE('',*,*,#2416,.F.);
#1068=ORIENTED_EDGE('',*,*,#2417,.T.);
#1069=ORIENTED_EDGE('',*,*,#2413,.T.);
#1070=ORIENTED_EDGE('',*,*,#2418,.F.);
#1071=ORIENTED_EDGE('',*,*,#2419,.F.);
#1072=ORIENTED_EDGE('',*,*,#2420,.T.);
#1073=ORIENTED_EDGE('',*,*,#2416,.T.);
#1074=ORIENTED_EDGE('',*,*,#2421,.F.);
#1075=ORIENTED_EDGE('',*,*,#2422,.F.);
#1076=ORIENTED_EDGE('',*,*,#2423,.T.);
#1077=ORIENTED_EDGE('',*,*,#2419,.T.);
#1078=ORIENTED_EDGE('',*,*,#2424,.F.);
#1079=ORIENTED_EDGE('',*,*,#2405,.F.);
#1080=ORIENTED_EDGE('',*,*,#2425,.T.);
#1081=ORIENTED_EDGE('',*,*,#2422,.T.);
#1082=ORIENTED_EDGE('',*,*,#2426,.F.);
#1083=ORIENTED_EDGE('',*,*,#2404,.F.);
#1084=ORIENTED_EDGE('',*,*,#2408,.F.);
#1085=ORIENTED_EDGE('',*,*,#2411,.F.);
#1086=ORIENTED_EDGE('',*,*,#2414,.F.);
#1087=ORIENTED_EDGE('',*,*,#2417,.F.);
#1088=ORIENTED_EDGE('',*,*,#2420,.F.);
#1089=ORIENTED_EDGE('',*,*,#2423,.F.);
#1090=ORIENTED_EDGE('',*,*,#2425,.F.);
#1091=ORIENTED_EDGE('',*,*,#2381,.T.);
#1092=ORIENTED_EDGE('',*,*,#2384,.T.);
#1093=ORIENTED_EDGE('',*,*,#2387,.T.);
#1094=ORIENTED_EDGE('',*,*,#2390,.T.);
#1095=ORIENTED_EDGE('',*,*,#2393,.T.);
#1096=ORIENTED_EDGE('',*,*,#2396,.T.);
#1097=ORIENTED_EDGE('',*,*,#2399,.T.);
#1098=ORIENTED_EDGE('',*,*,#2402,.T.);
#1099=ORIENTED_EDGE('',*,*,#2427,.T.);
#1100=ORIENTED_EDGE('',*,*,#2428,.T.);
#1101=ORIENTED_EDGE('',*,*,#2429,.T.);
#1102=ORIENTED_EDGE('',*,*,#2055,.T.);
#1103=ORIENTED_EDGE('',*,*,#2409,.T.);
#1104=ORIENTED_EDGE('',*,*,#2406,.T.);
#1105=ORIENTED_EDGE('',*,*,#2426,.T.);
#1106=ORIENTED_EDGE('',*,*,#2424,.T.);
#1107=ORIENTED_EDGE('',*,*,#2421,.T.);
#1108=ORIENTED_EDGE('',*,*,#2418,.T.);
#1109=ORIENTED_EDGE('',*,*,#2415,.T.);
#1110=ORIENTED_EDGE('',*,*,#2412,.T.);
#1111=ORIENTED_EDGE('',*,*,#2430,.F.);
#1112=ORIENTED_EDGE('',*,*,#2133,.F.);
#1113=ORIENTED_EDGE('',*,*,#2431,.F.);
#1114=ORIENTED_EDGE('',*,*,#2388,.F.);
#1115=ORIENTED_EDGE('',*,*,#2431,.T.);
#1116=ORIENTED_EDGE('',*,*,#2132,.F.);
#1117=ORIENTED_EDGE('',*,*,#2432,.F.);
#1118=ORIENTED_EDGE('',*,*,#2391,.F.);
#1119=ORIENTED_EDGE('',*,*,#2430,.T.);
#1120=ORIENTED_EDGE('',*,*,#2385,.F.);
#1121=ORIENTED_EDGE('',*,*,#2433,.F.);
#1122=ORIENTED_EDGE('',*,*,#2134,.F.);
#1123=ORIENTED_EDGE('',*,*,#2432,.T.);
#1124=ORIENTED_EDGE('',*,*,#2131,.F.);
#1125=ORIENTED_EDGE('',*,*,#2434,.F.);
#1126=ORIENTED_EDGE('',*,*,#2394,.F.);
#1127=ORIENTED_EDGE('',*,*,#2433,.T.);
#1128=ORIENTED_EDGE('',*,*,#2382,.F.);
#1129=ORIENTED_EDGE('',*,*,#2435,.F.);
#1130=ORIENTED_EDGE('',*,*,#2135,.F.);
#1131=ORIENTED_EDGE('',*,*,#2434,.T.);
#1132=ORIENTED_EDGE('',*,*,#2130,.F.);
#1133=ORIENTED_EDGE('',*,*,#2436,.F.);
#1134=ORIENTED_EDGE('',*,*,#2397,.F.);
#1135=ORIENTED_EDGE('',*,*,#2435,.T.);
#1136=ORIENTED_EDGE('',*,*,#2379,.F.);
#1137=ORIENTED_EDGE('',*,*,#2061,.F.);
#1138=ORIENTED_EDGE('',*,*,#2136,.F.);
#1139=ORIENTED_EDGE('',*,*,#2437,.F.);
#1140=ORIENTED_EDGE('',*,*,#2400,.F.);
#1141=ORIENTED_EDGE('',*,*,#2436,.T.);
#1142=ORIENTED_EDGE('',*,*,#2129,.F.);
#1143=ORIENTED_EDGE('',*,*,#2438,.F.);
#1144=ORIENTED_EDGE('',*,*,#2226,.T.);
#1145=ORIENTED_EDGE('',*,*,#2439,.T.);
#1146=ORIENTED_EDGE('',*,*,#2438,.T.);
#1147=ORIENTED_EDGE('',*,*,#2085,.T.);
#1148=ORIENTED_EDGE('',*,*,#2440,.T.);
#1149=ORIENTED_EDGE('',*,*,#2441,.F.);
#1150=ORIENTED_EDGE('',*,*,#2442,.T.);
#1151=ORIENTED_EDGE('',*,*,#2443,.T.);
#1152=ORIENTED_EDGE('',*,*,#2067,.T.);
#1153=ORIENTED_EDGE('',*,*,#2444,.F.);
#1154=ORIENTED_EDGE('',*,*,#2445,.T.);
#1155=ORIENTED_EDGE('',*,*,#2441,.T.);
#1156=ORIENTED_EDGE('',*,*,#2066,.T.);
#1157=ORIENTED_EDGE('',*,*,#2446,.F.);
#1158=ORIENTED_EDGE('',*,*,#2447,.T.);
#1159=ORIENTED_EDGE('',*,*,#2444,.T.);
#1160=ORIENTED_EDGE('',*,*,#2065,.T.);
#1161=ORIENTED_EDGE('',*,*,#2448,.F.);
#1162=ORIENTED_EDGE('',*,*,#2449,.T.);
#1163=ORIENTED_EDGE('',*,*,#2446,.T.);
#1164=ORIENTED_EDGE('',*,*,#2064,.T.);
#1165=ORIENTED_EDGE('',*,*,#2450,.F.);
#1166=ORIENTED_EDGE('',*,*,#2451,.T.);
#1167=ORIENTED_EDGE('',*,*,#2448,.T.);
#1168=ORIENTED_EDGE('',*,*,#2063,.T.);
#1169=ORIENTED_EDGE('',*,*,#2452,.T.);
#1170=ORIENTED_EDGE('',*,*,#2453,.F.);
#1171=ORIENTED_EDGE('',*,*,#2454,.T.);
#1172=ORIENTED_EDGE('',*,*,#2450,.T.);
#1173=ORIENTED_EDGE('',*,*,#2455,.T.);
#1174=ORIENTED_EDGE('',*,*,#2456,.F.);
#1175=ORIENTED_EDGE('',*,*,#2457,.T.);
#1176=ORIENTED_EDGE('',*,*,#2453,.T.);
#1177=ORIENTED_EDGE('',*,*,#2458,.T.);
#1178=ORIENTED_EDGE('',*,*,#2069,.T.);
#1179=ORIENTED_EDGE('',*,*,#2443,.F.);
#1180=ORIENTED_EDGE('',*,*,#2459,.T.);
#1181=ORIENTED_EDGE('',*,*,#2456,.T.);
#1182=ORIENTED_EDGE('',*,*,#2068,.T.);
#1183=ORIENTED_EDGE('',*,*,#2460,.T.);
#1184=ORIENTED_EDGE('',*,*,#2461,.T.);
#1185=ORIENTED_EDGE('',*,*,#2462,.T.);
#1186=ORIENTED_EDGE('',*,*,#2463,.T.);
#1187=ORIENTED_EDGE('',*,*,#2464,.T.);
#1188=ORIENTED_EDGE('',*,*,#2465,.T.);
#1189=ORIENTED_EDGE('',*,*,#2466,.T.);
#1190=ORIENTED_EDGE('',*,*,#2467,.T.);
#1191=ORIENTED_EDGE('',*,*,#2294,.F.);
#1192=ORIENTED_EDGE('',*,*,#2458,.F.);
#1193=ORIENTED_EDGE('',*,*,#2455,.F.);
#1194=ORIENTED_EDGE('',*,*,#2452,.F.);
#1195=ORIENTED_EDGE('',*,*,#2439,.F.);
#1196=ORIENTED_EDGE('',*,*,#2440,.F.);
#1197=ORIENTED_EDGE('',*,*,#2468,.F.);
#1198=ORIENTED_EDGE('',*,*,#2451,.F.);
#1199=ORIENTED_EDGE('',*,*,#2469,.F.);
#1200=ORIENTED_EDGE('',*,*,#2465,.F.);
#1201=ORIENTED_EDGE('',*,*,#2469,.T.);
#1202=ORIENTED_EDGE('',*,*,#2454,.F.);
#1203=ORIENTED_EDGE('',*,*,#2470,.F.);
#1204=ORIENTED_EDGE('',*,*,#2466,.F.);
#1205=ORIENTED_EDGE('',*,*,#2468,.T.);
#1206=ORIENTED_EDGE('',*,*,#2464,.F.);
#1207=ORIENTED_EDGE('',*,*,#2471,.F.);
#1208=ORIENTED_EDGE('',*,*,#2449,.F.);
#1209=ORIENTED_EDGE('',*,*,#2470,.T.);
#1210=ORIENTED_EDGE('',*,*,#2457,.F.);
#1211=ORIENTED_EDGE('',*,*,#2472,.F.);
#1212=ORIENTED_EDGE('',*,*,#2467,.F.);
#1213=ORIENTED_EDGE('',*,*,#2471,.T.);
#1214=ORIENTED_EDGE('',*,*,#2463,.F.);
#1215=ORIENTED_EDGE('',*,*,#2473,.F.);
#1216=ORIENTED_EDGE('',*,*,#2447,.F.);
#1217=ORIENTED_EDGE('',*,*,#2472,.T.);
#1218=ORIENTED_EDGE('',*,*,#2459,.F.);
#1219=ORIENTED_EDGE('',*,*,#2474,.F.);
#1220=ORIENTED_EDGE('',*,*,#2460,.F.);
#1221=ORIENTED_EDGE('',*,*,#2473,.T.);
#1222=ORIENTED_EDGE('',*,*,#2462,.F.);
#1223=ORIENTED_EDGE('',*,*,#2475,.F.);
#1224=ORIENTED_EDGE('',*,*,#2445,.F.);
#1225=ORIENTED_EDGE('',*,*,#2474,.T.);
#1226=ORIENTED_EDGE('',*,*,#2442,.F.);
#1227=ORIENTED_EDGE('',*,*,#2475,.T.);
#1228=ORIENTED_EDGE('',*,*,#2461,.F.);
#1229=ORIENTED_EDGE('',*,*,#2127,.T.);
#1230=ORIENTED_EDGE('',*,*,#2476,.F.);
#1231=ORIENTED_EDGE('',*,*,#2428,.F.);
#1232=ORIENTED_EDGE('',*,*,#2477,.T.);
#1233=ORIENTED_EDGE('',*,*,#2059,.T.);
#1234=ORIENTED_EDGE('',*,*,#2056,.F.);
#1235=ORIENTED_EDGE('',*,*,#2429,.F.);
#1236=ORIENTED_EDGE('',*,*,#2476,.T.);
#1237=ORIENTED_EDGE('',*,*,#2126,.T.);
#1238=ORIENTED_EDGE('',*,*,#2437,.T.);
#1239=ORIENTED_EDGE('',*,*,#2128,.T.);
#1240=ORIENTED_EDGE('',*,*,#2477,.F.);
#1241=ORIENTED_EDGE('',*,*,#2427,.F.);
#1242=ORIENTED_EDGE('',*,*,#2401,.T.);
#1243=ORIENTED_EDGE('',*,*,#2478,.T.);
#1244=ORIENTED_EDGE('',*,*,#2479,.T.);
#1245=ORIENTED_EDGE('',*,*,#2480,.T.);
#1246=ORIENTED_EDGE('',*,*,#2481,.T.);
#1247=ORIENTED_EDGE('',*,*,#2482,.T.);
#1248=ORIENTED_EDGE('',*,*,#2483,.T.);
#1249=ORIENTED_EDGE('',*,*,#2484,.T.);
#1250=ORIENTED_EDGE('',*,*,#2485,.T.);
#1251=ORIENTED_EDGE('',*,*,#2486,.T.);
#1252=ORIENTED_EDGE('',*,*,#2487,.T.);
#1253=ORIENTED_EDGE('',*,*,#2488,.T.);
#1254=ORIENTED_EDGE('',*,*,#2489,.T.);
#1255=ORIENTED_EDGE('',*,*,#2490,.T.);
#1256=ORIENTED_EDGE('',*,*,#2491,.T.);
#1257=ORIENTED_EDGE('',*,*,#2492,.T.);
#1258=ORIENTED_EDGE('',*,*,#2493,.T.);
#1259=ORIENTED_EDGE('',*,*,#2494,.T.);
#1260=ORIENTED_EDGE('',*,*,#2495,.T.);
#1261=ORIENTED_EDGE('',*,*,#2496,.F.);
#1262=ORIENTED_EDGE('',*,*,#2497,.T.);
#1263=ORIENTED_EDGE('',*,*,#2498,.T.);
#1264=ORIENTED_EDGE('',*,*,#2499,.F.);
#1265=ORIENTED_EDGE('',*,*,#2500,.T.);
#1266=ORIENTED_EDGE('',*,*,#2501,.T.);
#1267=ORIENTED_EDGE('',*,*,#2502,.T.);
#1268=ORIENTED_EDGE('',*,*,#2503,.T.);
#1269=ORIENTED_EDGE('',*,*,#2504,.T.);
#1270=ORIENTED_EDGE('',*,*,#2505,.T.);
#1271=ORIENTED_EDGE('',*,*,#2506,.T.);
#1272=ORIENTED_EDGE('',*,*,#2507,.T.);
#1273=ORIENTED_EDGE('',*,*,#2508,.T.);
#1274=ORIENTED_EDGE('',*,*,#2509,.F.);
#1275=ORIENTED_EDGE('',*,*,#2509,.T.);
#1276=ORIENTED_EDGE('',*,*,#2510,.T.);
#1277=ORIENTED_EDGE('',*,*,#2511,.F.);
#1278=ORIENTED_EDGE('',*,*,#2512,.T.);
#1279=ORIENTED_EDGE('',*,*,#2513,.F.);
#1280=ORIENTED_EDGE('',*,*,#2514,.T.);
#1281=ORIENTED_EDGE('',*,*,#2515,.F.);
#1282=ORIENTED_EDGE('',*,*,#2511,.T.);
#1283=ORIENTED_EDGE('',*,*,#2516,.F.);
#1284=ORIENTED_EDGE('',*,*,#2517,.T.);
#1285=ORIENTED_EDGE('',*,*,#2518,.F.);
#1286=ORIENTED_EDGE('',*,*,#2519,.T.);
#1287=ORIENTED_EDGE('',*,*,#2513,.T.);
#1288=ORIENTED_EDGE('',*,*,#2520,.T.);
#1289=ORIENTED_EDGE('',*,*,#2521,.T.);
#1290=ORIENTED_EDGE('',*,*,#2522,.T.);
#1291=ORIENTED_EDGE('',*,*,#2518,.T.);
#1292=ORIENTED_EDGE('',*,*,#2523,.T.);
#1293=ORIENTED_EDGE('',*,*,#2524,.T.);
#1294=ORIENTED_EDGE('',*,*,#2525,.F.);
#1295=ORIENTED_EDGE('',*,*,#2526,.F.);
#1296=ORIENTED_EDGE('',*,*,#2481,.F.);
#1297=ORIENTED_EDGE('',*,*,#2527,.F.);
#1298=ORIENTED_EDGE('',*,*,#2525,.T.);
#1299=ORIENTED_EDGE('',*,*,#2515,.T.);
#1300=ORIENTED_EDGE('',*,*,#2528,.T.);
#1301=ORIENTED_EDGE('',*,*,#2521,.F.);
#1302=ORIENTED_EDGE('',*,*,#2527,.T.);
#1303=ORIENTED_EDGE('',*,*,#2480,.F.);
#1304=ORIENTED_EDGE('',*,*,#2529,.T.);
#1305=ORIENTED_EDGE('',*,*,#2488,.F.);
#1306=ORIENTED_EDGE('',*,*,#2530,.T.);
#1307=ORIENTED_EDGE('',*,*,#2531,.T.);
#1308=ORIENTED_EDGE('',*,*,#2506,.F.);
#1309=ORIENTED_EDGE('',*,*,#2512,.F.);
#1310=ORIENTED_EDGE('',*,*,#2532,.T.);
#1311=ORIENTED_EDGE('',*,*,#2533,.T.);
#1312=ORIENTED_EDGE('',*,*,#2530,.F.);
#1313=ORIENTED_EDGE('',*,*,#2487,.F.);
#1314=ORIENTED_EDGE('',*,*,#2534,.T.);
#1315=ORIENTED_EDGE('',*,*,#2504,.F.);
#1316=ORIENTED_EDGE('',*,*,#2535,.T.);
#1317=ORIENTED_EDGE('',*,*,#2532,.F.);
#1318=ORIENTED_EDGE('',*,*,#2486,.F.);
#1319=ORIENTED_EDGE('',*,*,#2536,.T.);
#1320=ORIENTED_EDGE('',*,*,#2505,.F.);
#1321=ORIENTED_EDGE('',*,*,#2534,.F.);
#1322=ORIENTED_EDGE('',*,*,#2485,.F.);
#1323=ORIENTED_EDGE('',*,*,#2537,.T.);
#1324=ORIENTED_EDGE('',*,*,#2498,.F.);
#1325=ORIENTED_EDGE('',*,*,#2536,.F.);
#1326=ORIENTED_EDGE('',*,*,#2484,.F.);
#1327=ORIENTED_EDGE('',*,*,#2496,.T.);
#1328=ORIENTED_EDGE('',*,*,#2538,.T.);
#1329=ORIENTED_EDGE('',*,*,#2537,.F.);
#1330=ORIENTED_EDGE('',*,*,#2539,.T.);
#1331=ORIENTED_EDGE('',*,*,#2540,.T.);
#1332=ORIENTED_EDGE('',*,*,#2541,.T.);
#1333=ORIENTED_EDGE('',*,*,#2542,.F.);
#1334=ORIENTED_EDGE('',*,*,#2491,.F.);
#1335=ORIENTED_EDGE('',*,*,#2542,.T.);
#1336=ORIENTED_EDGE('',*,*,#2543,.T.);
#1337=ORIENTED_EDGE('',*,*,#2502,.F.);
#1338=ORIENTED_EDGE('',*,*,#2544,.F.);
#1339=ORIENTED_EDGE('',*,*,#2492,.F.);
#1340=ORIENTED_EDGE('',*,*,#2544,.T.);
#1341=ORIENTED_EDGE('',*,*,#2501,.F.);
#1342=ORIENTED_EDGE('',*,*,#2545,.F.);
#1343=ORIENTED_EDGE('',*,*,#2493,.F.);
#1344=ORIENTED_EDGE('',*,*,#2545,.T.);
#1345=ORIENTED_EDGE('',*,*,#2500,.F.);
#1346=ORIENTED_EDGE('',*,*,#2546,.F.);
#1347=ORIENTED_EDGE('',*,*,#2482,.F.);
#1348=ORIENTED_EDGE('',*,*,#2546,.T.);
#1349=ORIENTED_EDGE('',*,*,#2547,.T.);
#1350=ORIENTED_EDGE('',*,*,#2494,.F.);
#1351=ORIENTED_EDGE('',*,*,#2548,.T.);
#1352=ORIENTED_EDGE('',*,*,#2524,.F.);
#1353=ORIENTED_EDGE('',*,*,#2549,.T.);
#1354=ORIENTED_EDGE('',*,*,#2516,.T.);
#1355=ORIENTED_EDGE('',*,*,#2510,.F.);
#1356=ORIENTED_EDGE('',*,*,#2508,.F.);
#1357=ORIENTED_EDGE('',*,*,#2550,.T.);
#1358=ORIENTED_EDGE('',*,*,#2540,.F.);
#1359=ORIENTED_EDGE('',*,*,#2490,.F.);
#1360=ORIENTED_EDGE('',*,*,#2551,.T.);
#1361=ORIENTED_EDGE('',*,*,#2478,.F.);
#1362=ORIENTED_EDGE('',*,*,#2526,.T.);
#1363=ORIENTED_EDGE('',*,*,#2529,.F.);
#1364=ORIENTED_EDGE('',*,*,#2479,.F.);
#1365=ORIENTED_EDGE('',*,*,#2551,.F.);
#1366=ORIENTED_EDGE('',*,*,#2489,.F.);
#1367=ORIENTED_EDGE('',*,*,#2535,.F.);
#1368=ORIENTED_EDGE('',*,*,#2503,.F.);
#1369=ORIENTED_EDGE('',*,*,#2543,.F.);
#1370=ORIENTED_EDGE('',*,*,#2541,.F.);
#1371=ORIENTED_EDGE('',*,*,#2550,.F.);
#1372=ORIENTED_EDGE('',*,*,#2507,.F.);
#1373=ORIENTED_EDGE('',*,*,#2531,.F.);
#1374=ORIENTED_EDGE('',*,*,#2533,.F.);
#1375=ORIENTED_EDGE('',*,*,#2522,.F.);
#1376=ORIENTED_EDGE('',*,*,#2528,.F.);
#1377=ORIENTED_EDGE('',*,*,#2514,.F.);
#1378=ORIENTED_EDGE('',*,*,#2519,.F.);
#1379=ORIENTED_EDGE('',*,*,#2523,.F.);
#1380=ORIENTED_EDGE('',*,*,#2520,.F.);
#1381=ORIENTED_EDGE('',*,*,#2517,.F.);
#1382=ORIENTED_EDGE('',*,*,#2549,.F.);
#1383=ORIENTED_EDGE('',*,*,#2483,.F.);
#1384=ORIENTED_EDGE('',*,*,#2548,.F.);
#1385=ORIENTED_EDGE('',*,*,#2497,.F.);
#1386=ORIENTED_EDGE('',*,*,#2539,.F.);
#1387=ORIENTED_EDGE('',*,*,#2495,.F.);
#1388=ORIENTED_EDGE('',*,*,#2547,.F.);
#1389=ORIENTED_EDGE('',*,*,#2499,.T.);
#1390=ORIENTED_EDGE('',*,*,#2538,.F.);
#1391=ORIENTED_EDGE('',*,*,#2552,.T.);
#1392=ORIENTED_EDGE('',*,*,#2553,.T.);
#1393=ORIENTED_EDGE('',*,*,#2554,.T.);
#1394=ORIENTED_EDGE('',*,*,#2555,.T.);
#1395=ORIENTED_EDGE('',*,*,#2556,.T.);
#1396=ORIENTED_EDGE('',*,*,#2557,.T.);
#1397=ORIENTED_EDGE('',*,*,#2558,.T.);
#1398=ORIENTED_EDGE('',*,*,#2559,.T.);
#1399=ORIENTED_EDGE('',*,*,#2560,.T.);
#1400=ORIENTED_EDGE('',*,*,#2561,.T.);
#1401=ORIENTED_EDGE('',*,*,#2562,.T.);
#1402=ORIENTED_EDGE('',*,*,#2563,.T.);
#1403=ORIENTED_EDGE('',*,*,#2564,.T.);
#1404=ORIENTED_EDGE('',*,*,#2565,.T.);
#1405=ORIENTED_EDGE('',*,*,#2566,.T.);
#1406=ORIENTED_EDGE('',*,*,#2567,.T.);
#1407=ORIENTED_EDGE('',*,*,#2568,.T.);
#1408=ORIENTED_EDGE('',*,*,#2569,.T.);
#1409=ORIENTED_EDGE('',*,*,#2570,.F.);
#1410=ORIENTED_EDGE('',*,*,#2571,.F.);
#1411=ORIENTED_EDGE('',*,*,#2572,.T.);
#1412=ORIENTED_EDGE('',*,*,#2573,.F.);
#1413=ORIENTED_EDGE('',*,*,#2574,.T.);
#1414=ORIENTED_EDGE('',*,*,#2575,.T.);
#1415=ORIENTED_EDGE('',*,*,#2576,.T.);
#1416=ORIENTED_EDGE('',*,*,#2577,.T.);
#1417=ORIENTED_EDGE('',*,*,#2578,.T.);
#1418=ORIENTED_EDGE('',*,*,#2579,.T.);
#1419=ORIENTED_EDGE('',*,*,#2580,.T.);
#1420=ORIENTED_EDGE('',*,*,#2581,.T.);
#1421=ORIENTED_EDGE('',*,*,#2582,.T.);
#1422=ORIENTED_EDGE('',*,*,#2583,.F.);
#1423=ORIENTED_EDGE('',*,*,#2583,.T.);
#1424=ORIENTED_EDGE('',*,*,#2584,.T.);
#1425=ORIENTED_EDGE('',*,*,#2585,.F.);
#1426=ORIENTED_EDGE('',*,*,#2586,.T.);
#1427=ORIENTED_EDGE('',*,*,#2587,.F.);
#1428=ORIENTED_EDGE('',*,*,#2588,.T.);
#1429=ORIENTED_EDGE('',*,*,#2589,.F.);
#1430=ORIENTED_EDGE('',*,*,#2585,.T.);
#1431=ORIENTED_EDGE('',*,*,#2590,.F.);
#1432=ORIENTED_EDGE('',*,*,#2591,.T.);
#1433=ORIENTED_EDGE('',*,*,#2592,.F.);
#1434=ORIENTED_EDGE('',*,*,#2593,.T.);
#1435=ORIENTED_EDGE('',*,*,#2587,.T.);
#1436=ORIENTED_EDGE('',*,*,#2594,.T.);
#1437=ORIENTED_EDGE('',*,*,#2595,.T.);
#1438=ORIENTED_EDGE('',*,*,#2596,.T.);
#1439=ORIENTED_EDGE('',*,*,#2592,.T.);
#1440=ORIENTED_EDGE('',*,*,#2597,.T.);
#1441=ORIENTED_EDGE('',*,*,#2598,.T.);
#1442=ORIENTED_EDGE('',*,*,#2599,.F.);
#1443=ORIENTED_EDGE('',*,*,#2600,.F.);
#1444=ORIENTED_EDGE('',*,*,#2555,.F.);
#1445=ORIENTED_EDGE('',*,*,#2601,.F.);
#1446=ORIENTED_EDGE('',*,*,#2599,.T.);
#1447=ORIENTED_EDGE('',*,*,#2589,.T.);
#1448=ORIENTED_EDGE('',*,*,#2602,.T.);
#1449=ORIENTED_EDGE('',*,*,#2595,.F.);
#1450=ORIENTED_EDGE('',*,*,#2601,.T.);
#1451=ORIENTED_EDGE('',*,*,#2554,.F.);
#1452=ORIENTED_EDGE('',*,*,#2603,.T.);
#1453=ORIENTED_EDGE('',*,*,#2562,.F.);
#1454=ORIENTED_EDGE('',*,*,#2604,.T.);
#1455=ORIENTED_EDGE('',*,*,#2605,.T.);
#1456=ORIENTED_EDGE('',*,*,#2580,.F.);
#1457=ORIENTED_EDGE('',*,*,#2586,.F.);
#1458=ORIENTED_EDGE('',*,*,#2606,.T.);
#1459=ORIENTED_EDGE('',*,*,#2607,.T.);
#1460=ORIENTED_EDGE('',*,*,#2604,.F.);
#1461=ORIENTED_EDGE('',*,*,#2561,.F.);
#1462=ORIENTED_EDGE('',*,*,#2608,.T.);
#1463=ORIENTED_EDGE('',*,*,#2578,.F.);
#1464=ORIENTED_EDGE('',*,*,#2609,.T.);
#1465=ORIENTED_EDGE('',*,*,#2606,.F.);
#1466=ORIENTED_EDGE('',*,*,#2560,.F.);
#1467=ORIENTED_EDGE('',*,*,#2610,.T.);
#1468=ORIENTED_EDGE('',*,*,#2579,.F.);
#1469=ORIENTED_EDGE('',*,*,#2608,.F.);
#1470=ORIENTED_EDGE('',*,*,#2559,.F.);
#1471=ORIENTED_EDGE('',*,*,#2611,.T.);
#1472=ORIENTED_EDGE('',*,*,#2572,.F.);
#1473=ORIENTED_EDGE('',*,*,#2610,.F.);
#1474=ORIENTED_EDGE('',*,*,#2558,.F.);
#1475=ORIENTED_EDGE('',*,*,#2570,.T.);
#1476=ORIENTED_EDGE('',*,*,#2612,.T.);
#1477=ORIENTED_EDGE('',*,*,#2611,.F.);
#1478=ORIENTED_EDGE('',*,*,#2613,.T.);
#1479=ORIENTED_EDGE('',*,*,#2614,.T.);
#1480=ORIENTED_EDGE('',*,*,#2615,.T.);
#1481=ORIENTED_EDGE('',*,*,#2616,.F.);
#1482=ORIENTED_EDGE('',*,*,#2565,.F.);
#1483=ORIENTED_EDGE('',*,*,#2616,.T.);
#1484=ORIENTED_EDGE('',*,*,#2617,.T.);
#1485=ORIENTED_EDGE('',*,*,#2576,.F.);
#1486=ORIENTED_EDGE('',*,*,#2618,.F.);
#1487=ORIENTED_EDGE('',*,*,#2566,.F.);
#1488=ORIENTED_EDGE('',*,*,#2618,.T.);
#1489=ORIENTED_EDGE('',*,*,#2575,.F.);
#1490=ORIENTED_EDGE('',*,*,#2619,.F.);
#1491=ORIENTED_EDGE('',*,*,#2567,.F.);
#1492=ORIENTED_EDGE('',*,*,#2574,.F.);
#1493=ORIENTED_EDGE('',*,*,#2620,.T.);
#1494=ORIENTED_EDGE('',*,*,#2621,.F.);
#1495=ORIENTED_EDGE('',*,*,#2622,.T.);
#1496=ORIENTED_EDGE('',*,*,#2556,.F.);
#1497=ORIENTED_EDGE('',*,*,#2619,.T.);
#1498=ORIENTED_EDGE('',*,*,#2621,.T.);
#1499=ORIENTED_EDGE('',*,*,#2623,.T.);
#1500=ORIENTED_EDGE('',*,*,#2568,.F.);
#1501=ORIENTED_EDGE('',*,*,#2624,.T.);
#1502=ORIENTED_EDGE('',*,*,#2598,.F.);
#1503=ORIENTED_EDGE('',*,*,#2625,.T.);
#1504=ORIENTED_EDGE('',*,*,#2590,.T.);
#1505=ORIENTED_EDGE('',*,*,#2584,.F.);
#1506=ORIENTED_EDGE('',*,*,#2582,.F.);
#1507=ORIENTED_EDGE('',*,*,#2626,.T.);
#1508=ORIENTED_EDGE('',*,*,#2614,.F.);
#1509=ORIENTED_EDGE('',*,*,#2564,.F.);
#1510=ORIENTED_EDGE('',*,*,#2627,.T.);
#1511=ORIENTED_EDGE('',*,*,#2552,.F.);
#1512=ORIENTED_EDGE('',*,*,#2600,.T.);
#1513=ORIENTED_EDGE('',*,*,#2603,.F.);
#1514=ORIENTED_EDGE('',*,*,#2553,.F.);
#1515=ORIENTED_EDGE('',*,*,#2627,.F.);
#1516=ORIENTED_EDGE('',*,*,#2563,.F.);
#1517=ORIENTED_EDGE('',*,*,#2609,.F.);
#1518=ORIENTED_EDGE('',*,*,#2577,.F.);
#1519=ORIENTED_EDGE('',*,*,#2617,.F.);
#1520=ORIENTED_EDGE('',*,*,#2615,.F.);
#1521=ORIENTED_EDGE('',*,*,#2626,.F.);
#1522=ORIENTED_EDGE('',*,*,#2581,.F.);
#1523=ORIENTED_EDGE('',*,*,#2605,.F.);
#1524=ORIENTED_EDGE('',*,*,#2607,.F.);
#1525=ORIENTED_EDGE('',*,*,#2596,.F.);
#1526=ORIENTED_EDGE('',*,*,#2602,.F.);
#1527=ORIENTED_EDGE('',*,*,#2588,.F.);
#1528=ORIENTED_EDGE('',*,*,#2593,.F.);
#1529=ORIENTED_EDGE('',*,*,#2597,.F.);
#1530=ORIENTED_EDGE('',*,*,#2594,.F.);
#1531=ORIENTED_EDGE('',*,*,#2591,.F.);
#1532=ORIENTED_EDGE('',*,*,#2625,.F.);
#1533=ORIENTED_EDGE('',*,*,#2557,.F.);
#1534=ORIENTED_EDGE('',*,*,#2622,.F.);
#1535=ORIENTED_EDGE('',*,*,#2624,.F.);
#1536=ORIENTED_EDGE('',*,*,#2571,.T.);
#1537=ORIENTED_EDGE('',*,*,#2613,.F.);
#1538=ORIENTED_EDGE('',*,*,#2569,.F.);
#1539=ORIENTED_EDGE('',*,*,#2623,.F.);
#1540=ORIENTED_EDGE('',*,*,#2620,.F.);
#1541=ORIENTED_EDGE('',*,*,#2573,.T.);
#1542=ORIENTED_EDGE('',*,*,#2612,.F.);
#1543=ORIENTED_EDGE('',*,*,#2628,.T.);
#1544=ORIENTED_EDGE('',*,*,#2629,.T.);
#1545=ORIENTED_EDGE('',*,*,#2630,.F.);
#1546=ORIENTED_EDGE('',*,*,#2631,.F.);
#1547=ORIENTED_EDGE('',*,*,#2632,.F.);
#1548=ORIENTED_EDGE('',*,*,#2633,.T.);
#1549=ORIENTED_EDGE('',*,*,#2634,.F.);
#1550=ORIENTED_EDGE('',*,*,#2635,.T.);
#1551=ORIENTED_EDGE('',*,*,#2636,.F.);
#1552=ORIENTED_EDGE('',*,*,#2637,.T.);
#1553=ORIENTED_EDGE('',*,*,#2638,.T.);
#1554=ORIENTED_EDGE('',*,*,#2639,.T.);
#1555=ORIENTED_EDGE('',*,*,#2640,.F.);
#1556=ORIENTED_EDGE('',*,*,#2641,.F.);
#1557=ORIENTED_EDGE('',*,*,#2642,.T.);
#1558=ORIENTED_EDGE('',*,*,#2643,.T.);
#1559=ORIENTED_EDGE('',*,*,#2644,.T.);
#1560=ORIENTED_EDGE('',*,*,#2645,.F.);
#1561=ORIENTED_EDGE('',*,*,#2646,.T.);
#1562=ORIENTED_EDGE('',*,*,#2647,.F.);
#1563=ORIENTED_EDGE('',*,*,#2648,.T.);
#1564=ORIENTED_EDGE('',*,*,#2649,.F.);
#1565=ORIENTED_EDGE('',*,*,#2650,.T.);
#1566=ORIENTED_EDGE('',*,*,#2651,.F.);
#1567=ORIENTED_EDGE('',*,*,#2652,.T.);
#1568=ORIENTED_EDGE('',*,*,#2653,.T.);
#1569=ORIENTED_EDGE('',*,*,#2631,.T.);
#1570=ORIENTED_EDGE('',*,*,#2654,.F.);
#1571=ORIENTED_EDGE('',*,*,#2655,.T.);
#1572=ORIENTED_EDGE('',*,*,#2656,.T.);
#1573=ORIENTED_EDGE('',*,*,#2657,.F.);
#1574=ORIENTED_EDGE('',*,*,#2650,.F.);
#1575=ORIENTED_EDGE('',*,*,#2658,.F.);
#1576=ORIENTED_EDGE('',*,*,#2659,.F.);
#1577=ORIENTED_EDGE('',*,*,#2660,.F.);
#1578=ORIENTED_EDGE('',*,*,#2661,.T.);
#1579=ORIENTED_EDGE('',*,*,#2662,.F.);
#1580=ORIENTED_EDGE('',*,*,#2663,.F.);
#1581=ORIENTED_EDGE('',*,*,#2664,.F.);
#1582=ORIENTED_EDGE('',*,*,#2665,.T.);
#1583=ORIENTED_EDGE('',*,*,#2666,.F.);
#1584=ORIENTED_EDGE('',*,*,#2667,.T.);
#1585=ORIENTED_EDGE('',*,*,#2668,.F.);
#1586=ORIENTED_EDGE('',*,*,#2669,.T.);
#1587=ORIENTED_EDGE('',*,*,#2655,.F.);
#1588=ORIENTED_EDGE('',*,*,#2670,.T.);
#1589=ORIENTED_EDGE('',*,*,#2671,.F.);
#1590=ORIENTED_EDGE('',*,*,#2672,.T.);
#1591=ORIENTED_EDGE('',*,*,#2673,.F.);
#1592=ORIENTED_EDGE('',*,*,#2674,.T.);
#1593=ORIENTED_EDGE('',*,*,#2659,.T.);
#1594=ORIENTED_EDGE('',*,*,#2675,.T.);
#1595=ORIENTED_EDGE('',*,*,#2676,.F.);
#1596=ORIENTED_EDGE('',*,*,#2677,.T.);
#1597=ORIENTED_EDGE('',*,*,#2678,.F.);
#1598=ORIENTED_EDGE('',*,*,#2679,.T.);
#1599=ORIENTED_EDGE('',*,*,#2680,.F.);
#1600=ORIENTED_EDGE('',*,*,#2681,.F.);
#1601=ORIENTED_EDGE('',*,*,#2633,.F.);
#1602=ORIENTED_EDGE('',*,*,#2682,.F.);
#1603=ORIENTED_EDGE('',*,*,#2668,.T.);
#1604=ORIENTED_EDGE('',*,*,#2683,.T.);
#1605=ORIENTED_EDGE('',*,*,#2648,.F.);
#1606=ORIENTED_EDGE('',*,*,#2684,.F.);
#1607=ORIENTED_EDGE('',*,*,#2676,.T.);
#1608=ORIENTED_EDGE('',*,*,#2685,.T.);
#1609=ORIENTED_EDGE('',*,*,#2686,.F.);
#1610=ORIENTED_EDGE('',*,*,#2687,.T.);
#1611=ORIENTED_EDGE('',*,*,#2688,.F.);
#1612=ORIENTED_EDGE('',*,*,#2689,.F.);
#1613=ORIENTED_EDGE('',*,*,#2690,.F.);
#1614=ORIENTED_EDGE('',*,*,#2691,.F.);
#1615=ORIENTED_EDGE('',*,*,#2692,.F.);
#1616=ORIENTED_EDGE('',*,*,#2693,.F.);
#1617=ORIENTED_EDGE('',*,*,#2694,.F.);
#1618=ORIENTED_EDGE('',*,*,#2695,.F.);
#1619=ORIENTED_EDGE('',*,*,#2696,.F.);
#1620=ORIENTED_EDGE('',*,*,#2697,.F.);
#1621=ORIENTED_EDGE('',*,*,#2698,.F.);
#1622=ORIENTED_EDGE('',*,*,#2699,.T.);
#1623=ORIENTED_EDGE('',*,*,#2700,.F.);
#1624=ORIENTED_EDGE('',*,*,#2701,.F.);
#1625=ORIENTED_EDGE('',*,*,#2702,.F.);
#1626=ORIENTED_EDGE('',*,*,#2703,.F.);
#1627=ORIENTED_EDGE('',*,*,#2704,.F.);
#1628=ORIENTED_EDGE('',*,*,#2705,.F.);
#1629=ORIENTED_EDGE('',*,*,#2706,.F.);
#1630=ORIENTED_EDGE('',*,*,#2707,.F.);
#1631=ORIENTED_EDGE('',*,*,#2708,.F.);
#1632=ORIENTED_EDGE('',*,*,#2709,.F.);
#1633=ORIENTED_EDGE('',*,*,#2710,.F.);
#1634=ORIENTED_EDGE('',*,*,#2711,.F.);
#1635=ORIENTED_EDGE('',*,*,#2712,.F.);
#1636=ORIENTED_EDGE('',*,*,#2713,.T.);
#1637=ORIENTED_EDGE('',*,*,#2714,.F.);
#1638=ORIENTED_EDGE('',*,*,#2715,.F.);
#1639=ORIENTED_EDGE('',*,*,#2716,.F.);
#1640=ORIENTED_EDGE('',*,*,#2717,.T.);
#1641=ORIENTED_EDGE('',*,*,#2718,.T.);
#1642=ORIENTED_EDGE('',*,*,#2640,.T.);
#1643=ORIENTED_EDGE('',*,*,#2719,.F.);
#1644=ORIENTED_EDGE('',*,*,#2720,.F.);
#1645=ORIENTED_EDGE('',*,*,#2721,.F.);
#1646=ORIENTED_EDGE('',*,*,#2722,.T.);
#1647=ORIENTED_EDGE('',*,*,#2723,.F.);
#1648=ORIENTED_EDGE('',*,*,#2724,.T.);
#1649=ORIENTED_EDGE('',*,*,#2725,.F.);
#1650=ORIENTED_EDGE('',*,*,#2726,.F.);
#1651=ORIENTED_EDGE('',*,*,#2727,.F.);
#1652=ORIENTED_EDGE('',*,*,#2641,.T.);
#1653=ORIENTED_EDGE('',*,*,#2728,.F.);
#1654=ORIENTED_EDGE('',*,*,#2729,.T.);
#1655=ORIENTED_EDGE('',*,*,#2730,.F.);
#1656=ORIENTED_EDGE('',*,*,#2731,.F.);
#1657=ORIENTED_EDGE('',*,*,#2732,.F.);
#1658=ORIENTED_EDGE('',*,*,#2733,.T.);
#1659=ORIENTED_EDGE('',*,*,#2734,.F.);
#1660=ORIENTED_EDGE('',*,*,#2735,.F.);
#1661=ORIENTED_EDGE('',*,*,#2736,.F.);
#1662=ORIENTED_EDGE('',*,*,#2737,.T.);
#1663=ORIENTED_EDGE('',*,*,#2708,.T.);
#1664=ORIENTED_EDGE('',*,*,#2738,.T.);
#1665=ORIENTED_EDGE('',*,*,#2739,.T.);
#1666=ORIENTED_EDGE('',*,*,#2740,.T.);
#1667=ORIENTED_EDGE('',*,*,#2736,.T.);
#1668=ORIENTED_EDGE('',*,*,#2741,.T.);
#1669=ORIENTED_EDGE('',*,*,#2742,.T.);
#1670=ORIENTED_EDGE('',*,*,#2743,.F.);
#1671=ORIENTED_EDGE('',*,*,#2744,.F.);
#1672=ORIENTED_EDGE('',*,*,#2745,.T.);
#1673=ORIENTED_EDGE('',*,*,#2746,.T.);
#1674=ORIENTED_EDGE('',*,*,#2743,.T.);
#1675=ORIENTED_EDGE('',*,*,#2747,.T.);
#1676=ORIENTED_EDGE('',*,*,#2748,.T.);
#1677=ORIENTED_EDGE('',*,*,#2749,.F.);
#1678=ORIENTED_EDGE('',*,*,#2750,.T.);
#1679=ORIENTED_EDGE('',*,*,#2744,.T.);
#1680=ORIENTED_EDGE('',*,*,#2751,.T.);
#1681=ORIENTED_EDGE('',*,*,#2752,.F.);
#1682=ORIENTED_EDGE('',*,*,#2749,.T.);
#1683=ORIENTED_EDGE('',*,*,#2753,.F.);
#1684=ORIENTED_EDGE('',*,*,#2754,.F.);
#1685=ORIENTED_EDGE('',*,*,#2755,.T.);
#1686=ORIENTED_EDGE('',*,*,#2756,.T.);
#1687=ORIENTED_EDGE('',*,*,#2757,.T.);
#1688=ORIENTED_EDGE('',*,*,#2758,.T.);
#1689=ORIENTED_EDGE('',*,*,#2759,.T.);
#1690=ORIENTED_EDGE('',*,*,#2760,.T.);
#1691=ORIENTED_EDGE('',*,*,#2761,.T.);
#1692=ORIENTED_EDGE('',*,*,#2762,.T.);
#1693=ORIENTED_EDGE('',*,*,#2763,.T.);
#1694=ORIENTED_EDGE('',*,*,#2764,.T.);
#1695=ORIENTED_EDGE('',*,*,#2765,.T.);
#1696=ORIENTED_EDGE('',*,*,#2766,.T.);
#1697=ORIENTED_EDGE('',*,*,#2767,.T.);
#1698=ORIENTED_EDGE('',*,*,#2768,.T.);
#1699=ORIENTED_EDGE('',*,*,#2769,.T.);
#1700=ORIENTED_EDGE('',*,*,#2770,.T.);
#1701=ORIENTED_EDGE('',*,*,#2771,.T.);
#1702=ORIENTED_EDGE('',*,*,#2772,.T.);
#1703=ORIENTED_EDGE('',*,*,#2773,.T.);
#1704=ORIENTED_EDGE('',*,*,#2774,.T.);
#1705=ORIENTED_EDGE('',*,*,#2775,.F.);
#1706=ORIENTED_EDGE('',*,*,#2776,.T.);
#1707=ORIENTED_EDGE('',*,*,#2777,.T.);
#1708=ORIENTED_EDGE('',*,*,#2778,.T.);
#1709=ORIENTED_EDGE('',*,*,#2779,.F.);
#1710=ORIENTED_EDGE('',*,*,#2780,.T.);
#1711=ORIENTED_EDGE('',*,*,#2672,.F.);
#1712=ORIENTED_EDGE('',*,*,#2781,.T.);
#1713=ORIENTED_EDGE('',*,*,#2782,.T.);
#1714=ORIENTED_EDGE('',*,*,#2783,.F.);
#1715=ORIENTED_EDGE('',*,*,#2784,.T.);
#1716=ORIENTED_EDGE('',*,*,#2785,.F.);
#1717=ORIENTED_EDGE('',*,*,#2786,.T.);
#1718=ORIENTED_EDGE('',*,*,#2787,.T.);
#1719=ORIENTED_EDGE('',*,*,#2661,.F.);
#1720=ORIENTED_EDGE('',*,*,#2788,.T.);
#1721=ORIENTED_EDGE('',*,*,#2789,.F.);
#1722=ORIENTED_EDGE('',*,*,#2790,.T.);
#1723=ORIENTED_EDGE('',*,*,#2791,.T.);
#1724=ORIENTED_EDGE('',*,*,#2792,.T.);
#1725=ORIENTED_EDGE('',*,*,#2793,.F.);
#1726=ORIENTED_EDGE('',*,*,#2794,.T.);
#1727=ORIENTED_EDGE('',*,*,#2795,.T.);
#1728=ORIENTED_EDGE('',*,*,#2796,.T.);
#1729=ORIENTED_EDGE('',*,*,#2797,.T.);
#1730=ORIENTED_EDGE('',*,*,#2754,.T.);
#1731=ORIENTED_EDGE('',*,*,#2653,.F.);
#1732=ORIENTED_EDGE('',*,*,#2798,.F.);
#1733=ORIENTED_EDGE('',*,*,#2780,.F.);
#1734=ORIENTED_EDGE('',*,*,#2799,.T.);
#1735=ORIENTED_EDGE('',*,*,#2728,.T.);
#1736=ORIENTED_EDGE('',*,*,#2652,.F.);
#1737=ORIENTED_EDGE('',*,*,#2800,.F.);
#1738=ORIENTED_EDGE('',*,*,#2673,.T.);
#1739=ORIENTED_EDGE('',*,*,#2798,.T.);
#1740=ORIENTED_EDGE('',*,*,#2649,.T.);
#1741=ORIENTED_EDGE('',*,*,#2685,.F.);
#1742=ORIENTED_EDGE('',*,*,#2675,.F.);
#1743=ORIENTED_EDGE('',*,*,#2658,.T.);
#1744=ORIENTED_EDGE('',*,*,#2628,.F.);
#1745=ORIENTED_EDGE('',*,*,#2718,.F.);
#1746=ORIENTED_EDGE('',*,*,#2801,.F.);
#1747=ORIENTED_EDGE('',*,*,#2788,.F.);
#1748=ORIENTED_EDGE('',*,*,#2802,.T.);
#1749=ORIENTED_EDGE('',*,*,#2629,.F.);
#1750=ORIENTED_EDGE('',*,*,#2802,.F.);
#1751=ORIENTED_EDGE('',*,*,#2660,.T.);
#1752=ORIENTED_EDGE('',*,*,#2803,.T.);
#1753=ORIENTED_EDGE('',*,*,#2632,.T.);
#1754=ORIENTED_EDGE('',*,*,#2656,.F.);
#1755=ORIENTED_EDGE('',*,*,#2669,.F.);
#1756=ORIENTED_EDGE('',*,*,#2682,.T.);
#1757=ORIENTED_EDGE('',*,*,#2634,.T.);
#1758=ORIENTED_EDGE('',*,*,#2683,.F.);
#1759=ORIENTED_EDGE('',*,*,#2667,.F.);
#1760=ORIENTED_EDGE('',*,*,#2804,.T.);
#1761=ORIENTED_EDGE('',*,*,#2635,.F.);
#1762=ORIENTED_EDGE('',*,*,#2804,.F.);
#1763=ORIENTED_EDGE('',*,*,#2666,.T.);
#1764=ORIENTED_EDGE('',*,*,#2805,.T.);
#1765=ORIENTED_EDGE('',*,*,#2636,.T.);
#1766=ORIENTED_EDGE('',*,*,#2805,.F.);
#1767=ORIENTED_EDGE('',*,*,#2665,.F.);
#1768=ORIENTED_EDGE('',*,*,#2806,.T.);
#1769=ORIENTED_EDGE('',*,*,#2637,.F.);
#1770=ORIENTED_EDGE('',*,*,#2806,.F.);
#1771=ORIENTED_EDGE('',*,*,#2664,.T.);
#1772=ORIENTED_EDGE('',*,*,#2807,.T.);
#1773=ORIENTED_EDGE('',*,*,#2638,.F.);
#1774=ORIENTED_EDGE('',*,*,#2807,.F.);
#1775=ORIENTED_EDGE('',*,*,#2663,.T.);
#1776=ORIENTED_EDGE('',*,*,#2808,.T.);
#1777=ORIENTED_EDGE('',*,*,#2639,.F.);
#1778=ORIENTED_EDGE('',*,*,#2808,.F.);
#1779=ORIENTED_EDGE('',*,*,#2662,.T.);
#1780=ORIENTED_EDGE('',*,*,#2809,.T.);
#1781=ORIENTED_EDGE('',*,*,#2719,.T.);
#1782=ORIENTED_EDGE('',*,*,#2642,.F.);
#1783=ORIENTED_EDGE('',*,*,#2727,.T.);
#1784=ORIENTED_EDGE('',*,*,#2810,.F.);
#1785=ORIENTED_EDGE('',*,*,#2671,.T.);
#1786=ORIENTED_EDGE('',*,*,#2811,.T.);
#1787=ORIENTED_EDGE('',*,*,#2643,.F.);
#1788=ORIENTED_EDGE('',*,*,#2811,.F.);
#1789=ORIENTED_EDGE('',*,*,#2681,.T.);
#1790=ORIENTED_EDGE('',*,*,#2812,.T.);
#1791=ORIENTED_EDGE('',*,*,#2644,.F.);
#1792=ORIENTED_EDGE('',*,*,#2812,.F.);
#1793=ORIENTED_EDGE('',*,*,#2680,.T.);
#1794=ORIENTED_EDGE('',*,*,#2813,.T.);
#1795=ORIENTED_EDGE('',*,*,#2645,.T.);
#1796=ORIENTED_EDGE('',*,*,#2813,.F.);
#1797=ORIENTED_EDGE('',*,*,#2679,.F.);
#1798=ORIENTED_EDGE('',*,*,#2814,.T.);
#1799=ORIENTED_EDGE('',*,*,#2646,.F.);
#1800=ORIENTED_EDGE('',*,*,#2814,.F.);
#1801=ORIENTED_EDGE('',*,*,#2678,.T.);
#1802=ORIENTED_EDGE('',*,*,#2815,.T.);
#1803=ORIENTED_EDGE('',*,*,#2647,.T.);
#1804=ORIENTED_EDGE('',*,*,#2815,.F.);
#1805=ORIENTED_EDGE('',*,*,#2677,.F.);
#1806=ORIENTED_EDGE('',*,*,#2684,.T.);
#1807=ORIENTED_EDGE('',*,*,#2773,.F.);
#1808=ORIENTED_EDGE('',*,*,#2816,.T.);
#1809=ORIENTED_EDGE('',*,*,#2735,.T.);
#1810=ORIENTED_EDGE('',*,*,#2817,.F.);
#1811=ORIENTED_EDGE('',*,*,#2771,.F.);
#1812=ORIENTED_EDGE('',*,*,#2753,.T.);
#1813=ORIENTED_EDGE('',*,*,#2751,.F.);
#1814=ORIENTED_EDGE('',*,*,#2748,.F.);
#1815=ORIENTED_EDGE('',*,*,#2818,.T.);
#1816=ORIENTED_EDGE('',*,*,#2741,.F.);
#1817=ORIENTED_EDGE('',*,*,#2738,.F.);
#1818=ORIENTED_EDGE('',*,*,#2707,.T.);
#1819=ORIENTED_EDGE('',*,*,#2819,.F.);
#1820=ORIENTED_EDGE('',*,*,#2742,.F.);
#1821=ORIENTED_EDGE('',*,*,#2818,.F.);
#1822=ORIENTED_EDGE('',*,*,#2747,.F.);
#1823=ORIENTED_EDGE('',*,*,#2739,.F.);
#1824=ORIENTED_EDGE('',*,*,#2746,.F.);
#1825=ORIENTED_EDGE('',*,*,#2820,.T.);
#1826=ORIENTED_EDGE('',*,*,#2740,.F.);
#1827=ORIENTED_EDGE('',*,*,#2820,.F.);
#1828=ORIENTED_EDGE('',*,*,#2745,.F.);
#1829=ORIENTED_EDGE('',*,*,#2750,.F.);
#1830=ORIENTED_EDGE('',*,*,#2752,.T.);
#1831=ORIENTED_EDGE('',*,*,#2797,.F.);
#1832=ORIENTED_EDGE('',*,*,#2821,.T.);
#1833=ORIENTED_EDGE('',*,*,#2709,.T.);
#1834=ORIENTED_EDGE('',*,*,#2737,.F.);
#1835=ORIENTED_EDGE('',*,*,#2795,.F.);
#1836=ORIENTED_EDGE('',*,*,#2822,.T.);
#1837=ORIENTED_EDGE('',*,*,#2711,.T.);
#1838=ORIENTED_EDGE('',*,*,#2823,.F.);
#1839=ORIENTED_EDGE('',*,*,#2710,.T.);
#1840=ORIENTED_EDGE('',*,*,#2821,.F.);
#1841=ORIENTED_EDGE('',*,*,#2796,.F.);
#1842=ORIENTED_EDGE('',*,*,#2823,.T.);
#1843=ORIENTED_EDGE('',*,*,#2712,.T.);
#1844=ORIENTED_EDGE('',*,*,#2822,.F.);
#1845=ORIENTED_EDGE('',*,*,#2794,.F.);
#1846=ORIENTED_EDGE('',*,*,#2824,.T.);
#1847=ORIENTED_EDGE('',*,*,#2713,.F.);
#1848=ORIENTED_EDGE('',*,*,#2824,.F.);
#1849=ORIENTED_EDGE('',*,*,#2793,.T.);
#1850=ORIENTED_EDGE('',*,*,#2825,.T.);
#1851=ORIENTED_EDGE('',*,*,#2714,.T.);
#1852=ORIENTED_EDGE('',*,*,#2825,.F.);
#1853=ORIENTED_EDGE('',*,*,#2792,.F.);
#1854=ORIENTED_EDGE('',*,*,#2826,.T.);
#1855=ORIENTED_EDGE('',*,*,#2715,.T.);
#1856=ORIENTED_EDGE('',*,*,#2826,.F.);
#1857=ORIENTED_EDGE('',*,*,#2791,.F.);
#1858=ORIENTED_EDGE('',*,*,#2827,.T.);
#1859=ORIENTED_EDGE('',*,*,#2716,.T.);
#1860=ORIENTED_EDGE('',*,*,#2827,.F.);
#1861=ORIENTED_EDGE('',*,*,#2790,.F.);
#1862=ORIENTED_EDGE('',*,*,#2828,.T.);
#1863=ORIENTED_EDGE('',*,*,#2717,.F.);
#1864=ORIENTED_EDGE('',*,*,#2828,.F.);
#1865=ORIENTED_EDGE('',*,*,#2789,.T.);
#1866=ORIENTED_EDGE('',*,*,#2801,.T.);
#1867=ORIENTED_EDGE('',*,*,#2729,.F.);
#1868=ORIENTED_EDGE('',*,*,#2799,.F.);
#1869=ORIENTED_EDGE('',*,*,#2779,.T.);
#1870=ORIENTED_EDGE('',*,*,#2829,.T.);
#1871=ORIENTED_EDGE('',*,*,#2730,.T.);
#1872=ORIENTED_EDGE('',*,*,#2829,.F.);
#1873=ORIENTED_EDGE('',*,*,#2778,.F.);
#1874=ORIENTED_EDGE('',*,*,#2830,.T.);
#1875=ORIENTED_EDGE('',*,*,#2731,.T.);
#1876=ORIENTED_EDGE('',*,*,#2830,.F.);
#1877=ORIENTED_EDGE('',*,*,#2777,.F.);
#1878=ORIENTED_EDGE('',*,*,#2831,.T.);
#1879=ORIENTED_EDGE('',*,*,#2732,.T.);
#1880=ORIENTED_EDGE('',*,*,#2831,.F.);
#1881=ORIENTED_EDGE('',*,*,#2776,.F.);
#1882=ORIENTED_EDGE('',*,*,#2832,.T.);
#1883=ORIENTED_EDGE('',*,*,#2734,.T.);
#1884=ORIENTED_EDGE('',*,*,#2833,.F.);
#1885=ORIENTED_EDGE('',*,*,#2774,.F.);
#1886=ORIENTED_EDGE('',*,*,#2817,.T.);
#1887=ORIENTED_EDGE('',*,*,#2733,.F.);
#1888=ORIENTED_EDGE('',*,*,#2832,.F.);
#1889=ORIENTED_EDGE('',*,*,#2775,.T.);
#1890=ORIENTED_EDGE('',*,*,#2833,.T.);
#1891=ORIENTED_EDGE('',*,*,#2706,.T.);
#1892=ORIENTED_EDGE('',*,*,#2816,.F.);
#1893=ORIENTED_EDGE('',*,*,#2772,.F.);
#1894=ORIENTED_EDGE('',*,*,#2819,.T.);
#1895=ORIENTED_EDGE('',*,*,#2720,.T.);
#1896=ORIENTED_EDGE('',*,*,#2809,.F.);
#1897=ORIENTED_EDGE('',*,*,#2787,.F.);
#1898=ORIENTED_EDGE('',*,*,#2834,.T.);
#1899=ORIENTED_EDGE('',*,*,#2721,.T.);
#1900=ORIENTED_EDGE('',*,*,#2834,.F.);
#1901=ORIENTED_EDGE('',*,*,#2786,.F.);
#1902=ORIENTED_EDGE('',*,*,#2835,.T.);
#1903=ORIENTED_EDGE('',*,*,#2722,.F.);
#1904=ORIENTED_EDGE('',*,*,#2835,.F.);
#1905=ORIENTED_EDGE('',*,*,#2785,.T.);
#1906=ORIENTED_EDGE('',*,*,#2836,.T.);
#1907=ORIENTED_EDGE('',*,*,#2723,.T.);
#1908=ORIENTED_EDGE('',*,*,#2836,.F.);
#1909=ORIENTED_EDGE('',*,*,#2784,.F.);
#1910=ORIENTED_EDGE('',*,*,#2837,.T.);
#1911=ORIENTED_EDGE('',*,*,#2724,.F.);
#1912=ORIENTED_EDGE('',*,*,#2837,.F.);
#1913=ORIENTED_EDGE('',*,*,#2783,.T.);
#1914=ORIENTED_EDGE('',*,*,#2838,.T.);
#1915=ORIENTED_EDGE('',*,*,#2725,.T.);
#1916=ORIENTED_EDGE('',*,*,#2838,.F.);
#1917=ORIENTED_EDGE('',*,*,#2782,.F.);
#1918=ORIENTED_EDGE('',*,*,#2839,.T.);
#1919=ORIENTED_EDGE('',*,*,#2726,.T.);
#1920=ORIENTED_EDGE('',*,*,#2839,.F.);
#1921=ORIENTED_EDGE('',*,*,#2781,.F.);
#1922=ORIENTED_EDGE('',*,*,#2810,.T.);
#1923=ORIENTED_EDGE('',*,*,#2670,.F.);
#1924=ORIENTED_EDGE('',*,*,#2654,.T.);
#1925=ORIENTED_EDGE('',*,*,#2630,.T.);
#1926=ORIENTED_EDGE('',*,*,#2803,.F.);
#1927=ORIENTED_EDGE('',*,*,#2674,.F.);
#1928=ORIENTED_EDGE('',*,*,#2800,.T.);
#1929=ORIENTED_EDGE('',*,*,#2651,.T.);
#1930=ORIENTED_EDGE('',*,*,#2657,.T.);
#1931=ORIENTED_EDGE('',*,*,#2705,.T.);
#1932=ORIENTED_EDGE('',*,*,#2840,.F.);
#1933=ORIENTED_EDGE('',*,*,#2757,.F.);
#1934=ORIENTED_EDGE('',*,*,#2841,.T.);
#1935=ORIENTED_EDGE('',*,*,#2704,.T.);
#1936=ORIENTED_EDGE('',*,*,#2842,.F.);
#1937=ORIENTED_EDGE('',*,*,#2758,.F.);
#1938=ORIENTED_EDGE('',*,*,#2840,.T.);
#1939=ORIENTED_EDGE('',*,*,#2703,.T.);
#1940=ORIENTED_EDGE('',*,*,#2843,.F.);
#1941=ORIENTED_EDGE('',*,*,#2759,.F.);
#1942=ORIENTED_EDGE('',*,*,#2842,.T.);
#1943=ORIENTED_EDGE('',*,*,#2702,.T.);
#1944=ORIENTED_EDGE('',*,*,#2844,.F.);
#1945=ORIENTED_EDGE('',*,*,#2760,.F.);
#1946=ORIENTED_EDGE('',*,*,#2843,.T.);
#1947=ORIENTED_EDGE('',*,*,#2701,.T.);
#1948=ORIENTED_EDGE('',*,*,#2845,.F.);
#1949=ORIENTED_EDGE('',*,*,#2761,.F.);
#1950=ORIENTED_EDGE('',*,*,#2844,.T.);
#1951=ORIENTED_EDGE('',*,*,#2700,.T.);
#1952=ORIENTED_EDGE('',*,*,#2846,.T.);
#1953=ORIENTED_EDGE('',*,*,#2847,.F.);
#1954=ORIENTED_EDGE('',*,*,#2848,.T.);
#1955=ORIENTED_EDGE('',*,*,#2849,.T.);
#1956=ORIENTED_EDGE('',*,*,#2850,.T.);
#1957=ORIENTED_EDGE('',*,*,#2845,.T.);
#1958=ORIENTED_EDGE('',*,*,#2847,.T.);
#1959=ORIENTED_EDGE('',*,*,#2851,.T.);
#1960=ORIENTED_EDGE('',*,*,#2852,.F.);
#1961=ORIENTED_EDGE('',*,*,#2853,.T.);
#1962=ORIENTED_EDGE('',*,*,#2852,.T.);
#1963=ORIENTED_EDGE('',*,*,#2854,.T.);
#1964=ORIENTED_EDGE('',*,*,#2698,.T.);
#1965=ORIENTED_EDGE('',*,*,#2855,.F.);
#1966=ORIENTED_EDGE('',*,*,#2856,.T.);
#1967=ORIENTED_EDGE('',*,*,#2857,.F.);
#1968=ORIENTED_EDGE('',*,*,#2858,.T.);
#1969=ORIENTED_EDGE('',*,*,#2697,.T.);
#1970=ORIENTED_EDGE('',*,*,#2859,.F.);
#1971=ORIENTED_EDGE('',*,*,#2763,.F.);
#1972=ORIENTED_EDGE('',*,*,#2855,.T.);
#1973=ORIENTED_EDGE('',*,*,#2696,.T.);
#1974=ORIENTED_EDGE('',*,*,#2860,.F.);
#1975=ORIENTED_EDGE('',*,*,#2764,.F.);
#1976=ORIENTED_EDGE('',*,*,#2859,.T.);
#1977=ORIENTED_EDGE('',*,*,#2695,.T.);
#1978=ORIENTED_EDGE('',*,*,#2861,.F.);
#1979=ORIENTED_EDGE('',*,*,#2765,.F.);
#1980=ORIENTED_EDGE('',*,*,#2860,.T.);
#1981=ORIENTED_EDGE('',*,*,#2694,.T.);
#1982=ORIENTED_EDGE('',*,*,#2862,.F.);
#1983=ORIENTED_EDGE('',*,*,#2766,.F.);
#1984=ORIENTED_EDGE('',*,*,#2861,.T.);
#1985=ORIENTED_EDGE('',*,*,#2693,.T.);
#1986=ORIENTED_EDGE('',*,*,#2863,.F.);
#1987=ORIENTED_EDGE('',*,*,#2767,.F.);
#1988=ORIENTED_EDGE('',*,*,#2862,.T.);
#1989=ORIENTED_EDGE('',*,*,#2692,.T.);
#1990=ORIENTED_EDGE('',*,*,#2864,.F.);
#1991=ORIENTED_EDGE('',*,*,#2768,.F.);
#1992=ORIENTED_EDGE('',*,*,#2863,.T.);
#1993=ORIENTED_EDGE('',*,*,#2691,.T.);
#1994=ORIENTED_EDGE('',*,*,#2865,.F.);
#1995=ORIENTED_EDGE('',*,*,#2769,.F.);
#1996=ORIENTED_EDGE('',*,*,#2864,.T.);
#1997=ORIENTED_EDGE('',*,*,#2690,.T.);
#1998=ORIENTED_EDGE('',*,*,#2866,.F.);
#1999=ORIENTED_EDGE('',*,*,#2770,.F.);
#2000=ORIENTED_EDGE('',*,*,#2865,.T.);
#2001=ORIENTED_EDGE('',*,*,#2689,.T.);
#2002=ORIENTED_EDGE('',*,*,#2867,.F.);
#2003=ORIENTED_EDGE('',*,*,#2755,.F.);
#2004=ORIENTED_EDGE('',*,*,#2866,.T.);
#2005=ORIENTED_EDGE('',*,*,#2688,.T.);
#2006=ORIENTED_EDGE('',*,*,#2868,.T.);
#2007=ORIENTED_EDGE('',*,*,#2869,.F.);
#2008=ORIENTED_EDGE('',*,*,#2870,.T.);
#2009=ORIENTED_EDGE('',*,*,#2871,.T.);
#2010=ORIENTED_EDGE('',*,*,#2872,.T.);
#2011=ORIENTED_EDGE('',*,*,#2867,.T.);
#2012=ORIENTED_EDGE('',*,*,#2869,.T.);
#2013=ORIENTED_EDGE('',*,*,#2873,.T.);
#2014=ORIENTED_EDGE('',*,*,#2874,.F.);
#2015=ORIENTED_EDGE('',*,*,#2875,.T.);
#2016=ORIENTED_EDGE('',*,*,#2874,.T.);
#2017=ORIENTED_EDGE('',*,*,#2876,.T.);
#2018=ORIENTED_EDGE('',*,*,#2686,.T.);
#2019=ORIENTED_EDGE('',*,*,#2841,.F.);
#2020=ORIENTED_EDGE('',*,*,#2877,.T.);
#2021=ORIENTED_EDGE('',*,*,#2878,.F.);
#2022=ORIENTED_EDGE('',*,*,#2879,.T.);
#2023=ORIENTED_EDGE('',*,*,#2878,.T.);
#2024=ORIENTED_EDGE('',*,*,#2880,.T.);
#2025=ORIENTED_EDGE('',*,*,#2871,.F.);
#2026=ORIENTED_EDGE('',*,*,#2881,.T.);
#2027=ORIENTED_EDGE('',*,*,#2870,.F.);
#2028=ORIENTED_EDGE('',*,*,#2875,.F.);
#2029=ORIENTED_EDGE('',*,*,#2879,.F.);
#2030=ORIENTED_EDGE('',*,*,#2881,.F.);
#2031=ORIENTED_EDGE('',*,*,#2857,.T.);
#2032=ORIENTED_EDGE('',*,*,#2882,.T.);
#2033=ORIENTED_EDGE('',*,*,#2849,.F.);
#2034=ORIENTED_EDGE('',*,*,#2883,.T.);
#2035=ORIENTED_EDGE('',*,*,#2858,.F.);
#2036=ORIENTED_EDGE('',*,*,#2883,.F.);
#2037=ORIENTED_EDGE('',*,*,#2848,.F.);
#2038=ORIENTED_EDGE('',*,*,#2853,.F.);
#2039=ORIENTED_EDGE('',*,*,#2868,.F.);
#2040=ORIENTED_EDGE('',*,*,#2687,.F.);
#2041=ORIENTED_EDGE('',*,*,#2876,.F.);
#2042=ORIENTED_EDGE('',*,*,#2873,.F.);
#2043=ORIENTED_EDGE('',*,*,#2846,.F.);
#2044=ORIENTED_EDGE('',*,*,#2699,.F.);
#2045=ORIENTED_EDGE('',*,*,#2854,.F.);
#2046=ORIENTED_EDGE('',*,*,#2851,.F.);
#2047=ORIENTED_EDGE('',*,*,#2872,.F.);
#2048=ORIENTED_EDGE('',*,*,#2880,.F.);
#2049=ORIENTED_EDGE('',*,*,#2877,.F.);
#2050=ORIENTED_EDGE('',*,*,#2756,.F.);
#2051=ORIENTED_EDGE('',*,*,#2850,.F.);
#2052=ORIENTED_EDGE('',*,*,#2882,.F.);
#2053=ORIENTED_EDGE('',*,*,#2856,.F.);
#2054=ORIENTED_EDGE('',*,*,#2762,.F.);
#2055=EDGE_CURVE('',#2884,#2885,#3426,.T.);
#2056=EDGE_CURVE('',#2884,#2886,#3427,.T.);
#2057=EDGE_CURVE('',#2886,#2887,#3428,.T.);
#2058=EDGE_CURVE('',#2885,#2887,#3429,.T.);
#2059=EDGE_CURVE('',#2888,#2886,#3430,.T.);
#2060=EDGE_CURVE('',#2889,#2888,#3431,.T.);
#2061=EDGE_CURVE('',#2889,#2887,#3432,.F.);
#2062=EDGE_CURVE('',#2890,#2891,#3433,.T.);
#2063=EDGE_CURVE('',#2892,#2890,#231,.T.);
#2064=EDGE_CURVE('',#2893,#2892,#3434,.T.);
#2065=EDGE_CURVE('',#2894,#2893,#232,.T.);
#2066=EDGE_CURVE('',#2895,#2894,#3435,.T.);
#2067=EDGE_CURVE('',#2896,#2895,#233,.T.);
#2068=EDGE_CURVE('',#2897,#2896,#3436,.T.);
#2069=EDGE_CURVE('',#2898,#2897,#234,.T.);
#2070=EDGE_CURVE('',#2899,#2898,#3437,.T.);
#2071=EDGE_CURVE('',#2899,#2900,#3438,.T.);
#2072=EDGE_CURVE('',#2900,#2901,#3439,.T.);
#2073=EDGE_CURVE('',#2902,#2901,#3440,.T.);
#2074=EDGE_CURVE('',#2903,#2902,#3441,.T.);
#2075=EDGE_CURVE('',#2904,#2903,#3442,.T.);
#2076=EDGE_CURVE('',#2904,#2905,#3443,.T.);
#2077=EDGE_CURVE('',#2905,#2906,#3444,.T.);
#2078=EDGE_CURVE('',#2906,#2907,#3445,.T.);
#2079=EDGE_CURVE('',#2908,#2907,#3446,.T.);
#2080=EDGE_CURVE('',#2909,#2908,#3447,.T.);
#2081=EDGE_CURVE('',#2910,#2909,#3448,.T.);
#2082=EDGE_CURVE('',#2910,#2911,#3449,.T.);
#2083=EDGE_CURVE('',#2912,#2911,#3450,.T.);
#2084=EDGE_CURVE('',#2912,#2913,#3451,.T.);
#2085=EDGE_CURVE('',#2914,#2913,#235,.T.);
#2086=EDGE_CURVE('',#2914,#2915,#3452,.T.);
#2087=EDGE_CURVE('',#2915,#2916,#3453,.T.);
#2088=EDGE_CURVE('',#2916,#2917,#3454,.T.);
#2089=EDGE_CURVE('',#2917,#2918,#3455,.T.);
#2090=EDGE_CURVE('',#2919,#2918,#3456,.T.);
#2091=EDGE_CURVE('',#2920,#2919,#3457,.T.);
#2092=EDGE_CURVE('',#2921,#2920,#3458,.T.);
#2093=EDGE_CURVE('',#2921,#2922,#3459,.T.);
#2094=EDGE_CURVE('',#2922,#2923,#3460,.T.);
#2095=EDGE_CURVE('',#2891,#2923,#3461,.T.);
#2096=EDGE_CURVE('',#2924,#2925,#3462,.T.);
#2097=EDGE_CURVE('',#2925,#2911,#3463,.T.);
#2098=EDGE_CURVE('',#2926,#2910,#3464,.T.);
#2099=EDGE_CURVE('',#2927,#2926,#3465,.T.);
#2100=EDGE_CURVE('',#2927,#2907,#3466,.T.);
#2101=EDGE_CURVE('',#2928,#2906,#3467,.T.);
#2102=EDGE_CURVE('',#2928,#2929,#3468,.T.);
#2103=EDGE_CURVE('',#2929,#2917,#3469,.T.);
#2104=EDGE_CURVE('',#2916,#2930,#3470,.T.);
#2105=EDGE_CURVE('',#2930,#2931,#3471,.T.);
#2106=EDGE_CURVE('',#2931,#2932,#3472,.T.);
#2107=EDGE_CURVE('',#2932,#2933,#3473,.T.);
#2108=EDGE_CURVE('',#2933,#2924,#3474,.T.);
#2109=EDGE_CURVE('',#2934,#2935,#3475,.T.);
#2110=EDGE_CURVE('',#2934,#2918,#3476,.T.);
#2111=EDGE_CURVE('',#2929,#2936,#3477,.T.);
#2112=EDGE_CURVE('',#2936,#2922,#3478,.T.);
#2113=EDGE_CURVE('',#2935,#2921,#3479,.T.);
#2114=EDGE_CURVE('',#2937,#2900,#3480,.T.);
#2115=EDGE_CURVE('',#2938,#2937,#3481,.T.);
#2116=EDGE_CURVE('',#2939,#2938,#3482,.T.);
#2117=EDGE_CURVE('',#2940,#2939,#3483,.T.);
#2118=EDGE_CURVE('',#2941,#2940,#3484,.T.);
#2119=EDGE_CURVE('',#2942,#2941,#3485,.T.);
#2120=EDGE_CURVE('',#2923,#2942,#3486,.T.);
#2121=EDGE_CURVE('',#2936,#2943,#3487,.T.);
#2122=EDGE_CURVE('',#2943,#2905,#3488,.T.);
#2123=EDGE_CURVE('',#2944,#2904,#3489,.T.);
#2124=EDGE_CURVE('',#2945,#2944,#3490,.T.);
#2125=EDGE_CURVE('',#2945,#2901,#3491,.T.);
#2126=EDGE_CURVE('',#2946,#2888,#3492,.T.);
#2127=EDGE_CURVE('',#2947,#2946,#3493,.T.);
#2128=EDGE_CURVE('',#2948,#2947,#3494,.T.);
#2129=EDGE_CURVE('',#2948,#2949,#3495,.T.);
#2130=EDGE_CURVE('',#2949,#2950,#3496,.T.);
#2131=EDGE_CURVE('',#2950,#2951,#3497,.T.);
#2132=EDGE_CURVE('',#2951,#2952,#3498,.T.);
#2133=EDGE_CURVE('',#2952,#2953,#3499,.T.);
#2134=EDGE_CURVE('',#2953,#2954,#3500,.T.);
#2135=EDGE_CURVE('',#2954,#2955,#3501,.T.);
#2136=EDGE_CURVE('',#2955,#2889,#3502,.T.);
#2137=EDGE_CURVE('',#2943,#2928,#3503,.T.);
#2138=EDGE_CURVE('',#2956,#2919,#3504,.T.);
#2139=EDGE_CURVE('',#2957,#2956,#3505,.T.);
#2140=EDGE_CURVE('',#2957,#2920,#3506,.T.);
#2141=EDGE_CURVE('',#2958,#2934,#3507,.T.);
#2142=EDGE_CURVE('',#2958,#2959,#3508,.T.);
#2143=EDGE_CURVE('',#2956,#2959,#3509,.T.);
#2144=EDGE_CURVE('',#2960,#2957,#3510,.T.);
#2145=EDGE_CURVE('',#2961,#2960,#3511,.T.);
#2146=EDGE_CURVE('',#2935,#2961,#3512,.T.);
#2147=EDGE_CURVE('',#2960,#2959,#3513,.T.);
#2148=EDGE_CURVE('',#2961,#2958,#3514,.T.);
#2149=EDGE_CURVE('',#2962,#2927,#3515,.T.);
#2150=EDGE_CURVE('',#2962,#2908,#3516,.T.);
#2151=EDGE_CURVE('',#2963,#2909,#3517,.T.);
#2152=EDGE_CURVE('',#2926,#2963,#3518,.T.);
#2153=EDGE_CURVE('',#2963,#2962,#3519,.T.);
#2154=EDGE_CURVE('',#2964,#2903,#3520,.T.);
#2155=EDGE_CURVE('',#2944,#2964,#3521,.T.);
#2156=EDGE_CURVE('',#2965,#2902,#3522,.T.);
#2157=EDGE_CURVE('',#2964,#2965,#3523,.T.);
#2158=EDGE_CURVE('',#2965,#2945,#3524,.T.);
#2159=EDGE_CURVE('',#2966,#2925,#3525,.T.);
#2160=EDGE_CURVE('',#2966,#2912,#3526,.T.);
#2161=EDGE_CURVE('',#2915,#2967,#3527,.T.);
#2162=EDGE_CURVE('',#2967,#2930,#3528,.T.);
#2163=EDGE_CURVE('',#2967,#2968,#3529,.T.);
#2164=EDGE_CURVE('',#2968,#2931,#3530,.T.);
#2165=EDGE_CURVE('',#2968,#2969,#3531,.T.);
#2166=EDGE_CURVE('',#2969,#2932,#3532,.T.);
#2167=EDGE_CURVE('',#2969,#2970,#3533,.T.);
#2168=EDGE_CURVE('',#2970,#2933,#3534,.T.);
#2169=EDGE_CURVE('',#2970,#2971,#3535,.T.);
#2170=EDGE_CURVE('',#2971,#2924,#3536,.T.);
#2171=EDGE_CURVE('',#2972,#2973,#3537,.T.);
#2172=EDGE_CURVE('',#2974,#2973,#3538,.T.);
#2173=EDGE_CURVE('',#2974,#2975,#3539,.T.);
#2174=EDGE_CURVE('',#2975,#2972,#3540,.T.);
#2175=EDGE_CURVE('',#2975,#2976,#3541,.T.);
#2176=EDGE_CURVE('',#2976,#2977,#3542,.T.);
#2177=EDGE_CURVE('',#2978,#2977,#3543,.T.);
#2178=EDGE_CURVE('',#2978,#2979,#3544,.T.);
#2179=EDGE_CURVE('',#2979,#2972,#3545,.T.);
#2180=EDGE_CURVE('',#2980,#2979,#3546,.T.);
#2181=EDGE_CURVE('',#2981,#2978,#3547,.T.);
#2182=EDGE_CURVE('',#2981,#2980,#3548,.T.);
#2183=EDGE_CURVE('',#2982,#2983,#3549,.T.);
#2184=EDGE_CURVE('',#2984,#2983,#3550,.T.);
#2185=EDGE_CURVE('',#2985,#2984,#3551,.T.);
#2186=EDGE_CURVE('',#2985,#2982,#3552,.T.);
#2187=EDGE_CURVE('',#2986,#2985,#3553,.T.);
#2188=EDGE_CURVE('',#2987,#2986,#3554,.T.);
#2189=EDGE_CURVE('',#2987,#2988,#3555,.T.);
#2190=EDGE_CURVE('',#2988,#2989,#3556,.T.);
#2191=EDGE_CURVE('',#2989,#2982,#3557,.T.);
#2192=EDGE_CURVE('',#2990,#2989,#3558,.T.);
#2193=EDGE_CURVE('',#2988,#2991,#3559,.T.);
#2194=EDGE_CURVE('',#2991,#2990,#3560,.T.);
#2195=EDGE_CURVE('',#2992,#2981,#3561,.T.);
#2196=EDGE_CURVE('',#2993,#2992,#3562,.T.);
#2197=EDGE_CURVE('',#2993,#2974,#3563,.T.);
#2198=EDGE_CURVE('',#2973,#2980,#3564,.T.);
#2199=EDGE_CURVE('',#2991,#2994,#3565,.T.);
#2200=EDGE_CURVE('',#2994,#2995,#3566,.T.);
#2201=EDGE_CURVE('',#2984,#2995,#3567,.T.);
#2202=EDGE_CURVE('',#2983,#2990,#3568,.T.);
#2203=EDGE_CURVE('',#2971,#2966,#3569,.T.);
#2204=EDGE_CURVE('',#2977,#2996,#236,.T.);
#2205=EDGE_CURVE('',#2996,#2997,#3570,.T.);
#2206=EDGE_CURVE('',#2997,#2998,#237,.T.);
#2207=EDGE_CURVE('',#2998,#2999,#3571,.T.);
#2208=EDGE_CURVE('',#3000,#2999,#238,.T.);
#2209=EDGE_CURVE('',#3000,#3001,#3572,.T.);
#2210=EDGE_CURVE('',#3001,#3002,#239,.T.);
#2211=EDGE_CURVE('',#3002,#3003,#3573,.T.);
#2212=EDGE_CURVE('',#3003,#3004,#240,.T.);
#2213=EDGE_CURVE('',#3004,#3005,#3574,.T.);
#2214=EDGE_CURVE('',#3006,#3005,#241,.T.);
#2215=EDGE_CURVE('',#3006,#3007,#3575,.T.);
#2216=EDGE_CURVE('',#3007,#3008,#242,.T.);
#2217=EDGE_CURVE('',#3008,#3009,#3576,.T.);
#2218=EDGE_CURVE('',#3009,#2986,#243,.T.);
#2219=EDGE_CURVE('',#2995,#3010,#244,.T.);
#2220=EDGE_CURVE('',#3010,#3011,#3577,.T.);
#2221=EDGE_CURVE('',#3011,#3012,#245,.T.);
#2222=EDGE_CURVE('',#3012,#3013,#3578,.T.);
#2223=EDGE_CURVE('',#3013,#3014,#246,.T.);
#2224=EDGE_CURVE('',#3014,#3015,#3579,.T.);
#2225=EDGE_CURVE('',#3015,#2992,#247,.T.);
#2226=EDGE_CURVE('',#2913,#2914,#3580,.T.);
#2227=EDGE_CURVE('',#3016,#2899,#3581,.T.);
#2228=EDGE_CURVE('',#3016,#2937,#3582,.T.);
#2229=EDGE_CURVE('',#3017,#2942,#3583,.T.);
#2230=EDGE_CURVE('',#2891,#3017,#3584,.T.);
#2231=EDGE_CURVE('',#3018,#2941,#3585,.T.);
#2232=EDGE_CURVE('',#3017,#3018,#3586,.T.);
#2233=EDGE_CURVE('',#3019,#2940,#3587,.T.);
#2234=EDGE_CURVE('',#3018,#3019,#3588,.T.);
#2235=EDGE_CURVE('',#3020,#2939,#3589,.T.);
#2236=EDGE_CURVE('',#3019,#3020,#3590,.T.);
#2237=EDGE_CURVE('',#3021,#2938,#3591,.T.);
#2238=EDGE_CURVE('',#3020,#3021,#3592,.T.);
#2239=EDGE_CURVE('',#3022,#3023,#3593,.T.);
#2240=EDGE_CURVE('',#3024,#3022,#3594,.T.);
#2241=EDGE_CURVE('',#3025,#3024,#3595,.T.);
#2242=EDGE_CURVE('',#3025,#3023,#3596,.T.);
#2243=EDGE_CURVE('',#3026,#3027,#3597,.T.);
#2244=EDGE_CURVE('',#3028,#3027,#3598,.T.);
#2245=EDGE_CURVE('',#3024,#3028,#3599,.T.);
#2246=EDGE_CURVE('',#3029,#3022,#3600,.T.);
#2247=EDGE_CURVE('',#3026,#3029,#3601,.T.);
#2248=EDGE_CURVE('',#3030,#3029,#3602,.T.);
#2249=EDGE_CURVE('',#3031,#3030,#3603,.T.);
#2250=EDGE_CURVE('',#3031,#3026,#3604,.T.);
#2251=EDGE_CURVE('',#3032,#3033,#3605,.T.);
#2252=EDGE_CURVE('',#3034,#3032,#3606,.T.);
#2253=EDGE_CURVE('',#3034,#3035,#3607,.T.);
#2254=EDGE_CURVE('',#3035,#3033,#3608,.T.);
#2255=EDGE_CURVE('',#3036,#3037,#3609,.T.);
#2256=EDGE_CURVE('',#3037,#3034,#3610,.T.);
#2257=EDGE_CURVE('',#3038,#3032,#3611,.T.);
#2258=EDGE_CURVE('',#3039,#3038,#3612,.T.);
#2259=EDGE_CURVE('',#3036,#3039,#3613,.T.);
#2260=EDGE_CURVE('',#3040,#3038,#3614,.T.);
#2261=EDGE_CURVE('',#3041,#3040,#3615,.T.);
#2262=EDGE_CURVE('',#3039,#3041,#3616,.T.);
#2263=EDGE_CURVE('',#3042,#3043,#3617,.T.);
#2264=EDGE_CURVE('',#3043,#3031,#3618,.T.);
#2265=EDGE_CURVE('',#3023,#3030,#3619,.T.);
#2266=EDGE_CURVE('',#3042,#3025,#3620,.T.);
#2267=EDGE_CURVE('',#3035,#3044,#3621,.T.);
#2268=EDGE_CURVE('',#3045,#3044,#3622,.T.);
#2269=EDGE_CURVE('',#3041,#3045,#3623,.T.);
#2270=EDGE_CURVE('',#3033,#3040,#3624,.T.);
#2271=EDGE_CURVE('',#3021,#3016,#3625,.T.);
#2272=EDGE_CURVE('',#3046,#3047,#3626,.T.);
#2273=EDGE_CURVE('',#3047,#3027,#248,.F.);
#2274=EDGE_CURVE('',#3043,#3048,#249,.F.);
#2275=EDGE_CURVE('',#3048,#3049,#3627,.T.);
#2276=EDGE_CURVE('',#3049,#3050,#250,.F.);
#2277=EDGE_CURVE('',#3050,#3051,#3628,.T.);
#2278=EDGE_CURVE('',#3051,#3052,#251,.F.);
#2279=EDGE_CURVE('',#3052,#3053,#3629,.T.);
#2280=EDGE_CURVE('',#3053,#3044,#252,.F.);
#2281=EDGE_CURVE('',#3037,#3054,#253,.F.);
#2282=EDGE_CURVE('',#3054,#3055,#3630,.T.);
#2283=EDGE_CURVE('',#3055,#3056,#254,.F.);
#2284=EDGE_CURVE('',#3056,#3057,#3631,.T.);
#2285=EDGE_CURVE('',#3058,#3057,#255,.F.);
#2286=EDGE_CURVE('',#3058,#3059,#3632,.T.);
#2287=EDGE_CURVE('',#3059,#3060,#256,.F.);
#2288=EDGE_CURVE('',#3060,#3061,#3633,.T.);
#2289=EDGE_CURVE('',#3061,#3062,#257,.F.);
#2290=EDGE_CURVE('',#3062,#3063,#3634,.T.);
#2291=EDGE_CURVE('',#3064,#3063,#258,.F.);
#2292=EDGE_CURVE('',#3064,#3065,#3635,.T.);
#2293=EDGE_CURVE('',#3065,#3046,#259,.F.);
#2294=EDGE_CURVE('',#2898,#2890,#3636,.T.);
#2295=EDGE_CURVE('',#3066,#3012,#3637,.T.);
#2296=EDGE_CURVE('',#3066,#3067,#3638,.T.);
#2297=EDGE_CURVE('',#3067,#3013,#3639,.T.);
#2298=EDGE_CURVE('',#3067,#3068,#260,.T.);
#2299=EDGE_CURVE('',#3068,#3014,#3640,.T.);
#2300=EDGE_CURVE('',#3068,#3069,#3641,.T.);
#2301=EDGE_CURVE('',#3069,#3015,#3642,.T.);
#2302=EDGE_CURVE('',#3070,#2996,#3643,.T.);
#2303=EDGE_CURVE('',#3070,#3071,#3644,.T.);
#2304=EDGE_CURVE('',#3071,#2997,#3645,.T.);
#2305=EDGE_CURVE('',#3071,#3072,#261,.T.);
#2306=EDGE_CURVE('',#3072,#2998,#3646,.T.);
#2307=EDGE_CURVE('',#3072,#3073,#3647,.T.);
#2308=EDGE_CURVE('',#3073,#2999,#3648,.T.);
#2309=EDGE_CURVE('',#3074,#3000,#3649,.T.);
#2310=EDGE_CURVE('',#3074,#3073,#262,.T.);
#2311=EDGE_CURVE('',#3074,#3075,#3650,.T.);
#2312=EDGE_CURVE('',#3075,#3001,#3651,.T.);
#2313=EDGE_CURVE('',#3075,#3076,#263,.T.);
#2314=EDGE_CURVE('',#3076,#3002,#3652,.T.);
#2315=EDGE_CURVE('',#3076,#3077,#3653,.T.);
#2316=EDGE_CURVE('',#3077,#3003,#3654,.T.);
#2317=EDGE_CURVE('',#3077,#3078,#264,.T.);
#2318=EDGE_CURVE('',#3078,#3004,#3655,.T.);
#2319=EDGE_CURVE('',#3078,#3079,#3656,.T.);
#2320=EDGE_CURVE('',#3079,#3005,#3657,.T.);
#2321=EDGE_CURVE('',#3080,#3006,#3658,.T.);
#2322=EDGE_CURVE('',#3080,#3079,#265,.T.);
#2323=EDGE_CURVE('',#3080,#3081,#3659,.T.);
#2324=EDGE_CURVE('',#3081,#3007,#3660,.T.);
#2325=EDGE_CURVE('',#3081,#3082,#266,.T.);
#2326=EDGE_CURVE('',#3082,#3008,#3661,.T.);
#2327=EDGE_CURVE('',#3082,#3083,#3662,.T.);
#2328=EDGE_CURVE('',#3083,#3009,#3663,.T.);
#2329=EDGE_CURVE('',#3084,#3010,#3664,.T.);
#2330=EDGE_CURVE('',#3084,#3085,#3665,.T.);
#2331=EDGE_CURVE('',#3085,#3011,#3666,.T.);
#2332=EDGE_CURVE('',#3085,#3066,#267,.T.);
#2333=EDGE_CURVE('',#3069,#2993,#268,.T.);
#2334=EDGE_CURVE('',#2976,#3070,#269,.T.);
#2335=EDGE_CURVE('',#3083,#2987,#270,.T.);
#2336=EDGE_CURVE('',#2994,#3084,#271,.T.);
#2337=EDGE_CURVE('',#3086,#3050,#3667,.T.);
#2338=EDGE_CURVE('',#3087,#3086,#3668,.T.);
#2339=EDGE_CURVE('',#3087,#3051,#3669,.T.);
#2340=EDGE_CURVE('',#3088,#3049,#3670,.T.);
#2341=EDGE_CURVE('',#3086,#3088,#272,.T.);
#2342=EDGE_CURVE('',#3089,#3048,#3671,.T.);
#2343=EDGE_CURVE('',#3088,#3089,#3672,.T.);
#2344=EDGE_CURVE('',#3089,#3042,#273,.T.);
#2345=EDGE_CURVE('',#3090,#3047,#3673,.T.);
#2346=EDGE_CURVE('',#3028,#3090,#274,.T.);
#2347=EDGE_CURVE('',#3091,#3046,#3674,.T.);
#2348=EDGE_CURVE('',#3090,#3091,#3675,.T.);
#2349=EDGE_CURVE('',#3092,#3065,#3676,.T.);
#2350=EDGE_CURVE('',#3091,#3092,#275,.T.);
#2351=EDGE_CURVE('',#3093,#3064,#3677,.T.);
#2352=EDGE_CURVE('',#3092,#3093,#3678,.T.);
#2353=EDGE_CURVE('',#3094,#3063,#3679,.T.);
#2354=EDGE_CURVE('',#3094,#3093,#276,.T.);
#2355=EDGE_CURVE('',#3095,#3062,#3680,.T.);
#2356=EDGE_CURVE('',#3094,#3095,#3681,.T.);
#2357=EDGE_CURVE('',#3096,#3061,#3682,.T.);
#2358=EDGE_CURVE('',#3095,#3096,#277,.T.);
#2359=EDGE_CURVE('',#3097,#3060,#3683,.T.);
#2360=EDGE_CURVE('',#3096,#3097,#3684,.T.);
#2361=EDGE_CURVE('',#3098,#3059,#3685,.T.);
#2362=EDGE_CURVE('',#3097,#3098,#278,.T.);
#2363=EDGE_CURVE('',#3099,#3058,#3686,.T.);
#2364=EDGE_CURVE('',#3098,#3099,#3687,.T.);
#2365=EDGE_CURVE('',#3100,#3057,#3688,.T.);
#2366=EDGE_CURVE('',#3100,#3099,#279,.T.);
#2367=EDGE_CURVE('',#3101,#3056,#3689,.T.);
#2368=EDGE_CURVE('',#3100,#3101,#3690,.T.);
#2369=EDGE_CURVE('',#3102,#3055,#3691,.T.);
#2370=EDGE_CURVE('',#3101,#3102,#280,.T.);
#2371=EDGE_CURVE('',#3103,#3054,#3692,.T.);
#2372=EDGE_CURVE('',#3102,#3103,#3693,.T.);
#2373=EDGE_CURVE('',#3103,#3036,#281,.T.);
#2374=EDGE_CURVE('',#3104,#3053,#3694,.T.);
#2375=EDGE_CURVE('',#3045,#3104,#282,.T.);
#2376=EDGE_CURVE('',#3105,#3052,#3695,.T.);
#2377=EDGE_CURVE('',#3104,#3105,#3696,.T.);
#2378=EDGE_CURVE('',#3105,#3087,#283,.T.);
#2379=EDGE_CURVE('',#2887,#3106,#3697,.T.);
#2380=EDGE_CURVE('',#3107,#3106,#3698,.T.);
#2381=EDGE_CURVE('',#2885,#3107,#3699,.T.);
#2382=EDGE_CURVE('',#3106,#3108,#3700,.T.);
#2383=EDGE_CURVE('',#3109,#3108,#3701,.T.);
#2384=EDGE_CURVE('',#3107,#3109,#3702,.T.);
#2385=EDGE_CURVE('',#3108,#3110,#3703,.T.);
#2386=EDGE_CURVE('',#3111,#3110,#3704,.T.);
#2387=EDGE_CURVE('',#3109,#3111,#3705,.T.);
#2388=EDGE_CURVE('',#3110,#3112,#3706,.T.);
#2389=EDGE_CURVE('',#3113,#3112,#3707,.T.);
#2390=EDGE_CURVE('',#3111,#3113,#3708,.T.);
#2391=EDGE_CURVE('',#3112,#3114,#3709,.T.);
#2392=EDGE_CURVE('',#3115,#3114,#3710,.T.);
#2393=EDGE_CURVE('',#3113,#3115,#3711,.T.);
#2394=EDGE_CURVE('',#3114,#3116,#3712,.T.);
#2395=EDGE_CURVE('',#3117,#3116,#3713,.T.);
#2396=EDGE_CURVE('',#3115,#3117,#3714,.T.);
#2397=EDGE_CURVE('',#3116,#3118,#3715,.T.);
#2398=EDGE_CURVE('',#3119,#3118,#3716,.T.);
#2399=EDGE_CURVE('',#3117,#3119,#3717,.T.);
#2400=EDGE_CURVE('',#3118,#3120,#3718,.T.);
#2401=EDGE_CURVE('',#3121,#3120,#3719,.T.);
#2402=EDGE_CURVE('',#3119,#3121,#3720,.T.);
#2403=EDGE_CURVE('',#3122,#3123,#3721,.T.);
#2404=EDGE_CURVE('',#3122,#3124,#3722,.T.);
#2405=EDGE_CURVE('',#3124,#3125,#3723,.T.);
#2406=EDGE_CURVE('',#3123,#3125,#3724,.T.);
#2407=EDGE_CURVE('',#3126,#3127,#3725,.T.);
#2408=EDGE_CURVE('',#3126,#3122,#3726,.T.);
#2409=EDGE_CURVE('',#3127,#3123,#3727,.T.);
#2410=EDGE_CURVE('',#3128,#3129,#3728,.T.);
#2411=EDGE_CURVE('',#3128,#3126,#3729,.T.);
#2412=EDGE_CURVE('',#3129,#3127,#3730,.T.);
#2413=EDGE_CURVE('',#3130,#3131,#3731,.T.);
#2414=EDGE_CURVE('',#3130,#3128,#3732,.T.);
#2415=EDGE_CURVE('',#3131,#3129,#3733,.T.);
#2416=EDGE_CURVE('',#3132,#3133,#3734,.T.);
#2417=EDGE_CURVE('',#3132,#3130,#3735,.T.);
#2418=EDGE_CURVE('',#3133,#3131,#3736,.T.);
#2419=EDGE_CURVE('',#3134,#3135,#3737,.T.);
#2420=EDGE_CURVE('',#3134,#3132,#3738,.T.);
#2421=EDGE_CURVE('',#3135,#3133,#3739,.T.);
#2422=EDGE_CURVE('',#3136,#3137,#3740,.T.);
#2423=EDGE_CURVE('',#3136,#3134,#3741,.T.);
#2424=EDGE_CURVE('',#3137,#3135,#3742,.T.);
#2425=EDGE_CURVE('',#3124,#3136,#3743,.T.);
#2426=EDGE_CURVE('',#3125,#3137,#3744,.T.);
#2427=EDGE_CURVE('',#3121,#3138,#3745,.T.);
#2428=EDGE_CURVE('',#3138,#3139,#3746,.T.);
#2429=EDGE_CURVE('',#3139,#2884,#3747,.T.);
#2430=EDGE_CURVE('',#2953,#3110,#3748,.T.);
#2431=EDGE_CURVE('',#3112,#2952,#3749,.F.);
#2432=EDGE_CURVE('',#3114,#2951,#3750,.F.);
#2433=EDGE_CURVE('',#2954,#3108,#3751,.T.);
#2434=EDGE_CURVE('',#3116,#2950,#3752,.F.);
#2435=EDGE_CURVE('',#2955,#3106,#3753,.T.);
#2436=EDGE_CURVE('',#3118,#2949,#3754,.F.);
#2437=EDGE_CURVE('',#3120,#2948,#3755,.T.);
#2438=EDGE_CURVE('',#2913,#2914,#284,.T.);
#2439=EDGE_CURVE('',#3140,#3140,#285,.F.);
#2440=EDGE_CURVE('',#3141,#3141,#286,.T.);
#2441=EDGE_CURVE('',#3142,#2895,#3756,.T.);
#2442=EDGE_CURVE('',#3142,#3143,#287,.F.);
#2443=EDGE_CURVE('',#3143,#2896,#3757,.T.);
#2444=EDGE_CURVE('',#3144,#2894,#3758,.T.);
#2445=EDGE_CURVE('',#3144,#3142,#3759,.F.);
#2446=EDGE_CURVE('',#3145,#2893,#3760,.T.);
#2447=EDGE_CURVE('',#3145,#3144,#288,.F.);
#2448=EDGE_CURVE('',#3146,#2892,#3761,.T.);
#2449=EDGE_CURVE('',#3146,#3145,#3762,.F.);
#2450=EDGE_CURVE('',#3147,#3148,#3763,.T.);
#2451=EDGE_CURVE('',#3147,#3146,#289,.F.);
#2452=EDGE_CURVE('',#2890,#3148,#290,.T.);
#2453=EDGE_CURVE('',#3149,#3150,#3764,.T.);
#2454=EDGE_CURVE('',#3149,#3147,#3765,.F.);
#2455=EDGE_CURVE('',#3148,#3150,#3766,.T.);
#2456=EDGE_CURVE('',#3151,#2897,#3767,.T.);
#2457=EDGE_CURVE('',#3151,#3149,#291,.F.);
#2458=EDGE_CURVE('',#3150,#2898,#292,.T.);
#2459=EDGE_CURVE('',#3143,#3151,#3768,.F.);
#2460=EDGE_CURVE('',#3152,#3153,#3769,.T.);
#2461=EDGE_CURVE('',#3153,#3154,#293,.T.);
#2462=EDGE_CURVE('',#3154,#3155,#3770,.T.);
#2463=EDGE_CURVE('',#3155,#3156,#294,.T.);
#2464=EDGE_CURVE('',#3156,#3157,#3771,.T.);
#2465=EDGE_CURVE('',#3157,#3158,#295,.T.);
#2466=EDGE_CURVE('',#3158,#3159,#3772,.T.);
#2467=EDGE_CURVE('',#3159,#3152,#296,.T.);
#2468=EDGE_CURVE('',#3146,#3157,#297,.T.);
#2469=EDGE_CURVE('',#3158,#3147,#298,.T.);
#2470=EDGE_CURVE('',#3159,#3149,#299,.T.);
#2471=EDGE_CURVE('',#3145,#3156,#300,.T.);
#2472=EDGE_CURVE('',#3152,#3151,#301,.T.);
#2473=EDGE_CURVE('',#3144,#3155,#302,.T.);
#2474=EDGE_CURVE('',#3153,#3143,#303,.T.);
#2475=EDGE_CURVE('',#3142,#3154,#304,.T.);
#2476=EDGE_CURVE('',#3139,#2946,#3773,.T.);
#2477=EDGE_CURVE('',#3138,#2947,#3774,.T.);
#2478=EDGE_CURVE('',#3160,#3161,#3775,.T.);
#2479=EDGE_CURVE('',#3161,#3162,#3776,.F.);
#2480=EDGE_CURVE('',#3162,#3163,#3777,.T.);
#2481=EDGE_CURVE('',#3163,#3160,#3778,.T.);
#2482=EDGE_CURVE('',#3164,#3165,#3779,.T.);
#2483=EDGE_CURVE('',#3165,#3166,#3780,.T.);
#2484=EDGE_CURVE('',#3166,#3167,#3781,.T.);
#2485=EDGE_CURVE('',#3167,#3168,#3782,.T.);
#2486=EDGE_CURVE('',#3168,#3169,#3783,.T.);
#2487=EDGE_CURVE('',#3169,#3170,#3784,.T.);
#2488=EDGE_CURVE('',#3170,#3171,#3785,.T.);
#2489=EDGE_CURVE('',#3171,#3172,#3786,.T.);
#2490=EDGE_CURVE('',#3172,#3173,#3787,.T.);
#2491=EDGE_CURVE('',#3173,#3174,#3788,.T.);
#2492=EDGE_CURVE('',#3174,#3175,#3789,.T.);
#2493=EDGE_CURVE('',#3175,#3164,#3790,.T.);
#2494=EDGE_CURVE('',#3176,#3177,#3791,.T.);
#2495=EDGE_CURVE('',#3177,#3178,#3792,.T.);
#2496=EDGE_CURVE('',#3179,#3178,#3793,.T.);
#2497=EDGE_CURVE('',#3179,#3176,#3794,.T.);
#2498=EDGE_CURVE('',#3180,#3181,#3795,.T.);
#2499=EDGE_CURVE('',#3182,#3181,#3796,.T.);
#2500=EDGE_CURVE('',#3182,#3183,#3797,.T.);
#2501=EDGE_CURVE('',#3183,#3184,#3798,.T.);
#2502=EDGE_CURVE('',#3184,#3185,#3799,.T.);
#2503=EDGE_CURVE('',#3185,#3186,#3800,.F.);
#2504=EDGE_CURVE('',#3186,#3187,#3801,.T.);
#2505=EDGE_CURVE('',#3187,#3180,#3802,.T.);
#2506=EDGE_CURVE('',#3188,#3189,#3803,.T.);
#2507=EDGE_CURVE('',#3189,#3190,#3804,.T.);
#2508=EDGE_CURVE('',#3190,#3191,#3805,.T.);
#2509=EDGE_CURVE('',#3188,#3191,#3806,.T.);
#2510=EDGE_CURVE('',#3191,#3192,#305,.T.);
#2511=EDGE_CURVE('',#3193,#3192,#3807,.T.);
#2512=EDGE_CURVE('',#3193,#3188,#306,.T.);
#2513=EDGE_CURVE('',#3194,#3195,#3808,.T.);
#2514=EDGE_CURVE('',#3194,#3196,#307,.F.);
#2515=EDGE_CURVE('',#3193,#3196,#3809,.T.);
#2516=EDGE_CURVE('',#3197,#3192,#3810,.T.);
#2517=EDGE_CURVE('',#3197,#3195,#308,.F.);
#2518=EDGE_CURVE('',#3198,#3199,#3811,.T.);
#2519=EDGE_CURVE('',#3198,#3194,#3812,.T.);
#2520=EDGE_CURVE('',#3195,#3199,#3813,.F.);
#2521=EDGE_CURVE('',#3200,#3201,#3814,.T.);
#2522=EDGE_CURVE('',#3201,#3198,#309,.F.);
#2523=EDGE_CURVE('',#3199,#3202,#310,.F.);
#2524=EDGE_CURVE('',#3202,#3203,#3815,.T.);
#2525=EDGE_CURVE('',#3200,#3203,#3816,.T.);
#2526=EDGE_CURVE('',#3160,#3203,#311,.T.);
#2527=EDGE_CURVE('',#3200,#3163,#312,.T.);
#2528=EDGE_CURVE('',#3196,#3201,#3817,.F.);
#2529=EDGE_CURVE('',#3162,#3171,#313,.F.);
#2530=EDGE_CURVE('',#3170,#3204,#3818,.T.);
#2531=EDGE_CURVE('',#3204,#3189,#314,.T.);
#2532=EDGE_CURVE('',#3169,#3205,#3819,.T.);
#2533=EDGE_CURVE('',#3205,#3204,#3820,.F.);
#2534=EDGE_CURVE('',#3168,#3187,#3821,.T.);
#2535=EDGE_CURVE('',#3186,#3205,#315,.T.);
#2536=EDGE_CURVE('',#3167,#3180,#3822,.T.);
#2537=EDGE_CURVE('',#3166,#3181,#3823,.T.);
#2538=EDGE_CURVE('',#3178,#3181,#3824,.T.);
#2539=EDGE_CURVE('',#3166,#3179,#3825,.T.);
#2540=EDGE_CURVE('',#3173,#3206,#3826,.T.);
#2541=EDGE_CURVE('',#3206,#3207,#3827,.F.);
#2542=EDGE_CURVE('',#3174,#3207,#3828,.T.);
#2543=EDGE_CURVE('',#3207,#3185,#316,.T.);
#2544=EDGE_CURVE('',#3175,#3184,#3829,.T.);
#2545=EDGE_CURVE('',#3164,#3183,#3830,.T.);
#2546=EDGE_CURVE('',#3165,#3182,#3831,.T.);
#2547=EDGE_CURVE('',#3182,#3177,#3832,.T.);
#2548=EDGE_CURVE('',#3176,#3165,#3833,.T.);
#2549=EDGE_CURVE('',#3202,#3197,#3834,.T.);
#2550=EDGE_CURVE('',#3190,#3206,#317,.T.);
#2551=EDGE_CURVE('',#3172,#3161,#318,.F.);
#2552=EDGE_CURVE('',#3208,#3209,#3835,.T.);
#2553=EDGE_CURVE('',#3209,#3210,#3836,.F.);
#2554=EDGE_CURVE('',#3210,#3211,#3837,.T.);
#2555=EDGE_CURVE('',#3211,#3208,#3838,.T.);
#2556=EDGE_CURVE('',#3212,#3213,#3839,.T.);
#2557=EDGE_CURVE('',#3213,#3214,#3840,.T.);
#2558=EDGE_CURVE('',#3214,#3215,#3841,.T.);
#2559=EDGE_CURVE('',#3215,#3216,#3842,.T.);
#2560=EDGE_CURVE('',#3216,#3217,#3843,.T.);
#2561=EDGE_CURVE('',#3217,#3218,#3844,.T.);
#2562=EDGE_CURVE('',#3218,#3219,#3845,.T.);
#2563=EDGE_CURVE('',#3219,#3220,#3846,.T.);
#2564=EDGE_CURVE('',#3220,#3221,#3847,.T.);
#2565=EDGE_CURVE('',#3221,#3222,#3848,.T.);
#2566=EDGE_CURVE('',#3222,#3223,#3849,.T.);
#2567=EDGE_CURVE('',#3223,#3212,#3850,.T.);
#2568=EDGE_CURVE('',#3224,#3225,#3851,.T.);
#2569=EDGE_CURVE('',#3225,#3226,#3852,.T.);
#2570=EDGE_CURVE('',#3227,#3226,#3853,.T.);
#2571=EDGE_CURVE('',#3224,#3227,#3854,.T.);
#2572=EDGE_CURVE('',#3228,#3229,#3855,.T.);
#2573=EDGE_CURVE('',#3230,#3229,#3856,.T.);
#2574=EDGE_CURVE('',#3230,#3231,#3857,.T.);
#2575=EDGE_CURVE('',#3231,#3232,#3858,.T.);
#2576=EDGE_CURVE('',#3232,#3233,#3859,.T.);
#2577=EDGE_CURVE('',#3233,#3234,#3860,.F.);
#2578=EDGE_CURVE('',#3234,#3235,#3861,.T.);
#2579=EDGE_CURVE('',#3235,#3228,#3862,.T.);
#2580=EDGE_CURVE('',#3236,#3237,#3863,.T.);
#2581=EDGE_CURVE('',#3237,#3238,#3864,.T.);
#2582=EDGE_CURVE('',#3238,#3239,#3865,.T.);
#2583=EDGE_CURVE('',#3236,#3239,#3866,.T.);
#2584=EDGE_CURVE('',#3239,#3240,#319,.T.);
#2585=EDGE_CURVE('',#3241,#3240,#3867,.T.);
#2586=EDGE_CURVE('',#3241,#3236,#320,.T.);
#2587=EDGE_CURVE('',#3242,#3243,#3868,.T.);
#2588=EDGE_CURVE('',#3242,#3244,#321,.F.);
#2589=EDGE_CURVE('',#3241,#3244,#3869,.T.);
#2590=EDGE_CURVE('',#3245,#3240,#3870,.T.);
#2591=EDGE_CURVE('',#3245,#3243,#322,.F.);
#2592=EDGE_CURVE('',#3246,#3247,#3871,.T.);
#2593=EDGE_CURVE('',#3246,#3242,#3872,.T.);
#2594=EDGE_CURVE('',#3243,#3247,#3873,.F.);
#2595=EDGE_CURVE('',#3248,#3249,#3874,.T.);
#2596=EDGE_CURVE('',#3249,#3246,#323,.F.);
#2597=EDGE_CURVE('',#3247,#3250,#324,.F.);
#2598=EDGE_CURVE('',#3250,#3251,#3875,.T.);
#2599=EDGE_CURVE('',#3248,#3251,#3876,.T.);
#2600=EDGE_CURVE('',#3208,#3251,#325,.T.);
#2601=EDGE_CURVE('',#3248,#3211,#326,.T.);
#2602=EDGE_CURVE('',#3244,#3249,#3877,.F.);
#2603=EDGE_CURVE('',#3210,#3219,#327,.F.);
#2604=EDGE_CURVE('',#3218,#3252,#3878,.T.);
#2605=EDGE_CURVE('',#3252,#3237,#328,.T.);
#2606=EDGE_CURVE('',#3217,#3253,#3879,.T.);
#2607=EDGE_CURVE('',#3253,#3252,#3880,.F.);
#2608=EDGE_CURVE('',#3216,#3235,#3881,.T.);
#2609=EDGE_CURVE('',#3234,#3253,#329,.T.);
#2610=EDGE_CURVE('',#3215,#3228,#3882,.T.);
#2611=EDGE_CURVE('',#3214,#3229,#3883,.T.);
#2612=EDGE_CURVE('',#3226,#3229,#3884,.T.);
#2613=EDGE_CURVE('',#3214,#3227,#3885,.T.);
#2614=EDGE_CURVE('',#3221,#3254,#3886,.T.);
#2615=EDGE_CURVE('',#3254,#3255,#3887,.F.);
#2616=EDGE_CURVE('',#3222,#3255,#3888,.T.);
#2617=EDGE_CURVE('',#3255,#3233,#330,.T.);
#2618=EDGE_CURVE('',#3223,#3232,#3889,.T.);
#2619=EDGE_CURVE('',#3212,#3231,#3890,.T.);
#2620=EDGE_CURVE('',#3230,#3256,#3891,.T.);
#2621=EDGE_CURVE('',#3257,#3256,#3892,.T.);
#2622=EDGE_CURVE('',#3257,#3213,#3893,.T.);
#2623=EDGE_CURVE('',#3256,#3225,#3894,.T.);
#2624=EDGE_CURVE('',#3224,#3257,#3895,.T.);
#2625=EDGE_CURVE('',#3250,#3245,#3896,.T.);
#2626=EDGE_CURVE('',#3238,#3254,#331,.T.);
#2627=EDGE_CURVE('',#3220,#3209,#332,.F.);
#2628=EDGE_CURVE('',#3258,#3259,#3897,.T.);
#2629=EDGE_CURVE('',#3259,#3260,#333,.T.);
#2630=EDGE_CURVE('',#3261,#3260,#3898,.T.);
#2631=EDGE_CURVE('',#3262,#3261,#3899,.T.);
#2632=EDGE_CURVE('',#3263,#3262,#334,.T.);
#2633=EDGE_CURVE('',#3263,#3264,#3900,.T.);
#2634=EDGE_CURVE('',#3265,#3264,#335,.T.);
#2635=EDGE_CURVE('',#3265,#3266,#3901,.T.);
#2636=EDGE_CURVE('',#3267,#3266,#336,.T.);
#2637=EDGE_CURVE('',#3267,#3268,#3902,.T.);
#2638=EDGE_CURVE('',#3268,#3269,#337,.T.);
#2639=EDGE_CURVE('',#3269,#3270,#3903,.T.);
#2640=EDGE_CURVE('',#3258,#3270,#3904,.T.);
#2641=EDGE_CURVE('',#3271,#3272,#3905,.T.);
#2642=EDGE_CURVE('',#3271,#3273,#3906,.T.);
#2643=EDGE_CURVE('',#3273,#3274,#338,.T.);
#2644=EDGE_CURVE('',#3274,#3275,#3907,.T.);
#2645=EDGE_CURVE('',#3276,#3275,#339,.T.);
#2646=EDGE_CURVE('',#3276,#3277,#3908,.T.);
#2647=EDGE_CURVE('',#3278,#3277,#340,.T.);
#2648=EDGE_CURVE('',#3278,#3279,#3909,.T.);
#2649=EDGE_CURVE('',#3280,#3279,#341,.T.);
#2650=EDGE_CURVE('',#3280,#3281,#3910,.T.);
#2651=EDGE_CURVE('',#3282,#3281,#3911,.T.);
#2652=EDGE_CURVE('',#3282,#3283,#342,.T.);
#2653=EDGE_CURVE('',#3283,#3272,#3912,.T.);
#2654=EDGE_CURVE('',#3284,#3261,#3913,.T.);
#2655=EDGE_CURVE('',#3284,#3285,#3914,.T.);
#2656=EDGE_CURVE('',#3285,#3262,#3915,.T.);
#2657=EDGE_CURVE('',#3281,#3286,#3916,.T.);
#2658=EDGE_CURVE('',#3287,#3280,#3917,.T.);
#2659=EDGE_CURVE('',#3286,#3287,#3918,.T.);
#2660=EDGE_CURVE('',#3288,#3289,#343,.T.);
#2661=EDGE_CURVE('',#3288,#3290,#3919,.T.);
#2662=EDGE_CURVE('',#3291,#3290,#3920,.T.);
#2663=EDGE_CURVE('',#3292,#3291,#344,.T.);
#2664=EDGE_CURVE('',#3293,#3292,#3921,.T.);
#2665=EDGE_CURVE('',#3293,#3294,#345,.T.);
#2666=EDGE_CURVE('',#3295,#3294,#3922,.T.);
#2667=EDGE_CURVE('',#3295,#3296,#346,.T.);
#2668=EDGE_CURVE('',#3297,#3296,#3923,.T.);
#2669=EDGE_CURVE('',#3297,#3285,#347,.T.);
#2670=EDGE_CURVE('',#3284,#3289,#3924,.T.);
#2671=EDGE_CURVE('',#3298,#3299,#3925,.T.);
#2672=EDGE_CURVE('',#3298,#3300,#3926,.T.);
#2673=EDGE_CURVE('',#3301,#3300,#348,.T.);
#2674=EDGE_CURVE('',#3301,#3286,#3927,.T.);
#2675=EDGE_CURVE('',#3287,#3302,#349,.T.);
#2676=EDGE_CURVE('',#3303,#3302,#3928,.T.);
#2677=EDGE_CURVE('',#3303,#3304,#350,.T.);
#2678=EDGE_CURVE('',#3305,#3304,#3929,.T.);
#2679=EDGE_CURVE('',#3305,#3306,#351,.T.);
#2680=EDGE_CURVE('',#3307,#3306,#3930,.T.);
#2681=EDGE_CURVE('',#3299,#3307,#352,.T.);
#2682=EDGE_CURVE('',#3297,#3263,#3931,.T.);
#2683=EDGE_CURVE('',#3296,#3264,#3932,.T.);
#2684=EDGE_CURVE('',#3303,#3278,#3933,.T.);
#2685=EDGE_CURVE('',#3302,#3279,#3934,.T.);
#2686=EDGE_CURVE('',#3308,#3309,#3935,.T.);
#2687=EDGE_CURVE('',#3308,#3310,#3936,.F.);
#2688=EDGE_CURVE('',#3311,#3310,#3937,.T.);
#2689=EDGE_CURVE('',#3312,#3311,#3938,.T.);
#2690=EDGE_CURVE('',#3313,#3312,#353,.T.);
#2691=EDGE_CURVE('',#3314,#3313,#3939,.T.);
#2692=EDGE_CURVE('',#3315,#3314,#354,.T.);
#2693=EDGE_CURVE('',#3316,#3315,#3940,.T.);
#2694=EDGE_CURVE('',#3317,#3316,#355,.T.);
#2695=EDGE_CURVE('',#3318,#3317,#3941,.T.);
#2696=EDGE_CURVE('',#3319,#3318,#356,.T.);
#2697=EDGE_CURVE('',#3320,#3319,#3942,.T.);
#2698=EDGE_CURVE('',#3321,#3320,#3943,.T.);
#2699=EDGE_CURVE('',#3321,#3322,#3944,.F.);
#2700=EDGE_CURVE('',#3323,#3322,#3945,.T.);
#2701=EDGE_CURVE('',#3324,#3323,#3946,.T.);
#2702=EDGE_CURVE('',#3325,#3324,#357,.T.);
#2703=EDGE_CURVE('',#3326,#3325,#3947,.T.);
#2704=EDGE_CURVE('',#3327,#3326,#358,.T.);
#2705=EDGE_CURVE('',#3309,#3327,#3948,.T.);
#2706=EDGE_CURVE('',#3328,#3329,#359,.T.);
#2707=EDGE_CURVE('',#3330,#3328,#3949,.T.);
#2708=EDGE_CURVE('',#3331,#3330,#3950,.T.);
#2709=EDGE_CURVE('',#3332,#3331,#3951,.T.);
#2710=EDGE_CURVE('',#3333,#3332,#360,.T.);
#2711=EDGE_CURVE('',#3334,#3333,#3952,.T.);
#2712=EDGE_CURVE('',#3335,#3334,#3953,.T.);
#2713=EDGE_CURVE('',#3335,#3336,#361,.T.);
#2714=EDGE_CURVE('',#3337,#3336,#3954,.T.);
#2715=EDGE_CURVE('',#3338,#3337,#362,.T.);
#2716=EDGE_CURVE('',#3339,#3338,#3955,.T.);
#2717=EDGE_CURVE('',#3339,#3340,#363,.T.);
#2718=EDGE_CURVE('',#3340,#3258,#3956,.T.);
#2719=EDGE_CURVE('',#3341,#3270,#3957,.T.);
#2720=EDGE_CURVE('',#3342,#3341,#364,.T.);
#2721=EDGE_CURVE('',#3343,#3342,#3958,.T.);
#2722=EDGE_CURVE('',#3343,#3344,#365,.T.);
#2723=EDGE_CURVE('',#3345,#3344,#3959,.T.);
#2724=EDGE_CURVE('',#3345,#3346,#366,.T.);
#2725=EDGE_CURVE('',#3347,#3346,#3960,.T.);
#2726=EDGE_CURVE('',#3348,#3347,#367,.T.);
#2727=EDGE_CURVE('',#3271,#3348,#3961,.T.);
#2728=EDGE_CURVE('',#3349,#3272,#3962,.T.);
#2729=EDGE_CURVE('',#3349,#3350,#368,.T.);
#2730=EDGE_CURVE('',#3351,#3350,#3963,.T.);
#2731=EDGE_CURVE('',#3352,#3351,#369,.T.);
#2732=EDGE_CURVE('',#3353,#3352,#3964,.T.);
#2733=EDGE_CURVE('',#3353,#3354,#370,.T.);
#2734=EDGE_CURVE('',#3355,#3354,#3965,.T.);
#2735=EDGE_CURVE('',#3329,#3355,#3966,.T.);
#2736=EDGE_CURVE('',#3356,#3357,#3967,.T.);
#2737=EDGE_CURVE('',#3356,#3331,#18,.T.);
#2738=EDGE_CURVE('',#3330,#3357,#19,.T.);
#2739=EDGE_CURVE('',#3358,#3359,#3968,.T.);
#2740=EDGE_CURVE('',#3359,#3356,#3969,.T.);
#2741=EDGE_CURVE('',#3357,#3360,#3970,.T.);
#2742=EDGE_CURVE('',#3360,#3361,#3971,.T.);
#2743=EDGE_CURVE('',#3358,#3361,#3972,.T.);
#2744=EDGE_CURVE('',#3362,#3363,#3973,.T.);
#2745=EDGE_CURVE('',#3362,#3364,#3974,.T.);
#2746=EDGE_CURVE('',#3364,#3358,#3975,.T.);
#2747=EDGE_CURVE('',#3361,#3365,#3976,.T.);
#2748=EDGE_CURVE('',#3365,#3363,#3977,.T.);
#2749=EDGE_CURVE('',#3366,#3367,#3978,.T.);
#2750=EDGE_CURVE('',#3366,#3362,#3979,.T.);
#2751=EDGE_CURVE('',#3363,#3367,#3980,.T.);
#2752=EDGE_CURVE('',#3366,#3368,#20,.T.);
#2753=EDGE_CURVE('',#3369,#3367,#21,.T.);
#2754=EDGE_CURVE('',#3368,#3369,#3981,.T.);
#2755=EDGE_CURVE('',#3370,#3371,#3982,.T.);
#2756=EDGE_CURVE('',#3371,#3372,#3983,.T.);
#2757=EDGE_CURVE('',#3372,#3373,#3984,.T.);
#2758=EDGE_CURVE('',#3373,#3374,#371,.T.);
#2759=EDGE_CURVE('',#3374,#3375,#3985,.T.);
#2760=EDGE_CURVE('',#3375,#3376,#372,.T.);
#2761=EDGE_CURVE('',#3376,#3377,#3986,.T.);
#2762=EDGE_CURVE('',#3377,#3378,#3987,.T.);
#2763=EDGE_CURVE('',#3378,#3379,#3988,.T.);
#2764=EDGE_CURVE('',#3379,#3380,#373,.T.);
#2765=EDGE_CURVE('',#3380,#3381,#3989,.T.);
#2766=EDGE_CURVE('',#3381,#3382,#374,.T.);
#2767=EDGE_CURVE('',#3382,#3383,#3990,.T.);
#2768=EDGE_CURVE('',#3383,#3384,#375,.T.);
#2769=EDGE_CURVE('',#3384,#3385,#3991,.T.);
#2770=EDGE_CURVE('',#3385,#3370,#376,.T.);
#2771=EDGE_CURVE('',#3369,#3386,#3992,.T.);
#2772=EDGE_CURVE('',#3386,#3387,#377,.T.);
#2773=EDGE_CURVE('',#3387,#3388,#3993,.T.);
#2774=EDGE_CURVE('',#3388,#3389,#3994,.T.);
#2775=EDGE_CURVE('',#3390,#3389,#378,.T.);
#2776=EDGE_CURVE('',#3390,#3391,#3995,.T.);
#2777=EDGE_CURVE('',#3391,#3392,#379,.T.);
#2778=EDGE_CURVE('',#3392,#3393,#3996,.T.);
#2779=EDGE_CURVE('',#3394,#3393,#380,.T.);
#2780=EDGE_CURVE('',#3394,#3300,#3997,.T.);
#2781=EDGE_CURVE('',#3298,#3395,#381,.T.);
#2782=EDGE_CURVE('',#3395,#3396,#3998,.T.);
#2783=EDGE_CURVE('',#3397,#3396,#382,.T.);
#2784=EDGE_CURVE('',#3397,#3398,#3999,.T.);
#2785=EDGE_CURVE('',#3399,#3398,#383,.T.);
#2786=EDGE_CURVE('',#3399,#3400,#4000,.T.);
#2787=EDGE_CURVE('',#3400,#3290,#384,.T.);
#2788=EDGE_CURVE('',#3288,#3401,#4001,.T.);
#2789=EDGE_CURVE('',#3402,#3401,#385,.T.);
#2790=EDGE_CURVE('',#3402,#3403,#4002,.T.);
#2791=EDGE_CURVE('',#3403,#3404,#386,.T.);
#2792=EDGE_CURVE('',#3404,#3405,#4003,.T.);
#2793=EDGE_CURVE('',#3406,#3405,#387,.T.);
#2794=EDGE_CURVE('',#3406,#3407,#4004,.T.);
#2795=EDGE_CURVE('',#3407,#3408,#4005,.T.);
#2796=EDGE_CURVE('',#3408,#3409,#388,.T.);
#2797=EDGE_CURVE('',#3409,#3368,#4006,.T.);
#2798=EDGE_CURVE('',#3300,#3283,#4007,.T.);
#2799=EDGE_CURVE('',#3394,#3349,#4008,.T.);
#2800=EDGE_CURVE('',#3301,#3282,#4009,.T.);
#2801=EDGE_CURVE('',#3401,#3340,#4010,.T.);
#2802=EDGE_CURVE('',#3288,#3259,#4011,.T.);
#2803=EDGE_CURVE('',#3289,#3260,#4012,.T.);
#2804=EDGE_CURVE('',#3295,#3265,#4013,.T.);
#2805=EDGE_CURVE('',#3294,#3266,#4014,.T.);
#2806=EDGE_CURVE('',#3293,#3267,#4015,.T.);
#2807=EDGE_CURVE('',#3292,#3268,#4016,.T.);
#2808=EDGE_CURVE('',#3291,#3269,#4017,.T.);
#2809=EDGE_CURVE('',#3290,#3341,#4018,.T.);
#2810=EDGE_CURVE('',#3298,#3348,#4019,.T.);
#2811=EDGE_CURVE('',#3299,#3273,#4020,.T.);
#2812=EDGE_CURVE('',#3307,#3274,#4021,.T.);
#2813=EDGE_CURVE('',#3306,#3275,#4022,.T.);
#2814=EDGE_CURVE('',#3305,#3276,#4023,.T.);
#2815=EDGE_CURVE('',#3304,#3277,#4024,.T.);
#2816=EDGE_CURVE('',#3387,#3329,#4025,.T.);
#2817=EDGE_CURVE('',#3388,#3355,#4026,.T.);
#2818=EDGE_CURVE('',#3365,#3360,#4027,.T.);
#2819=EDGE_CURVE('',#3386,#3328,#4028,.T.);
#2820=EDGE_CURVE('',#3364,#3359,#4029,.T.);
#2821=EDGE_CURVE('',#3409,#3332,#4030,.T.);
#2822=EDGE_CURVE('',#3407,#3334,#4031,.T.);
#2823=EDGE_CURVE('',#3408,#3333,#4032,.T.);
#2824=EDGE_CURVE('',#3406,#3335,#4033,.T.);
#2825=EDGE_CURVE('',#3405,#3336,#4034,.T.);
#2826=EDGE_CURVE('',#3404,#3337,#4035,.T.);
#2827=EDGE_CURVE('',#3403,#3338,#4036,.T.);
#2828=EDGE_CURVE('',#3402,#3339,#4037,.T.);
#2829=EDGE_CURVE('',#3393,#3350,#4038,.T.);
#2830=EDGE_CURVE('',#3392,#3351,#4039,.T.);
#2831=EDGE_CURVE('',#3391,#3352,#4040,.T.);
#2832=EDGE_CURVE('',#3390,#3353,#4041,.T.);
#2833=EDGE_CURVE('',#3389,#3354,#4042,.T.);
#2834=EDGE_CURVE('',#3400,#3342,#4043,.T.);
#2835=EDGE_CURVE('',#3399,#3343,#4044,.T.);
#2836=EDGE_CURVE('',#3398,#3344,#4045,.T.);
#2837=EDGE_CURVE('',#3397,#3345,#4046,.T.);
#2838=EDGE_CURVE('',#3396,#3346,#4047,.T.);
#2839=EDGE_CURVE('',#3395,#3347,#4048,.T.);
#2840=EDGE_CURVE('',#3373,#3327,#4049,.T.);
#2841=EDGE_CURVE('',#3372,#3309,#4050,.T.);
#2842=EDGE_CURVE('',#3374,#3326,#4051,.T.);
#2843=EDGE_CURVE('',#3375,#3325,#4052,.T.);
#2844=EDGE_CURVE('',#3376,#3324,#4053,.T.);
#2845=EDGE_CURVE('',#3377,#3323,#4054,.T.);
#2846=EDGE_CURVE('',#3322,#3410,#389,.F.);
#2847=EDGE_CURVE('',#3411,#3410,#4055,.T.);
#2848=EDGE_CURVE('',#3411,#3412,#4056,.T.);
#2849=EDGE_CURVE('',#3412,#3413,#4057,.T.);
#2850=EDGE_CURVE('',#3413,#3377,#390,.T.);
#2851=EDGE_CURVE('',#3410,#3414,#4058,.T.);
#2852=EDGE_CURVE('',#3415,#3414,#4059,.T.);
#2853=EDGE_CURVE('',#3415,#3411,#4060,.T.);
#2854=EDGE_CURVE('',#3414,#3321,#391,.F.);
#2855=EDGE_CURVE('',#3378,#3320,#4061,.T.);
#2856=EDGE_CURVE('',#3378,#3416,#392,.T.);
#2857=EDGE_CURVE('',#3417,#3416,#4062,.T.);
#2858=EDGE_CURVE('',#3417,#3415,#4063,.T.);
#2859=EDGE_CURVE('',#3379,#3319,#4064,.T.);
#2860=EDGE_CURVE('',#3380,#3318,#4065,.T.);
#2861=EDGE_CURVE('',#3381,#3317,#4066,.T.);
#2862=EDGE_CURVE('',#3382,#3316,#4067,.T.);
#2863=EDGE_CURVE('',#3383,#3315,#4068,.T.);
#2864=EDGE_CURVE('',#3384,#3314,#4069,.T.);
#2865=EDGE_CURVE('',#3385,#3313,#4070,.T.);
#2866=EDGE_CURVE('',#3370,#3312,#4071,.T.);
#2867=EDGE_CURVE('',#3371,#3311,#4072,.T.);
#2868=EDGE_CURVE('',#3310,#3418,#393,.F.);
#2869=EDGE_CURVE('',#3419,#3418,#4073,.T.);
#2870=EDGE_CURVE('',#3419,#3420,#4074,.T.);
#2871=EDGE_CURVE('',#3420,#3421,#4075,.T.);
#2872=EDGE_CURVE('',#3421,#3371,#394,.T.);
#2873=EDGE_CURVE('',#3418,#3422,#4076,.T.);
#2874=EDGE_CURVE('',#3423,#3422,#4077,.T.);
#2875=EDGE_CURVE('',#3423,#3419,#4078,.T.);
#2876=EDGE_CURVE('',#3422,#3308,#395,.F.);
#2877=EDGE_CURVE('',#3372,#3424,#396,.T.);
#2878=EDGE_CURVE('',#3425,#3424,#4079,.T.);
#2879=EDGE_CURVE('',#3425,#3423,#4080,.T.);
#2880=EDGE_CURVE('',#3424,#3421,#4081,.F.);
#2881=EDGE_CURVE('',#3420,#3425,#4082,.T.);
#2882=EDGE_CURVE('',#3416,#3413,#4083,.F.);
#2883=EDGE_CURVE('',#3412,#3417,#4084,.T.);
#2884=VERTEX_POINT('',#8093);
#2885=VERTEX_POINT('',#8094);
#2886=VERTEX_POINT('',#8096);
#2887=VERTEX_POINT('',#8098);
#2888=VERTEX_POINT('',#8102);
#2889=VERTEX_POINT('',#8104);
#2890=VERTEX_POINT('',#8108);
#2891=VERTEX_POINT('',#8109);
#2892=VERTEX_POINT('',#8111);
#2893=VERTEX_POINT('',#8113);
#2894=VERTEX_POINT('',#8115);
#2895=VERTEX_POINT('',#8117);
#2896=VERTEX_POINT('',#8119);
#2897=VERTEX_POINT('',#8121);
#2898=VERTEX_POINT('',#8123);
#2899=VERTEX_POINT('',#8125);
#2900=VERTEX_POINT('',#8127);
#2901=VERTEX_POINT('',#8129);
#2902=VERTEX_POINT('',#8131);
#2903=VERTEX_POINT('',#8133);
#2904=VERTEX_POINT('',#8135);
#2905=VERTEX_POINT('',#8137);
#2906=VERTEX_POINT('',#8139);
#2907=VERTEX_POINT('',#8141);
#2908=VERTEX_POINT('',#8143);
#2909=VERTEX_POINT('',#8145);
#2910=VERTEX_POINT('',#8147);
#2911=VERTEX_POINT('',#8149);
#2912=VERTEX_POINT('',#8151);
#2913=VERTEX_POINT('',#8153);
#2914=VERTEX_POINT('',#8155);
#2915=VERTEX_POINT('',#8157);
#2916=VERTEX_POINT('',#8159);
#2917=VERTEX_POINT('',#8161);
#2918=VERTEX_POINT('',#8163);
#2919=VERTEX_POINT('',#8165);
#2920=VERTEX_POINT('',#8167);
#2921=VERTEX_POINT('',#8169);
#2922=VERTEX_POINT('',#8171);
#2923=VERTEX_POINT('',#8173);
#2924=VERTEX_POINT('',#8177);
#2925=VERTEX_POINT('',#8178);
#2926=VERTEX_POINT('',#8181);
#2927=VERTEX_POINT('',#8183);
#2928=VERTEX_POINT('',#8186);
#2929=VERTEX_POINT('',#8188);
#2930=VERTEX_POINT('',#8191);
#2931=VERTEX_POINT('',#8193);
#2932=VERTEX_POINT('',#8195);
#2933=VERTEX_POINT('',#8197);
#2934=VERTEX_POINT('',#8201);
#2935=VERTEX_POINT('',#8202);
#2936=VERTEX_POINT('',#8205);
#2937=VERTEX_POINT('',#8210);
#2938=VERTEX_POINT('',#8212);
#2939=VERTEX_POINT('',#8214);
#2940=VERTEX_POINT('',#8216);
#2941=VERTEX_POINT('',#8218);
#2942=VERTEX_POINT('',#8220);
#2943=VERTEX_POINT('',#8223);
#2944=VERTEX_POINT('',#8226);
#2945=VERTEX_POINT('',#8228);
#2946=VERTEX_POINT('',#8232);
#2947=VERTEX_POINT('',#8234);
#2948=VERTEX_POINT('',#8236);
#2949=VERTEX_POINT('',#8238);
#2950=VERTEX_POINT('',#8240);
#2951=VERTEX_POINT('',#8242);
#2952=VERTEX_POINT('',#8244);
#2953=VERTEX_POINT('',#8246);
#2954=VERTEX_POINT('',#8248);
#2955=VERTEX_POINT('',#8250);
#2956=VERTEX_POINT('',#8256);
#2957=VERTEX_POINT('',#8258);
#2958=VERTEX_POINT('',#8262);
#2959=VERTEX_POINT('',#8264);
#2960=VERTEX_POINT('',#8268);
#2961=VERTEX_POINT('',#8270);
#2962=VERTEX_POINT('',#8279);
#2963=VERTEX_POINT('',#8283);
#2964=VERTEX_POINT('',#8290);
#2965=VERTEX_POINT('',#8294);
#2966=VERTEX_POINT('',#8301);
#2967=VERTEX_POINT('',#8305);
#2968=VERTEX_POINT('',#8309);
#2969=VERTEX_POINT('',#8313);
#2970=VERTEX_POINT('',#8317);
#2971=VERTEX_POINT('',#8321);
#2972=VERTEX_POINT('',#8325);
#2973=VERTEX_POINT('',#8326);
#2974=VERTEX_POINT('',#8328);
#2975=VERTEX_POINT('',#8330);
#2976=VERTEX_POINT('',#8334);
#2977=VERTEX_POINT('',#8336);
#2978=VERTEX_POINT('',#8338);
#2979=VERTEX_POINT('',#8340);
#2980=VERTEX_POINT('',#8344);
#2981=VERTEX_POINT('',#8346);
#2982=VERTEX_POINT('',#8350);
#2983=VERTEX_POINT('',#8351);
#2984=VERTEX_POINT('',#8353);
#2985=VERTEX_POINT('',#8355);
#2986=VERTEX_POINT('',#8359);
#2987=VERTEX_POINT('',#8361);
#2988=VERTEX_POINT('',#8363);
#2989=VERTEX_POINT('',#8365);
#2990=VERTEX_POINT('',#8369);
#2991=VERTEX_POINT('',#8371);
#2992=VERTEX_POINT('',#8375);
#2993=VERTEX_POINT('',#8377);
#2994=VERTEX_POINT('',#8382);
#2995=VERTEX_POINT('',#8384);
#2996=VERTEX_POINT('',#8391);
#2997=VERTEX_POINT('',#8393);
#2998=VERTEX_POINT('',#8395);
#2999=VERTEX_POINT('',#8397);
#3000=VERTEX_POINT('',#8399);
#3001=VERTEX_POINT('',#8401);
#3002=VERTEX_POINT('',#8403);
#3003=VERTEX_POINT('',#8405);
#3004=VERTEX_POINT('',#8407);
#3005=VERTEX_POINT('',#8409);
#3006=VERTEX_POINT('',#8411);
#3007=VERTEX_POINT('',#8413);
#3008=VERTEX_POINT('',#8415);
#3009=VERTEX_POINT('',#8417);
#3010=VERTEX_POINT('',#8420);
#3011=VERTEX_POINT('',#8422);
#3012=VERTEX_POINT('',#8424);
#3013=VERTEX_POINT('',#8426);
#3014=VERTEX_POINT('',#8428);
#3015=VERTEX_POINT('',#8430);
#3016=VERTEX_POINT('',#8437);
#3017=VERTEX_POINT('',#8441);
#3018=VERTEX_POINT('',#8445);
#3019=VERTEX_POINT('',#8449);
#3020=VERTEX_POINT('',#8453);
#3021=VERTEX_POINT('',#8457);
#3022=VERTEX_POINT('',#8461);
#3023=VERTEX_POINT('',#8462);
#3024=VERTEX_POINT('',#8464);
#3025=VERTEX_POINT('',#8466);
#3026=VERTEX_POINT('',#8470);
#3027=VERTEX_POINT('',#8471);
#3028=VERTEX_POINT('',#8473);
#3029=VERTEX_POINT('',#8476);
#3030=VERTEX_POINT('',#8480);
#3031=VERTEX_POINT('',#8482);
#3032=VERTEX_POINT('',#8486);
#3033=VERTEX_POINT('',#8487);
#3034=VERTEX_POINT('',#8489);
#3035=VERTEX_POINT('',#8491);
#3036=VERTEX_POINT('',#8495);
#3037=VERTEX_POINT('',#8496);
#3038=VERTEX_POINT('',#8499);
#3039=VERTEX_POINT('',#8501);
#3040=VERTEX_POINT('',#8505);
#3041=VERTEX_POINT('',#8507);
#3042=VERTEX_POINT('',#8511);
#3043=VERTEX_POINT('',#8512);
#3044=VERTEX_POINT('',#8518);
#3045=VERTEX_POINT('',#8520);
#3046=VERTEX_POINT('',#8527);
#3047=VERTEX_POINT('',#8528);
#3048=VERTEX_POINT('',#8531);
#3049=VERTEX_POINT('',#8533);
#3050=VERTEX_POINT('',#8535);
#3051=VERTEX_POINT('',#8537);
#3052=VERTEX_POINT('',#8539);
#3053=VERTEX_POINT('',#8541);
#3054=VERTEX_POINT('',#8544);
#3055=VERTEX_POINT('',#8546);
#3056=VERTEX_POINT('',#8548);
#3057=VERTEX_POINT('',#8550);
#3058=VERTEX_POINT('',#8552);
#3059=VERTEX_POINT('',#8554);
#3060=VERTEX_POINT('',#8556);
#3061=VERTEX_POINT('',#8558);
#3062=VERTEX_POINT('',#8560);
#3063=VERTEX_POINT('',#8562);
#3064=VERTEX_POINT('',#8564);
#3065=VERTEX_POINT('',#8566);
#3066=VERTEX_POINT('',#8573);
#3067=VERTEX_POINT('',#8575);
#3068=VERTEX_POINT('',#8579);
#3069=VERTEX_POINT('',#8583);
#3070=VERTEX_POINT('',#8587);
#3071=VERTEX_POINT('',#8589);
#3072=VERTEX_POINT('',#8593);
#3073=VERTEX_POINT('',#8597);
#3074=VERTEX_POINT('',#8601);
#3075=VERTEX_POINT('',#8605);
#3076=VERTEX_POINT('',#8609);
#3077=VERTEX_POINT('',#8613);
#3078=VERTEX_POINT('',#8617);
#3079=VERTEX_POINT('',#8621);
#3080=VERTEX_POINT('',#8625);
#3081=VERTEX_POINT('',#8629);
#3082=VERTEX_POINT('',#8633);
#3083=VERTEX_POINT('',#8637);
#3084=VERTEX_POINT('',#8641);
#3085=VERTEX_POINT('',#8643);
#3086=VERTEX_POINT('',#8658);
#3087=VERTEX_POINT('',#8660);
#3088=VERTEX_POINT('',#8664);
#3089=VERTEX_POINT('',#8668);
#3090=VERTEX_POINT('',#8674);
#3091=VERTEX_POINT('',#8678);
#3092=VERTEX_POINT('',#8682);
#3093=VERTEX_POINT('',#8686);
#3094=VERTEX_POINT('',#8690);
#3095=VERTEX_POINT('',#8694);
#3096=VERTEX_POINT('',#8698);
#3097=VERTEX_POINT('',#8702);
#3098=VERTEX_POINT('',#8706);
#3099=VERTEX_POINT('',#8710);
#3100=VERTEX_POINT('',#8714);
#3101=VERTEX_POINT('',#8718);
#3102=VERTEX_POINT('',#8722);
#3103=VERTEX_POINT('',#8726);
#3104=VERTEX_POINT('',#8732);
#3105=VERTEX_POINT('',#8736);
#3106=VERTEX_POINT('',#8743);
#3107=VERTEX_POINT('',#8745);
#3108=VERTEX_POINT('',#8749);
#3109=VERTEX_POINT('',#8751);
#3110=VERTEX_POINT('',#8755);
#3111=VERTEX_POINT('',#8757);
#3112=VERTEX_POINT('',#8761);
#3113=VERTEX_POINT('',#8763);
#3114=VERTEX_POINT('',#8767);
#3115=VERTEX_POINT('',#8769);
#3116=VERTEX_POINT('',#8773);
#3117=VERTEX_POINT('',#8775);
#3118=VERTEX_POINT('',#8779);
#3119=VERTEX_POINT('',#8781);
#3120=VERTEX_POINT('',#8785);
#3121=VERTEX_POINT('',#8787);
#3122=VERTEX_POINT('',#8791);
#3123=VERTEX_POINT('',#8792);
#3124=VERTEX_POINT('',#8794);
#3125=VERTEX_POINT('',#8796);
#3126=VERTEX_POINT('',#8800);
#3127=VERTEX_POINT('',#8801);
#3128=VERTEX_POINT('',#8806);
#3129=VERTEX_POINT('',#8807);
#3130=VERTEX_POINT('',#8812);
#3131=VERTEX_POINT('',#8813);
#3132=VERTEX_POINT('',#8818);
#3133=VERTEX_POINT('',#8819);
#3134=VERTEX_POINT('',#8824);
#3135=VERTEX_POINT('',#8825);
#3136=VERTEX_POINT('',#8830);
#3137=VERTEX_POINT('',#8831);
#3138=VERTEX_POINT('',#8839);
#3139=VERTEX_POINT('',#8841);
#3140=VERTEX_POINT('',#8864);
#3141=VERTEX_POINT('',#8867);
#3142=VERTEX_POINT('',#8870);
#3143=VERTEX_POINT('',#8872);
#3144=VERTEX_POINT('',#8876);
#3145=VERTEX_POINT('',#8880);
#3146=VERTEX_POINT('',#8884);
#3147=VERTEX_POINT('',#8888);
#3148=VERTEX_POINT('',#8889);
#3149=VERTEX_POINT('',#8894);
#3150=VERTEX_POINT('',#8895);
#3151=VERTEX_POINT('',#8900);
#3152=VERTEX_POINT('',#8907);
#3153=VERTEX_POINT('',#8908);
#3154=VERTEX_POINT('',#8910);
#3155=VERTEX_POINT('',#8912);
#3156=VERTEX_POINT('',#8914);
#3157=VERTEX_POINT('',#8916);
#3158=VERTEX_POINT('',#8918);
#3159=VERTEX_POINT('',#8920);
#3160=VERTEX_POINT('',#8948);
#3161=VERTEX_POINT('',#8949);
#3162=VERTEX_POINT('',#8951);
#3163=VERTEX_POINT('',#8953);
#3164=VERTEX_POINT('',#8957);
#3165=VERTEX_POINT('',#8958);
#3166=VERTEX_POINT('',#8960);
#3167=VERTEX_POINT('',#8962);
#3168=VERTEX_POINT('',#8964);
#3169=VERTEX_POINT('',#8966);
#3170=VERTEX_POINT('',#8968);
#3171=VERTEX_POINT('',#8970);
#3172=VERTEX_POINT('',#8972);
#3173=VERTEX_POINT('',#8974);
#3174=VERTEX_POINT('',#8976);
#3175=VERTEX_POINT('',#8978);
#3176=VERTEX_POINT('',#8982);
#3177=VERTEX_POINT('',#8983);
#3178=VERTEX_POINT('',#8985);
#3179=VERTEX_POINT('',#8987);
#3180=VERTEX_POINT('',#8991);
#3181=VERTEX_POINT('',#8992);
#3182=VERTEX_POINT('',#8994);
#3183=VERTEX_POINT('',#8996);
#3184=VERTEX_POINT('',#8998);
#3185=VERTEX_POINT('',#9000);
#3186=VERTEX_POINT('',#9002);
#3187=VERTEX_POINT('',#9004);
#3188=VERTEX_POINT('',#9008);
#3189=VERTEX_POINT('',#9009);
#3190=VERTEX_POINT('',#9011);
#3191=VERTEX_POINT('',#9013);
#3192=VERTEX_POINT('',#9017);
#3193=VERTEX_POINT('',#9019);
#3194=VERTEX_POINT('',#9023);
#3195=VERTEX_POINT('',#9024);
#3196=VERTEX_POINT('',#9026);
#3197=VERTEX_POINT('',#9029);
#3198=VERTEX_POINT('',#9033);
#3199=VERTEX_POINT('',#9034);
#3200=VERTEX_POINT('',#9039);
#3201=VERTEX_POINT('',#9040);
#3202=VERTEX_POINT('',#9043);
#3203=VERTEX_POINT('',#9045);
#3204=VERTEX_POINT('',#9054);
#3205=VERTEX_POINT('',#9058);
#3206=VERTEX_POINT('',#9072);
#3207=VERTEX_POINT('',#9074);
#3208=VERTEX_POINT('',#9111);
#3209=VERTEX_POINT('',#9112);
#3210=VERTEX_POINT('',#9114);
#3211=VERTEX_POINT('',#9116);
#3212=VERTEX_POINT('',#9120);
#3213=VERTEX_POINT('',#9121);
#3214=VERTEX_POINT('',#9123);
#3215=VERTEX_POINT('',#9125);
#3216=VERTEX_POINT('',#9127);
#3217=VERTEX_POINT('',#9129);
#3218=VERTEX_POINT('',#9131);
#3219=VERTEX_POINT('',#9133);
#3220=VERTEX_POINT('',#9135);
#3221=VERTEX_POINT('',#9137);
#3222=VERTEX_POINT('',#9139);
#3223=VERTEX_POINT('',#9141);
#3224=VERTEX_POINT('',#9145);
#3225=VERTEX_POINT('',#9146);
#3226=VERTEX_POINT('',#9148);
#3227=VERTEX_POINT('',#9150);
#3228=VERTEX_POINT('',#9154);
#3229=VERTEX_POINT('',#9155);
#3230=VERTEX_POINT('',#9157);
#3231=VERTEX_POINT('',#9159);
#3232=VERTEX_POINT('',#9161);
#3233=VERTEX_POINT('',#9163);
#3234=VERTEX_POINT('',#9165);
#3235=VERTEX_POINT('',#9167);
#3236=VERTEX_POINT('',#9171);
#3237=VERTEX_POINT('',#9172);
#3238=VERTEX_POINT('',#9174);
#3239=VERTEX_POINT('',#9176);
#3240=VERTEX_POINT('',#9180);
#3241=VERTEX_POINT('',#9182);
#3242=VERTEX_POINT('',#9186);
#3243=VERTEX_POINT('',#9187);
#3244=VERTEX_POINT('',#9189);
#3245=VERTEX_POINT('',#9192);
#3246=VERTEX_POINT('',#9196);
#3247=VERTEX_POINT('',#9197);
#3248=VERTEX_POINT('',#9202);
#3249=VERTEX_POINT('',#9203);
#3250=VERTEX_POINT('',#9206);
#3251=VERTEX_POINT('',#9208);
#3252=VERTEX_POINT('',#9217);
#3253=VERTEX_POINT('',#9221);
#3254=VERTEX_POINT('',#9235);
#3255=VERTEX_POINT('',#9237);
#3256=VERTEX_POINT('',#9246);
#3257=VERTEX_POINT('',#9248);
#3258=VERTEX_POINT('',#9278);
#3259=VERTEX_POINT('',#9279);
#3260=VERTEX_POINT('',#9281);
#3261=VERTEX_POINT('',#9283);
#3262=VERTEX_POINT('',#9285);
#3263=VERTEX_POINT('',#9287);
#3264=VERTEX_POINT('',#9289);
#3265=VERTEX_POINT('',#9291);
#3266=VERTEX_POINT('',#9293);
#3267=VERTEX_POINT('',#9295);
#3268=VERTEX_POINT('',#9297);
#3269=VERTEX_POINT('',#9299);
#3270=VERTEX_POINT('',#9301);
#3271=VERTEX_POINT('',#9305);
#3272=VERTEX_POINT('',#9306);
#3273=VERTEX_POINT('',#9308);
#3274=VERTEX_POINT('',#9310);
#3275=VERTEX_POINT('',#9312);
#3276=VERTEX_POINT('',#9314);
#3277=VERTEX_POINT('',#9316);
#3278=VERTEX_POINT('',#9318);
#3279=VERTEX_POINT('',#9320);
#3280=VERTEX_POINT('',#9322);
#3281=VERTEX_POINT('',#9324);
#3282=VERTEX_POINT('',#9326);
#3283=VERTEX_POINT('',#9328);
#3284=VERTEX_POINT('',#9332);
#3285=VERTEX_POINT('',#9334);
#3286=VERTEX_POINT('',#9338);
#3287=VERTEX_POINT('',#9340);
#3288=VERTEX_POINT('',#9344);
#3289=VERTEX_POINT('',#9345);
#3290=VERTEX_POINT('',#9347);
#3291=VERTEX_POINT('',#9349);
#3292=VERTEX_POINT('',#9351);
#3293=VERTEX_POINT('',#9353);
#3294=VERTEX_POINT('',#9355);
#3295=VERTEX_POINT('',#9357);
#3296=VERTEX_POINT('',#9359);
#3297=VERTEX_POINT('',#9361);
#3298=VERTEX_POINT('',#9366);
#3299=VERTEX_POINT('',#9367);
#3300=VERTEX_POINT('',#9369);
#3301=VERTEX_POINT('',#9371);
#3302=VERTEX_POINT('',#9374);
#3303=VERTEX_POINT('',#9376);
#3304=VERTEX_POINT('',#9378);
#3305=VERTEX_POINT('',#9380);
#3306=VERTEX_POINT('',#9382);
#3307=VERTEX_POINT('',#9384);
#3308=VERTEX_POINT('',#9394);
#3309=VERTEX_POINT('',#9395);
#3310=VERTEX_POINT('',#9397);
#3311=VERTEX_POINT('',#9399);
#3312=VERTEX_POINT('',#9401);
#3313=VERTEX_POINT('',#9403);
#3314=VERTEX_POINT('',#9405);
#3315=VERTEX_POINT('',#9407);
#3316=VERTEX_POINT('',#9409);
#3317=VERTEX_POINT('',#9411);
#3318=VERTEX_POINT('',#9413);
#3319=VERTEX_POINT('',#9415);
#3320=VERTEX_POINT('',#9417);
#3321=VERTEX_POINT('',#9419);
#3322=VERTEX_POINT('',#9421);
#3323=VERTEX_POINT('',#9423);
#3324=VERTEX_POINT('',#9425);
#3325=VERTEX_POINT('',#9427);
#3326=VERTEX_POINT('',#9429);
#3327=VERTEX_POINT('',#9431);
#3328=VERTEX_POINT('',#9434);
#3329=VERTEX_POINT('',#9435);
#3330=VERTEX_POINT('',#9437);
#3331=VERTEX_POINT('',#9439);
#3332=VERTEX_POINT('',#9441);
#3333=VERTEX_POINT('',#9443);
#3334=VERTEX_POINT('',#9445);
#3335=VERTEX_POINT('',#9447);
#3336=VERTEX_POINT('',#9449);
#3337=VERTEX_POINT('',#9451);
#3338=VERTEX_POINT('',#9453);
#3339=VERTEX_POINT('',#9455);
#3340=VERTEX_POINT('',#9457);
#3341=VERTEX_POINT('',#9460);
#3342=VERTEX_POINT('',#9462);
#3343=VERTEX_POINT('',#9464);
#3344=VERTEX_POINT('',#9466);
#3345=VERTEX_POINT('',#9468);
#3346=VERTEX_POINT('',#9470);
#3347=VERTEX_POINT('',#9472);
#3348=VERTEX_POINT('',#9474);
#3349=VERTEX_POINT('',#9477);
#3350=VERTEX_POINT('',#9479);
#3351=VERTEX_POINT('',#9481);
#3352=VERTEX_POINT('',#9483);
#3353=VERTEX_POINT('',#9485);
#3354=VERTEX_POINT('',#9487);
#3355=VERTEX_POINT('',#9489);
#3356=VERTEX_POINT('',#9493);
#3357=VERTEX_POINT('',#9494);
#3358=VERTEX_POINT('',#9499);
#3359=VERTEX_POINT('',#9500);
#3360=VERTEX_POINT('',#9503);
#3361=VERTEX_POINT('',#9505);
#3362=VERTEX_POINT('',#9509);
#3363=VERTEX_POINT('',#9510);
#3364=VERTEX_POINT('',#9512);
#3365=VERTEX_POINT('',#9515);
#3366=VERTEX_POINT('',#9519);
#3367=VERTEX_POINT('',#9520);
#3368=VERTEX_POINT('',#9525);
#3369=VERTEX_POINT('',#9527);
#3370=VERTEX_POINT('',#9531);
#3371=VERTEX_POINT('',#9532);
#3372=VERTEX_POINT('',#9534);
#3373=VERTEX_POINT('',#9536);
#3374=VERTEX_POINT('',#9538);
#3375=VERTEX_POINT('',#9540);
#3376=VERTEX_POINT('',#9542);
#3377=VERTEX_POINT('',#9544);
#3378=VERTEX_POINT('',#9546);
#3379=VERTEX_POINT('',#9548);
#3380=VERTEX_POINT('',#9550);
#3381=VERTEX_POINT('',#9552);
#3382=VERTEX_POINT('',#9554);
#3383=VERTEX_POINT('',#9556);
#3384=VERTEX_POINT('',#9558);
#3385=VERTEX_POINT('',#9560);
#3386=VERTEX_POINT('',#9563);
#3387=VERTEX_POINT('',#9565);
#3388=VERTEX_POINT('',#9567);
#3389=VERTEX_POINT('',#9569);
#3390=VERTEX_POINT('',#9571);
#3391=VERTEX_POINT('',#9573);
#3392=VERTEX_POINT('',#9575);
#3393=VERTEX_POINT('',#9577);
#3394=VERTEX_POINT('',#9579);
#3395=VERTEX_POINT('',#9582);
#3396=VERTEX_POINT('',#9584);
#3397=VERTEX_POINT('',#9586);
#3398=VERTEX_POINT('',#9588);
#3399=VERTEX_POINT('',#9590);
#3400=VERTEX_POINT('',#9592);
#3401=VERTEX_POINT('',#9595);
#3402=VERTEX_POINT('',#9597);
#3403=VERTEX_POINT('',#9599);
#3404=VERTEX_POINT('',#9601);
#3405=VERTEX_POINT('',#9603);
#3406=VERTEX_POINT('',#9605);
#3407=VERTEX_POINT('',#9607);
#3408=VERTEX_POINT('',#9609);
#3409=VERTEX_POINT('',#9611);
#3410=VERTEX_POINT('',#9715);
#3411=VERTEX_POINT('',#9717);
#3412=VERTEX_POINT('',#9719);
#3413=VERTEX_POINT('',#9721);
#3414=VERTEX_POINT('',#9725);
#3415=VERTEX_POINT('',#9727);
#3416=VERTEX_POINT('',#9733);
#3417=VERTEX_POINT('',#9735);
#3418=VERTEX_POINT('',#9757);
#3419=VERTEX_POINT('',#9759);
#3420=VERTEX_POINT('',#9761);
#3421=VERTEX_POINT('',#9763);
#3422=VERTEX_POINT('',#9767);
#3423=VERTEX_POINT('',#9769);
#3424=VERTEX_POINT('',#9774);
#3425=VERTEX_POINT('',#9776);
#3426=LINE('',#8092,#4085);
#3427=LINE('',#8095,#4086);
#3428=LINE('',#8097,#4087);
#3429=LINE('',#8099,#4088);
#3430=LINE('',#8101,#4089);
#3431=LINE('',#8103,#4090);
#3432=LINE('',#8105,#4091);
#3433=LINE('',#8107,#4092);
#3434=LINE('',#8112,#4093);
#3435=LINE('',#8116,#4094);
#3436=LINE('',#8120,#4095);
#3437=LINE('',#8124,#4096);
#3438=LINE('',#8126,#4097);
#3439=LINE('',#8128,#4098);
#3440=LINE('',#8130,#4099);
#3441=LINE('',#8132,#4100);
#3442=LINE('',#8134,#4101);
#3443=LINE('',#8136,#4102);
#3444=LINE('',#8138,#4103);
#3445=LINE('',#8140,#4104);
#3446=LINE('',#8142,#4105);
#3447=LINE('',#8144,#4106);
#3448=LINE('',#8146,#4107);
#3449=LINE('',#8148,#4108);
#3450=LINE('',#8150,#4109);
#3451=LINE('',#8152,#4110);
#3452=LINE('',#8156,#4111);
#3453=LINE('',#8158,#4112);
#3454=LINE('',#8160,#4113);
#3455=LINE('',#8162,#4114);
#3456=LINE('',#8164,#4115);
#3457=LINE('',#8166,#4116);
#3458=LINE('',#8168,#4117);
#3459=LINE('',#8170,#4118);
#3460=LINE('',#8172,#4119);
#3461=LINE('',#8174,#4120);
#3462=LINE('',#8176,#4121);
#3463=LINE('',#8179,#4122);
#3464=LINE('',#8180,#4123);
#3465=LINE('',#8182,#4124);
#3466=LINE('',#8184,#4125);
#3467=LINE('',#8185,#4126);
#3468=LINE('',#8187,#4127);
#3469=LINE('',#8189,#4128);
#3470=LINE('',#8190,#4129);
#3471=LINE('',#8192,#4130);
#3472=LINE('',#8194,#4131);
#3473=LINE('',#8196,#4132);
#3474=LINE('',#8198,#4133);
#3475=LINE('',#8200,#4134);
#3476=LINE('',#8203,#4135);
#3477=LINE('',#8204,#4136);
#3478=LINE('',#8206,#4137);
#3479=LINE('',#8207,#4138);
#3480=LINE('',#8209,#4139);
#3481=LINE('',#8211,#4140);
#3482=LINE('',#8213,#4141);
#3483=LINE('',#8215,#4142);
#3484=LINE('',#8217,#4143);
#3485=LINE('',#8219,#4144);
#3486=LINE('',#8221,#4145);
#3487=LINE('',#8222,#4146);
#3488=LINE('',#8224,#4147);
#3489=LINE('',#8225,#4148);
#3490=LINE('',#8227,#4149);
#3491=LINE('',#8229,#4150);
#3492=LINE('',#8231,#4151);
#3493=LINE('',#8233,#4152);
#3494=LINE('',#8235,#4153);
#3495=LINE('',#8237,#4154);
#3496=LINE('',#8239,#4155);
#3497=LINE('',#8241,#4156);
#3498=LINE('',#8243,#4157);
#3499=LINE('',#8245,#4158);
#3500=LINE('',#8247,#4159);
#3501=LINE('',#8249,#4160);
#3502=LINE('',#8251,#4161);
#3503=LINE('',#8252,#4162);
#3504=LINE('',#8255,#4163);
#3505=LINE('',#8257,#4164);
#3506=LINE('',#8259,#4165);
#3507=LINE('',#8261,#4166);
#3508=LINE('',#8263,#4167);
#3509=LINE('',#8265,#4168);
#3510=LINE('',#8267,#4169);
#3511=LINE('',#8269,#4170);
#3512=LINE('',#8271,#4171);
#3513=LINE('',#8273,#4172);
#3514=LINE('',#8275,#4173);
#3515=LINE('',#8278,#4174);
#3516=LINE('',#8280,#4175);
#3517=LINE('',#8282,#4176);
#3518=LINE('',#8284,#4177);
#3519=LINE('',#8286,#4178);
#3520=LINE('',#8289,#4179);
#3521=LINE('',#8291,#4180);
#3522=LINE('',#8293,#4181);
#3523=LINE('',#8295,#4182);
#3524=LINE('',#8297,#4183);
#3525=LINE('',#8300,#4184);
#3526=LINE('',#8302,#4185);
#3527=LINE('',#8304,#4186);
#3528=LINE('',#8306,#4187);
#3529=LINE('',#8308,#4188);
#3530=LINE('',#8310,#4189);
#3531=LINE('',#8312,#4190);
#3532=LINE('',#8314,#4191);
#3533=LINE('',#8316,#4192);
#3534=LINE('',#8318,#4193);
#3535=LINE('',#8320,#4194);
#3536=LINE('',#8322,#4195);
#3537=LINE('',#8324,#4196);
#3538=LINE('',#8327,#4197);
#3539=LINE('',#8329,#4198);
#3540=LINE('',#8331,#4199);
#3541=LINE('',#8333,#4200);
#3542=LINE('',#8335,#4201);
#3543=LINE('',#8337,#4202);
#3544=LINE('',#8339,#4203);
#3545=LINE('',#8341,#4204);
#3546=LINE('',#8343,#4205);
#3547=LINE('',#8345,#4206);
#3548=LINE('',#8347,#4207);
#3549=LINE('',#8349,#4208);
#3550=LINE('',#8352,#4209);
#3551=LINE('',#8354,#4210);
#3552=LINE('',#8356,#4211);
#3553=LINE('',#8358,#4212);
#3554=LINE('',#8360,#4213);
#3555=LINE('',#8362,#4214);
#3556=LINE('',#8364,#4215);
#3557=LINE('',#8366,#4216);
#3558=LINE('',#8368,#4217);
#3559=LINE('',#8370,#4218);
#3560=LINE('',#8372,#4219);
#3561=LINE('',#8374,#4220);
#3562=LINE('',#8376,#4221);
#3563=LINE('',#8378,#4222);
#3564=LINE('',#8379,#4223);
#3565=LINE('',#8381,#4224);
#3566=LINE('',#8383,#4225);
#3567=LINE('',#8385,#4226);
#3568=LINE('',#8386,#4227);
#3569=LINE('',#8388,#4228);
#3570=LINE('',#8392,#4229);
#3571=LINE('',#8396,#4230);
#3572=LINE('',#8400,#4231);
#3573=LINE('',#8404,#4232);
#3574=LINE('',#8408,#4233);
#3575=LINE('',#8412,#4234);
#3576=LINE('',#8416,#4235);
#3577=LINE('',#8421,#4236);
#3578=LINE('',#8425,#4237);
#3579=LINE('',#8429,#4238);
#3580=LINE('',#8432,#4239);
#3581=LINE('',#8436,#4240);
#3582=LINE('',#8438,#4241);
#3583=LINE('',#8440,#4242);
#3584=LINE('',#8442,#4243);
#3585=LINE('',#8444,#4244);
#3586=LINE('',#8446,#4245);
#3587=LINE('',#8448,#4246);
#3588=LINE('',#8450,#4247);
#3589=LINE('',#8452,#4248);
#3590=LINE('',#8454,#4249);
#3591=LINE('',#8456,#4250);
#3592=LINE('',#8458,#4251);
#3593=LINE('',#8460,#4252);
#3594=LINE('',#8463,#4253);
#3595=LINE('',#8465,#4254);
#3596=LINE('',#8467,#4255);
#3597=LINE('',#8469,#4256);
#3598=LINE('',#8472,#4257);
#3599=LINE('',#8474,#4258);
#3600=LINE('',#8475,#4259);
#3601=LINE('',#8477,#4260);
#3602=LINE('',#8479,#4261);
#3603=LINE('',#8481,#4262);
#3604=LINE('',#8483,#4263);
#3605=LINE('',#8485,#4264);
#3606=LINE('',#8488,#4265);
#3607=LINE('',#8490,#4266);
#3608=LINE('',#8492,#4267);
#3609=LINE('',#8494,#4268);
#3610=LINE('',#8497,#4269);
#3611=LINE('',#8498,#4270);
#3612=LINE('',#8500,#4271);
#3613=LINE('',#8502,#4272);
#3614=LINE('',#8504,#4273);
#3615=LINE('',#8506,#4274);
#3616=LINE('',#8508,#4275);
#3617=LINE('',#8510,#4276);
#3618=LINE('',#8513,#4277);
#3619=LINE('',#8514,#4278);
#3620=LINE('',#8515,#4279);
#3621=LINE('',#8517,#4280);
#3622=LINE('',#8519,#4281);
#3623=LINE('',#8521,#4282);
#3624=LINE('',#8522,#4283);
#3625=LINE('',#8524,#4284);
#3626=LINE('',#8526,#4285);
#3627=LINE('',#8532,#4286);
#3628=LINE('',#8536,#4287);
#3629=LINE('',#8540,#4288);
#3630=LINE('',#8545,#4289);
#3631=LINE('',#8549,#4290);
#3632=LINE('',#8553,#4291);
#3633=LINE('',#8557,#4292);
#3634=LINE('',#8561,#4293);
#3635=LINE('',#8565,#4294);
#3636=LINE('',#8568,#4295);
#3637=LINE('',#8572,#4296);
#3638=LINE('',#8574,#4297);
#3639=LINE('',#8576,#4298);
#3640=LINE('',#8580,#4299);
#3641=LINE('',#8582,#4300);
#3642=LINE('',#8584,#4301);
#3643=LINE('',#8586,#4302);
#3644=LINE('',#8588,#4303);
#3645=LINE('',#8590,#4304);
#3646=LINE('',#8594,#4305);
#3647=LINE('',#8596,#4306);
#3648=LINE('',#8598,#4307);
#3649=LINE('',#8600,#4308);
#3650=LINE('',#8604,#4309);
#3651=LINE('',#8606,#4310);
#3652=LINE('',#8610,#4311);
#3653=LINE('',#8612,#4312);
#3654=LINE('',#8614,#4313);
#3655=LINE('',#8618,#4314);
#3656=LINE('',#8620,#4315);
#3657=LINE('',#8622,#4316);
#3658=LINE('',#8624,#4317);
#3659=LINE('',#8628,#4318);
#3660=LINE('',#8630,#4319);
#3661=LINE('',#8634,#4320);
#3662=LINE('',#8636,#4321);
#3663=LINE('',#8638,#4322);
#3664=LINE('',#8640,#4323);
#3665=LINE('',#8642,#4324);
#3666=LINE('',#8644,#4325);
#3667=LINE('',#8657,#4326);
#3668=LINE('',#8659,#4327);
#3669=LINE('',#8661,#4328);
#3670=LINE('',#8663,#4329);
#3671=LINE('',#8667,#4330);
#3672=LINE('',#8669,#4331);
#3673=LINE('',#8673,#4332);
#3674=LINE('',#8677,#4333);
#3675=LINE('',#8679,#4334);
#3676=LINE('',#8681,#4335);
#3677=LINE('',#8685,#4336);
#3678=LINE('',#8687,#4337);
#3679=LINE('',#8689,#4338);
#3680=LINE('',#8693,#4339);
#3681=LINE('',#8695,#4340);
#3682=LINE('',#8697,#4341);
#3683=LINE('',#8701,#4342);
#3684=LINE('',#8703,#4343);
#3685=LINE('',#8705,#4344);
#3686=LINE('',#8709,#4345);
#3687=LINE('',#8711,#4346);
#3688=LINE('',#8713,#4347);
#3689=LINE('',#8717,#4348);
#3690=LINE('',#8719,#4349);
#3691=LINE('',#8721,#4350);
#3692=LINE('',#8725,#4351);
#3693=LINE('',#8727,#4352);
#3694=LINE('',#8731,#4353);
#3695=LINE('',#8735,#4354);
#3696=LINE('',#8737,#4355);
#3697=LINE('',#8742,#4356);
#3698=LINE('',#8744,#4357);
#3699=LINE('',#8746,#4358);
#3700=LINE('',#8748,#4359);
#3701=LINE('',#8750,#4360);
#3702=LINE('',#8752,#4361);
#3703=LINE('',#8754,#4362);
#3704=LINE('',#8756,#4363);
#3705=LINE('',#8758,#4364);
#3706=LINE('',#8760,#4365);
#3707=LINE('',#8762,#4366);
#3708=LINE('',#8764,#4367);
#3709=LINE('',#8766,#4368);
#3710=LINE('',#8768,#4369);
#3711=LINE('',#8770,#4370);
#3712=LINE('',#8772,#4371);
#3713=LINE('',#8774,#4372);
#3714=LINE('',#8776,#4373);
#3715=LINE('',#8778,#4374);
#3716=LINE('',#8780,#4375);
#3717=LINE('',#8782,#4376);
#3718=LINE('',#8784,#4377);
#3719=LINE('',#8786,#4378);
#3720=LINE('',#8788,#4379);
#3721=LINE('',#8790,#4380);
#3722=LINE('',#8793,#4381);
#3723=LINE('',#8795,#4382);
#3724=LINE('',#8797,#4383);
#3725=LINE('',#8799,#4384);
#3726=LINE('',#8802,#4385);
#3727=LINE('',#8803,#4386);
#3728=LINE('',#8805,#4387);
#3729=LINE('',#8808,#4388);
#3730=LINE('',#8809,#4389);
#3731=LINE('',#8811,#4390);
#3732=LINE('',#8814,#4391);
#3733=LINE('',#8815,#4392);
#3734=LINE('',#8817,#4393);
#3735=LINE('',#8820,#4394);
#3736=LINE('',#8821,#4395);
#3737=LINE('',#8823,#4396);
#3738=LINE('',#8826,#4397);
#3739=LINE('',#8827,#4398);
#3740=LINE('',#8829,#4399);
#3741=LINE('',#8832,#4400);
#3742=LINE('',#8833,#4401);
#3743=LINE('',#8835,#4402);
#3744=LINE('',#8836,#4403);
#3745=LINE('',#8838,#4404);
#3746=LINE('',#8840,#4405);
#3747=LINE('',#8842,#4406);
#3748=LINE('',#8845,#4407);
#3749=LINE('',#8846,#4408);
#3750=LINE('',#8848,#4409);
#3751=LINE('',#8850,#4410);
#3752=LINE('',#8852,#4411);
#3753=LINE('',#8854,#4412);
#3754=LINE('',#8856,#4413);
#3755=LINE('',#8859,#4414);
#3756=LINE('',#8869,#4415);
#3757=LINE('',#8873,#4416);
#3758=LINE('',#8875,#4417);
#3759=LINE('',#8877,#4418);
#3760=LINE('',#8879,#4419);
#3761=LINE('',#8883,#4420);
#3762=LINE('',#8885,#4421);
#3763=LINE('',#8887,#4422);
#3764=LINE('',#8893,#4423);
#3765=LINE('',#8896,#4424);
#3766=LINE('',#8897,#4425);
#3767=LINE('',#8899,#4426);
#3768=LINE('',#8904,#4427);
#3769=LINE('',#8906,#4428);
#3770=LINE('',#8911,#4429);
#3771=LINE('',#8915,#4430);
#3772=LINE('',#8919,#4431);
#3773=LINE('',#8941,#4432);
#3774=LINE('',#8942,#4433);
#3775=LINE('',#8947,#4434);
#3776=LINE('',#8950,#4435);
#3777=LINE('',#8952,#4436);
#3778=LINE('',#8954,#4437);
#3779=LINE('',#8956,#4438);
#3780=LINE('',#8959,#4439);
#3781=LINE('',#8961,#4440);
#3782=LINE('',#8963,#4441);
#3783=LINE('',#8965,#4442);
#3784=LINE('',#8967,#4443);
#3785=LINE('',#8969,#4444);
#3786=LINE('',#8971,#4445);
#3787=LINE('',#8973,#4446);
#3788=LINE('',#8975,#4447);
#3789=LINE('',#8977,#4448);
#3790=LINE('',#8979,#4449);
#3791=LINE('',#8981,#4450);
#3792=LINE('',#8984,#4451);
#3793=LINE('',#8986,#4452);
#3794=LINE('',#8988,#4453);
#3795=LINE('',#8990,#4454);
#3796=LINE('',#8993,#4455);
#3797=LINE('',#8995,#4456);
#3798=LINE('',#8997,#4457);
#3799=LINE('',#8999,#4458);
#3800=LINE('',#9001,#4459);
#3801=LINE('',#9003,#4460);
#3802=LINE('',#9005,#4461);
#3803=LINE('',#9007,#4462);
#3804=LINE('',#9010,#4463);
#3805=LINE('',#9012,#4464);
#3806=LINE('',#9014,#4465);
#3807=LINE('',#9018,#4466);
#3808=LINE('',#9022,#4467);
#3809=LINE('',#9027,#4468);
#3810=LINE('',#9028,#4469);
#3811=LINE('',#9032,#4470);
#3812=LINE('',#9035,#4471);
#3813=LINE('',#9036,#4472);
#3814=LINE('',#9038,#4473);
#3815=LINE('',#9044,#4474);
#3816=LINE('',#9046,#4475);
#3817=LINE('',#9051,#4476);
#3818=LINE('',#9053,#4477);
#3819=LINE('',#9057,#4478);
#3820=LINE('',#9059,#4479);
#3821=LINE('',#9061,#4480);
#3822=LINE('',#9064,#4481);
#3823=LINE('',#9066,#4482);
#3824=LINE('',#9068,#4483);
#3825=LINE('',#9069,#4484);
#3826=LINE('',#9071,#4485);
#3827=LINE('',#9073,#4486);
#3828=LINE('',#9075,#4487);
#3829=LINE('',#9078,#4488);
#3830=LINE('',#9080,#4489);
#3831=LINE('',#9082,#4490);
#3832=LINE('',#9084,#4491);
#3833=LINE('',#9085,#4492);
#3834=LINE('',#9087,#4493);
#3835=LINE('',#9110,#4494);
#3836=LINE('',#9113,#4495);
#3837=LINE('',#9115,#4496);
#3838=LINE('',#9117,#4497);
#3839=LINE('',#9119,#4498);
#3840=LINE('',#9122,#4499);
#3841=LINE('',#9124,#4500);
#3842=LINE('',#9126,#4501);
#3843=LINE('',#9128,#4502);
#3844=LINE('',#9130,#4503);
#3845=LINE('',#9132,#4504);
#3846=LINE('',#9134,#4505);
#3847=LINE('',#9136,#4506);
#3848=LINE('',#9138,#4507);
#3849=LINE('',#9140,#4508);
#3850=LINE('',#9142,#4509);
#3851=LINE('',#9144,#4510);
#3852=LINE('',#9147,#4511);
#3853=LINE('',#9149,#4512);
#3854=LINE('',#9151,#4513);
#3855=LINE('',#9153,#4514);
#3856=LINE('',#9156,#4515);
#3857=LINE('',#9158,#4516);
#3858=LINE('',#9160,#4517);
#3859=LINE('',#9162,#4518);
#3860=LINE('',#9164,#4519);
#3861=LINE('',#9166,#4520);
#3862=LINE('',#9168,#4521);
#3863=LINE('',#9170,#4522);
#3864=LINE('',#9173,#4523);
#3865=LINE('',#9175,#4524);
#3866=LINE('',#9177,#4525);
#3867=LINE('',#9181,#4526);
#3868=LINE('',#9185,#4527);
#3869=LINE('',#9190,#4528);
#3870=LINE('',#9191,#4529);
#3871=LINE('',#9195,#4530);
#3872=LINE('',#9198,#4531);
#3873=LINE('',#9199,#4532);
#3874=LINE('',#9201,#4533);
#3875=LINE('',#9207,#4534);
#3876=LINE('',#9209,#4535);
#3877=LINE('',#9214,#4536);
#3878=LINE('',#9216,#4537);
#3879=LINE('',#9220,#4538);
#3880=LINE('',#9222,#4539);
#3881=LINE('',#9224,#4540);
#3882=LINE('',#9227,#4541);
#3883=LINE('',#9229,#4542);
#3884=LINE('',#9231,#4543);
#3885=LINE('',#9232,#4544);
#3886=LINE('',#9234,#4545);
#3887=LINE('',#9236,#4546);
#3888=LINE('',#9238,#4547);
#3889=LINE('',#9241,#4548);
#3890=LINE('',#9243,#4549);
#3891=LINE('',#9245,#4550);
#3892=LINE('',#9247,#4551);
#3893=LINE('',#9249,#4552);
#3894=LINE('',#9251,#4553);
#3895=LINE('',#9252,#4554);
#3896=LINE('',#9254,#4555);
#3897=LINE('',#9277,#4556);
#3898=LINE('',#9282,#4557);
#3899=LINE('',#9284,#4558);
#3900=LINE('',#9288,#4559);
#3901=LINE('',#9292,#4560);
#3902=LINE('',#9296,#4561);
#3903=LINE('',#9300,#4562);
#3904=LINE('',#9302,#4563);
#3905=LINE('',#9304,#4564);
#3906=LINE('',#9307,#4565);
#3907=LINE('',#9311,#4566);
#3908=LINE('',#9315,#4567);
#3909=LINE('',#9319,#4568);
#3910=LINE('',#9323,#4569);
#3911=LINE('',#9325,#4570);
#3912=LINE('',#9329,#4571);
#3913=LINE('',#9331,#4572);
#3914=LINE('',#9333,#4573);
#3915=LINE('',#9335,#4574);
#3916=LINE('',#9337,#4575);
#3917=LINE('',#9339,#4576);
#3918=LINE('',#9341,#4577);
#3919=LINE('',#9346,#4578);
#3920=LINE('',#9348,#4579);
#3921=LINE('',#9352,#4580);
#3922=LINE('',#9356,#4581);
#3923=LINE('',#9360,#4582);
#3924=LINE('',#9363,#4583);
#3925=LINE('',#9365,#4584);
#3926=LINE('',#9368,#4585);
#3927=LINE('',#9372,#4586);
#3928=LINE('',#9375,#4587);
#3929=LINE('',#9379,#4588);
#3930=LINE('',#9383,#4589);
#3931=LINE('',#9387,#4590);
#3932=LINE('',#9388,#4591);
#3933=LINE('',#9390,#4592);
#3934=LINE('',#9391,#4593);
#3935=LINE('',#9393,#4594);
#3936=LINE('',#9396,#4595);
#3937=LINE('',#9398,#4596);
#3938=LINE('',#9400,#4597);
#3939=LINE('',#9404,#4598);
#3940=LINE('',#9408,#4599);
#3941=LINE('',#9412,#4600);
#3942=LINE('',#9416,#4601);
#3943=LINE('',#9418,#4602);
#3944=LINE('',#9420,#4603);
#3945=LINE('',#9422,#4604);
#3946=LINE('',#9424,#4605);
#3947=LINE('',#9428,#4606);
#3948=LINE('',#9432,#4607);
#3949=LINE('',#9436,#4608);
#3950=LINE('',#9438,#4609);
#3951=LINE('',#9440,#4610);
#3952=LINE('',#9444,#4611);
#3953=LINE('',#9446,#4612);
#3954=LINE('',#9450,#4613);
#3955=LINE('',#9454,#4614);
#3956=LINE('',#9458,#4615);
#3957=LINE('',#9459,#4616);
#3958=LINE('',#9463,#4617);
#3959=LINE('',#9467,#4618);
#3960=LINE('',#9471,#4619);
#3961=LINE('',#9475,#4620);
#3962=LINE('',#9476,#4621);
#3963=LINE('',#9480,#4622);
#3964=LINE('',#9484,#4623);
#3965=LINE('',#9488,#4624);
#3966=LINE('',#9490,#4625);
#3967=LINE('',#9492,#4626);
#3968=LINE('',#9498,#4627);
#3969=LINE('',#9501,#4628);
#3970=LINE('',#9502,#4629);
#3971=LINE('',#9504,#4630);
#3972=LINE('',#9506,#4631);
#3973=LINE('',#9508,#4632);
#3974=LINE('',#9511,#4633);
#3975=LINE('',#9513,#4634);
#3976=LINE('',#9514,#4635);
#3977=LINE('',#9516,#4636);
#3978=LINE('',#9518,#4637);
#3979=LINE('',#9521,#4638);
#3980=LINE('',#9522,#4639);
#3981=LINE('',#9528,#4640);
#3982=LINE('',#9530,#4641);
#3983=LINE('',#9533,#4642);
#3984=LINE('',#9535,#4643);
#3985=LINE('',#9539,#4644);
#3986=LINE('',#9543,#4645);
#3987=LINE('',#9545,#4646);
#3988=LINE('',#9547,#4647);
#3989=LINE('',#9551,#4648);
#3990=LINE('',#9555,#4649);
#3991=LINE('',#9559,#4650);
#3992=LINE('',#9562,#4651);
#3993=LINE('',#9566,#4652);
#3994=LINE('',#9568,#4653);
#3995=LINE('',#9572,#4654);
#3996=LINE('',#9576,#4655);
#3997=LINE('',#9580,#4656);
#3998=LINE('',#9583,#4657);
#3999=LINE('',#9587,#4658);
#4000=LINE('',#9591,#4659);
#4001=LINE('',#9594,#4660);
#4002=LINE('',#9598,#4661);
#4003=LINE('',#9602,#4662);
#4004=LINE('',#9606,#4663);
#4005=LINE('',#9608,#4664);
#4006=LINE('',#9612,#4665);
#4007=LINE('',#9614,#4666);
#4008=LINE('',#9615,#4667);
#4009=LINE('',#9617,#4668);
#4010=LINE('',#9620,#4669);
#4011=LINE('',#9621,#4670);
#4012=LINE('',#9623,#4671);
#4013=LINE('',#9626,#4672);
#4014=LINE('',#9628,#4673);
#4015=LINE('',#9630,#4674);
#4016=LINE('',#9632,#4675);
#4017=LINE('',#9634,#4676);
#4018=LINE('',#9636,#4677);
#4019=LINE('',#9638,#4678);
#4020=LINE('',#9639,#4679);
#4021=LINE('',#9641,#4680);
#4022=LINE('',#9643,#4681);
#4023=LINE('',#9645,#4682);
#4024=LINE('',#9647,#4683);
#4025=LINE('',#9650,#4684);
#4026=LINE('',#9651,#4685);
#4027=LINE('',#9653,#4686);
#4028=LINE('',#9654,#4687);
#4029=LINE('',#9657,#4688);
#4030=LINE('',#9659,#4689);
#4031=LINE('',#9661,#4690);
#4032=LINE('',#9662,#4691);
#4033=LINE('',#9665,#4692);
#4034=LINE('',#9667,#4693);
#4035=LINE('',#9669,#4694);
#4036=LINE('',#9671,#4695);
#4037=LINE('',#9673,#4696);
#4038=LINE('',#9676,#4697);
#4039=LINE('',#9678,#4698);
#4040=LINE('',#9680,#4699);
#4041=LINE('',#9682,#4700);
#4042=LINE('',#9684,#4701);
#4043=LINE('',#9688,#4702);
#4044=LINE('',#9690,#4703);
#4045=LINE('',#9692,#4704);
#4046=LINE('',#9694,#4705);
#4047=LINE('',#9696,#4706);
#4048=LINE('',#9698,#4707);
#4049=LINE('',#9703,#4708);
#4050=LINE('',#9704,#4709);
#4051=LINE('',#9706,#4710);
#4052=LINE('',#9708,#4711);
#4053=LINE('',#9710,#4712);
#4054=LINE('',#9712,#4713);
#4055=LINE('',#9716,#4714);
#4056=LINE('',#9718,#4715);
#4057=LINE('',#9720,#4716);
#4058=LINE('',#9724,#4717);
#4059=LINE('',#9726,#4718);
#4060=LINE('',#9728,#4719);
#4061=LINE('',#9731,#4720);
#4062=LINE('',#9734,#4721);
#4063=LINE('',#9736,#4722);
#4064=LINE('',#9738,#4723);
#4065=LINE('',#9740,#4724);
#4066=LINE('',#9742,#4725);
#4067=LINE('',#9744,#4726);
#4068=LINE('',#9746,#4727);
#4069=LINE('',#9748,#4728);
#4070=LINE('',#9750,#4729);
#4071=LINE('',#9752,#4730);
#4072=LINE('',#9754,#4731);
#4073=LINE('',#9758,#4732);
#4074=LINE('',#9760,#4733);
#4075=LINE('',#9762,#4734);
#4076=LINE('',#9766,#4735);
#4077=LINE('',#9768,#4736);
#4078=LINE('',#9770,#4737);
#4079=LINE('',#9775,#4738);
#4080=LINE('',#9777,#4739);
#4081=LINE('',#9779,#4740);
#4082=LINE('',#9780,#4741);
#4083=LINE('',#9783,#4742);
#4084=LINE('',#9784,#4743);
#4085=VECTOR('',#6433,1000.);
#4086=VECTOR('',#6434,1000.);
#4087=VECTOR('',#6435,1000.);
#4088=VECTOR('',#6436,1000.);
#4089=VECTOR('',#6439,1000.);
#4090=VECTOR('',#6440,1000.);
#4091=VECTOR('',#6441,1000.);
#4092=VECTOR('',#6444,1000.);
#4093=VECTOR('',#6447,1000.);
#4094=VECTOR('',#6450,1000.);
#4095=VECTOR('',#6453,1000.);
#4096=VECTOR('',#6456,1000.);
#4097=VECTOR('',#6457,1000.);
#4098=VECTOR('',#6458,1000.);
#4099=VECTOR('',#6459,1000.);
#4100=VECTOR('',#6460,1000.);
#4101=VECTOR('',#6461,1000.);
#4102=VECTOR('',#6462,1000.);
#4103=VECTOR('',#6463,1000.);
#4104=VECTOR('',#6464,1000.);
#4105=VECTOR('',#6465,1000.);
#4106=VECTOR('',#6466,1000.);
#4107=VECTOR('',#6467,1000.);
#4108=VECTOR('',#6468,1000.);
#4109=VECTOR('',#6469,1000.);
#4110=VECTOR('',#6470,1000.);
#4111=VECTOR('',#6473,1000.);
#4112=VECTOR('',#6474,1000.);
#4113=VECTOR('',#6475,1000.);
#4114=VECTOR('',#6476,1000.);
#4115=VECTOR('',#6477,1000.);
#4116=VECTOR('',#6478,1000.);
#4117=VECTOR('',#6479,1000.);
#4118=VECTOR('',#6480,1000.);
#4119=VECTOR('',#6481,1000.);
#4120=VECTOR('',#6482,1000.);
#4121=VECTOR('',#6485,1000.);
#4122=VECTOR('',#6486,1000.);
#4123=VECTOR('',#6487,1000.);
#4124=VECTOR('',#6488,1000.);
#4125=VECTOR('',#6489,1000.);
#4126=VECTOR('',#6490,1000.);
#4127=VECTOR('',#6491,1000.);
#4128=VECTOR('',#6492,1000.);
#4129=VECTOR('',#6493,1000.);
#4130=VECTOR('',#6494,1000.);
#4131=VECTOR('',#6495,1000.);
#4132=VECTOR('',#6496,1000.);
#4133=VECTOR('',#6497,1000.);
#4134=VECTOR('',#6500,1000.);
#4135=VECTOR('',#6501,1000.);
#4136=VECTOR('',#6502,1000.);
#4137=VECTOR('',#6503,1000.);
#4138=VECTOR('',#6504,1000.);
#4139=VECTOR('',#6507,1000.);
#4140=VECTOR('',#6508,1000.);
#4141=VECTOR('',#6509,1000.);
#4142=VECTOR('',#6510,1000.);
#4143=VECTOR('',#6511,1000.);
#4144=VECTOR('',#6512,1000.);
#4145=VECTOR('',#6513,1000.);
#4146=VECTOR('',#6514,1000.);
#4147=VECTOR('',#6515,1000.);
#4148=VECTOR('',#6516,1000.);
#4149=VECTOR('',#6517,1000.);
#4150=VECTOR('',#6518,1000.);
#4151=VECTOR('',#6521,1000.);
#4152=VECTOR('',#6522,1000.);
#4153=VECTOR('',#6523,1000.);
#4154=VECTOR('',#6524,1000.);
#4155=VECTOR('',#6525,1000.);
#4156=VECTOR('',#6526,1000.);
#4157=VECTOR('',#6527,1000.);
#4158=VECTOR('',#6528,1000.);
#4159=VECTOR('',#6529,1000.);
#4160=VECTOR('',#6530,1000.);
#4161=VECTOR('',#6531,1000.);
#4162=VECTOR('',#6532,1000.);
#4163=VECTOR('',#6537,1000.);
#4164=VECTOR('',#6538,1000.);
#4165=VECTOR('',#6539,1000.);
#4166=VECTOR('',#6542,1000.);
#4167=VECTOR('',#6543,1000.);
#4168=VECTOR('',#6544,1000.);
#4169=VECTOR('',#6547,1000.);
#4170=VECTOR('',#6548,1000.);
#4171=VECTOR('',#6549,1000.);
#4172=VECTOR('',#6552,1000.);
#4173=VECTOR('',#6555,1000.);
#4174=VECTOR('',#6560,1000.);
#4175=VECTOR('',#6561,1000.);
#4176=VECTOR('',#6564,1000.);
#4177=VECTOR('',#6565,1000.);
#4178=VECTOR('',#6568,1000.);
#4179=VECTOR('',#6573,1000.);
#4180=VECTOR('',#6574,1000.);
#4181=VECTOR('',#6577,1000.);
#4182=VECTOR('',#6578,1000.);
#4183=VECTOR('',#6581,1000.);
#4184=VECTOR('',#6586,1000.);
#4185=VECTOR('',#6587,1000.);
#4186=VECTOR('',#6590,1000.);
#4187=VECTOR('',#6591,1000.);
#4188=VECTOR('',#6594,1000.);
#4189=VECTOR('',#6595,1000.);
#4190=VECTOR('',#6598,1000.);
#4191=VECTOR('',#6599,1000.);
#4192=VECTOR('',#6602,1000.);
#4193=VECTOR('',#6603,1000.);
#4194=VECTOR('',#6606,1000.);
#4195=VECTOR('',#6607,1000.);
#4196=VECTOR('',#6610,1000.);
#4197=VECTOR('',#6611,1000.);
#4198=VECTOR('',#6612,1000.);
#4199=VECTOR('',#6613,1000.);
#4200=VECTOR('',#6616,1000.);
#4201=VECTOR('',#6617,1000.);
#4202=VECTOR('',#6618,1000.);
#4203=VECTOR('',#6619,1000.);
#4204=VECTOR('',#6620,1000.);
#4205=VECTOR('',#6623,1000.);
#4206=VECTOR('',#6624,1000.);
#4207=VECTOR('',#6625,1000.);
#4208=VECTOR('',#6628,1000.);
#4209=VECTOR('',#6629,1000.);
#4210=VECTOR('',#6630,1000.);
#4211=VECTOR('',#6631,1000.);
#4212=VECTOR('',#6634,1000.);
#4213=VECTOR('',#6635,1000.);
#4214=VECTOR('',#6636,1000.);
#4215=VECTOR('',#6637,1000.);
#4216=VECTOR('',#6638,1000.);
#4217=VECTOR('',#6641,1000.);
#4218=VECTOR('',#6642,1000.);
#4219=VECTOR('',#6643,1000.);
#4220=VECTOR('',#6646,1000.);
#4221=VECTOR('',#6647,1000.);
#4222=VECTOR('',#6648,1000.);
#4223=VECTOR('',#6649,1000.);
#4224=VECTOR('',#6652,1000.);
#4225=VECTOR('',#6653,1000.);
#4226=VECTOR('',#6654,1000.);
#4227=VECTOR('',#6655,1000.);
#4228=VECTOR('',#6658,1000.);
#4229=VECTOR('',#6663,1000.);
#4230=VECTOR('',#6666,1000.);
#4231=VECTOR('',#6669,1000.);
#4232=VECTOR('',#6672,1000.);
#4233=VECTOR('',#6675,1000.);
#4234=VECTOR('',#6678,1000.);
#4235=VECTOR('',#6681,1000.);
#4236=VECTOR('',#6686,1000.);
#4237=VECTOR('',#6689,1000.);
#4238=VECTOR('',#6692,1000.);
#4239=VECTOR('',#6695,1000.);
#4240=VECTOR('',#6702,1000.);
#4241=VECTOR('',#6703,1000.);
#4242=VECTOR('',#6706,1000.);
#4243=VECTOR('',#6707,1000.);
#4244=VECTOR('',#6710,1000.);
#4245=VECTOR('',#6711,1000.);
#4246=VECTOR('',#6714,1000.);
#4247=VECTOR('',#6715,1000.);
#4248=VECTOR('',#6718,1000.);
#4249=VECTOR('',#6719,1000.);
#4250=VECTOR('',#6722,1000.);
#4251=VECTOR('',#6723,1000.);
#4252=VECTOR('',#6726,1000.);
#4253=VECTOR('',#6727,1000.);
#4254=VECTOR('',#6728,1000.);
#4255=VECTOR('',#6729,1000.);
#4256=VECTOR('',#6732,1000.);
#4257=VECTOR('',#6733,1000.);
#4258=VECTOR('',#6734,1000.);
#4259=VECTOR('',#6735,1000.);
#4260=VECTOR('',#6736,1000.);
#4261=VECTOR('',#6739,1000.);
#4262=VECTOR('',#6740,1000.);
#4263=VECTOR('',#6741,1000.);
#4264=VECTOR('',#6744,1000.);
#4265=VECTOR('',#6745,1000.);
#4266=VECTOR('',#6746,1000.);
#4267=VECTOR('',#6747,1000.);
#4268=VECTOR('',#6750,1000.);
#4269=VECTOR('',#6751,1000.);
#4270=VECTOR('',#6752,1000.);
#4271=VECTOR('',#6753,1000.);
#4272=VECTOR('',#6754,1000.);
#4273=VECTOR('',#6757,1000.);
#4274=VECTOR('',#6758,1000.);
#4275=VECTOR('',#6759,1000.);
#4276=VECTOR('',#6762,1000.);
#4277=VECTOR('',#6763,1000.);
#4278=VECTOR('',#6764,1000.);
#4279=VECTOR('',#6765,1000.);
#4280=VECTOR('',#6768,1000.);
#4281=VECTOR('',#6769,1000.);
#4282=VECTOR('',#6770,1000.);
#4283=VECTOR('',#6771,1000.);
#4284=VECTOR('',#6774,1000.);
#4285=VECTOR('',#6777,1000.);
#4286=VECTOR('',#6782,1000.);
#4287=VECTOR('',#6785,1000.);
#4288=VECTOR('',#6788,1000.);
#4289=VECTOR('',#6793,1000.);
#4290=VECTOR('',#6796,1000.);
#4291=VECTOR('',#6799,1000.);
#4292=VECTOR('',#6802,1000.);
#4293=VECTOR('',#6805,1000.);
#4294=VECTOR('',#6808,1000.);
#4295=VECTOR('',#6811,1000.);
#4296=VECTOR('',#6818,1000.);
#4297=VECTOR('',#6819,1000.);
#4298=VECTOR('',#6820,1000.);
#4299=VECTOR('',#6825,1000.);
#4300=VECTOR('',#6828,1000.);
#4301=VECTOR('',#6829,1000.);
#4302=VECTOR('',#6832,1000.);
#4303=VECTOR('',#6833,1000.);
#4304=VECTOR('',#6834,1000.);
#4305=VECTOR('',#6839,1000.);
#4306=VECTOR('',#6842,1000.);
#4307=VECTOR('',#6843,1000.);
#4308=VECTOR('',#6846,1000.);
#4309=VECTOR('',#6851,1000.);
#4310=VECTOR('',#6852,1000.);
#4311=VECTOR('',#6857,1000.);
#4312=VECTOR('',#6860,1000.);
#4313=VECTOR('',#6861,1000.);
#4314=VECTOR('',#6866,1000.);
#4315=VECTOR('',#6869,1000.);
#4316=VECTOR('',#6870,1000.);
#4317=VECTOR('',#6873,1000.);
#4318=VECTOR('',#6878,1000.);
#4319=VECTOR('',#6879,1000.);
#4320=VECTOR('',#6884,1000.);
#4321=VECTOR('',#6887,1000.);
#4322=VECTOR('',#6888,1000.);
#4323=VECTOR('',#6891,1000.);
#4324=VECTOR('',#6892,1000.);
#4325=VECTOR('',#6893,1000.);
#4326=VECTOR('',#6918,1000.);
#4327=VECTOR('',#6919,1000.);
#4328=VECTOR('',#6920,1000.);
#4329=VECTOR('',#6923,1000.);
#4330=VECTOR('',#6928,1000.);
#4331=VECTOR('',#6929,1000.);
#4332=VECTOR('',#6936,1000.);
#4333=VECTOR('',#6941,1000.);
#4334=VECTOR('',#6942,1000.);
#4335=VECTOR('',#6945,1000.);
#4336=VECTOR('',#6950,1000.);
#4337=VECTOR('',#6951,1000.);
#4338=VECTOR('',#6954,1000.);
#4339=VECTOR('',#6959,1000.);
#4340=VECTOR('',#6960,1000.);
#4341=VECTOR('',#6963,1000.);
#4342=VECTOR('',#6968,1000.);
#4343=VECTOR('',#6969,1000.);
#4344=VECTOR('',#6972,1000.);
#4345=VECTOR('',#6977,1000.);
#4346=VECTOR('',#6978,1000.);
#4347=VECTOR('',#6981,1000.);
#4348=VECTOR('',#6986,1000.);
#4349=VECTOR('',#6987,1000.);
#4350=VECTOR('',#6990,1000.);
#4351=VECTOR('',#6995,1000.);
#4352=VECTOR('',#6996,1000.);
#4353=VECTOR('',#7003,1000.);
#4354=VECTOR('',#7008,1000.);
#4355=VECTOR('',#7009,1000.);
#4356=VECTOR('',#7018,1000.);
#4357=VECTOR('',#7019,1000.);
#4358=VECTOR('',#7020,1000.);
#4359=VECTOR('',#7023,1000.);
#4360=VECTOR('',#7024,1000.);
#4361=VECTOR('',#7025,1000.);
#4362=VECTOR('',#7028,1000.);
#4363=VECTOR('',#7029,1000.);
#4364=VECTOR('',#7030,1000.);
#4365=VECTOR('',#7033,1000.);
#4366=VECTOR('',#7034,1000.);
#4367=VECTOR('',#7035,1000.);
#4368=VECTOR('',#7038,1000.);
#4369=VECTOR('',#7039,1000.);
#4370=VECTOR('',#7040,1000.);
#4371=VECTOR('',#7043,1000.);
#4372=VECTOR('',#7044,1000.);
#4373=VECTOR('',#7045,1000.);
#4374=VECTOR('',#7048,1000.);
#4375=VECTOR('',#7049,1000.);
#4376=VECTOR('',#7050,1000.);
#4377=VECTOR('',#7053,1000.);
#4378=VECTOR('',#7054,1000.);
#4379=VECTOR('',#7055,1000.);
#4380=VECTOR('',#7058,1000.);
#4381=VECTOR('',#7059,1000.);
#4382=VECTOR('',#7060,1000.);
#4383=VECTOR('',#7061,1000.);
#4384=VECTOR('',#7064,1000.);
#4385=VECTOR('',#7065,1000.);
#4386=VECTOR('',#7066,1000.);
#4387=VECTOR('',#7069,1000.);
#4388=VECTOR('',#7070,1000.);
#4389=VECTOR('',#7071,1000.);
#4390=VECTOR('',#7074,1000.);
#4391=VECTOR('',#7075,1000.);
#4392=VECTOR('',#7076,1000.);
#4393=VECTOR('',#7079,1000.);
#4394=VECTOR('',#7080,1000.);
#4395=VECTOR('',#7081,1000.);
#4396=VECTOR('',#7084,1000.);
#4397=VECTOR('',#7085,1000.);
#4398=VECTOR('',#7086,1000.);
#4399=VECTOR('',#7089,1000.);
#4400=VECTOR('',#7090,1000.);
#4401=VECTOR('',#7091,1000.);
#4402=VECTOR('',#7094,1000.);
#4403=VECTOR('',#7095,1000.);
#4404=VECTOR('',#7098,1000.);
#4405=VECTOR('',#7099,1000.);
#4406=VECTOR('',#7100,1000.);
#4407=VECTOR('',#7105,1000.);
#4408=VECTOR('',#7106,1000.);
#4409=VECTOR('',#7109,1000.);
#4410=VECTOR('',#7112,1000.);
#4411=VECTOR('',#7115,1000.);
#4412=VECTOR('',#7118,1000.);
#4413=VECTOR('',#7121,1000.);
#4414=VECTOR('',#7126,1000.);
#4415=VECTOR('',#7141,1000.);
#4416=VECTOR('',#7144,1000.);
#4417=VECTOR('',#7147,1000.);
#4418=VECTOR('',#7148,1000.);
#4419=VECTOR('',#7151,1000.);
#4420=VECTOR('',#7156,1000.);
#4421=VECTOR('',#7157,1000.);
#4422=VECTOR('',#7160,1000.);
#4423=VECTOR('',#7167,1000.);
#4424=VECTOR('',#7168,1000.);
#4425=VECTOR('',#7169,1000.);
#4426=VECTOR('',#7172,1000.);
#4427=VECTOR('',#7179,1000.);
#4428=VECTOR('',#7182,1000.);
#4429=VECTOR('',#7185,1000.);
#4430=VECTOR('',#7188,1000.);
#4431=VECTOR('',#7191,1000.);
#4432=VECTOR('',#7232,1000.);
#4433=VECTOR('',#7233,1000.);
#4434=VECTOR('',#7242,1000.);
#4435=VECTOR('',#7243,1000.);
#4436=VECTOR('',#7244,1000.);
#4437=VECTOR('',#7245,1000.);
#4438=VECTOR('',#7248,1000.);
#4439=VECTOR('',#7249,1000.);
#4440=VECTOR('',#7250,1000.);
#4441=VECTOR('',#7251,1000.);
#4442=VECTOR('',#7252,1000.);
#4443=VECTOR('',#7253,1000.);
#4444=VECTOR('',#7254,1000.);
#4445=VECTOR('',#7255,1000.);
#4446=VECTOR('',#7256,1000.);
#4447=VECTOR('',#7257,1000.);
#4448=VECTOR('',#7258,1000.);
#4449=VECTOR('',#7259,1000.);
#4450=VECTOR('',#7262,1000.);
#4451=VECTOR('',#7263,1000.);
#4452=VECTOR('',#7264,1000.);
#4453=VECTOR('',#7265,1000.);
#4454=VECTOR('',#7268,1000.);
#4455=VECTOR('',#7269,1000.);
#4456=VECTOR('',#7270,1000.);
#4457=VECTOR('',#7271,1000.);
#4458=VECTOR('',#7272,1000.);
#4459=VECTOR('',#7273,1000.);
#4460=VECTOR('',#7274,1000.);
#4461=VECTOR('',#7275,1000.);
#4462=VECTOR('',#7278,1000.);
#4463=VECTOR('',#7279,1000.);
#4464=VECTOR('',#7280,1000.);
#4465=VECTOR('',#7281,1000.);
#4466=VECTOR('',#7286,1000.);
#4467=VECTOR('',#7291,1000.);
#4468=VECTOR('',#7294,1000.);
#4469=VECTOR('',#7295,1000.);
#4470=VECTOR('',#7300,1000.);
#4471=VECTOR('',#7301,1000.);
#4472=VECTOR('',#7302,1000.);
#4473=VECTOR('',#7305,1000.);
#4474=VECTOR('',#7310,1000.);
#4475=VECTOR('',#7311,1000.);
#4476=VECTOR('',#7320,1000.);
#4477=VECTOR('',#7323,1000.);
#4478=VECTOR('',#7328,1000.);
#4479=VECTOR('',#7329,1000.);
#4480=VECTOR('',#7332,1000.);
#4481=VECTOR('',#7337,1000.);
#4482=VECTOR('',#7340,1000.);
#4483=VECTOR('',#7343,1000.);
#4484=VECTOR('',#7344,1000.);
#4485=VECTOR('',#7347,1000.);
#4486=VECTOR('',#7348,1000.);
#4487=VECTOR('',#7349,1000.);
#4488=VECTOR('',#7354,1000.);
#4489=VECTOR('',#7357,1000.);
#4490=VECTOR('',#7360,1000.);
#4491=VECTOR('',#7363,1000.);
#4492=VECTOR('',#7364,1000.);
#4493=VECTOR('',#7367,1000.);
#4494=VECTOR('',#7412,1000.);
#4495=VECTOR('',#7413,1000.);
#4496=VECTOR('',#7414,1000.);
#4497=VECTOR('',#7415,1000.);
#4498=VECTOR('',#7418,1000.);
#4499=VECTOR('',#7419,1000.);
#4500=VECTOR('',#7420,1000.);
#4501=VECTOR('',#7421,1000.);
#4502=VECTOR('',#7422,1000.);
#4503=VECTOR('',#7423,1000.);
#4504=VECTOR('',#7424,1000.);
#4505=VECTOR('',#7425,1000.);
#4506=VECTOR('',#7426,1000.);
#4507=VECTOR('',#7427,1000.);
#4508=VECTOR('',#7428,1000.);
#4509=VECTOR('',#7429,1000.);
#4510=VECTOR('',#7432,1000.);
#4511=VECTOR('',#7433,1000.);
#4512=VECTOR('',#7434,1000.);
#4513=VECTOR('',#7435,1000.);
#4514=VECTOR('',#7438,1000.);
#4515=VECTOR('',#7439,1000.);
#4516=VECTOR('',#7440,1000.);
#4517=VECTOR('',#7441,1000.);
#4518=VECTOR('',#7442,1000.);
#4519=VECTOR('',#7443,1000.);
#4520=VECTOR('',#7444,1000.);
#4521=VECTOR('',#7445,1000.);
#4522=VECTOR('',#7448,1000.);
#4523=VECTOR('',#7449,1000.);
#4524=VECTOR('',#7450,1000.);
#4525=VECTOR('',#7451,1000.);
#4526=VECTOR('',#7456,1000.);
#4527=VECTOR('',#7461,1000.);
#4528=VECTOR('',#7464,1000.);
#4529=VECTOR('',#7465,1000.);
#4530=VECTOR('',#7470,1000.);
#4531=VECTOR('',#7471,1000.);
#4532=VECTOR('',#7472,1000.);
#4533=VECTOR('',#7475,1000.);
#4534=VECTOR('',#7480,1000.);
#4535=VECTOR('',#7481,1000.);
#4536=VECTOR('',#7490,1000.);
#4537=VECTOR('',#7493,1000.);
#4538=VECTOR('',#7498,1000.);
#4539=VECTOR('',#7499,1000.);
#4540=VECTOR('',#7502,1000.);
#4541=VECTOR('',#7507,1000.);
#4542=VECTOR('',#7510,1000.);
#4543=VECTOR('',#7513,1000.);
#4544=VECTOR('',#7514,1000.);
#4545=VECTOR('',#7517,1000.);
#4546=VECTOR('',#7518,1000.);
#4547=VECTOR('',#7519,1000.);
#4548=VECTOR('',#7524,1000.);
#4549=VECTOR('',#7527,1000.);
#4550=VECTOR('',#7530,1000.);
#4551=VECTOR('',#7531,1000.);
#4552=VECTOR('',#7532,1000.);
#4553=VECTOR('',#7535,1000.);
#4554=VECTOR('',#7536,1000.);
#4555=VECTOR('',#7539,1000.);
#4556=VECTOR('',#7584,1000.);
#4557=VECTOR('',#7587,1000.);
#4558=VECTOR('',#7588,1000.);
#4559=VECTOR('',#7591,1000.);
#4560=VECTOR('',#7594,1000.);
#4561=VECTOR('',#7597,1000.);
#4562=VECTOR('',#7600,1000.);
#4563=VECTOR('',#7601,1000.);
#4564=VECTOR('',#7604,1000.);
#4565=VECTOR('',#7605,1000.);
#4566=VECTOR('',#7608,1000.);
#4567=VECTOR('',#7611,1000.);
#4568=VECTOR('',#7614,1000.);
#4569=VECTOR('',#7617,1000.);
#4570=VECTOR('',#7618,1000.);
#4571=VECTOR('',#7621,1000.);
#4572=VECTOR('',#7624,1000.);
#4573=VECTOR('',#7625,1000.);
#4574=VECTOR('',#7626,1000.);
#4575=VECTOR('',#7629,1000.);
#4576=VECTOR('',#7630,1000.);
#4577=VECTOR('',#7631,1000.);
#4578=VECTOR('',#7636,1000.);
#4579=VECTOR('',#7637,1000.);
#4580=VECTOR('',#7640,1000.);
#4581=VECTOR('',#7643,1000.);
#4582=VECTOR('',#7646,1000.);
#4583=VECTOR('',#7649,1000.);
#4584=VECTOR('',#7652,1000.);
#4585=VECTOR('',#7653,1000.);
#4586=VECTOR('',#7656,1000.);
#4587=VECTOR('',#7659,1000.);
#4588=VECTOR('',#7662,1000.);
#4589=VECTOR('',#7665,1000.);
#4590=VECTOR('',#7670,1000.);
#4591=VECTOR('',#7671,1000.);
#4592=VECTOR('',#7674,1000.);
#4593=VECTOR('',#7675,1000.);
#4594=VECTOR('',#7678,1000.);
#4595=VECTOR('',#7679,1000.);
#4596=VECTOR('',#7680,1000.);
#4597=VECTOR('',#7681,1000.);
#4598=VECTOR('',#7684,1000.);
#4599=VECTOR('',#7687,1000.);
#4600=VECTOR('',#7690,1000.);
#4601=VECTOR('',#7693,1000.);
#4602=VECTOR('',#7694,1000.);
#4603=VECTOR('',#7695,1000.);
#4604=VECTOR('',#7696,1000.);
#4605=VECTOR('',#7697,1000.);
#4606=VECTOR('',#7700,1000.);
#4607=VECTOR('',#7703,1000.);
#4608=VECTOR('',#7706,1000.);
#4609=VECTOR('',#7707,1000.);
#4610=VECTOR('',#7708,1000.);
#4611=VECTOR('',#7711,1000.);
#4612=VECTOR('',#7712,1000.);
#4613=VECTOR('',#7715,1000.);
#4614=VECTOR('',#7718,1000.);
#4615=VECTOR('',#7721,1000.);
#4616=VECTOR('',#7722,1000.);
#4617=VECTOR('',#7725,1000.);
#4618=VECTOR('',#7728,1000.);
#4619=VECTOR('',#7731,1000.);
#4620=VECTOR('',#7734,1000.);
#4621=VECTOR('',#7735,1000.);
#4622=VECTOR('',#7738,1000.);
#4623=VECTOR('',#7741,1000.);
#4624=VECTOR('',#7744,1000.);
#4625=VECTOR('',#7745,1000.);
#4626=VECTOR('',#7748,1000.);
#4627=VECTOR('',#7755,1000.);
#4628=VECTOR('',#7756,1000.);
#4629=VECTOR('',#7757,1000.);
#4630=VECTOR('',#7758,1000.);
#4631=VECTOR('',#7759,1000.);
#4632=VECTOR('',#7762,1000.);
#4633=VECTOR('',#7763,1000.);
#4634=VECTOR('',#7764,1000.);
#4635=VECTOR('',#7765,1000.);
#4636=VECTOR('',#7766,1000.);
#4637=VECTOR('',#7769,1000.);
#4638=VECTOR('',#7770,1000.);
#4639=VECTOR('',#7771,1000.);
#4640=VECTOR('',#7778,1000.);
#4641=VECTOR('',#7781,1000.);
#4642=VECTOR('',#7782,1000.);
#4643=VECTOR('',#7783,1000.);
#4644=VECTOR('',#7786,1000.);
#4645=VECTOR('',#7789,1000.);
#4646=VECTOR('',#7790,1000.);
#4647=VECTOR('',#7791,1000.);
#4648=VECTOR('',#7794,1000.);
#4649=VECTOR('',#7797,1000.);
#4650=VECTOR('',#7800,1000.);
#4651=VECTOR('',#7803,1000.);
#4652=VECTOR('',#7806,1000.);
#4653=VECTOR('',#7807,1000.);
#4654=VECTOR('',#7810,1000.);
#4655=VECTOR('',#7813,1000.);
#4656=VECTOR('',#7816,1000.);
#4657=VECTOR('',#7819,1000.);
#4658=VECTOR('',#7822,1000.);
#4659=VECTOR('',#7825,1000.);
#4660=VECTOR('',#7828,1000.);
#4661=VECTOR('',#7831,1000.);
#4662=VECTOR('',#7834,1000.);
#4663=VECTOR('',#7837,1000.);
#4664=VECTOR('',#7838,1000.);
#4665=VECTOR('',#7841,1000.);
#4666=VECTOR('',#7844,1000.);
#4667=VECTOR('',#7845,1000.);
#4668=VECTOR('',#7848,1000.);
#4669=VECTOR('',#7853,1000.);
#4670=VECTOR('',#7854,1000.);
#4671=VECTOR('',#7857,1000.);
#4672=VECTOR('',#7862,1000.);
#4673=VECTOR('',#7865,1000.);
#4674=VECTOR('',#7868,1000.);
#4675=VECTOR('',#7871,1000.);
#4676=VECTOR('',#7874,1000.);
#4677=VECTOR('',#7877,1000.);
#4678=VECTOR('',#7880,1000.);
#4679=VECTOR('',#7881,1000.);
#4680=VECTOR('',#7884,1000.);
#4681=VECTOR('',#7887,1000.);
#4682=VECTOR('',#7890,1000.);
#4683=VECTOR('',#7893,1000.);
#4684=VECTOR('',#7898,1000.);
#4685=VECTOR('',#7899,1000.);
#4686=VECTOR('',#7902,1000.);
#4687=VECTOR('',#7903,1000.);
#4688=VECTOR('',#7908,1000.);
#4689=VECTOR('',#7911,1000.);
#4690=VECTOR('',#7914,1000.);
#4691=VECTOR('',#7915,1000.);
#4692=VECTOR('',#7920,1000.);
#4693=VECTOR('',#7923,1000.);
#4694=VECTOR('',#7926,1000.);
#4695=VECTOR('',#7929,1000.);
#4696=VECTOR('',#7932,1000.);
#4697=VECTOR('',#7937,1000.);
#4698=VECTOR('',#7940,1000.);
#4699=VECTOR('',#7943,1000.);
#4700=VECTOR('',#7946,1000.);
#4701=VECTOR('',#7949,1000.);
#4702=VECTOR('',#7956,1000.);
#4703=VECTOR('',#7959,1000.);
#4704=VECTOR('',#7962,1000.);
#4705=VECTOR('',#7965,1000.);
#4706=VECTOR('',#7968,1000.);
#4707=VECTOR('',#7971,1000.);
#4708=VECTOR('',#7980,1000.);
#4709=VECTOR('',#7981,1000.);
#4710=VECTOR('',#7984,1000.);
#4711=VECTOR('',#7987,1000.);
#4712=VECTOR('',#7990,1000.);
#4713=VECTOR('',#7993,1000.);
#4714=VECTOR('',#7998,1000.);
#4715=VECTOR('',#7999,1000.);
#4716=VECTOR('',#8000,1000.);
#4717=VECTOR('',#8005,1000.);
#4718=VECTOR('',#8006,1000.);
#4719=VECTOR('',#8007,1000.);
#4720=VECTOR('',#8012,1000.);
#4721=VECTOR('',#8015,1000.);
#4722=VECTOR('',#8016,1000.);
#4723=VECTOR('',#8019,1000.);
#4724=VECTOR('',#8022,1000.);
#4725=VECTOR('',#8025,1000.);
#4726=VECTOR('',#8028,1000.);
#4727=VECTOR('',#8031,1000.);
#4728=VECTOR('',#8034,1000.);
#4729=VECTOR('',#8037,1000.);
#4730=VECTOR('',#8040,1000.);
#4731=VECTOR('',#8043,1000.);
#4732=VECTOR('',#8048,1000.);
#4733=VECTOR('',#8049,1000.);
#4734=VECTOR('',#8050,1000.);
#4735=VECTOR('',#8055,1000.);
#4736=VECTOR('',#8056,1000.);
#4737=VECTOR('',#8057,1000.);
#4738=VECTOR('',#8064,1000.);
#4739=VECTOR('',#8065,1000.);
#4740=VECTOR('',#8068,1000.);
#4741=VECTOR('',#8069,1000.);
#4742=VECTOR('',#8074,1000.);
#4743=VECTOR('',#8075,1000.);
#4744=EDGE_LOOP('',(#397,#398,#399,#400));
#4745=EDGE_LOOP('',(#401,#402,#403,#404));
#4746=EDGE_LOOP('',(#405,#406,#407,#408,#409,#410,#411,#412,#413,#414,#415,
#416,#417,#418,#419,#420,#421,#422,#423,#424,#425,#426,#427,#428,#429,#430,
#431,#432,#433,#434,#435,#436,#437,#438));
#4747=EDGE_LOOP('',(#439,#440,#441,#442,#443,#444,#445,#446,#447,#448,#449,
#450,#451,#452,#453,#454));
#4748=EDGE_LOOP('',(#455,#456,#457,#458,#459,#460,#461,#462));
#4749=EDGE_LOOP('',(#463,#464,#465,#466,#467,#468,#469,#470,#471,#472,#473,
#474,#475,#476,#477,#478));
#4750=EDGE_LOOP('',(#479,#480,#481,#482,#483,#484,#485,#486,#487,#488,#489,
#490));
#4751=EDGE_LOOP('',(#491,#492,#493,#494));
#4752=EDGE_LOOP('',(#495,#496,#497,#498));
#4753=EDGE_LOOP('',(#499,#500,#501,#502));
#4754=EDGE_LOOP('',(#503,#504,#505,#506,#507,#508));
#4755=EDGE_LOOP('',(#509,#510,#511,#512,#513,#514));
#4756=EDGE_LOOP('',(#515,#516,#517,#518));
#4757=EDGE_LOOP('',(#519,#520,#521,#522));
#4758=EDGE_LOOP('',(#523,#524,#525,#526));
#4759=EDGE_LOOP('',(#527,#528,#529,#530));
#4760=EDGE_LOOP('',(#531,#532,#533,#534));
#4761=EDGE_LOOP('',(#535,#536,#537,#538));
#4762=EDGE_LOOP('',(#539,#540,#541,#542));
#4763=EDGE_LOOP('',(#543,#544,#545,#546));
#4764=EDGE_LOOP('',(#547,#548,#549,#550));
#4765=EDGE_LOOP('',(#551,#552,#553,#554));
#4766=EDGE_LOOP('',(#555,#556,#557,#558));
#4767=EDGE_LOOP('',(#559,#560,#561,#562));
#4768=EDGE_LOOP('',(#563,#564,#565,#566));
#4769=EDGE_LOOP('',(#567,#568,#569,#570));
#4770=EDGE_LOOP('',(#571,#572,#573,#574));
#4771=EDGE_LOOP('',(#575,#576,#577,#578));
#4772=EDGE_LOOP('',(#579,#580,#581,#582));
#4773=EDGE_LOOP('',(#583,#584,#585,#586));
#4774=EDGE_LOOP('',(#587,#588,#589,#590,#591,#592));
#4775=EDGE_LOOP('',(#593,#594,#595,#596));
#4776=EDGE_LOOP('',(#597,#598,#599,#600));
#4777=EDGE_LOOP('',(#601,#602,#603,#604,#605,#606));
#4778=EDGE_LOOP('',(#607,#608,#609,#610));
#4779=EDGE_LOOP('',(#611,#612,#613,#614,#615,#616));
#4780=EDGE_LOOP('',(#617,#618,#619,#620,#621,#622));
#4781=EDGE_LOOP('',(#623,#624,#625,#626));
#4782=EDGE_LOOP('',(#627,#628,#629,#630,#631,#632,#633,#634,#635,#636,#637,
#638,#639,#640,#641,#642,#643,#644,#645,#646,#647,#648,#649,#650,#651,#652,
#653,#654));
#4783=EDGE_LOOP('',(#655,#656,#657,#658,#659,#660,#661,#662,#663,#664));
#4784=EDGE_LOOP('',(#665,#666,#667,#668));
#4785=EDGE_LOOP('',(#669,#670,#671,#672));
#4786=EDGE_LOOP('',(#673,#674,#675,#676));
#4787=EDGE_LOOP('',(#677,#678,#679,#680));
#4788=EDGE_LOOP('',(#681,#682,#683,#684));
#4789=EDGE_LOOP('',(#685,#686,#687,#688));
#4790=EDGE_LOOP('',(#689,#690,#691,#692));
#4791=EDGE_LOOP('',(#693,#694,#695,#696));
#4792=EDGE_LOOP('',(#697,#698,#699,#700));
#4793=EDGE_LOOP('',(#701,#702,#703,#704,#705,#706));
#4794=EDGE_LOOP('',(#707,#708,#709,#710));
#4795=EDGE_LOOP('',(#711,#712,#713,#714));
#4796=EDGE_LOOP('',(#715,#716,#717,#718,#719,#720));
#4797=EDGE_LOOP('',(#721,#722,#723,#724));
#4798=EDGE_LOOP('',(#725,#726,#727,#728,#729,#730));
#4799=EDGE_LOOP('',(#731,#732,#733,#734,#735,#736));
#4800=EDGE_LOOP('',(#737,#738,#739,#740));
#4801=EDGE_LOOP('',(#741,#742,#743,#744,#745,#746,#747,#748,#749,#750,#751,
#752,#753,#754,#755,#756,#757,#758,#759,#760,#761,#762,#763,#764,#765,#766,
#767,#768));
#4802=EDGE_LOOP('',(#769,#770,#771,#772,#773,#774,#775,#776,#777,#778));
#4803=EDGE_LOOP('',(#779,#780,#781,#782));
#4804=EDGE_LOOP('',(#783,#784,#785,#786));
#4805=EDGE_LOOP('',(#787,#788,#789,#790));
#4806=EDGE_LOOP('',(#791,#792,#793,#794));
#4807=EDGE_LOOP('',(#795,#796,#797,#798));
#4808=EDGE_LOOP('',(#799,#800,#801,#802));
#4809=EDGE_LOOP('',(#803,#804,#805,#806));
#4810=EDGE_LOOP('',(#807,#808,#809,#810));
#4811=EDGE_LOOP('',(#811,#812,#813,#814));
#4812=EDGE_LOOP('',(#815,#816,#817,#818));
#4813=EDGE_LOOP('',(#819,#820,#821,#822));
#4814=EDGE_LOOP('',(#823,#824,#825,#826));
#4815=EDGE_LOOP('',(#827,#828,#829,#830));
#4816=EDGE_LOOP('',(#831,#832,#833,#834));
#4817=EDGE_LOOP('',(#835,#836,#837,#838));
#4818=EDGE_LOOP('',(#839,#840,#841,#842));
#4819=EDGE_LOOP('',(#843,#844,#845,#846));
#4820=EDGE_LOOP('',(#847,#848,#849,#850));
#4821=EDGE_LOOP('',(#851,#852,#853,#854));
#4822=EDGE_LOOP('',(#855,#856,#857,#858));
#4823=EDGE_LOOP('',(#859,#860,#861,#862));
#4824=EDGE_LOOP('',(#863,#864,#865,#866));
#4825=EDGE_LOOP('',(#867,#868,#869,#870));
#4826=EDGE_LOOP('',(#871,#872,#873,#874));
#4827=EDGE_LOOP('',(#875,#876,#877,#878,#879,#880,#881,#882,#883,#884,#885,
#886,#887,#888,#889,#890,#891,#892,#893,#894,#895,#896,#897,#898,#899,#900,
#901,#902));
#4828=EDGE_LOOP('',(#903,#904,#905,#906));
#4829=EDGE_LOOP('',(#907,#908,#909,#910));
#4830=EDGE_LOOP('',(#911,#912,#913,#914));
#4831=EDGE_LOOP('',(#915,#916,#917,#918));
#4832=EDGE_LOOP('',(#919,#920,#921,#922));
#4833=EDGE_LOOP('',(#923,#924,#925,#926));
#4834=EDGE_LOOP('',(#927,#928,#929,#930));
#4835=EDGE_LOOP('',(#931,#932,#933,#934));
#4836=EDGE_LOOP('',(#935,#936,#937,#938));
#4837=EDGE_LOOP('',(#939,#940,#941,#942));
#4838=EDGE_LOOP('',(#943,#944,#945,#946));
#4839=EDGE_LOOP('',(#947,#948,#949,#950));
#4840=EDGE_LOOP('',(#951,#952,#953,#954));
#4841=EDGE_LOOP('',(#955,#956,#957,#958));
#4842=EDGE_LOOP('',(#959,#960,#961,#962));
#4843=EDGE_LOOP('',(#963,#964,#965,#966));
#4844=EDGE_LOOP('',(#967,#968,#969,#970));
#4845=EDGE_LOOP('',(#971,#972,#973,#974));
#4846=EDGE_LOOP('',(#975,#976,#977,#978));
#4847=EDGE_LOOP('',(#979,#980,#981,#982));
#4848=EDGE_LOOP('',(#983,#984,#985,#986));
#4849=EDGE_LOOP('',(#987,#988,#989,#990));
#4850=EDGE_LOOP('',(#991,#992,#993,#994,#995,#996,#997,#998,#999,#1000,
#1001,#1002,#1003,#1004,#1005,#1006,#1007,#1008,#1009,#1010,#1011,#1012,
#1013,#1014,#1015,#1016,#1017,#1018));
#4851=EDGE_LOOP('',(#1019,#1020,#1021,#1022));
#4852=EDGE_LOOP('',(#1023,#1024,#1025,#1026));
#4853=EDGE_LOOP('',(#1027,#1028,#1029,#1030));
#4854=EDGE_LOOP('',(#1031,#1032,#1033,#1034));
#4855=EDGE_LOOP('',(#1035,#1036,#1037,#1038));
#4856=EDGE_LOOP('',(#1039,#1040,#1041,#1042));
#4857=EDGE_LOOP('',(#1043,#1044,#1045,#1046));
#4858=EDGE_LOOP('',(#1047,#1048,#1049,#1050));
#4859=EDGE_LOOP('',(#1051,#1052,#1053,#1054));
#4860=EDGE_LOOP('',(#1055,#1056,#1057,#1058));
#4861=EDGE_LOOP('',(#1059,#1060,#1061,#1062));
#4862=EDGE_LOOP('',(#1063,#1064,#1065,#1066));
#4863=EDGE_LOOP('',(#1067,#1068,#1069,#1070));
#4864=EDGE_LOOP('',(#1071,#1072,#1073,#1074));
#4865=EDGE_LOOP('',(#1075,#1076,#1077,#1078));
#4866=EDGE_LOOP('',(#1079,#1080,#1081,#1082));
#4867=EDGE_LOOP('',(#1083,#1084,#1085,#1086,#1087,#1088,#1089,#1090));
#4868=EDGE_LOOP('',(#1091,#1092,#1093,#1094,#1095,#1096,#1097,#1098,#1099,
#1100,#1101,#1102));
#4869=EDGE_LOOP('',(#1103,#1104,#1105,#1106,#1107,#1108,#1109,#1110));
#4870=EDGE_LOOP('',(#1111,#1112,#1113,#1114));
#4871=EDGE_LOOP('',(#1115,#1116,#1117,#1118));
#4872=EDGE_LOOP('',(#1119,#1120,#1121,#1122));
#4873=EDGE_LOOP('',(#1123,#1124,#1125,#1126));
#4874=EDGE_LOOP('',(#1127,#1128,#1129,#1130));
#4875=EDGE_LOOP('',(#1131,#1132,#1133,#1134));
#4876=EDGE_LOOP('',(#1135,#1136,#1137,#1138));
#4877=EDGE_LOOP('',(#1139,#1140,#1141,#1142));
#4878=EDGE_LOOP('',(#1143,#1144));
#4879=EDGE_LOOP('',(#1145));
#4880=EDGE_LOOP('',(#1146,#1147));
#4881=EDGE_LOOP('',(#1148));
#4882=EDGE_LOOP('',(#1149,#1150,#1151,#1152));
#4883=EDGE_LOOP('',(#1153,#1154,#1155,#1156));
#4884=EDGE_LOOP('',(#1157,#1158,#1159,#1160));
#4885=EDGE_LOOP('',(#1161,#1162,#1163,#1164));
#4886=EDGE_LOOP('',(#1165,#1166,#1167,#1168,#1169));
#4887=EDGE_LOOP('',(#1170,#1171,#1172,#1173));
#4888=EDGE_LOOP('',(#1174,#1175,#1176,#1177,#1178));
#4889=EDGE_LOOP('',(#1179,#1180,#1181,#1182));
#4890=EDGE_LOOP('',(#1183,#1184,#1185,#1186,#1187,#1188,#1189,#1190));
#4891=EDGE_LOOP('',(#1191,#1192,#1193,#1194));
#4892=EDGE_LOOP('',(#1195));
#4893=EDGE_LOOP('',(#1196));
#4894=EDGE_LOOP('',(#1197,#1198,#1199,#1200));
#4895=EDGE_LOOP('',(#1201,#1202,#1203,#1204));
#4896=EDGE_LOOP('',(#1205,#1206,#1207,#1208));
#4897=EDGE_LOOP('',(#1209,#1210,#1211,#1212));
#4898=EDGE_LOOP('',(#1213,#1214,#1215,#1216));
#4899=EDGE_LOOP('',(#1217,#1218,#1219,#1220));
#4900=EDGE_LOOP('',(#1221,#1222,#1223,#1224));
#4901=EDGE_LOOP('',(#1225,#1226,#1227,#1228));
#4902=EDGE_LOOP('',(#1229,#1230,#1231,#1232));
#4903=EDGE_LOOP('',(#1233,#1234,#1235,#1236,#1237));
#4904=EDGE_LOOP('',(#1238,#1239,#1240,#1241,#1242));
#4905=EDGE_LOOP('',(#1243,#1244,#1245,#1246));
#4906=EDGE_LOOP('',(#1247,#1248,#1249,#1250,#1251,#1252,#1253,#1254,#1255,
#1256,#1257,#1258));
#4907=EDGE_LOOP('',(#1259,#1260,#1261,#1262));
#4908=EDGE_LOOP('',(#1263,#1264,#1265,#1266,#1267,#1268,#1269,#1270));
#4909=EDGE_LOOP('',(#1271,#1272,#1273,#1274));
#4910=EDGE_LOOP('',(#1275,#1276,#1277,#1278));
#4911=EDGE_LOOP('',(#1279,#1280,#1281,#1282,#1283,#1284));
#4912=EDGE_LOOP('',(#1285,#1286,#1287,#1288));
#4913=EDGE_LOOP('',(#1289,#1290,#1291,#1292,#1293,#1294));
#4914=EDGE_LOOP('',(#1295,#1296,#1297,#1298));
#4915=EDGE_LOOP('',(#1299,#1300,#1301,#1302,#1303,#1304,#1305,#1306,#1307,
#1308,#1309));
#4916=EDGE_LOOP('',(#1310,#1311,#1312,#1313));
#4917=EDGE_LOOP('',(#1314,#1315,#1316,#1317,#1318));
#4918=EDGE_LOOP('',(#1319,#1320,#1321,#1322));
#4919=EDGE_LOOP('',(#1323,#1324,#1325,#1326));
#4920=EDGE_LOOP('',(#1327,#1328,#1329,#1330));
#4921=EDGE_LOOP('',(#1331,#1332,#1333,#1334));
#4922=EDGE_LOOP('',(#1335,#1336,#1337,#1338,#1339));
#4923=EDGE_LOOP('',(#1340,#1341,#1342,#1343));
#4924=EDGE_LOOP('',(#1344,#1345,#1346,#1347));
#4925=EDGE_LOOP('',(#1348,#1349,#1350,#1351));
#4926=EDGE_LOOP('',(#1352,#1353,#1354,#1355,#1356,#1357,#1358,#1359,#1360,
#1361,#1362));
#4927=EDGE_LOOP('',(#1363,#1364,#1365,#1366));
#4928=EDGE_LOOP('',(#1367,#1368,#1369,#1370,#1371,#1372,#1373,#1374));
#4929=EDGE_LOOP('',(#1375,#1376,#1377,#1378));
#4930=EDGE_LOOP('',(#1379,#1380,#1381,#1382));
#4931=EDGE_LOOP('',(#1383,#1384,#1385,#1386));
#4932=EDGE_LOOP('',(#1387,#1388,#1389,#1390));
#4933=EDGE_LOOP('',(#1391,#1392,#1393,#1394));
#4934=EDGE_LOOP('',(#1395,#1396,#1397,#1398,#1399,#1400,#1401,#1402,#1403,
#1404,#1405,#1406));
#4935=EDGE_LOOP('',(#1407,#1408,#1409,#1410));
#4936=EDGE_LOOP('',(#1411,#1412,#1413,#1414,#1415,#1416,#1417,#1418));
#4937=EDGE_LOOP('',(#1419,#1420,#1421,#1422));
#4938=EDGE_LOOP('',(#1423,#1424,#1425,#1426));
#4939=EDGE_LOOP('',(#1427,#1428,#1429,#1430,#1431,#1432));
#4940=EDGE_LOOP('',(#1433,#1434,#1435,#1436));
#4941=EDGE_LOOP('',(#1437,#1438,#1439,#1440,#1441,#1442));
#4942=EDGE_LOOP('',(#1443,#1444,#1445,#1446));
#4943=EDGE_LOOP('',(#1447,#1448,#1449,#1450,#1451,#1452,#1453,#1454,#1455,
#1456,#1457));
#4944=EDGE_LOOP('',(#1458,#1459,#1460,#1461));
#4945=EDGE_LOOP('',(#1462,#1463,#1464,#1465,#1466));
#4946=EDGE_LOOP('',(#1467,#1468,#1469,#1470));
#4947=EDGE_LOOP('',(#1471,#1472,#1473,#1474));
#4948=EDGE_LOOP('',(#1475,#1476,#1477,#1478));
#4949=EDGE_LOOP('',(#1479,#1480,#1481,#1482));
#4950=EDGE_LOOP('',(#1483,#1484,#1485,#1486,#1487));
#4951=EDGE_LOOP('',(#1488,#1489,#1490,#1491));
#4952=EDGE_LOOP('',(#1492,#1493,#1494,#1495,#1496,#1497));
#4953=EDGE_LOOP('',(#1498,#1499,#1500,#1501));
#4954=EDGE_LOOP('',(#1502,#1503,#1504,#1505,#1506,#1507,#1508,#1509,#1510,
#1511,#1512));
#4955=EDGE_LOOP('',(#1513,#1514,#1515,#1516));
#4956=EDGE_LOOP('',(#1517,#1518,#1519,#1520,#1521,#1522,#1523,#1524));
#4957=EDGE_LOOP('',(#1525,#1526,#1527,#1528));
#4958=EDGE_LOOP('',(#1529,#1530,#1531,#1532));
#4959=EDGE_LOOP('',(#1533,#1534,#1535,#1536,#1537));
#4960=EDGE_LOOP('',(#1538,#1539,#1540,#1541,#1542));
#4961=EDGE_LOOP('',(#1543,#1544,#1545,#1546,#1547,#1548,#1549,#1550,#1551,
#1552,#1553,#1554,#1555));
#4962=EDGE_LOOP('',(#1556,#1557,#1558,#1559,#1560,#1561,#1562,#1563,#1564,
#1565,#1566,#1567,#1568));
#4963=EDGE_LOOP('',(#1569,#1570,#1571,#1572));
#4964=EDGE_LOOP('',(#1573,#1574,#1575,#1576));
#4965=EDGE_LOOP('',(#1577,#1578,#1579,#1580,#1581,#1582,#1583,#1584,#1585,
#1586,#1587,#1588));
#4966=EDGE_LOOP('',(#1589,#1590,#1591,#1592,#1593,#1594,#1595,#1596,#1597,
#1598,#1599,#1600));
#4967=EDGE_LOOP('',(#1601,#1602,#1603,#1604));
#4968=EDGE_LOOP('',(#1605,#1606,#1607,#1608));
#4969=EDGE_LOOP('',(#1609,#1610,#1611,#1612,#1613,#1614,#1615,#1616,#1617,
#1618,#1619,#1620,#1621,#1622,#1623,#1624,#1625,#1626,#1627,#1628));
#4970=EDGE_LOOP('',(#1629,#1630,#1631,#1632,#1633,#1634,#1635,#1636,#1637,
#1638,#1639,#1640,#1641,#1642,#1643,#1644,#1645,#1646,#1647,#1648,#1649,
#1650,#1651,#1652,#1653,#1654,#1655,#1656,#1657,#1658,#1659,#1660));
#4971=EDGE_LOOP('',(#1661,#1662,#1663,#1664));
#4972=EDGE_LOOP('',(#1665,#1666,#1667,#1668,#1669,#1670));
#4973=EDGE_LOOP('',(#1671,#1672,#1673,#1674,#1675,#1676));
#4974=EDGE_LOOP('',(#1677,#1678,#1679,#1680));
#4975=EDGE_LOOP('',(#1681,#1682,#1683,#1684));
#4976=EDGE_LOOP('',(#1685,#1686,#1687,#1688,#1689,#1690,#1691,#1692,#1693,
#1694,#1695,#1696,#1697,#1698,#1699,#1700));
#4977=EDGE_LOOP('',(#1701,#1702,#1703,#1704,#1705,#1706,#1707,#1708,#1709,
#1710,#1711,#1712,#1713,#1714,#1715,#1716,#1717,#1718,#1719,#1720,#1721,
#1722,#1723,#1724,#1725,#1726,#1727,#1728,#1729,#1730));
#4978=EDGE_LOOP('',(#1731,#1732,#1733,#1734,#1735));
#4979=EDGE_LOOP('',(#1736,#1737,#1738,#1739));
#4980=EDGE_LOOP('',(#1740,#1741,#1742,#1743));
#4981=EDGE_LOOP('',(#1744,#1745,#1746,#1747,#1748));
#4982=EDGE_LOOP('',(#1749,#1750,#1751,#1752));
#4983=EDGE_LOOP('',(#1753,#1754,#1755,#1756));
#4984=EDGE_LOOP('',(#1757,#1758,#1759,#1760));
#4985=EDGE_LOOP('',(#1761,#1762,#1763,#1764));
#4986=EDGE_LOOP('',(#1765,#1766,#1767,#1768));
#4987=EDGE_LOOP('',(#1769,#1770,#1771,#1772));
#4988=EDGE_LOOP('',(#1773,#1774,#1775,#1776));
#4989=EDGE_LOOP('',(#1777,#1778,#1779,#1780,#1781));
#4990=EDGE_LOOP('',(#1782,#1783,#1784,#1785,#1786));
#4991=EDGE_LOOP('',(#1787,#1788,#1789,#1790));
#4992=EDGE_LOOP('',(#1791,#1792,#1793,#1794));
#4993=EDGE_LOOP('',(#1795,#1796,#1797,#1798));
#4994=EDGE_LOOP('',(#1799,#1800,#1801,#1802));
#4995=EDGE_LOOP('',(#1803,#1804,#1805,#1806));
#4996=EDGE_LOOP('',(#1807,#1808,#1809,#1810));
#4997=EDGE_LOOP('',(#1811,#1812,#1813,#1814,#1815,#1816,#1817,#1818,#1819));
#4998=EDGE_LOOP('',(#1820,#1821,#1822));
#4999=EDGE_LOOP('',(#1823,#1824,#1825));
#5000=EDGE_LOOP('',(#1826,#1827,#1828,#1829,#1830,#1831,#1832,#1833,#1834));
#5001=EDGE_LOOP('',(#1835,#1836,#1837,#1838));
#5002=EDGE_LOOP('',(#1839,#1840,#1841,#1842));
#5003=EDGE_LOOP('',(#1843,#1844,#1845,#1846));
#5004=EDGE_LOOP('',(#1847,#1848,#1849,#1850));
#5005=EDGE_LOOP('',(#1851,#1852,#1853,#1854));
#5006=EDGE_LOOP('',(#1855,#1856,#1857,#1858));
#5007=EDGE_LOOP('',(#1859,#1860,#1861,#1862));
#5008=EDGE_LOOP('',(#1863,#1864,#1865,#1866));
#5009=EDGE_LOOP('',(#1867,#1868,#1869,#1870));
#5010=EDGE_LOOP('',(#1871,#1872,#1873,#1874));
#5011=EDGE_LOOP('',(#1875,#1876,#1877,#1878));
#5012=EDGE_LOOP('',(#1879,#1880,#1881,#1882));
#5013=EDGE_LOOP('',(#1883,#1884,#1885,#1886));
#5014=EDGE_LOOP('',(#1887,#1888,#1889,#1890));
#5015=EDGE_LOOP('',(#1891,#1892,#1893,#1894));
#5016=EDGE_LOOP('',(#1895,#1896,#1897,#1898));
#5017=EDGE_LOOP('',(#1899,#1900,#1901,#1902));
#5018=EDGE_LOOP('',(#1903,#1904,#1905,#1906));
#5019=EDGE_LOOP('',(#1907,#1908,#1909,#1910));
#5020=EDGE_LOOP('',(#1911,#1912,#1913,#1914));
#5021=EDGE_LOOP('',(#1915,#1916,#1917,#1918));
#5022=EDGE_LOOP('',(#1919,#1920,#1921,#1922));
#5023=EDGE_LOOP('',(#1923,#1924,#1925,#1926));
#5024=EDGE_LOOP('',(#1927,#1928,#1929,#1930));
#5025=EDGE_LOOP('',(#1931,#1932,#1933,#1934));
#5026=EDGE_LOOP('',(#1935,#1936,#1937,#1938));
#5027=EDGE_LOOP('',(#1939,#1940,#1941,#1942));
#5028=EDGE_LOOP('',(#1943,#1944,#1945,#1946));
#5029=EDGE_LOOP('',(#1947,#1948,#1949,#1950));
#5030=EDGE_LOOP('',(#1951,#1952,#1953,#1954,#1955,#1956,#1957));
#5031=EDGE_LOOP('',(#1958,#1959,#1960,#1961));
#5032=EDGE_LOOP('',(#1962,#1963,#1964,#1965,#1966,#1967,#1968));
#5033=EDGE_LOOP('',(#1969,#1970,#1971,#1972));
#5034=EDGE_LOOP('',(#1973,#1974,#1975,#1976));
#5035=EDGE_LOOP('',(#1977,#1978,#1979,#1980));
#5036=EDGE_LOOP('',(#1981,#1982,#1983,#1984));
#5037=EDGE_LOOP('',(#1985,#1986,#1987,#1988));
#5038=EDGE_LOOP('',(#1989,#1990,#1991,#1992));
#5039=EDGE_LOOP('',(#1993,#1994,#1995,#1996));
#5040=EDGE_LOOP('',(#1997,#1998,#1999,#2000));
#5041=EDGE_LOOP('',(#2001,#2002,#2003,#2004));
#5042=EDGE_LOOP('',(#2005,#2006,#2007,#2008,#2009,#2010,#2011));
#5043=EDGE_LOOP('',(#2012,#2013,#2014,#2015));
#5044=EDGE_LOOP('',(#2016,#2017,#2018,#2019,#2020,#2021,#2022));
#5045=EDGE_LOOP('',(#2023,#2024,#2025,#2026));
#5046=EDGE_LOOP('',(#2027,#2028,#2029,#2030));
#5047=EDGE_LOOP('',(#2031,#2032,#2033,#2034));
#5048=EDGE_LOOP('',(#2035,#2036,#2037,#2038));
#5049=EDGE_LOOP('',(#2039,#2040,#2041,#2042));
#5050=EDGE_LOOP('',(#2043,#2044,#2045,#2046));
#5051=EDGE_LOOP('',(#2047,#2048,#2049,#2050));
#5052=EDGE_LOOP('',(#2051,#2052,#2053,#2054));
#5053=FACE_BOUND('',#4744,.T.);
#5054=FACE_BOUND('',#4745,.T.);
#5055=FACE_BOUND('',#4746,.T.);
#5056=FACE_BOUND('',#4747,.T.);
#5057=FACE_BOUND('',#4748,.T.);
#5058=FACE_BOUND('',#4749,.T.);
#5059=FACE_BOUND('',#4750,.T.);
#5060=FACE_BOUND('',#4751,.T.);
#5061=FACE_BOUND('',#4752,.T.);
#5062=FACE_BOUND('',#4753,.T.);
#5063=FACE_BOUND('',#4754,.T.);
#5064=FACE_BOUND('',#4755,.T.);
#5065=FACE_BOUND('',#4756,.T.);
#5066=FACE_BOUND('',#4757,.T.);
#5067=FACE_BOUND('',#4758,.T.);
#5068=FACE_BOUND('',#4759,.T.);
#5069=FACE_BOUND('',#4760,.T.);
#5070=FACE_BOUND('',#4761,.T.);
#5071=FACE_BOUND('',#4762,.T.);
#5072=FACE_BOUND('',#4763,.T.);
#5073=FACE_BOUND('',#4764,.T.);
#5074=FACE_BOUND('',#4765,.T.);
#5075=FACE_BOUND('',#4766,.T.);
#5076=FACE_BOUND('',#4767,.T.);
#5077=FACE_BOUND('',#4768,.T.);
#5078=FACE_BOUND('',#4769,.T.);
#5079=FACE_BOUND('',#4770,.T.);
#5080=FACE_BOUND('',#4771,.T.);
#5081=FACE_BOUND('',#4772,.T.);
#5082=FACE_BOUND('',#4773,.T.);
#5083=FACE_BOUND('',#4774,.T.);
#5084=FACE_BOUND('',#4775,.T.);
#5085=FACE_BOUND('',#4776,.T.);
#5086=FACE_BOUND('',#4777,.T.);
#5087=FACE_BOUND('',#4778,.T.);
#5088=FACE_BOUND('',#4779,.T.);
#5089=FACE_BOUND('',#4780,.T.);
#5090=FACE_BOUND('',#4781,.T.);
#5091=FACE_BOUND('',#4782,.T.);
#5092=FACE_BOUND('',#4783,.T.);
#5093=FACE_BOUND('',#4784,.T.);
#5094=FACE_BOUND('',#4785,.T.);
#5095=FACE_BOUND('',#4786,.T.);
#5096=FACE_BOUND('',#4787,.T.);
#5097=FACE_BOUND('',#4788,.T.);
#5098=FACE_BOUND('',#4789,.T.);
#5099=FACE_BOUND('',#4790,.T.);
#5100=FACE_BOUND('',#4791,.T.);
#5101=FACE_BOUND('',#4792,.T.);
#5102=FACE_BOUND('',#4793,.T.);
#5103=FACE_BOUND('',#4794,.T.);
#5104=FACE_BOUND('',#4795,.T.);
#5105=FACE_BOUND('',#4796,.T.);
#5106=FACE_BOUND('',#4797,.T.);
#5107=FACE_BOUND('',#4798,.T.);
#5108=FACE_BOUND('',#4799,.T.);
#5109=FACE_BOUND('',#4800,.T.);
#5110=FACE_BOUND('',#4801,.T.);
#5111=FACE_BOUND('',#4802,.T.);
#5112=FACE_BOUND('',#4803,.T.);
#5113=FACE_BOUND('',#4804,.T.);
#5114=FACE_BOUND('',#4805,.T.);
#5115=FACE_BOUND('',#4806,.T.);
#5116=FACE_BOUND('',#4807,.T.);
#5117=FACE_BOUND('',#4808,.T.);
#5118=FACE_BOUND('',#4809,.T.);
#5119=FACE_BOUND('',#4810,.T.);
#5120=FACE_BOUND('',#4811,.T.);
#5121=FACE_BOUND('',#4812,.T.);
#5122=FACE_BOUND('',#4813,.T.);
#5123=FACE_BOUND('',#4814,.T.);
#5124=FACE_BOUND('',#4815,.T.);
#5125=FACE_BOUND('',#4816,.T.);
#5126=FACE_BOUND('',#4817,.T.);
#5127=FACE_BOUND('',#4818,.T.);
#5128=FACE_BOUND('',#4819,.T.);
#5129=FACE_BOUND('',#4820,.T.);
#5130=FACE_BOUND('',#4821,.T.);
#5131=FACE_BOUND('',#4822,.T.);
#5132=FACE_BOUND('',#4823,.T.);
#5133=FACE_BOUND('',#4824,.T.);
#5134=FACE_BOUND('',#4825,.T.);
#5135=FACE_BOUND('',#4826,.T.);
#5136=FACE_BOUND('',#4827,.T.);
#5137=FACE_BOUND('',#4828,.T.);
#5138=FACE_BOUND('',#4829,.T.);
#5139=FACE_BOUND('',#4830,.T.);
#5140=FACE_BOUND('',#4831,.T.);
#5141=FACE_BOUND('',#4832,.T.);
#5142=FACE_BOUND('',#4833,.T.);
#5143=FACE_BOUND('',#4834,.T.);
#5144=FACE_BOUND('',#4835,.T.);
#5145=FACE_BOUND('',#4836,.T.);
#5146=FACE_BOUND('',#4837,.T.);
#5147=FACE_BOUND('',#4838,.T.);
#5148=FACE_BOUND('',#4839,.T.);
#5149=FACE_BOUND('',#4840,.T.);
#5150=FACE_BOUND('',#4841,.T.);
#5151=FACE_BOUND('',#4842,.T.);
#5152=FACE_BOUND('',#4843,.T.);
#5153=FACE_BOUND('',#4844,.T.);
#5154=FACE_BOUND('',#4845,.T.);
#5155=FACE_BOUND('',#4846,.T.);
#5156=FACE_BOUND('',#4847,.T.);
#5157=FACE_BOUND('',#4848,.T.);
#5158=FACE_BOUND('',#4849,.T.);
#5159=FACE_BOUND('',#4850,.T.);
#5160=FACE_BOUND('',#4851,.T.);
#5161=FACE_BOUND('',#4852,.T.);
#5162=FACE_BOUND('',#4853,.T.);
#5163=FACE_BOUND('',#4854,.T.);
#5164=FACE_BOUND('',#4855,.T.);
#5165=FACE_BOUND('',#4856,.T.);
#5166=FACE_BOUND('',#4857,.T.);
#5167=FACE_BOUND('',#4858,.T.);
#5168=FACE_BOUND('',#4859,.T.);
#5169=FACE_BOUND('',#4860,.T.);
#5170=FACE_BOUND('',#4861,.T.);
#5171=FACE_BOUND('',#4862,.T.);
#5172=FACE_BOUND('',#4863,.T.);
#5173=FACE_BOUND('',#4864,.T.);
#5174=FACE_BOUND('',#4865,.T.);
#5175=FACE_BOUND('',#4866,.T.);
#5176=FACE_BOUND('',#4867,.T.);
#5177=FACE_BOUND('',#4868,.T.);
#5178=FACE_BOUND('',#4869,.T.);
#5179=FACE_BOUND('',#4870,.T.);
#5180=FACE_BOUND('',#4871,.T.);
#5181=FACE_BOUND('',#4872,.T.);
#5182=FACE_BOUND('',#4873,.T.);
#5183=FACE_BOUND('',#4874,.T.);
#5184=FACE_BOUND('',#4875,.T.);
#5185=FACE_BOUND('',#4876,.T.);
#5186=FACE_BOUND('',#4877,.T.);
#5187=FACE_BOUND('',#4878,.T.);
#5188=FACE_BOUND('',#4879,.T.);
#5189=FACE_BOUND('',#4880,.T.);
#5190=FACE_BOUND('',#4881,.T.);
#5191=FACE_BOUND('',#4882,.T.);
#5192=FACE_BOUND('',#4883,.T.);
#5193=FACE_BOUND('',#4884,.T.);
#5194=FACE_BOUND('',#4885,.T.);
#5195=FACE_BOUND('',#4886,.T.);
#5196=FACE_BOUND('',#4887,.T.);
#5197=FACE_BOUND('',#4888,.T.);
#5198=FACE_BOUND('',#4889,.T.);
#5199=FACE_BOUND('',#4890,.T.);
#5200=FACE_BOUND('',#4891,.T.);
#5201=FACE_BOUND('',#4892,.T.);
#5202=FACE_BOUND('',#4893,.T.);
#5203=FACE_BOUND('',#4894,.T.);
#5204=FACE_BOUND('',#4895,.T.);
#5205=FACE_BOUND('',#4896,.T.);
#5206=FACE_BOUND('',#4897,.T.);
#5207=FACE_BOUND('',#4898,.T.);
#5208=FACE_BOUND('',#4899,.T.);
#5209=FACE_BOUND('',#4900,.T.);
#5210=FACE_BOUND('',#4901,.T.);
#5211=FACE_BOUND('',#4902,.T.);
#5212=FACE_BOUND('',#4903,.T.);
#5213=FACE_BOUND('',#4904,.T.);
#5214=FACE_BOUND('',#4905,.T.);
#5215=FACE_BOUND('',#4906,.T.);
#5216=FACE_BOUND('',#4907,.T.);
#5217=FACE_BOUND('',#4908,.T.);
#5218=FACE_BOUND('',#4909,.T.);
#5219=FACE_BOUND('',#4910,.T.);
#5220=FACE_BOUND('',#4911,.T.);
#5221=FACE_BOUND('',#4912,.T.);
#5222=FACE_BOUND('',#4913,.T.);
#5223=FACE_BOUND('',#4914,.T.);
#5224=FACE_BOUND('',#4915,.T.);
#5225=FACE_BOUND('',#4916,.T.);
#5226=FACE_BOUND('',#4917,.T.);
#5227=FACE_BOUND('',#4918,.T.);
#5228=FACE_BOUND('',#4919,.T.);
#5229=FACE_BOUND('',#4920,.T.);
#5230=FACE_BOUND('',#4921,.T.);
#5231=FACE_BOUND('',#4922,.T.);
#5232=FACE_BOUND('',#4923,.T.);
#5233=FACE_BOUND('',#4924,.T.);
#5234=FACE_BOUND('',#4925,.T.);
#5235=FACE_BOUND('',#4926,.T.);
#5236=FACE_BOUND('',#4927,.T.);
#5237=FACE_BOUND('',#4928,.T.);
#5238=FACE_BOUND('',#4929,.T.);
#5239=FACE_BOUND('',#4930,.T.);
#5240=FACE_BOUND('',#4931,.T.);
#5241=FACE_BOUND('',#4932,.T.);
#5242=FACE_BOUND('',#4933,.T.);
#5243=FACE_BOUND('',#4934,.T.);
#5244=FACE_BOUND('',#4935,.T.);
#5245=FACE_BOUND('',#4936,.T.);
#5246=FACE_BOUND('',#4937,.T.);
#5247=FACE_BOUND('',#4938,.T.);
#5248=FACE_BOUND('',#4939,.T.);
#5249=FACE_BOUND('',#4940,.T.);
#5250=FACE_BOUND('',#4941,.T.);
#5251=FACE_BOUND('',#4942,.T.);
#5252=FACE_BOUND('',#4943,.T.);
#5253=FACE_BOUND('',#4944,.T.);
#5254=FACE_BOUND('',#4945,.T.);
#5255=FACE_BOUND('',#4946,.T.);
#5256=FACE_BOUND('',#4947,.T.);
#5257=FACE_BOUND('',#4948,.T.);
#5258=FACE_BOUND('',#4949,.T.);
#5259=FACE_BOUND('',#4950,.T.);
#5260=FACE_BOUND('',#4951,.T.);
#5261=FACE_BOUND('',#4952,.T.);
#5262=FACE_BOUND('',#4953,.T.);
#5263=FACE_BOUND('',#4954,.T.);
#5264=FACE_BOUND('',#4955,.T.);
#5265=FACE_BOUND('',#4956,.T.);
#5266=FACE_BOUND('',#4957,.T.);
#5267=FACE_BOUND('',#4958,.T.);
#5268=FACE_BOUND('',#4959,.T.);
#5269=FACE_BOUND('',#4960,.T.);
#5270=FACE_BOUND('',#4961,.T.);
#5271=FACE_BOUND('',#4962,.T.);
#5272=FACE_BOUND('',#4963,.T.);
#5273=FACE_BOUND('',#4964,.T.);
#5274=FACE_BOUND('',#4965,.T.);
#5275=FACE_BOUND('',#4966,.T.);
#5276=FACE_BOUND('',#4967,.T.);
#5277=FACE_BOUND('',#4968,.T.);
#5278=FACE_BOUND('',#4969,.T.);
#5279=FACE_BOUND('',#4970,.T.);
#5280=FACE_BOUND('',#4971,.T.);
#5281=FACE_BOUND('',#4972,.T.);
#5282=FACE_BOUND('',#4973,.T.);
#5283=FACE_BOUND('',#4974,.T.);
#5284=FACE_BOUND('',#4975,.T.);
#5285=FACE_BOUND('',#4976,.T.);
#5286=FACE_BOUND('',#4977,.T.);
#5287=FACE_BOUND('',#4978,.T.);
#5288=FACE_BOUND('',#4979,.T.);
#5289=FACE_BOUND('',#4980,.T.);
#5290=FACE_BOUND('',#4981,.T.);
#5291=FACE_BOUND('',#4982,.T.);
#5292=FACE_BOUND('',#4983,.T.);
#5293=FACE_BOUND('',#4984,.T.);
#5294=FACE_BOUND('',#4985,.T.);
#5295=FACE_BOUND('',#4986,.T.);
#5296=FACE_BOUND('',#4987,.T.);
#5297=FACE_BOUND('',#4988,.T.);
#5298=FACE_BOUND('',#4989,.T.);
#5299=FACE_BOUND('',#4990,.T.);
#5300=FACE_BOUND('',#4991,.T.);
#5301=FACE_BOUND('',#4992,.T.);
#5302=FACE_BOUND('',#4993,.T.);
#5303=FACE_BOUND('',#4994,.T.);
#5304=FACE_BOUND('',#4995,.T.);
#5305=FACE_BOUND('',#4996,.T.);
#5306=FACE_BOUND('',#4997,.T.);
#5307=FACE_BOUND('',#4998,.T.);
#5308=FACE_BOUND('',#4999,.T.);
#5309=FACE_BOUND('',#5000,.T.);
#5310=FACE_BOUND('',#5001,.T.);
#5311=FACE_BOUND('',#5002,.T.);
#5312=FACE_BOUND('',#5003,.T.);
#5313=FACE_BOUND('',#5004,.T.);
#5314=FACE_BOUND('',#5005,.T.);
#5315=FACE_BOUND('',#5006,.T.);
#5316=FACE_BOUND('',#5007,.T.);
#5317=FACE_BOUND('',#5008,.T.);
#5318=FACE_BOUND('',#5009,.T.);
#5319=FACE_BOUND('',#5010,.T.);
#5320=FACE_BOUND('',#5011,.T.);
#5321=FACE_BOUND('',#5012,.T.);
#5322=FACE_BOUND('',#5013,.T.);
#5323=FACE_BOUND('',#5014,.T.);
#5324=FACE_BOUND('',#5015,.T.);
#5325=FACE_BOUND('',#5016,.T.);
#5326=FACE_BOUND('',#5017,.T.);
#5327=FACE_BOUND('',#5018,.T.);
#5328=FACE_BOUND('',#5019,.T.);
#5329=FACE_BOUND('',#5020,.T.);
#5330=FACE_BOUND('',#5021,.T.);
#5331=FACE_BOUND('',#5022,.T.);
#5332=FACE_BOUND('',#5023,.T.);
#5333=FACE_BOUND('',#5024,.T.);
#5334=FACE_BOUND('',#5025,.T.);
#5335=FACE_BOUND('',#5026,.T.);
#5336=FACE_BOUND('',#5027,.T.);
#5337=FACE_BOUND('',#5028,.T.);
#5338=FACE_BOUND('',#5029,.T.);
#5339=FACE_BOUND('',#5030,.T.);
#5340=FACE_BOUND('',#5031,.T.);
#5341=FACE_BOUND('',#5032,.T.);
#5342=FACE_BOUND('',#5033,.T.);
#5343=FACE_BOUND('',#5034,.T.);
#5344=FACE_BOUND('',#5035,.T.);
#5345=FACE_BOUND('',#5036,.T.);
#5346=FACE_BOUND('',#5037,.T.);
#5347=FACE_BOUND('',#5038,.T.);
#5348=FACE_BOUND('',#5039,.T.);
#5349=FACE_BOUND('',#5040,.T.);
#5350=FACE_BOUND('',#5041,.T.);
#5351=FACE_BOUND('',#5042,.T.);
#5352=FACE_BOUND('',#5043,.T.);
#5353=FACE_BOUND('',#5044,.T.);
#5354=FACE_BOUND('',#5045,.T.);
#5355=FACE_BOUND('',#5046,.T.);
#5356=FACE_BOUND('',#5047,.T.);
#5357=FACE_BOUND('',#5048,.T.);
#5358=FACE_BOUND('',#5049,.T.);
#5359=FACE_BOUND('',#5050,.T.);
#5360=FACE_BOUND('',#5051,.T.);
#5361=FACE_BOUND('',#5052,.T.);
#5362=PLANE('',#5929);
#5363=PLANE('',#5930);
#5364=PLANE('',#5931);
#5365=PLANE('',#5937);
#5366=PLANE('',#5938);
#5367=PLANE('',#5939);
#5368=PLANE('',#5940);
#5369=PLANE('',#5941);
#5370=PLANE('',#5942);
#5371=PLANE('',#5943);
#5372=PLANE('',#5944);
#5373=PLANE('',#5945);
#5374=PLANE('',#5946);
#5375=PLANE('',#5947);
#5376=PLANE('',#5948);
#5377=PLANE('',#5949);
#5378=PLANE('',#5950);
#5379=PLANE('',#5951);
#5380=PLANE('',#5952);
#5381=PLANE('',#5953);
#5382=PLANE('',#5954);
#5383=PLANE('',#5955);
#5384=PLANE('',#5956);
#5385=PLANE('',#5957);
#5386=PLANE('',#5958);
#5387=PLANE('',#5959);
#5388=PLANE('',#5960);
#5389=PLANE('',#5961);
#5390=PLANE('',#5962);
#5391=PLANE('',#5963);
#5392=PLANE('',#5964);
#5393=PLANE('',#5965);
#5394=PLANE('',#5966);
#5395=PLANE('',#5967);
#5396=PLANE('',#5968);
#5397=PLANE('',#5969);
#5398=PLANE('',#5970);
#5399=PLANE('',#5971);
#5400=PLANE('',#5984);
#5401=PLANE('',#5985);
#5402=PLANE('',#5986);
#5403=PLANE('',#5987);
#5404=PLANE('',#5988);
#5405=PLANE('',#5989);
#5406=PLANE('',#5990);
#5407=PLANE('',#5991);
#5408=PLANE('',#5992);
#5409=PLANE('',#5993);
#5410=PLANE('',#5994);
#5411=PLANE('',#5995);
#5412=PLANE('',#5996);
#5413=PLANE('',#5997);
#5414=PLANE('',#5998);
#5415=PLANE('',#5999);
#5416=PLANE('',#6000);
#5417=PLANE('',#6001);
#5418=PLANE('',#6014);
#5419=PLANE('',#6015);
#5420=PLANE('',#6016);
#5421=PLANE('',#6019);
#5422=PLANE('',#6020);
#5423=PLANE('',#6023);
#5424=PLANE('',#6026);
#5425=PLANE('',#6029);
#5426=PLANE('',#6032);
#5427=PLANE('',#6035);
#5428=PLANE('',#6038);
#5429=PLANE('',#6039);
#5430=PLANE('',#6050);
#5431=PLANE('',#6051);
#5432=PLANE('',#6054);
#5433=PLANE('',#6059);
#5434=PLANE('',#6062);
#5435=PLANE('',#6065);
#5436=PLANE('',#6068);
#5437=PLANE('',#6071);
#5438=PLANE('',#6074);
#5439=PLANE('',#6077);
#5440=PLANE('',#6082);
#5441=PLANE('',#6085);
#5442=PLANE('',#6086);
#5443=PLANE('',#6087);
#5444=PLANE('',#6088);
#5445=PLANE('',#6089);
#5446=PLANE('',#6090);
#5447=PLANE('',#6091);
#5448=PLANE('',#6092);
#5449=PLANE('',#6093);
#5450=PLANE('',#6094);
#5451=PLANE('',#6095);
#5452=PLANE('',#6096);
#5453=PLANE('',#6097);
#5454=PLANE('',#6098);
#5455=PLANE('',#6099);
#5456=PLANE('',#6100);
#5457=PLANE('',#6101);
#5458=PLANE('',#6102);
#5459=PLANE('',#6103);
#5460=PLANE('',#6104);
#5461=PLANE('',#6105);
#5462=PLANE('',#6106);
#5463=PLANE('',#6107);
#5464=PLANE('',#6108);
#5465=PLANE('',#6109);
#5466=PLANE('',#6110);
#5467=PLANE('',#6111);
#5468=PLANE('',#6112);
#5469=PLANE('',#6116);
#5470=PLANE('',#6120);
#5471=PLANE('',#6123);
#5472=PLANE('',#6127);
#5473=PLANE('',#6131);
#5474=PLANE('',#6132);
#5475=PLANE('',#6137);
#5476=PLANE('',#6155);
#5477=PLANE('',#6156);
#5478=PLANE('',#6157);
#5479=PLANE('',#6159);
#5480=PLANE('',#6160);
#5481=PLANE('',#6161);
#5482=PLANE('',#6162);
#5483=PLANE('',#6163);
#5484=PLANE('',#6167);
#5485=PLANE('',#6170);
#5486=PLANE('',#6171);
#5487=PLANE('',#6177);
#5488=PLANE('',#6180);
#5489=PLANE('',#6181);
#5490=PLANE('',#6183);
#5491=PLANE('',#6184);
#5492=PLANE('',#6185);
#5493=PLANE('',#6186);
#5494=PLANE('',#6187);
#5495=PLANE('',#6189);
#5496=PLANE('',#6190);
#5497=PLANE('',#6191);
#5498=PLANE('',#6192);
#5499=PLANE('',#6199);
#5500=PLANE('',#6200);
#5501=PLANE('',#6214);
#5502=PLANE('',#6215);
#5503=PLANE('',#6216);
#5504=PLANE('',#6217);
#5505=PLANE('',#6218);
#5506=PLANE('',#6222);
#5507=PLANE('',#6225);
#5508=PLANE('',#6226);
#5509=PLANE('',#6232);
#5510=PLANE('',#6235);
#5511=PLANE('',#6236);
#5512=PLANE('',#6238);
#5513=PLANE('',#6239);
#5514=PLANE('',#6240);
#5515=PLANE('',#6241);
#5516=PLANE('',#6242);
#5517=PLANE('',#6244);
#5518=PLANE('',#6245);
#5519=PLANE('',#6246);
#5520=PLANE('',#6247);
#5521=PLANE('',#6254);
#5522=PLANE('',#6255);
#5523=PLANE('',#6269);
#5524=PLANE('',#6275);
#5525=PLANE('',#6281);
#5526=PLANE('',#6282);
#5527=PLANE('',#6283);
#5528=PLANE('',#6289);
#5529=PLANE('',#6295);
#5530=PLANE('',#6296);
#5531=PLANE('',#6297);
#5532=PLANE('',#6319);
#5533=PLANE('',#6320);
#5534=PLANE('',#6321);
#5535=PLANE('',#6325);
#5536=PLANE('',#6344);
#5537=PLANE('',#6347);
#5538=PLANE('',#6351);
#5539=PLANE('',#6353);
#5540=PLANE('',#6355);
#5541=PLANE('',#6356);
#5542=PLANE('',#6358);
#5543=PLANE('',#6360);
#5544=PLANE('',#6362);
#5545=PLANE('',#6363);
#5546=PLANE('',#6364);
#5547=PLANE('',#6365);
#5548=PLANE('',#6366);
#5549=PLANE('',#6367);
#5550=PLANE('',#6369);
#5551=PLANE('',#6371);
#5552=PLANE('',#6373);
#5553=PLANE('',#6376);
#5554=PLANE('',#6378);
#5555=PLANE('',#6379);
#5556=PLANE('',#6383);
#5557=PLANE('',#6385);
#5558=PLANE('',#6387);
#5559=PLANE('',#6389);
#5560=PLANE('',#6390);
#5561=PLANE('',#6391);
#5562=PLANE('',#6393);
#5563=PLANE('',#6395);
#5564=PLANE('',#6396);
#5565=PLANE('',#6399);
#5566=PLANE('',#6400);
#5567=PLANE('',#6403);
#5568=PLANE('',#6405);
#5569=PLANE('',#6407);
#5570=PLANE('',#6409);
#5571=PLANE('',#6411);
#5572=PLANE('',#6412);
#5573=PLANE('',#6415);
#5574=PLANE('',#6416);
#5575=PLANE('',#6419);
#5576=PLANE('',#6420);
#5577=PLANE('',#6421);
#5578=PLANE('',#6422);
#5579=ADVANCED_FACE('',(#5053),#5362,.F.);
#5580=ADVANCED_FACE('',(#5054),#5363,.T.);
#5581=ADVANCED_FACE('',(#5055),#5364,.T.);
#5582=ADVANCED_FACE('',(#5056),#5365,.T.);
#5583=ADVANCED_FACE('',(#5057),#5366,.T.);
#5584=ADVANCED_FACE('',(#5058),#5367,.T.);
#5585=ADVANCED_FACE('',(#5059,#5060),#5368,.T.);
#5586=ADVANCED_FACE('',(#5061),#5369,.F.);
#5587=ADVANCED_FACE('',(#5062),#5370,.F.);
#5588=ADVANCED_FACE('',(#5063),#5371,.F.);
#5589=ADVANCED_FACE('',(#5064),#5372,.F.);
#5590=ADVANCED_FACE('',(#5065),#5373,.T.);
#5591=ADVANCED_FACE('',(#5066),#5374,.F.);
#5592=ADVANCED_FACE('',(#5067),#5375,.T.);
#5593=ADVANCED_FACE('',(#5068),#5376,.F.);
#5594=ADVANCED_FACE('',(#5069),#5377,.F.);
#5595=ADVANCED_FACE('',(#5070),#5378,.F.);
#5596=ADVANCED_FACE('',(#5071),#5379,.T.);
#5597=ADVANCED_FACE('',(#5072),#5380,.F.);
#5598=ADVANCED_FACE('',(#5073),#5381,.F.);
#5599=ADVANCED_FACE('',(#5074),#5382,.F.);
#5600=ADVANCED_FACE('',(#5075),#5383,.T.);
#5601=ADVANCED_FACE('',(#5076),#5384,.T.);
#5602=ADVANCED_FACE('',(#5077),#5385,.T.);
#5603=ADVANCED_FACE('',(#5078),#5386,.T.);
#5604=ADVANCED_FACE('',(#5079),#5387,.T.);
#5605=ADVANCED_FACE('',(#5080),#5388,.T.);
#5606=ADVANCED_FACE('',(#5081),#5389,.T.);
#5607=ADVANCED_FACE('',(#5082),#5390,.F.);
#5608=ADVANCED_FACE('',(#5083),#5391,.F.);
#5609=ADVANCED_FACE('',(#5084),#5392,.F.);
#5610=ADVANCED_FACE('',(#5085),#5393,.F.);
#5611=ADVANCED_FACE('',(#5086),#5394,.F.);
#5612=ADVANCED_FACE('',(#5087),#5395,.F.);
#5613=ADVANCED_FACE('',(#5088),#5396,.F.);
#5614=ADVANCED_FACE('',(#5089),#5397,.F.);
#5615=ADVANCED_FACE('',(#5090),#5398,.T.);
#5616=ADVANCED_FACE('',(#5091,#5092),#5399,.F.);
#5617=ADVANCED_FACE('',(#5093),#5400,.T.);
#5618=ADVANCED_FACE('',(#5094),#5401,.T.);
#5619=ADVANCED_FACE('',(#5095),#5402,.F.);
#5620=ADVANCED_FACE('',(#5096),#5403,.F.);
#5621=ADVANCED_FACE('',(#5097),#5404,.F.);
#5622=ADVANCED_FACE('',(#5098),#5405,.F.);
#5623=ADVANCED_FACE('',(#5099),#5406,.F.);
#5624=ADVANCED_FACE('',(#5100),#5407,.F.);
#5625=ADVANCED_FACE('',(#5101),#5408,.T.);
#5626=ADVANCED_FACE('',(#5102),#5409,.T.);
#5627=ADVANCED_FACE('',(#5103),#5410,.T.);
#5628=ADVANCED_FACE('',(#5104),#5411,.T.);
#5629=ADVANCED_FACE('',(#5105),#5412,.T.);
#5630=ADVANCED_FACE('',(#5106),#5413,.T.);
#5631=ADVANCED_FACE('',(#5107),#5414,.T.);
#5632=ADVANCED_FACE('',(#5108),#5415,.T.);
#5633=ADVANCED_FACE('',(#5109),#5416,.F.);
#5634=ADVANCED_FACE('',(#5110,#5111),#5417,.T.);
#5635=ADVANCED_FACE('',(#5112),#5418,.T.);
#5636=ADVANCED_FACE('',(#5113),#5419,.T.);
#5637=ADVANCED_FACE('',(#5114),#5420,.T.);
#5638=ADVANCED_FACE('',(#5115),#152,.T.);
#5639=ADVANCED_FACE('',(#5116),#5421,.T.);
#5640=ADVANCED_FACE('',(#5117),#5422,.T.);
#5641=ADVANCED_FACE('',(#5118),#153,.T.);
#5642=ADVANCED_FACE('',(#5119),#5423,.T.);
#5643=ADVANCED_FACE('',(#5120),#154,.F.);
#5644=ADVANCED_FACE('',(#5121),#5424,.T.);
#5645=ADVANCED_FACE('',(#5122),#155,.T.);
#5646=ADVANCED_FACE('',(#5123),#5425,.T.);
#5647=ADVANCED_FACE('',(#5124),#156,.T.);
#5648=ADVANCED_FACE('',(#5125),#5426,.T.);
#5649=ADVANCED_FACE('',(#5126),#157,.F.);
#5650=ADVANCED_FACE('',(#5127),#5427,.T.);
#5651=ADVANCED_FACE('',(#5128),#158,.T.);
#5652=ADVANCED_FACE('',(#5129),#5428,.T.);
#5653=ADVANCED_FACE('',(#5130),#5429,.T.);
#5654=ADVANCED_FACE('',(#5131),#159,.T.);
#5655=ADVANCED_FACE('',(#5132),#160,.T.);
#5656=ADVANCED_FACE('',(#5133),#161,.T.);
#5657=ADVANCED_FACE('',(#5134),#162,.T.);
#5658=ADVANCED_FACE('',(#5135),#163,.T.);
#5659=ADVANCED_FACE('',(#5136),#5430,.F.);
#5660=ADVANCED_FACE('',(#5137),#5431,.F.);
#5661=ADVANCED_FACE('',(#5138),#164,.T.);
#5662=ADVANCED_FACE('',(#5139),#5432,.F.);
#5663=ADVANCED_FACE('',(#5140),#165,.T.);
#5664=ADVANCED_FACE('',(#5141),#166,.T.);
#5665=ADVANCED_FACE('',(#5142),#5433,.F.);
#5666=ADVANCED_FACE('',(#5143),#167,.T.);
#5667=ADVANCED_FACE('',(#5144),#5434,.F.);
#5668=ADVANCED_FACE('',(#5145),#168,.F.);
#5669=ADVANCED_FACE('',(#5146),#5435,.F.);
#5670=ADVANCED_FACE('',(#5147),#169,.T.);
#5671=ADVANCED_FACE('',(#5148),#5436,.F.);
#5672=ADVANCED_FACE('',(#5149),#170,.T.);
#5673=ADVANCED_FACE('',(#5150),#5437,.F.);
#5674=ADVANCED_FACE('',(#5151),#171,.F.);
#5675=ADVANCED_FACE('',(#5152),#5438,.F.);
#5676=ADVANCED_FACE('',(#5153),#172,.T.);
#5677=ADVANCED_FACE('',(#5154),#5439,.F.);
#5678=ADVANCED_FACE('',(#5155),#173,.T.);
#5679=ADVANCED_FACE('',(#5156),#174,.T.);
#5680=ADVANCED_FACE('',(#5157),#5440,.F.);
#5681=ADVANCED_FACE('',(#5158),#175,.T.);
#5682=ADVANCED_FACE('',(#5159),#5441,.T.);
#5683=ADVANCED_FACE('',(#5160),#5442,.F.);
#5684=ADVANCED_FACE('',(#5161),#5443,.F.);
#5685=ADVANCED_FACE('',(#5162),#5444,.F.);
#5686=ADVANCED_FACE('',(#5163),#5445,.F.);
#5687=ADVANCED_FACE('',(#5164),#5446,.F.);
#5688=ADVANCED_FACE('',(#5165),#5447,.F.);
#5689=ADVANCED_FACE('',(#5166),#5448,.F.);
#5690=ADVANCED_FACE('',(#5167),#5449,.F.);
#5691=ADVANCED_FACE('',(#5168),#5450,.T.);
#5692=ADVANCED_FACE('',(#5169),#5451,.T.);
#5693=ADVANCED_FACE('',(#5170),#5452,.T.);
#5694=ADVANCED_FACE('',(#5171),#5453,.T.);
#5695=ADVANCED_FACE('',(#5172),#5454,.T.);
#5696=ADVANCED_FACE('',(#5173),#5455,.T.);
#5697=ADVANCED_FACE('',(#5174),#5456,.T.);
#5698=ADVANCED_FACE('',(#5175),#5457,.T.);
#5699=ADVANCED_FACE('',(#5176,#5177),#5458,.T.);
#5700=ADVANCED_FACE('',(#5178),#5459,.T.);
#5701=ADVANCED_FACE('',(#5179),#5460,.T.);
#5702=ADVANCED_FACE('',(#5180),#5461,.T.);
#5703=ADVANCED_FACE('',(#5181),#5462,.T.);
#5704=ADVANCED_FACE('',(#5182),#5463,.T.);
#5705=ADVANCED_FACE('',(#5183),#5464,.T.);
#5706=ADVANCED_FACE('',(#5184),#5465,.T.);
#5707=ADVANCED_FACE('',(#5185),#5466,.T.);
#5708=ADVANCED_FACE('',(#5186),#5467,.T.);
#5709=ADVANCED_FACE('',(#5187),#5468,.F.);
#5710=ADVANCED_FACE('',(#5188,#5189),#176,.T.);
#5711=ADVANCED_FACE('',(#5190),#5469,.T.);
#5712=ADVANCED_FACE('',(#5191),#177,.T.);
#5713=ADVANCED_FACE('',(#5192),#5470,.F.);
#5714=ADVANCED_FACE('',(#5193),#178,.T.);
#5715=ADVANCED_FACE('',(#5194),#5471,.F.);
#5716=ADVANCED_FACE('',(#5195),#179,.T.);
#5717=ADVANCED_FACE('',(#5196),#5472,.F.);
#5718=ADVANCED_FACE('',(#5197),#180,.T.);
#5719=ADVANCED_FACE('',(#5198),#5473,.F.);
#5720=ADVANCED_FACE('',(#5199),#5474,.T.);
#5721=ADVANCED_FACE('',(#5200),#5475,.F.);
#5722=ADVANCED_FACE('',(#5201,#5202),#151,.T.);
#5723=ADVANCED_FACE('',(#5203),#147,.T.);
#5724=ADVANCED_FACE('',(#5204),#181,.T.);
#5725=ADVANCED_FACE('',(#5205),#182,.T.);
#5726=ADVANCED_FACE('',(#5206),#148,.T.);
#5727=ADVANCED_FACE('',(#5207),#149,.T.);
#5728=ADVANCED_FACE('',(#5208),#183,.T.);
#5729=ADVANCED_FACE('',(#5209),#184,.T.);
#5730=ADVANCED_FACE('',(#5210),#150,.T.);
#5731=ADVANCED_FACE('',(#5211),#5476,.F.);
#5732=ADVANCED_FACE('',(#5212),#5477,.F.);
#5733=ADVANCED_FACE('',(#5213),#5478,.F.);
#5734=ADVANCED_FACE('',(#5214),#5479,.F.);
#5735=ADVANCED_FACE('',(#5215),#5480,.F.);
#5736=ADVANCED_FACE('',(#5216),#5481,.F.);
#5737=ADVANCED_FACE('',(#5217),#5482,.F.);
#5738=ADVANCED_FACE('',(#5218),#5483,.F.);
#5739=ADVANCED_FACE('',(#5219),#185,.T.);
#5740=ADVANCED_FACE('',(#5220),#5484,.F.);
#5741=ADVANCED_FACE('',(#5221),#5485,.F.);
#5742=ADVANCED_FACE('',(#5222),#5486,.F.);
#5743=ADVANCED_FACE('',(#5223),#186,.F.);
#5744=ADVANCED_FACE('',(#5224),#5487,.F.);
#5745=ADVANCED_FACE('',(#5225),#5488,.F.);
#5746=ADVANCED_FACE('',(#5226),#5489,.F.);
#5747=ADVANCED_FACE('',(#5227),#5490,.F.);
#5748=ADVANCED_FACE('',(#5228),#5491,.F.);
#5749=ADVANCED_FACE('',(#5229),#5492,.F.);
#5750=ADVANCED_FACE('',(#5230),#5493,.F.);
#5751=ADVANCED_FACE('',(#5231),#5494,.F.);
#5752=ADVANCED_FACE('',(#5232),#5495,.F.);
#5753=ADVANCED_FACE('',(#5233),#5496,.F.);
#5754=ADVANCED_FACE('',(#5234),#5497,.F.);
#5755=ADVANCED_FACE('',(#5235),#5498,.F.);
#5756=ADVANCED_FACE('',(#5236),#187,.T.);
#5757=ADVANCED_FACE('',(#5237),#188,.F.);
#5758=ADVANCED_FACE('',(#5238),#189,.T.);
#5759=ADVANCED_FACE('',(#5239),#190,.T.);
#5760=ADVANCED_FACE('',(#5240),#5499,.F.);
#5761=ADVANCED_FACE('',(#5241),#5500,.F.);
#5762=ADVANCED_FACE('',(#5242),#5501,.F.);
#5763=ADVANCED_FACE('',(#5243),#5502,.F.);
#5764=ADVANCED_FACE('',(#5244),#5503,.F.);
#5765=ADVANCED_FACE('',(#5245),#5504,.F.);
#5766=ADVANCED_FACE('',(#5246),#5505,.F.);
#5767=ADVANCED_FACE('',(#5247),#191,.T.);
#5768=ADVANCED_FACE('',(#5248),#5506,.F.);
#5769=ADVANCED_FACE('',(#5249),#5507,.F.);
#5770=ADVANCED_FACE('',(#5250),#5508,.F.);
#5771=ADVANCED_FACE('',(#5251),#192,.F.);
#5772=ADVANCED_FACE('',(#5252),#5509,.F.);
#5773=ADVANCED_FACE('',(#5253),#5510,.F.);
#5774=ADVANCED_FACE('',(#5254),#5511,.F.);
#5775=ADVANCED_FACE('',(#5255),#5512,.F.);
#5776=ADVANCED_FACE('',(#5256),#5513,.F.);
#5777=ADVANCED_FACE('',(#5257),#5514,.F.);
#5778=ADVANCED_FACE('',(#5258),#5515,.F.);
#5779=ADVANCED_FACE('',(#5259),#5516,.F.);
#5780=ADVANCED_FACE('',(#5260),#5517,.F.);
#5781=ADVANCED_FACE('',(#5261),#5518,.F.);
#5782=ADVANCED_FACE('',(#5262),#5519,.F.);
#5783=ADVANCED_FACE('',(#5263),#5520,.F.);
#5784=ADVANCED_FACE('',(#5264),#193,.T.);
#5785=ADVANCED_FACE('',(#5265),#194,.F.);
#5786=ADVANCED_FACE('',(#5266),#195,.T.);
#5787=ADVANCED_FACE('',(#5267),#196,.T.);
#5788=ADVANCED_FACE('',(#5268),#5521,.F.);
#5789=ADVANCED_FACE('',(#5269),#5522,.F.);
#5790=ADVANCED_FACE('',(#5270),#5523,.F.);
#5791=ADVANCED_FACE('',(#5271),#5524,.F.);
#5792=ADVANCED_FACE('',(#5272),#5525,.T.);
#5793=ADVANCED_FACE('',(#5273),#5526,.F.);
#5794=ADVANCED_FACE('',(#5274),#5527,.F.);
#5795=ADVANCED_FACE('',(#5275),#5528,.F.);
#5796=ADVANCED_FACE('',(#5276),#5529,.F.);
#5797=ADVANCED_FACE('',(#5277),#5530,.F.);
#5798=ADVANCED_FACE('',(#5278,#5279),#5531,.F.);
#5799=ADVANCED_FACE('',(#5280),#197,.T.);
#5800=ADVANCED_FACE('',(#5281),#5532,.F.);
#5801=ADVANCED_FACE('',(#5282),#5533,.F.);
#5802=ADVANCED_FACE('',(#5283),#5534,.F.);
#5803=ADVANCED_FACE('',(#5284),#198,.F.);
#5804=ADVANCED_FACE('',(#5285,#5286),#5535,.F.);
#5805=ADVANCED_FACE('',(#5287),#5536,.T.);
#5806=ADVANCED_FACE('',(#5288),#199,.F.);
#5807=ADVANCED_FACE('',(#5289),#200,.T.);
#5808=ADVANCED_FACE('',(#5290),#5537,.T.);
#5809=ADVANCED_FACE('',(#5291),#201,.F.);
#5810=ADVANCED_FACE('',(#5292),#202,.T.);
#5811=ADVANCED_FACE('',(#5293),#203,.T.);
#5812=ADVANCED_FACE('',(#5294),#5538,.T.);
#5813=ADVANCED_FACE('',(#5295),#204,.T.);
#5814=ADVANCED_FACE('',(#5296),#5539,.T.);
#5815=ADVANCED_FACE('',(#5297),#205,.F.);
#5816=ADVANCED_FACE('',(#5298),#5540,.T.);
#5817=ADVANCED_FACE('',(#5299),#5541,.T.);
#5818=ADVANCED_FACE('',(#5300),#206,.F.);
#5819=ADVANCED_FACE('',(#5301),#5542,.T.);
#5820=ADVANCED_FACE('',(#5302),#207,.T.);
#5821=ADVANCED_FACE('',(#5303),#5543,.T.);
#5822=ADVANCED_FACE('',(#5304),#208,.T.);
#5823=ADVANCED_FACE('',(#5305),#5544,.F.);
#5824=ADVANCED_FACE('',(#5306),#5545,.F.);
#5825=ADVANCED_FACE('',(#5307),#5546,.F.);
#5826=ADVANCED_FACE('',(#5308),#5547,.F.);
#5827=ADVANCED_FACE('',(#5309),#5548,.F.);
#5828=ADVANCED_FACE('',(#5310),#5549,.F.);
#5829=ADVANCED_FACE('',(#5311),#209,.F.);
#5830=ADVANCED_FACE('',(#5312),#5550,.F.);
#5831=ADVANCED_FACE('',(#5313),#210,.T.);
#5832=ADVANCED_FACE('',(#5314),#5551,.F.);
#5833=ADVANCED_FACE('',(#5315),#211,.F.);
#5834=ADVANCED_FACE('',(#5316),#5552,.F.);
#5835=ADVANCED_FACE('',(#5317),#212,.T.);
#5836=ADVANCED_FACE('',(#5318),#213,.T.);
#5837=ADVANCED_FACE('',(#5319),#5553,.F.);
#5838=ADVANCED_FACE('',(#5320),#214,.F.);
#5839=ADVANCED_FACE('',(#5321),#5554,.F.);
#5840=ADVANCED_FACE('',(#5322),#5555,.F.);
#5841=ADVANCED_FACE('',(#5323),#215,.T.);
#5842=ADVANCED_FACE('',(#5324),#216,.F.);
#5843=ADVANCED_FACE('',(#5325),#217,.F.);
#5844=ADVANCED_FACE('',(#5326),#5556,.F.);
#5845=ADVANCED_FACE('',(#5327),#218,.T.);
#5846=ADVANCED_FACE('',(#5328),#5557,.F.);
#5847=ADVANCED_FACE('',(#5329),#219,.T.);
#5848=ADVANCED_FACE('',(#5330),#5558,.F.);
#5849=ADVANCED_FACE('',(#5331),#220,.F.);
#5850=ADVANCED_FACE('',(#5332),#5559,.T.);
#5851=ADVANCED_FACE('',(#5333),#5560,.T.);
#5852=ADVANCED_FACE('',(#5334),#5561,.F.);
#5853=ADVANCED_FACE('',(#5335),#221,.F.);
#5854=ADVANCED_FACE('',(#5336),#5562,.F.);
#5855=ADVANCED_FACE('',(#5337),#222,.F.);
#5856=ADVANCED_FACE('',(#5338),#5563,.F.);
#5857=ADVANCED_FACE('',(#5339),#5564,.F.);
#5858=ADVANCED_FACE('',(#5340),#5565,.F.);
#5859=ADVANCED_FACE('',(#5341),#5566,.F.);
#5860=ADVANCED_FACE('',(#5342),#5567,.F.);
#5861=ADVANCED_FACE('',(#5343),#223,.F.);
#5862=ADVANCED_FACE('',(#5344),#5568,.F.);
#5863=ADVANCED_FACE('',(#5345),#224,.F.);
#5864=ADVANCED_FACE('',(#5346),#5569,.F.);
#5865=ADVANCED_FACE('',(#5347),#225,.F.);
#5866=ADVANCED_FACE('',(#5348),#5570,.F.);
#5867=ADVANCED_FACE('',(#5349),#226,.F.);
#5868=ADVANCED_FACE('',(#5350),#5571,.F.);
#5869=ADVANCED_FACE('',(#5351),#5572,.F.);
#5870=ADVANCED_FACE('',(#5352),#5573,.F.);
#5871=ADVANCED_FACE('',(#5353),#5574,.F.);
#5872=ADVANCED_FACE('',(#5354),#5575,.T.);
#5873=ADVANCED_FACE('',(#5355),#5576,.F.);
#5874=ADVANCED_FACE('',(#5356),#5577,.T.);
#5875=ADVANCED_FACE('',(#5357),#5578,.F.);
#5876=ADVANCED_FACE('',(#5358),#227,.T.);
#5877=ADVANCED_FACE('',(#5359),#228,.T.);
#5878=ADVANCED_FACE('',(#5360),#229,.F.);
#5879=ADVANCED_FACE('',(#5361),#230,.F.);
#5880=CLOSED_SHELL('',(#5579,#5580,#5581,#5582,#5583,#5584,#5585,#5586,
#5587,#5588,#5589,#5590,#5591,#5592,#5593,#5594,#5595,#5596,#5597,#5598,
#5599,#5600,#5601,#5602,#5603,#5604,#5605,#5606,#5607,#5608,#5609,#5610,
#5611,#5612,#5613,#5614,#5615,#5616,#5617,#5618,#5619,#5620,#5621,#5622,
#5623,#5624,#5625,#5626,#5627,#5628,#5629,#5630,#5631,#5632,#5633,#5634,
#5635,#5636,#5637,#5638,#5639,#5640,#5641,#5642,#5643,#5644,#5645,#5646,
#5647,#5648,#5649,#5650,#5651,#5652,#5653,#5654,#5655,#5656,#5657,#5658,
#5659,#5660,#5661,#5662,#5663,#5664,#5665,#5666,#5667,#5668,#5669,#5670,
#5671,#5672,#5673,#5674,#5675,#5676,#5677,#5678,#5679,#5680,#5681,#5682,
#5683,#5684,#5685,#5686,#5687,#5688,#5689,#5690,#5691,#5692,#5693,#5694,
#5695,#5696,#5697,#5698,#5699,#5700,#5701,#5702,#5703,#5704,#5705,#5706,
#5707,#5708,#5709,#5710,#5711,#5712,#5713,#5714,#5715,#5716,#5717,#5718,
#5719,#5720,#5721,#5722,#5723,#5724,#5725,#5726,#5727,#5728,#5729,#5730,
#5731,#5732,#5733));
#5881=CLOSED_SHELL('',(#5734,#5735,#5736,#5737,#5738,#5739,#5740,#5741,
#5742,#5743,#5744,#5745,#5746,#5747,#5748,#5749,#5750,#5751,#5752,#5753,
#5754,#5755,#5756,#5757,#5758,#5759,#5760,#5761));
#5882=CLOSED_SHELL('',(#5762,#5763,#5764,#5765,#5766,#5767,#5768,#5769,
#5770,#5771,#5772,#5773,#5774,#5775,#5776,#5777,#5778,#5779,#5780,#5781,
#5782,#5783,#5784,#5785,#5786,#5787,#5788,#5789));
#5883=CLOSED_SHELL('',(#5790,#5791,#5792,#5793,#5794,#5795,#5796,#5797,
#5798,#5799,#5800,#5801,#5802,#5803,#5804,#5805,#5806,#5807,#5808,#5809,
#5810,#5811,#5812,#5813,#5814,#5815,#5816,#5817,#5818,#5819,#5820,#5821,
#5822,#5823,#5824,#5825,#5826,#5827,#5828,#5829,#5830,#5831,#5832,#5833,
#5834,#5835,#5836,#5837,#5838,#5839,#5840,#5841,#5842,#5843,#5844,#5845,
#5846,#5847,#5848,#5849,#5850,#5851,#5852,#5853,#5854,#5855,#5856,#5857,
#5858,#5859,#5860,#5861,#5862,#5863,#5864,#5865,#5866,#5867,#5868,#5869,
#5870,#5871,#5872,#5873,#5874,#5875,#5876,#5877,#5878,#5879));
#5884=STYLED_ITEM('',(#5888),#5914);
#5885=STYLED_ITEM('',(#5889),#5915);
#5886=STYLED_ITEM('',(#5890),#5916);
#5887=STYLED_ITEM('',(#5891),#5917);
#5888=PRESENTATION_STYLE_ASSIGNMENT((#5892));
#5889=PRESENTATION_STYLE_ASSIGNMENT((#5893));
#5890=PRESENTATION_STYLE_ASSIGNMENT((#5894));
#5891=PRESENTATION_STYLE_ASSIGNMENT((#5895));
#5892=SURFACE_STYLE_USAGE(.BOTH.,#5896);
#5893=SURFACE_STYLE_USAGE(.BOTH.,#5897);
#5894=SURFACE_STYLE_USAGE(.BOTH.,#5898);
#5895=SURFACE_STYLE_USAGE(.BOTH.,#5899);
#5896=SURFACE_SIDE_STYLE('',(#5900));
#5897=SURFACE_SIDE_STYLE('',(#5901));
#5898=SURFACE_SIDE_STYLE('',(#5902));
#5899=SURFACE_SIDE_STYLE('',(#5903));
#5900=SURFACE_STYLE_FILL_AREA(#5904);
#5901=SURFACE_STYLE_FILL_AREA(#5905);
#5902=SURFACE_STYLE_FILL_AREA(#5906);
#5903=SURFACE_STYLE_FILL_AREA(#5907);
#5904=FILL_AREA_STYLE('',(#5908));
#5905=FILL_AREA_STYLE('',(#5909));
#5906=FILL_AREA_STYLE('',(#5910));
#5907=FILL_AREA_STYLE('',(#5911));
#5908=FILL_AREA_STYLE_COLOUR('',#5912);
#5909=FILL_AREA_STYLE_COLOUR('',#22);
#5910=FILL_AREA_STYLE_COLOUR('',#22);
#5911=FILL_AREA_STYLE_COLOUR('',#5913);
#5912=COLOUR_RGB('',0.349999994039536,0.349999994039536,0.349999994039536);
#5913=COLOUR_RGB('',0.800000011920929,0.800000011920929,0.800000011920929);
#5914=MANIFOLD_SOLID_BREP('GBED204-13-HSG',#5880);
#5915=MANIFOLD_SOLID_BREP('GBED204-Terminal2',#5881);
#5916=MANIFOLD_SOLID_BREP('GBED204-Terminal',#5882);
#5917=MANIFOLD_SOLID_BREP('GBED204-Ground Piece',#5883);
#5918=SHAPE_DEFINITION_REPRESENTATION(#9806,#5923);
#5919=SHAPE_DEFINITION_REPRESENTATION(#9807,#5924);
#5920=SHAPE_DEFINITION_REPRESENTATION(#9809,#5925);
#5921=SHAPE_DEFINITION_REPRESENTATION(#9823,#5926);
#5922=SHAPE_DEFINITION_REPRESENTATION(#9837,#5927);
#5923=SHAPE_REPRESENTATION('GBED204-1305B001C1AD',(#5928,#6158,#6201,#6202,
#6203,#6204,#6205,#6206,#6207,#6208,#6209,#6210,#6211,#6212,#6213,#6256,
#6257,#6258,#6259,#6260,#6261,#6262,#6263,#6264,#6265,#6266,#6267,#6268,
#6427,#6428),#9793);
#5924=SHAPE_REPRESENTATION('GBED204-13-HSG',(#5928),#9794);
#5925=SHAPE_REPRESENTATION('GBED204-Terminal2',(#5928),#9795);
#5926=SHAPE_REPRESENTATION('GBED204-Terminal',(#5928),#9796);
#5927=SHAPE_REPRESENTATION('GBED204-Ground Piece',(#5928),#9797);
#5928=AXIS2_PLACEMENT_3D('',#8090,#6429,#6430);
#5929=AXIS2_PLACEMENT_3D('',#8091,#6431,#6432);
#5930=AXIS2_PLACEMENT_3D('',#8100,#6437,#6438);
#5931=AXIS2_PLACEMENT_3D('',#8106,#6442,#6443);
#5932=AXIS2_PLACEMENT_3D('',#8110,#6445,#6446);
#5933=AXIS2_PLACEMENT_3D('',#8114,#6448,#6449);
#5934=AXIS2_PLACEMENT_3D('',#8118,#6451,#6452);
#5935=AXIS2_PLACEMENT_3D('',#8122,#6454,#6455);
#5936=AXIS2_PLACEMENT_3D('',#8154,#6471,#6472);
#5937=AXIS2_PLACEMENT_3D('',#8175,#6483,#6484);
#5938=AXIS2_PLACEMENT_3D('',#8199,#6498,#6499);
#5939=AXIS2_PLACEMENT_3D('',#8208,#6505,#6506);
#5940=AXIS2_PLACEMENT_3D('',#8230,#6519,#6520);
#5941=AXIS2_PLACEMENT_3D('',#8253,#6533,#6534);
#5942=AXIS2_PLACEMENT_3D('',#8254,#6535,#6536);
#5943=AXIS2_PLACEMENT_3D('',#8260,#6540,#6541);
#5944=AXIS2_PLACEMENT_3D('',#8266,#6545,#6546);
#5945=AXIS2_PLACEMENT_3D('',#8272,#6550,#6551);
#5946=AXIS2_PLACEMENT_3D('',#8274,#6553,#6554);
#5947=AXIS2_PLACEMENT_3D('',#8276,#6556,#6557);
#5948=AXIS2_PLACEMENT_3D('',#8277,#6558,#6559);
#5949=AXIS2_PLACEMENT_3D('',#8281,#6562,#6563);
#5950=AXIS2_PLACEMENT_3D('',#8285,#6566,#6567);
#5951=AXIS2_PLACEMENT_3D('',#8287,#6569,#6570);
#5952=AXIS2_PLACEMENT_3D('',#8288,#6571,#6572);
#5953=AXIS2_PLACEMENT_3D('',#8292,#6575,#6576);
#5954=AXIS2_PLACEMENT_3D('',#8296,#6579,#6580);
#5955=AXIS2_PLACEMENT_3D('',#8298,#6582,#6583);
#5956=AXIS2_PLACEMENT_3D('',#8299,#6584,#6585);
#5957=AXIS2_PLACEMENT_3D('',#8303,#6588,#6589);
#5958=AXIS2_PLACEMENT_3D('',#8307,#6592,#6593);
#5959=AXIS2_PLACEMENT_3D('',#8311,#6596,#6597);
#5960=AXIS2_PLACEMENT_3D('',#8315,#6600,#6601);
#5961=AXIS2_PLACEMENT_3D('',#8319,#6604,#6605);
#5962=AXIS2_PLACEMENT_3D('',#8323,#6608,#6609);
#5963=AXIS2_PLACEMENT_3D('',#8332,#6614,#6615);
#5964=AXIS2_PLACEMENT_3D('',#8342,#6621,#6622);
#5965=AXIS2_PLACEMENT_3D('',#8348,#6626,#6627);
#5966=AXIS2_PLACEMENT_3D('',#8357,#6632,#6633);
#5967=AXIS2_PLACEMENT_3D('',#8367,#6639,#6640);
#5968=AXIS2_PLACEMENT_3D('',#8373,#6644,#6645);
#5969=AXIS2_PLACEMENT_3D('',#8380,#6650,#6651);
#5970=AXIS2_PLACEMENT_3D('',#8387,#6656,#6657);
#5971=AXIS2_PLACEMENT_3D('',#8389,#6659,#6660);
#5972=AXIS2_PLACEMENT_3D('',#8390,#6661,#6662);
#5973=AXIS2_PLACEMENT_3D('',#8394,#6664,#6665);
#5974=AXIS2_PLACEMENT_3D('',#8398,#6667,#6668);
#5975=AXIS2_PLACEMENT_3D('',#8402,#6670,#6671);
#5976=AXIS2_PLACEMENT_3D('',#8406,#6673,#6674);
#5977=AXIS2_PLACEMENT_3D('',#8410,#6676,#6677);
#5978=AXIS2_PLACEMENT_3D('',#8414,#6679,#6680);
#5979=AXIS2_PLACEMENT_3D('',#8418,#6682,#6683);
#5980=AXIS2_PLACEMENT_3D('',#8419,#6684,#6685);
#5981=AXIS2_PLACEMENT_3D('',#8423,#6687,#6688);
#5982=AXIS2_PLACEMENT_3D('',#8427,#6690,#6691);
#5983=AXIS2_PLACEMENT_3D('',#8431,#6693,#6694);
#5984=AXIS2_PLACEMENT_3D('',#8433,#6696,#6697);
#5985=AXIS2_PLACEMENT_3D('',#8434,#6698,#6699);
#5986=AXIS2_PLACEMENT_3D('',#8435,#6700,#6701);
#5987=AXIS2_PLACEMENT_3D('',#8439,#6704,#6705);
#5988=AXIS2_PLACEMENT_3D('',#8443,#6708,#6709);
#5989=AXIS2_PLACEMENT_3D('',#8447,#6712,#6713);
#5990=AXIS2_PLACEMENT_3D('',#8451,#6716,#6717);
#5991=AXIS2_PLACEMENT_3D('',#8455,#6720,#6721);
#5992=AXIS2_PLACEMENT_3D('',#8459,#6724,#6725);
#5993=AXIS2_PLACEMENT_3D('',#8468,#6730,#6731);
#5994=AXIS2_PLACEMENT_3D('',#8478,#6737,#6738);
#5995=AXIS2_PLACEMENT_3D('',#8484,#6742,#6743);
#5996=AXIS2_PLACEMENT_3D('',#8493,#6748,#6749);
#5997=AXIS2_PLACEMENT_3D('',#8503,#6755,#6756);
#5998=AXIS2_PLACEMENT_3D('',#8509,#6760,#6761);
#5999=AXIS2_PLACEMENT_3D('',#8516,#6766,#6767);
#6000=AXIS2_PLACEMENT_3D('',#8523,#6772,#6773);
#6001=AXIS2_PLACEMENT_3D('',#8525,#6775,#6776);
#6002=AXIS2_PLACEMENT_3D('',#8529,#6778,#6779);
#6003=AXIS2_PLACEMENT_3D('',#8530,#6780,#6781);
#6004=AXIS2_PLACEMENT_3D('',#8534,#6783,#6784);
#6005=AXIS2_PLACEMENT_3D('',#8538,#6786,#6787);
#6006=AXIS2_PLACEMENT_3D('',#8542,#6789,#6790);
#6007=AXIS2_PLACEMENT_3D('',#8543,#6791,#6792);
#6008=AXIS2_PLACEMENT_3D('',#8547,#6794,#6795);
#6009=AXIS2_PLACEMENT_3D('',#8551,#6797,#6798);
#6010=AXIS2_PLACEMENT_3D('',#8555,#6800,#6801);
#6011=AXIS2_PLACEMENT_3D('',#8559,#6803,#6804);
#6012=AXIS2_PLACEMENT_3D('',#8563,#6806,#6807);
#6013=AXIS2_PLACEMENT_3D('',#8567,#6809,#6810);
#6014=AXIS2_PLACEMENT_3D('',#8569,#6812,#6813);
#6015=AXIS2_PLACEMENT_3D('',#8570,#6814,#6815);
#6016=AXIS2_PLACEMENT_3D('',#8571,#6816,#6817);
#6017=AXIS2_PLACEMENT_3D('',#8577,#6821,#6822);
#6018=AXIS2_PLACEMENT_3D('',#8578,#6823,#6824);
#6019=AXIS2_PLACEMENT_3D('',#8581,#6826,#6827);
#6020=AXIS2_PLACEMENT_3D('',#8585,#6830,#6831);
#6021=AXIS2_PLACEMENT_3D('',#8591,#6835,#6836);
#6022=AXIS2_PLACEMENT_3D('',#8592,#6837,#6838);
#6023=AXIS2_PLACEMENT_3D('',#8595,#6840,#6841);
#6024=AXIS2_PLACEMENT_3D('',#8599,#6844,#6845);
#6025=AXIS2_PLACEMENT_3D('',#8602,#6847,#6848);
#6026=AXIS2_PLACEMENT_3D('',#8603,#6849,#6850);
#6027=AXIS2_PLACEMENT_3D('',#8607,#6853,#6854);
#6028=AXIS2_PLACEMENT_3D('',#8608,#6855,#6856);
#6029=AXIS2_PLACEMENT_3D('',#8611,#6858,#6859);
#6030=AXIS2_PLACEMENT_3D('',#8615,#6862,#6863);
#6031=AXIS2_PLACEMENT_3D('',#8616,#6864,#6865);
#6032=AXIS2_PLACEMENT_3D('',#8619,#6867,#6868);
#6033=AXIS2_PLACEMENT_3D('',#8623,#6871,#6872);
#6034=AXIS2_PLACEMENT_3D('',#8626,#6874,#6875);
#6035=AXIS2_PLACEMENT_3D('',#8627,#6876,#6877);
#6036=AXIS2_PLACEMENT_3D('',#8631,#6880,#6881);
#6037=AXIS2_PLACEMENT_3D('',#8632,#6882,#6883);
#6038=AXIS2_PLACEMENT_3D('',#8635,#6885,#6886);
#6039=AXIS2_PLACEMENT_3D('',#8639,#6889,#6890);
#6040=AXIS2_PLACEMENT_3D('',#8645,#6894,#6895);
#6041=AXIS2_PLACEMENT_3D('',#8646,#6896,#6897);
#6042=AXIS2_PLACEMENT_3D('',#8647,#6898,#6899);
#6043=AXIS2_PLACEMENT_3D('',#8648,#6900,#6901);
#6044=AXIS2_PLACEMENT_3D('',#8649,#6902,#6903);
#6045=AXIS2_PLACEMENT_3D('',#8650,#6904,#6905);
#6046=AXIS2_PLACEMENT_3D('',#8651,#6906,#6907);
#6047=AXIS2_PLACEMENT_3D('',#8652,#6908,#6909);
#6048=AXIS2_PLACEMENT_3D('',#8653,#6910,#6911);
#6049=AXIS2_PLACEMENT_3D('',#8654,#6912,#6913);
#6050=AXIS2_PLACEMENT_3D('',#8655,#6914,#6915);
#6051=AXIS2_PLACEMENT_3D('',#8656,#6916,#6917);
#6052=AXIS2_PLACEMENT_3D('',#8662,#6921,#6922);
#6053=AXIS2_PLACEMENT_3D('',#8665,#6924,#6925);
#6054=AXIS2_PLACEMENT_3D('',#8666,#6926,#6927);
#6055=AXIS2_PLACEMENT_3D('',#8670,#6930,#6931);
#6056=AXIS2_PLACEMENT_3D('',#8671,#6932,#6933);
#6057=AXIS2_PLACEMENT_3D('',#8672,#6934,#6935);
#6058=AXIS2_PLACEMENT_3D('',#8675,#6937,#6938);
#6059=AXIS2_PLACEMENT_3D('',#8676,#6939,#6940);
#6060=AXIS2_PLACEMENT_3D('',#8680,#6943,#6944);
#6061=AXIS2_PLACEMENT_3D('',#8683,#6946,#6947);
#6062=AXIS2_PLACEMENT_3D('',#8684,#6948,#6949);
#6063=AXIS2_PLACEMENT_3D('',#8688,#6952,#6953);
#6064=AXIS2_PLACEMENT_3D('',#8691,#6955,#6956);
#6065=AXIS2_PLACEMENT_3D('',#8692,#6957,#6958);
#6066=AXIS2_PLACEMENT_3D('',#8696,#6961,#6962);
#6067=AXIS2_PLACEMENT_3D('',#8699,#6964,#6965);
#6068=AXIS2_PLACEMENT_3D('',#8700,#6966,#6967);
#6069=AXIS2_PLACEMENT_3D('',#8704,#6970,#6971);
#6070=AXIS2_PLACEMENT_3D('',#8707,#6973,#6974);
#6071=AXIS2_PLACEMENT_3D('',#8708,#6975,#6976);
#6072=AXIS2_PLACEMENT_3D('',#8712,#6979,#6980);
#6073=AXIS2_PLACEMENT_3D('',#8715,#6982,#6983);
#6074=AXIS2_PLACEMENT_3D('',#8716,#6984,#6985);
#6075=AXIS2_PLACEMENT_3D('',#8720,#6988,#6989);
#6076=AXIS2_PLACEMENT_3D('',#8723,#6991,#6992);
#6077=AXIS2_PLACEMENT_3D('',#8724,#6993,#6994);
#6078=AXIS2_PLACEMENT_3D('',#8728,#6997,#6998);
#6079=AXIS2_PLACEMENT_3D('',#8729,#6999,#7000);
#6080=AXIS2_PLACEMENT_3D('',#8730,#7001,#7002);
#6081=AXIS2_PLACEMENT_3D('',#8733,#7004,#7005);
#6082=AXIS2_PLACEMENT_3D('',#8734,#7006,#7007);
#6083=AXIS2_PLACEMENT_3D('',#8738,#7010,#7011);
#6084=AXIS2_PLACEMENT_3D('',#8739,#7012,#7013);
#6085=AXIS2_PLACEMENT_3D('',#8740,#7014,#7015);
#6086=AXIS2_PLACEMENT_3D('',#8741,#7016,#7017);
#6087=AXIS2_PLACEMENT_3D('',#8747,#7021,#7022);
#6088=AXIS2_PLACEMENT_3D('',#8753,#7026,#7027);
#6089=AXIS2_PLACEMENT_3D('',#8759,#7031,#7032);
#6090=AXIS2_PLACEMENT_3D('',#8765,#7036,#7037);
#6091=AXIS2_PLACEMENT_3D('',#8771,#7041,#7042);
#6092=AXIS2_PLACEMENT_3D('',#8777,#7046,#7047);
#6093=AXIS2_PLACEMENT_3D('',#8783,#7051,#7052);
#6094=AXIS2_PLACEMENT_3D('',#8789,#7056,#7057);
#6095=AXIS2_PLACEMENT_3D('',#8798,#7062,#7063);
#6096=AXIS2_PLACEMENT_3D('',#8804,#7067,#7068);
#6097=AXIS2_PLACEMENT_3D('',#8810,#7072,#7073);
#6098=AXIS2_PLACEMENT_3D('',#8816,#7077,#7078);
#6099=AXIS2_PLACEMENT_3D('',#8822,#7082,#7083);
#6100=AXIS2_PLACEMENT_3D('',#8828,#7087,#7088);
#6101=AXIS2_PLACEMENT_3D('',#8834,#7092,#7093);
#6102=AXIS2_PLACEMENT_3D('',#8837,#7096,#7097);
#6103=AXIS2_PLACEMENT_3D('',#8843,#7101,#7102);
#6104=AXIS2_PLACEMENT_3D('',#8844,#7103,#7104);
#6105=AXIS2_PLACEMENT_3D('',#8847,#7107,#7108);
#6106=AXIS2_PLACEMENT_3D('',#8849,#7110,#7111);
#6107=AXIS2_PLACEMENT_3D('',#8851,#7113,#7114);
#6108=AXIS2_PLACEMENT_3D('',#8853,#7116,#7117);
#6109=AXIS2_PLACEMENT_3D('',#8855,#7119,#7120);
#6110=AXIS2_PLACEMENT_3D('',#8857,#7122,#7123);
#6111=AXIS2_PLACEMENT_3D('',#8858,#7124,#7125);
#6112=AXIS2_PLACEMENT_3D('',#8860,#7127,#7128);
#6113=AXIS2_PLACEMENT_3D('',#8861,#7129,#7130);
#6114=AXIS2_PLACEMENT_3D('',#8862,#7131,#7132);
#6115=AXIS2_PLACEMENT_3D('',#8863,#7133,#7134);
#6116=AXIS2_PLACEMENT_3D('',#8865,#7135,#7136);
#6117=AXIS2_PLACEMENT_3D('',#8866,#7137,#7138);
#6118=AXIS2_PLACEMENT_3D('',#8868,#7139,#7140);
#6119=AXIS2_PLACEMENT_3D('',#8871,#7142,#7143);
#6120=AXIS2_PLACEMENT_3D('',#8874,#7145,#7146);
#6121=AXIS2_PLACEMENT_3D('',#8878,#7149,#7150);
#6122=AXIS2_PLACEMENT_3D('',#8881,#7152,#7153);
#6123=AXIS2_PLACEMENT_3D('',#8882,#7154,#7155);
#6124=AXIS2_PLACEMENT_3D('',#8886,#7158,#7159);
#6125=AXIS2_PLACEMENT_3D('',#8890,#7161,#7162);
#6126=AXIS2_PLACEMENT_3D('',#8891,#7163,#7164);
#6127=AXIS2_PLACEMENT_3D('',#8892,#7165,#7166);
#6128=AXIS2_PLACEMENT_3D('',#8898,#7170,#7171);
#6129=AXIS2_PLACEMENT_3D('',#8901,#7173,#7174);
#6130=AXIS2_PLACEMENT_3D('',#8902,#7175,#7176);
#6131=AXIS2_PLACEMENT_3D('',#8903,#7177,#7178);
#6132=AXIS2_PLACEMENT_3D('',#8905,#7180,#7181);
#6133=AXIS2_PLACEMENT_3D('',#8909,#7183,#7184);
#6134=AXIS2_PLACEMENT_3D('',#8913,#7186,#7187);
#6135=AXIS2_PLACEMENT_3D('',#8917,#7189,#7190);
#6136=AXIS2_PLACEMENT_3D('',#8921,#7192,#7193);
#6137=AXIS2_PLACEMENT_3D('',#8922,#7194,#7195);
#6138=AXIS2_PLACEMENT_3D('',#8923,#7196,#7197);
#6139=AXIS2_PLACEMENT_3D('',#8924,#7198,#7199);
#6140=AXIS2_PLACEMENT_3D('',#8925,#7200,#7201);
#6141=AXIS2_PLACEMENT_3D('',#8926,#7202,#7203);
#6142=AXIS2_PLACEMENT_3D('',#8927,#7204,#7205);
#6143=AXIS2_PLACEMENT_3D('',#8928,#7206,#7207);
#6144=AXIS2_PLACEMENT_3D('',#8929,#7208,#7209);
#6145=AXIS2_PLACEMENT_3D('',#8930,#7210,#7211);
#6146=AXIS2_PLACEMENT_3D('',#8931,#7212,#7213);
#6147=AXIS2_PLACEMENT_3D('',#8932,#7214,#7215);
#6148=AXIS2_PLACEMENT_3D('',#8933,#7216,#7217);
#6149=AXIS2_PLACEMENT_3D('',#8934,#7218,#7219);
#6150=AXIS2_PLACEMENT_3D('',#8935,#7220,#7221);
#6151=AXIS2_PLACEMENT_3D('',#8936,#7222,#7223);
#6152=AXIS2_PLACEMENT_3D('',#8937,#7224,#7225);
#6153=AXIS2_PLACEMENT_3D('',#8938,#7226,#7227);
#6154=AXIS2_PLACEMENT_3D('',#8939,#7228,#7229);
#6155=AXIS2_PLACEMENT_3D('',#8940,#7230,#7231);
#6156=AXIS2_PLACEMENT_3D('',#8943,#7234,#7235);
#6157=AXIS2_PLACEMENT_3D('',#8944,#7236,#7237);
#6158=AXIS2_PLACEMENT_3D('',#8945,#7238,#7239);
#6159=AXIS2_PLACEMENT_3D('',#8946,#7240,#7241);
#6160=AXIS2_PLACEMENT_3D('',#8955,#7246,#7247);
#6161=AXIS2_PLACEMENT_3D('',#8980,#7260,#7261);
#6162=AXIS2_PLACEMENT_3D('',#8989,#7266,#7267);
#6163=AXIS2_PLACEMENT_3D('',#9006,#7276,#7277);
#6164=AXIS2_PLACEMENT_3D('',#9015,#7282,#7283);
#6165=AXIS2_PLACEMENT_3D('',#9016,#7284,#7285);
#6166=AXIS2_PLACEMENT_3D('',#9020,#7287,#7288);
#6167=AXIS2_PLACEMENT_3D('',#9021,#7289,#7290);
#6168=AXIS2_PLACEMENT_3D('',#9025,#7292,#7293);
#6169=AXIS2_PLACEMENT_3D('',#9030,#7296,#7297);
#6170=AXIS2_PLACEMENT_3D('',#9031,#7298,#7299);
#6171=AXIS2_PLACEMENT_3D('',#9037,#7303,#7304);
#6172=AXIS2_PLACEMENT_3D('',#9041,#7306,#7307);
#6173=AXIS2_PLACEMENT_3D('',#9042,#7308,#7309);
#6174=AXIS2_PLACEMENT_3D('',#9047,#7312,#7313);
#6175=AXIS2_PLACEMENT_3D('',#9048,#7314,#7315);
#6176=AXIS2_PLACEMENT_3D('',#9049,#7316,#7317);
#6177=AXIS2_PLACEMENT_3D('',#9050,#7318,#7319);
#6178=AXIS2_PLACEMENT_3D('',#9052,#7321,#7322);
#6179=AXIS2_PLACEMENT_3D('',#9055,#7324,#7325);
#6180=AXIS2_PLACEMENT_3D('',#9056,#7326,#7327);
#6181=AXIS2_PLACEMENT_3D('',#9060,#7330,#7331);
#6182=AXIS2_PLACEMENT_3D('',#9062,#7333,#7334);
#6183=AXIS2_PLACEMENT_3D('',#9063,#7335,#7336);
#6184=AXIS2_PLACEMENT_3D('',#9065,#7338,#7339);
#6185=AXIS2_PLACEMENT_3D('',#9067,#7341,#7342);
#6186=AXIS2_PLACEMENT_3D('',#9070,#7345,#7346);
#6187=AXIS2_PLACEMENT_3D('',#9076,#7350,#7351);
#6188=AXIS2_PLACEMENT_3D('',#9077,#7352,#7353);
#6189=AXIS2_PLACEMENT_3D('',#9079,#7355,#7356);
#6190=AXIS2_PLACEMENT_3D('',#9081,#7358,#7359);
#6191=AXIS2_PLACEMENT_3D('',#9083,#7361,#7362);
#6192=AXIS2_PLACEMENT_3D('',#9086,#7365,#7366);
#6193=AXIS2_PLACEMENT_3D('',#9088,#7368,#7369);
#6194=AXIS2_PLACEMENT_3D('',#9089,#7370,#7371);
#6195=AXIS2_PLACEMENT_3D('',#9090,#7372,#7373);
#6196=AXIS2_PLACEMENT_3D('',#9091,#7374,#7375);
#6197=AXIS2_PLACEMENT_3D('',#9092,#7376,#7377);
#6198=AXIS2_PLACEMENT_3D('',#9093,#7378,#7379);
#6199=AXIS2_PLACEMENT_3D('',#9094,#7380,#7381);
#6200=AXIS2_PLACEMENT_3D('',#9095,#7382,#7383);
#6201=AXIS2_PLACEMENT_3D('',#9096,#7384,#7385);
#6202=AXIS2_PLACEMENT_3D('',#9097,#7386,#7387);
#6203=AXIS2_PLACEMENT_3D('',#9098,#7388,#7389);
#6204=AXIS2_PLACEMENT_3D('',#9099,#7390,#7391);
#6205=AXIS2_PLACEMENT_3D('',#9100,#7392,#7393);
#6206=AXIS2_PLACEMENT_3D('',#9101,#7394,#7395);
#6207=AXIS2_PLACEMENT_3D('',#9102,#7396,#7397);
#6208=AXIS2_PLACEMENT_3D('',#9103,#7398,#7399);
#6209=AXIS2_PLACEMENT_3D('',#9104,#7400,#7401);
#6210=AXIS2_PLACEMENT_3D('',#9105,#7402,#7403);
#6211=AXIS2_PLACEMENT_3D('',#9106,#7404,#7405);
#6212=AXIS2_PLACEMENT_3D('',#9107,#7406,#7407);
#6213=AXIS2_PLACEMENT_3D('',#9108,#7408,#7409);
#6214=AXIS2_PLACEMENT_3D('',#9109,#7410,#7411);
#6215=AXIS2_PLACEMENT_3D('',#9118,#7416,#7417);
#6216=AXIS2_PLACEMENT_3D('',#9143,#7430,#7431);
#6217=AXIS2_PLACEMENT_3D('',#9152,#7436,#7437);
#6218=AXIS2_PLACEMENT_3D('',#9169,#7446,#7447);
#6219=AXIS2_PLACEMENT_3D('',#9178,#7452,#7453);
#6220=AXIS2_PLACEMENT_3D('',#9179,#7454,#7455);
#6221=AXIS2_PLACEMENT_3D('',#9183,#7457,#7458);
#6222=AXIS2_PLACEMENT_3D('',#9184,#7459,#7460);
#6223=AXIS2_PLACEMENT_3D('',#9188,#7462,#7463);
#6224=AXIS2_PLACEMENT_3D('',#9193,#7466,#7467);
#6225=AXIS2_PLACEMENT_3D('',#9194,#7468,#7469);
#6226=AXIS2_PLACEMENT_3D('',#9200,#7473,#7474);
#6227=AXIS2_PLACEMENT_3D('',#9204,#7476,#7477);
#6228=AXIS2_PLACEMENT_3D('',#9205,#7478,#7479);
#6229=AXIS2_PLACEMENT_3D('',#9210,#7482,#7483);
#6230=AXIS2_PLACEMENT_3D('',#9211,#7484,#7485);
#6231=AXIS2_PLACEMENT_3D('',#9212,#7486,#7487);
#6232=AXIS2_PLACEMENT_3D('',#9213,#7488,#7489);
#6233=AXIS2_PLACEMENT_3D('',#9215,#7491,#7492);
#6234=AXIS2_PLACEMENT_3D('',#9218,#7494,#7495);
#6235=AXIS2_PLACEMENT_3D('',#9219,#7496,#7497);
#6236=AXIS2_PLACEMENT_3D('',#9223,#7500,#7501);
#6237=AXIS2_PLACEMENT_3D('',#9225,#7503,#7504);
#6238=AXIS2_PLACEMENT_3D('',#9226,#7505,#7506);
#6239=AXIS2_PLACEMENT_3D('',#9228,#7508,#7509);
#6240=AXIS2_PLACEMENT_3D('',#9230,#7511,#7512);
#6241=AXIS2_PLACEMENT_3D('',#9233,#7515,#7516);
#6242=AXIS2_PLACEMENT_3D('',#9239,#7520,#7521);
#6243=AXIS2_PLACEMENT_3D('',#9240,#7522,#7523);
#6244=AXIS2_PLACEMENT_3D('',#9242,#7525,#7526);
#6245=AXIS2_PLACEMENT_3D('',#9244,#7528,#7529);
#6246=AXIS2_PLACEMENT_3D('',#9250,#7533,#7534);
#6247=AXIS2_PLACEMENT_3D('',#9253,#7537,#7538);
#6248=AXIS2_PLACEMENT_3D('',#9255,#7540,#7541);
#6249=AXIS2_PLACEMENT_3D('',#9256,#7542,#7543);
#6250=AXIS2_PLACEMENT_3D('',#9257,#7544,#7545);
#6251=AXIS2_PLACEMENT_3D('',#9258,#7546,#7547);
#6252=AXIS2_PLACEMENT_3D('',#9259,#7548,#7549);
#6253=AXIS2_PLACEMENT_3D('',#9260,#7550,#7551);
#6254=AXIS2_PLACEMENT_3D('',#9261,#7552,#7553);
#6255=AXIS2_PLACEMENT_3D('',#9262,#7554,#7555);
#6256=AXIS2_PLACEMENT_3D('',#9263,#7556,#7557);
#6257=AXIS2_PLACEMENT_3D('',#9264,#7558,#7559);
#6258=AXIS2_PLACEMENT_3D('',#9265,#7560,#7561);
#6259=AXIS2_PLACEMENT_3D('',#9266,#7562,#7563);
#6260=AXIS2_PLACEMENT_3D('',#9267,#7564,#7565);
#6261=AXIS2_PLACEMENT_3D('',#9268,#7566,#7567);
#6262=AXIS2_PLACEMENT_3D('',#9269,#7568,#7569);
#6263=AXIS2_PLACEMENT_3D('',#9270,#7570,#7571);
#6264=AXIS2_PLACEMENT_3D('',#9271,#7572,#7573);
#6265=AXIS2_PLACEMENT_3D('',#9272,#7574,#7575);
#6266=AXIS2_PLACEMENT_3D('',#9273,#7576,#7577);
#6267=AXIS2_PLACEMENT_3D('',#9274,#7578,#7579);
#6268=AXIS2_PLACEMENT_3D('',#9275,#7580,#7581);
#6269=AXIS2_PLACEMENT_3D('',#9276,#7582,#7583);
#6270=AXIS2_PLACEMENT_3D('',#9280,#7585,#7586);
#6271=AXIS2_PLACEMENT_3D('',#9286,#7589,#7590);
#6272=AXIS2_PLACEMENT_3D('',#9290,#7592,#7593);
#6273=AXIS2_PLACEMENT_3D('',#9294,#7595,#7596);
#6274=AXIS2_PLACEMENT_3D('',#9298,#7598,#7599);
#6275=AXIS2_PLACEMENT_3D('',#9303,#7602,#7603);
#6276=AXIS2_PLACEMENT_3D('',#9309,#7606,#7607);
#6277=AXIS2_PLACEMENT_3D('',#9313,#7609,#7610);
#6278=AXIS2_PLACEMENT_3D('',#9317,#7612,#7613);
#6279=AXIS2_PLACEMENT_3D('',#9321,#7615,#7616);
#6280=AXIS2_PLACEMENT_3D('',#9327,#7619,#7620);
#6281=AXIS2_PLACEMENT_3D('',#9330,#7622,#7623);
#6282=AXIS2_PLACEMENT_3D('',#9336,#7627,#7628);
#6283=AXIS2_PLACEMENT_3D('',#9342,#7632,#7633);
#6284=AXIS2_PLACEMENT_3D('',#9343,#7634,#7635);
#6285=AXIS2_PLACEMENT_3D('',#9350,#7638,#7639);
#6286=AXIS2_PLACEMENT_3D('',#9354,#7641,#7642);
#6287=AXIS2_PLACEMENT_3D('',#9358,#7644,#7645);
#6288=AXIS2_PLACEMENT_3D('',#9362,#7647,#7648);
#6289=AXIS2_PLACEMENT_3D('',#9364,#7650,#7651);
#6290=AXIS2_PLACEMENT_3D('',#9370,#7654,#7655);
#6291=AXIS2_PLACEMENT_3D('',#9373,#7657,#7658);
#6292=AXIS2_PLACEMENT_3D('',#9377,#7660,#7661);
#6293=AXIS2_PLACEMENT_3D('',#9381,#7663,#7664);
#6294=AXIS2_PLACEMENT_3D('',#9385,#7666,#7667);
#6295=AXIS2_PLACEMENT_3D('',#9386,#7668,#7669);
#6296=AXIS2_PLACEMENT_3D('',#9389,#7672,#7673);
#6297=AXIS2_PLACEMENT_3D('',#9392,#7676,#7677);
#6298=AXIS2_PLACEMENT_3D('',#9402,#7682,#7683);
#6299=AXIS2_PLACEMENT_3D('',#9406,#7685,#7686);
#6300=AXIS2_PLACEMENT_3D('',#9410,#7688,#7689);
#6301=AXIS2_PLACEMENT_3D('',#9414,#7691,#7692);
#6302=AXIS2_PLACEMENT_3D('',#9426,#7698,#7699);
#6303=AXIS2_PLACEMENT_3D('',#9430,#7701,#7702);
#6304=AXIS2_PLACEMENT_3D('',#9433,#7704,#7705);
#6305=AXIS2_PLACEMENT_3D('',#9442,#7709,#7710);
#6306=AXIS2_PLACEMENT_3D('',#9448,#7713,#7714);
#6307=AXIS2_PLACEMENT_3D('',#9452,#7716,#7717);
#6308=AXIS2_PLACEMENT_3D('',#9456,#7719,#7720);
#6309=AXIS2_PLACEMENT_3D('',#9461,#7723,#7724);
#6310=AXIS2_PLACEMENT_3D('',#9465,#7726,#7727);
#6311=AXIS2_PLACEMENT_3D('',#9469,#7729,#7730);
#6312=AXIS2_PLACEMENT_3D('',#9473,#7732,#7733);
#6313=AXIS2_PLACEMENT_3D('',#9478,#7736,#7737);
#6314=AXIS2_PLACEMENT_3D('',#9482,#7739,#7740);
#6315=AXIS2_PLACEMENT_3D('',#9486,#7742,#7743);
#6316=AXIS2_PLACEMENT_3D('',#9491,#7746,#7747);
#6317=AXIS2_PLACEMENT_3D('',#9495,#7749,#7750);
#6318=AXIS2_PLACEMENT_3D('',#9496,#7751,#7752);
#6319=AXIS2_PLACEMENT_3D('',#9497,#7753,#7754);
#6320=AXIS2_PLACEMENT_3D('',#9507,#7760,#7761);
#6321=AXIS2_PLACEMENT_3D('',#9517,#7767,#7768);
#6322=AXIS2_PLACEMENT_3D('',#9523,#7772,#7773);
#6323=AXIS2_PLACEMENT_3D('',#9524,#7774,#7775);
#6324=AXIS2_PLACEMENT_3D('',#9526,#7776,#7777);
#6325=AXIS2_PLACEMENT_3D('',#9529,#7779,#7780);
#6326=AXIS2_PLACEMENT_3D('',#9537,#7784,#7785);
#6327=AXIS2_PLACEMENT_3D('',#9541,#7787,#7788);
#6328=AXIS2_PLACEMENT_3D('',#9549,#7792,#7793);
#6329=AXIS2_PLACEMENT_3D('',#9553,#7795,#7796);
#6330=AXIS2_PLACEMENT_3D('',#9557,#7798,#7799);
#6331=AXIS2_PLACEMENT_3D('',#9561,#7801,#7802);
#6332=AXIS2_PLACEMENT_3D('',#9564,#7804,#7805);
#6333=AXIS2_PLACEMENT_3D('',#9570,#7808,#7809);
#6334=AXIS2_PLACEMENT_3D('',#9574,#7811,#7812);
#6335=AXIS2_PLACEMENT_3D('',#9578,#7814,#7815);
#6336=AXIS2_PLACEMENT_3D('',#9581,#7817,#7818);
#6337=AXIS2_PLACEMENT_3D('',#9585,#7820,#7821);
#6338=AXIS2_PLACEMENT_3D('',#9589,#7823,#7824);
#6339=AXIS2_PLACEMENT_3D('',#9593,#7826,#7827);
#6340=AXIS2_PLACEMENT_3D('',#9596,#7829,#7830);
#6341=AXIS2_PLACEMENT_3D('',#9600,#7832,#7833);
#6342=AXIS2_PLACEMENT_3D('',#9604,#7835,#7836);
#6343=AXIS2_PLACEMENT_3D('',#9610,#7839,#7840);
#6344=AXIS2_PLACEMENT_3D('',#9613,#7842,#7843);
#6345=AXIS2_PLACEMENT_3D('',#9616,#7846,#7847);
#6346=AXIS2_PLACEMENT_3D('',#9618,#7849,#7850);
#6347=AXIS2_PLACEMENT_3D('',#9619,#7851,#7852);
#6348=AXIS2_PLACEMENT_3D('',#9622,#7855,#7856);
#6349=AXIS2_PLACEMENT_3D('',#9624,#7858,#7859);
#6350=AXIS2_PLACEMENT_3D('',#9625,#7860,#7861);
#6351=AXIS2_PLACEMENT_3D('',#9627,#7863,#7864);
#6352=AXIS2_PLACEMENT_3D('',#9629,#7866,#7867);
#6353=AXIS2_PLACEMENT_3D('',#9631,#7869,#7870);
#6354=AXIS2_PLACEMENT_3D('',#9633,#7872,#7873);
#6355=AXIS2_PLACEMENT_3D('',#9635,#7875,#7876);
#6356=AXIS2_PLACEMENT_3D('',#9637,#7878,#7879);
#6357=AXIS2_PLACEMENT_3D('',#9640,#7882,#7883);
#6358=AXIS2_PLACEMENT_3D('',#9642,#7885,#7886);
#6359=AXIS2_PLACEMENT_3D('',#9644,#7888,#7889);
#6360=AXIS2_PLACEMENT_3D('',#9646,#7891,#7892);
#6361=AXIS2_PLACEMENT_3D('',#9648,#7894,#7895);
#6362=AXIS2_PLACEMENT_3D('',#9649,#7896,#7897);
#6363=AXIS2_PLACEMENT_3D('',#9652,#7900,#7901);
#6364=AXIS2_PLACEMENT_3D('',#9655,#7904,#7905);
#6365=AXIS2_PLACEMENT_3D('',#9656,#7906,#7907);
#6366=AXIS2_PLACEMENT_3D('',#9658,#7909,#7910);
#6367=AXIS2_PLACEMENT_3D('',#9660,#7912,#7913);
#6368=AXIS2_PLACEMENT_3D('',#9663,#7916,#7917);
#6369=AXIS2_PLACEMENT_3D('',#9664,#7918,#7919);
#6370=AXIS2_PLACEMENT_3D('',#9666,#7921,#7922);
#6371=AXIS2_PLACEMENT_3D('',#9668,#7924,#7925);
#6372=AXIS2_PLACEMENT_3D('',#9670,#7927,#7928);
#6373=AXIS2_PLACEMENT_3D('',#9672,#7930,#7931);
#6374=AXIS2_PLACEMENT_3D('',#9674,#7933,#7934);
#6375=AXIS2_PLACEMENT_3D('',#9675,#7935,#7936);
#6376=AXIS2_PLACEMENT_3D('',#9677,#7938,#7939);
#6377=AXIS2_PLACEMENT_3D('',#9679,#7941,#7942);
#6378=AXIS2_PLACEMENT_3D('',#9681,#7944,#7945);
#6379=AXIS2_PLACEMENT_3D('',#9683,#7947,#7948);
#6380=AXIS2_PLACEMENT_3D('',#9685,#7950,#7951);
#6381=AXIS2_PLACEMENT_3D('',#9686,#7952,#7953);
#6382=AXIS2_PLACEMENT_3D('',#9687,#7954,#7955);
#6383=AXIS2_PLACEMENT_3D('',#9689,#7957,#7958);
#6384=AXIS2_PLACEMENT_3D('',#9691,#7960,#7961);
#6385=AXIS2_PLACEMENT_3D('',#9693,#7963,#7964);
#6386=AXIS2_PLACEMENT_3D('',#9695,#7966,#7967);
#6387=AXIS2_PLACEMENT_3D('',#9697,#7969,#7970);
#6388=AXIS2_PLACEMENT_3D('',#9699,#7972,#7973);
#6389=AXIS2_PLACEMENT_3D('',#9700,#7974,#7975);
#6390=AXIS2_PLACEMENT_3D('',#9701,#7976,#7977);
#6391=AXIS2_PLACEMENT_3D('',#9702,#7978,#7979);
#6392=AXIS2_PLACEMENT_3D('',#9705,#7982,#7983);
#6393=AXIS2_PLACEMENT_3D('',#9707,#7985,#7986);
#6394=AXIS2_PLACEMENT_3D('',#9709,#7988,#7989);
#6395=AXIS2_PLACEMENT_3D('',#9711,#7991,#7992);
#6396=AXIS2_PLACEMENT_3D('',#9713,#7994,#7995);
#6397=AXIS2_PLACEMENT_3D('',#9714,#7996,#7997);
#6398=AXIS2_PLACEMENT_3D('',#9722,#8001,#8002);
#6399=AXIS2_PLACEMENT_3D('',#9723,#8003,#8004);
#6400=AXIS2_PLACEMENT_3D('',#9729,#8008,#8009);
#6401=AXIS2_PLACEMENT_3D('',#9730,#8010,#8011);
#6402=AXIS2_PLACEMENT_3D('',#9732,#8013,#8014);
#6403=AXIS2_PLACEMENT_3D('',#9737,#8017,#8018);
#6404=AXIS2_PLACEMENT_3D('',#9739,#8020,#8021);
#6405=AXIS2_PLACEMENT_3D('',#9741,#8023,#8024);
#6406=AXIS2_PLACEMENT_3D('',#9743,#8026,#8027);
#6407=AXIS2_PLACEMENT_3D('',#9745,#8029,#8030);
#6408=AXIS2_PLACEMENT_3D('',#9747,#8032,#8033);
#6409=AXIS2_PLACEMENT_3D('',#9749,#8035,#8036);
#6410=AXIS2_PLACEMENT_3D('',#9751,#8038,#8039);
#6411=AXIS2_PLACEMENT_3D('',#9753,#8041,#8042);
#6412=AXIS2_PLACEMENT_3D('',#9755,#8044,#8045);
#6413=AXIS2_PLACEMENT_3D('',#9756,#8046,#8047);
#6414=AXIS2_PLACEMENT_3D('',#9764,#8051,#8052);
#6415=AXIS2_PLACEMENT_3D('',#9765,#8053,#8054);
#6416=AXIS2_PLACEMENT_3D('',#9771,#8058,#8059);
#6417=AXIS2_PLACEMENT_3D('',#9772,#8060,#8061);
#6418=AXIS2_PLACEMENT_3D('',#9773,#8062,#8063);
#6419=AXIS2_PLACEMENT_3D('',#9778,#8066,#8067);
#6420=AXIS2_PLACEMENT_3D('',#9781,#8070,#8071);
#6421=AXIS2_PLACEMENT_3D('',#9782,#8072,#8073);
#6422=AXIS2_PLACEMENT_3D('',#9785,#8076,#8077);
#6423=AXIS2_PLACEMENT_3D('',#9786,#8078,#8079);
#6424=AXIS2_PLACEMENT_3D('',#9787,#8080,#8081);
#6425=AXIS2_PLACEMENT_3D('',#9788,#8082,#8083);
#6426=AXIS2_PLACEMENT_3D('',#9789,#8084,#8085);
#6427=AXIS2_PLACEMENT_3D('',#9790,#8086,#8087);
#6428=AXIS2_PLACEMENT_3D('',#9791,#8088,#8089);
#6429=DIRECTION('',(0.,0.,1.));
#6430=DIRECTION('',(1.,0.,0.));
#6431=DIRECTION('',(-1.40958028925526E-16,0.,-1.));
#6432=DIRECTION('',(-1.,0.,1.40958028925526E-16));
#6433=DIRECTION('',(-1.,0.,1.40958028925526E-16));
#6434=DIRECTION('',(0.,1.,0.));
#6435=DIRECTION('',(-1.,0.,1.40958028925526E-16));
#6436=DIRECTION('',(0.,1.,0.));
#6437=DIRECTION('',(9.96723781159288E-17,0.707106781186549,0.707106781186546));
#6438=DIRECTION('',(1.,0.,-1.40958028925526E-16));
#6439=DIRECTION('',(0.,-0.707106781186546,0.707106781186549));
#6440=DIRECTION('',(1.,0.,-1.40958028925526E-16));
#6441=DIRECTION('',(-0.577350269189629,0.577350269189623,-0.577350269189625));
#6442=DIRECTION('',(0.,0.,1.));
#6443=DIRECTION('',(1.,0.,0.));
#6444=DIRECTION('',(0.,-1.,0.));
#6445=DIRECTION('',(0.,0.,1.));
#6446=DIRECTION('',(1.,0.,0.));
#6447=DIRECTION('',(1.,0.,0.));
#6448=DIRECTION('',(0.,0.,1.));
#6449=DIRECTION('',(1.,0.,0.));
#6450=DIRECTION('',(0.,-1.,0.));
#6451=DIRECTION('',(0.,0.,1.));
#6452=DIRECTION('',(1.,0.,0.));
#6453=DIRECTION('',(-1.,0.,0.));
#6454=DIRECTION('',(0.,0.,1.));
#6455=DIRECTION('',(1.,0.,0.));
#6456=DIRECTION('',(0.,-1.,0.));
#6457=DIRECTION('',(-1.,0.,0.));
#6458=DIRECTION('',(0.,1.,0.));
#6459=DIRECTION('',(0.485642931178635,-0.874157276121536,0.));
#6460=DIRECTION('',(0.,-1.,0.));
#6461=DIRECTION('',(-1.,0.,0.));
#6462=DIRECTION('',(0.,1.,0.));
#6463=DIRECTION('',(-1.,0.,0.));
#6464=DIRECTION('',(0.,-1.,0.));
#6465=DIRECTION('',(-1.,0.,0.));
#6466=DIRECTION('',(0.,1.,0.));
#6467=DIRECTION('',(0.485642931178632,0.874157276121538,0.));
#6468=DIRECTION('',(0.,-1.,0.));
#6469=DIRECTION('',(1.,0.,0.));
#6470=DIRECTION('',(0.,-1.,0.));
#6471=DIRECTION('',(0.,0.,1.));
#6472=DIRECTION('',(1.,0.,0.));
#6473=DIRECTION('',(0.,-1.,0.));
#6474=DIRECTION('',(1.,0.,0.));
#6475=DIRECTION('',(0.,-1.,0.));
#6476=DIRECTION('',(1.,3.6027486520806E-16,0.));
#6477=DIRECTION('',(0.,-1.,0.));
#6478=DIRECTION('',(-1.,0.,0.));
#6479=DIRECTION('',(0.,1.,0.));
#6480=DIRECTION('',(1.,3.6027486520806E-16,0.));
#6481=DIRECTION('',(0.,1.,0.));
#6482=DIRECTION('',(-1.,0.,0.));
#6483=DIRECTION('',(-1.,0.,0.));
#6484=DIRECTION('',(0.,0.,1.));
#6485=DIRECTION('',(0.,-1.,1.80700362080917E-16));
#6486=DIRECTION('',(0.,0.,1.));
#6487=DIRECTION('',(0.,0.,1.));
#6488=DIRECTION('',(0.,-1.,0.));
#6489=DIRECTION('',(0.,0.,1.));
#6490=DIRECTION('',(0.,0.,1.));
#6491=DIRECTION('',(0.,-1.,0.));
#6492=DIRECTION('',(0.,0.,1.));
#6493=DIRECTION('',(0.,0.,-1.));
#6494=DIRECTION('',(0.,-1.,0.));
#6495=DIRECTION('',(0.,0.,-1.));
#6496=DIRECTION('',(0.,1.,-6.12543600274296E-17));
#6497=DIRECTION('',(0.,0.,1.));
#6498=DIRECTION('',(3.6027486520806E-16,-1.,0.));
#6499=DIRECTION('',(1.,3.6027486520806E-16,0.));
#6500=DIRECTION('',(1.,4.02021663030546E-16,0.));
#6501=DIRECTION('',(0.,0.,1.));
#6502=DIRECTION('',(1.,3.6027486520806E-16,0.));
#6503=DIRECTION('',(0.,0.,1.));
#6504=DIRECTION('',(0.,0.,1.));
#6505=DIRECTION('',(1.,0.,0.));
#6506=DIRECTION('',(0.,0.,-1.));
#6507=DIRECTION('',(0.,0.,1.));
#6508=DIRECTION('',(0.,-1.,1.80700362080917E-16));
#6509=DIRECTION('',(0.,0.,1.));
#6510=DIRECTION('',(0.,1.,-6.12543600274296E-17));
#6511=DIRECTION('',(0.,0.,-1.));
#6512=DIRECTION('',(0.,-1.,0.));
#6513=DIRECTION('',(0.,0.,-1.));
#6514=DIRECTION('',(0.,1.,0.));
#6515=DIRECTION('',(0.,0.,1.));
#6516=DIRECTION('',(0.,0.,1.));
#6517=DIRECTION('',(0.,1.,0.));
#6518=DIRECTION('',(0.,0.,1.));
#6519=DIRECTION('',(0.,1.,0.));
#6520=DIRECTION('',(0.,0.,1.));
#6521=DIRECTION('',(0.,0.,1.));
#6522=DIRECTION('',(-1.,0.,-4.62592926927149E-15));
#6523=DIRECTION('',(0.,0.,-1.));
#6524=DIRECTION('',(1.,0.,-1.40958028925526E-16));
#6525=DIRECTION('',(0.,0.,1.));
#6526=DIRECTION('',(-1.,0.,4.33680868994204E-16));
#6527=DIRECTION('',(0.,0.,1.));
#6528=DIRECTION('',(-1.,0.,1.70764946983685E-16));
#6529=DIRECTION('',(0.,0.,-1.));
#6530=DIRECTION('',(-1.,0.,0.));
#6531=DIRECTION('',(1.80700362080917E-16,0.,-1.));
#6532=DIRECTION('',(-1.,0.,0.));
#6533=DIRECTION('',(0.,0.,1.));
#6534=DIRECTION('',(1.,0.,0.));
#6535=DIRECTION('',(0.,1.,0.));
#6536=DIRECTION('',(0.,0.,1.));
#6537=DIRECTION('',(0.,0.,1.));
#6538=DIRECTION('',(-1.,0.,0.));
#6539=DIRECTION('',(0.,0.,1.));
#6540=DIRECTION('',(-1.,0.,0.));
#6541=DIRECTION('',(0.,0.,1.));
#6542=DIRECTION('',(0.,-1.,0.));
#6543=DIRECTION('',(0.,0.,1.));
#6544=DIRECTION('',(0.,-1.,0.));
#6545=DIRECTION('',(1.,0.,0.));
#6546=DIRECTION('',(0.,0.,-1.));
#6547=DIRECTION('',(0.,1.,0.));
#6548=DIRECTION('',(0.,0.,1.));
#6549=DIRECTION('',(0.,1.,0.));
#6550=DIRECTION('',(0.,0.,1.));
#6551=DIRECTION('',(1.,0.,0.));
#6552=DIRECTION('',(-1.,2.01010831515273E-16,0.));
#6553=DIRECTION('',(2.01010831515273E-16,1.,0.));
#6554=DIRECTION('',(-1.,2.01010831515273E-16,0.));
#6555=DIRECTION('',(-1.,2.01010831515273E-16,0.));
#6556=DIRECTION('',(0.,0.,1.));
#6557=DIRECTION('',(1.,0.,0.));
#6558=DIRECTION('',(0.,1.,0.));
#6559=DIRECTION('',(0.,0.,1.));
#6560=DIRECTION('',(-1.,0.,0.));
#6561=DIRECTION('',(0.,0.,1.));
#6562=DIRECTION('',(0.874157276121538,-0.485642931178632,0.));
#6563=DIRECTION('',(0.485642931178632,0.874157276121538,0.));
#6564=DIRECTION('',(0.,0.,1.));
#6565=DIRECTION('',(0.485642931178632,0.874157276121538,0.));
#6566=DIRECTION('',(1.,0.,0.));
#6567=DIRECTION('',(0.,0.,-1.));
#6568=DIRECTION('',(0.,1.,0.));
#6569=DIRECTION('',(0.,0.,1.));
#6570=DIRECTION('',(1.,0.,0.));
#6571=DIRECTION('',(0.,1.,0.));
#6572=DIRECTION('',(0.,0.,1.));
#6573=DIRECTION('',(0.,0.,1.));
#6574=DIRECTION('',(-1.,0.,0.));
#6575=DIRECTION('',(-1.,0.,0.));
#6576=DIRECTION('',(0.,0.,1.));
#6577=DIRECTION('',(0.,0.,1.));
#6578=DIRECTION('',(0.,-1.,0.));
#6579=DIRECTION('',(-0.874157276121536,-0.485642931178635,0.));
#6580=DIRECTION('',(0.485642931178635,-0.874157276121536,0.));
#6581=DIRECTION('',(0.485642931178635,-0.874157276121536,0.));
#6582=DIRECTION('',(0.,0.,1.));
#6583=DIRECTION('',(1.,0.,0.));
#6584=DIRECTION('',(0.,1.,0.));
#6585=DIRECTION('',(0.,0.,1.));
#6586=DIRECTION('',(1.,0.,0.));
#6587=DIRECTION('',(0.,0.,1.));
#6588=DIRECTION('',(0.,-1.,0.));
#6589=DIRECTION('',(0.,0.,-1.));
#6590=DIRECTION('',(0.,0.,-1.));
#6591=DIRECTION('',(1.,0.,0.));
#6592=DIRECTION('',(0.,0.,1.));
#6593=DIRECTION('',(1.,0.,0.));
#6594=DIRECTION('',(0.,-1.,0.));
#6595=DIRECTION('',(1.,0.,0.));
#6596=DIRECTION('',(0.,-1.,0.));
#6597=DIRECTION('',(0.,0.,-1.));
#6598=DIRECTION('',(0.,0.,-1.));
#6599=DIRECTION('',(1.,0.,0.));
#6600=DIRECTION('',(0.,-6.12543600274296E-17,-1.));
#6601=DIRECTION('',(0.,1.,-6.12543600274296E-17));
#6602=DIRECTION('',(0.,1.,-6.12543600274296E-17));
#6603=DIRECTION('',(1.,0.,0.));
#6604=DIRECTION('',(0.,1.,0.));
#6605=DIRECTION('',(0.,0.,1.));
#6606=DIRECTION('',(0.,0.,1.));
#6607=DIRECTION('',(1.,0.,0.));
#6608=DIRECTION('',(0.,1.,0.));
#6609=DIRECTION('',(0.,0.,1.));
#6610=DIRECTION('',(0.,0.,1.));
#6611=DIRECTION('',(1.,0.,0.));
#6612=DIRECTION('',(0.,0.,-1.));
#6613=DIRECTION('',(1.,0.,0.));
#6614=DIRECTION('',(0.,0.,-1.));
#6615=DIRECTION('',(-1.,0.,0.));
#6616=DIRECTION('',(0.,-1.,0.));
#6617=DIRECTION('',(1.,0.,0.));
#6618=DIRECTION('',(0.,1.,0.));
#6619=DIRECTION('',(1.,0.,0.));
#6620=DIRECTION('',(0.,1.,0.));
#6621=DIRECTION('',(0.,-1.,0.));
#6622=DIRECTION('',(0.,0.,-1.));
#6623=DIRECTION('',(0.,0.,-1.));
#6624=DIRECTION('',(0.,0.,-1.));
#6625=DIRECTION('',(1.,0.,0.));
#6626=DIRECTION('',(0.,1.,0.));
#6627=DIRECTION('',(0.,0.,1.));
#6628=DIRECTION('',(0.,0.,1.));
#6629=DIRECTION('',(1.,0.,0.));
#6630=DIRECTION('',(0.,0.,1.));
#6631=DIRECTION('',(1.,0.,0.));
#6632=DIRECTION('',(0.,0.,-1.));
#6633=DIRECTION('',(-1.,0.,0.));
#6634=DIRECTION('',(0.,1.,0.));
#6635=DIRECTION('',(1.,0.,0.));
#6636=DIRECTION('',(0.,-1.,0.));
#6637=DIRECTION('',(1.,0.,0.));
#6638=DIRECTION('',(0.,1.,0.));
#6639=DIRECTION('',(0.,-1.,0.));
#6640=DIRECTION('',(0.,0.,-1.));
#6641=DIRECTION('',(0.,0.,-1.));
#6642=DIRECTION('',(0.,0.,1.));
#6643=DIRECTION('',(1.,0.,0.));
#6644=DIRECTION('',(0.,0.,1.));
#6645=DIRECTION('',(1.,0.,0.));
#6646=DIRECTION('',(0.,-1.,0.));
#6647=DIRECTION('',(1.,0.,0.));
#6648=DIRECTION('',(0.,1.,0.));
#6649=DIRECTION('',(0.,-1.,0.));
#6650=DIRECTION('',(0.,0.,1.));
#6651=DIRECTION('',(1.,0.,0.));
#6652=DIRECTION('',(0.,1.,0.));
#6653=DIRECTION('',(1.,0.,0.));
#6654=DIRECTION('',(0.,-1.,0.));
#6655=DIRECTION('',(0.,-1.,0.));
#6656=DIRECTION('',(0.,1.80700362080917E-16,1.));
#6657=DIRECTION('',(0.,-1.,1.80700362080917E-16));
#6658=DIRECTION('',(0.,-1.,1.80700362080917E-16));
#6659=DIRECTION('',(1.,0.,0.));
#6660=DIRECTION('',(0.,0.,-1.));
#6661=DIRECTION('',(1.,0.,0.));
#6662=DIRECTION('',(0.,0.,-1.));
#6663=DIRECTION('',(0.,0.,-1.));
#6664=DIRECTION('',(1.,0.,0.));
#6665=DIRECTION('',(0.,0.,-1.));
#6666=DIRECTION('',(0.,1.,0.));
#6667=DIRECTION('',(1.,0.,0.));
#6668=DIRECTION('',(0.,0.,-1.));
#6669=DIRECTION('',(0.,0.,-1.));
#6670=DIRECTION('',(1.,0.,0.));
#6671=DIRECTION('',(0.,0.,-1.));
#6672=DIRECTION('',(0.,1.,0.));
#6673=DIRECTION('',(1.,0.,0.));
#6674=DIRECTION('',(0.,0.,-1.));
#6675=DIRECTION('',(0.,0.,1.));
#6676=DIRECTION('',(1.,0.,0.));
#6677=DIRECTION('',(0.,0.,-1.));
#6678=DIRECTION('',(0.,1.,0.));
#6679=DIRECTION('',(1.,0.,0.));
#6680=DIRECTION('',(0.,0.,-1.));
#6681=DIRECTION('',(0.,0.,1.));
#6682=DIRECTION('',(1.,0.,0.));
#6683=DIRECTION('',(0.,0.,-1.));
#6684=DIRECTION('',(1.,0.,0.));
#6685=DIRECTION('',(0.,0.,-1.));
#6686=DIRECTION('',(0.,0.,1.));
#6687=DIRECTION('',(1.,0.,0.));
#6688=DIRECTION('',(0.,0.,-1.));
#6689=DIRECTION('',(0.,-1.,0.));
#6690=DIRECTION('',(1.,0.,0.));
#6691=DIRECTION('',(0.,0.,-1.));
#6692=DIRECTION('',(0.,0.,-1.));
#6693=DIRECTION('',(1.,0.,0.));
#6694=DIRECTION('',(0.,0.,-1.));
#6695=DIRECTION('',(0.,-1.,0.));
#6696=DIRECTION('',(-1.,0.,0.));
#6697=DIRECTION('',(0.,0.,1.));
#6698=DIRECTION('',(-1.,0.,0.));
#6699=DIRECTION('',(0.,0.,1.));
#6700=DIRECTION('',(0.,-1.,0.));
#6701=DIRECTION('',(0.,0.,-1.));
#6702=DIRECTION('',(0.,0.,1.));
#6703=DIRECTION('',(-1.,0.,0.));
#6704=DIRECTION('',(0.,1.,0.));
#6705=DIRECTION('',(0.,0.,1.));
#6706=DIRECTION('',(-1.,0.,0.));
#6707=DIRECTION('',(0.,0.,-1.));
#6708=DIRECTION('',(0.,0.,-1.));
#6709=DIRECTION('',(-1.,0.,0.));
#6710=DIRECTION('',(-1.,0.,0.));
#6711=DIRECTION('',(0.,-1.,0.));
#6712=DIRECTION('',(0.,1.,0.));
#6713=DIRECTION('',(0.,0.,1.));
#6714=DIRECTION('',(-1.,0.,0.));
#6715=DIRECTION('',(0.,0.,-1.));
#6716=DIRECTION('',(0.,6.12543600274296E-17,1.));
#6717=DIRECTION('',(0.,-1.,6.12543600274296E-17));
#6718=DIRECTION('',(-1.,0.,0.));
#6719=DIRECTION('',(0.,1.,-6.12543600274296E-17));
#6720=DIRECTION('',(0.,-1.,0.));
#6721=DIRECTION('',(0.,0.,-1.));
#6722=DIRECTION('',(-1.,0.,0.));
#6723=DIRECTION('',(0.,0.,1.));
#6724=DIRECTION('',(0.,-1.,0.));
#6725=DIRECTION('',(0.,0.,-1.));
#6726=DIRECTION('',(0.,0.,1.));
#6727=DIRECTION('',(-1.,0.,0.));
#6728=DIRECTION('',(0.,0.,-1.));
#6729=DIRECTION('',(-1.,0.,0.));
#6730=DIRECTION('',(0.,0.,1.));
#6731=DIRECTION('',(1.,0.,0.));
#6732=DIRECTION('',(0.,1.,0.));
#6733=DIRECTION('',(-1.,0.,0.));
#6734=DIRECTION('',(0.,-1.,0.));
#6735=DIRECTION('',(0.,1.,0.));
#6736=DIRECTION('',(-1.,0.,0.));
#6737=DIRECTION('',(0.,1.,0.));
#6738=DIRECTION('',(0.,0.,1.));
#6739=DIRECTION('',(0.,0.,-1.));
#6740=DIRECTION('',(-1.,0.,0.));
#6741=DIRECTION('',(0.,0.,-1.));
#6742=DIRECTION('',(0.,-1.,0.));
#6743=DIRECTION('',(0.,0.,-1.));
#6744=DIRECTION('',(0.,0.,1.));
#6745=DIRECTION('',(-1.,0.,0.));
#6746=DIRECTION('',(0.,0.,1.));
#6747=DIRECTION('',(-1.,0.,0.));
#6748=DIRECTION('',(0.,0.,1.));
#6749=DIRECTION('',(1.,0.,0.));
#6750=DIRECTION('',(-1.,0.,0.));
#6751=DIRECTION('',(0.,1.,0.));
#6752=DIRECTION('',(0.,1.,0.));
#6753=DIRECTION('',(-1.,0.,0.));
#6754=DIRECTION('',(0.,-1.,0.));
#6755=DIRECTION('',(0.,1.,0.));
#6756=DIRECTION('',(0.,0.,1.));
#6757=DIRECTION('',(0.,0.,-1.));
#6758=DIRECTION('',(-1.,0.,0.));
#6759=DIRECTION('',(0.,0.,1.));
#6760=DIRECTION('',(0.,0.,-1.));
#6761=DIRECTION('',(-1.,0.,0.));
#6762=DIRECTION('',(-1.,0.,0.));
#6763=DIRECTION('',(0.,-1.,0.));
#6764=DIRECTION('',(0.,-1.,0.));
#6765=DIRECTION('',(0.,1.,0.));
#6766=DIRECTION('',(0.,0.,-1.));
#6767=DIRECTION('',(-1.,0.,0.));
#6768=DIRECTION('',(0.,-1.,0.));
#6769=DIRECTION('',(-1.,0.,0.));
#6770=DIRECTION('',(0.,1.,0.));
#6771=DIRECTION('',(0.,-1.,0.));
#6772=DIRECTION('',(0.,-1.80700362080917E-16,-1.));
#6773=DIRECTION('',(0.,1.,-1.80700362080917E-16));
#6774=DIRECTION('',(0.,-1.,1.80700362080917E-16));
#6775=DIRECTION('',(1.,0.,0.));
#6776=DIRECTION('',(0.,0.,-1.));
#6777=DIRECTION('',(0.,0.,1.));
#6778=DIRECTION('',(1.,0.,0.));
#6779=DIRECTION('',(0.,0.,-1.));
#6780=DIRECTION('',(1.,0.,0.));
#6781=DIRECTION('',(0.,0.,-1.));
#6782=DIRECTION('',(0.,0.,1.));
#6783=DIRECTION('',(1.,0.,0.));
#6784=DIRECTION('',(0.,0.,-1.));
#6785=DIRECTION('',(0.,1.,0.));
#6786=DIRECTION('',(1.,0.,0.));
#6787=DIRECTION('',(0.,0.,-1.));
#6788=DIRECTION('',(0.,0.,-1.));
#6789=DIRECTION('',(1.,0.,0.));
#6790=DIRECTION('',(0.,0.,-1.));
#6791=DIRECTION('',(1.,0.,0.));
#6792=DIRECTION('',(0.,0.,-1.));
#6793=DIRECTION('',(0.,0.,-1.));
#6794=DIRECTION('',(1.,0.,0.));
#6795=DIRECTION('',(0.,0.,-1.));
#6796=DIRECTION('',(0.,-1.,0.));
#6797=DIRECTION('',(1.,0.,0.));
#6798=DIRECTION('',(0.,0.,-1.));
#6799=DIRECTION('',(0.,0.,-1.));
#6800=DIRECTION('',(1.,0.,0.));
#6801=DIRECTION('',(0.,0.,-1.));
#6802=DIRECTION('',(0.,-1.,0.));
#6803=DIRECTION('',(1.,0.,0.));
#6804=DIRECTION('',(0.,0.,-1.));
#6805=DIRECTION('',(0.,0.,1.));
#6806=DIRECTION('',(1.,0.,0.));
#6807=DIRECTION('',(0.,0.,-1.));
#6808=DIRECTION('',(0.,-1.,0.));
#6809=DIRECTION('',(1.,0.,0.));
#6810=DIRECTION('',(0.,0.,-1.));
#6811=DIRECTION('',(0.,-1.,0.));
#6812=DIRECTION('',(1.,0.,0.));
#6813=DIRECTION('',(0.,0.,-1.));
#6814=DIRECTION('',(1.,0.,0.));
#6815=DIRECTION('',(0.,0.,-1.));
#6816=DIRECTION('',(0.,0.,1.));
#6817=DIRECTION('',(1.,0.,0.));
#6818=DIRECTION('',(1.,0.,0.));
#6819=DIRECTION('',(0.,-1.,0.));
#6820=DIRECTION('',(1.,0.,0.));
#6821=DIRECTION('',(1.,0.,0.));
#6822=DIRECTION('',(0.,0.,-1.));
#6823=DIRECTION('',(1.,0.,0.));
#6824=DIRECTION('',(0.,0.,-1.));
#6825=DIRECTION('',(1.,0.,0.));
#6826=DIRECTION('',(0.,-1.,0.));
#6827=DIRECTION('',(0.,0.,-1.));
#6828=DIRECTION('',(0.,0.,-1.));
#6829=DIRECTION('',(1.,0.,0.));
#6830=DIRECTION('',(0.,-1.,0.));
#6831=DIRECTION('',(0.,0.,-1.));
#6832=DIRECTION('',(1.,0.,0.));
#6833=DIRECTION('',(0.,0.,-1.));
#6834=DIRECTION('',(1.,0.,0.));
#6835=DIRECTION('',(1.,0.,0.));
#6836=DIRECTION('',(0.,0.,-1.));
#6837=DIRECTION('',(1.,0.,0.));
#6838=DIRECTION('',(0.,0.,-1.));
#6839=DIRECTION('',(1.,0.,0.));
#6840=DIRECTION('',(0.,0.,-1.));
#6841=DIRECTION('',(-1.,0.,0.));
#6842=DIRECTION('',(0.,1.,0.));
#6843=DIRECTION('',(1.,0.,0.));
#6844=DIRECTION('',(1.,0.,0.));
#6845=DIRECTION('',(0.,0.,-1.));
#6846=DIRECTION('',(1.,0.,0.));
#6847=DIRECTION('',(1.,0.,0.));
#6848=DIRECTION('',(0.,0.,-1.));
#6849=DIRECTION('',(0.,-1.,0.));
#6850=DIRECTION('',(0.,0.,-1.));
#6851=DIRECTION('',(0.,0.,-1.));
#6852=DIRECTION('',(1.,0.,0.));
#6853=DIRECTION('',(1.,0.,0.));
#6854=DIRECTION('',(0.,0.,-1.));
#6855=DIRECTION('',(1.,0.,0.));
#6856=DIRECTION('',(0.,0.,-1.));
#6857=DIRECTION('',(1.,0.,0.));
#6858=DIRECTION('',(0.,0.,-1.));
#6859=DIRECTION('',(-1.,0.,0.));
#6860=DIRECTION('',(0.,1.,0.));
#6861=DIRECTION('',(1.,0.,0.));
#6862=DIRECTION('',(1.,0.,0.));
#6863=DIRECTION('',(0.,0.,-1.));
#6864=DIRECTION('',(1.,0.,0.));
#6865=DIRECTION('',(0.,0.,-1.));
#6866=DIRECTION('',(1.,0.,0.));
#6867=DIRECTION('',(0.,1.,0.));
#6868=DIRECTION('',(0.,0.,1.));
#6869=DIRECTION('',(0.,0.,1.));
#6870=DIRECTION('',(1.,0.,0.));
#6871=DIRECTION('',(1.,0.,0.));
#6872=DIRECTION('',(0.,0.,-1.));
#6873=DIRECTION('',(1.,0.,0.));
#6874=DIRECTION('',(1.,0.,0.));
#6875=DIRECTION('',(0.,0.,-1.));
#6876=DIRECTION('',(0.,0.,-1.));
#6877=DIRECTION('',(-1.,0.,0.));
#6878=DIRECTION('',(0.,1.,0.));
#6879=DIRECTION('',(1.,0.,0.));
#6880=DIRECTION('',(1.,0.,0.));
#6881=DIRECTION('',(0.,0.,-1.));
#6882=DIRECTION('',(1.,0.,0.));
#6883=DIRECTION('',(0.,0.,-1.));
#6884=DIRECTION('',(1.,0.,0.));
#6885=DIRECTION('',(0.,1.,0.));
#6886=DIRECTION('',(0.,0.,1.));
#6887=DIRECTION('',(0.,0.,1.));
#6888=DIRECTION('',(1.,0.,0.));
#6889=DIRECTION('',(0.,1.,0.));
#6890=DIRECTION('',(0.,0.,1.));
#6891=DIRECTION('',(1.,0.,0.));
#6892=DIRECTION('',(0.,0.,1.));
#6893=DIRECTION('',(1.,0.,0.));
#6894=DIRECTION('',(1.,0.,0.));
#6895=DIRECTION('',(0.,0.,-1.));
#6896=DIRECTION('',(1.,0.,0.));
#6897=DIRECTION('',(0.,0.,-1.));
#6898=DIRECTION('',(1.,0.,0.));
#6899=DIRECTION('',(0.,0.,-1.));
#6900=DIRECTION('',(1.,0.,0.));
#6901=DIRECTION('',(0.,0.,-1.));
#6902=DIRECTION('',(1.,0.,0.));
#6903=DIRECTION('',(0.,0.,-1.));
#6904=DIRECTION('',(1.,0.,0.));
#6905=DIRECTION('',(0.,0.,-1.));
#6906=DIRECTION('',(1.,0.,0.));
#6907=DIRECTION('',(0.,0.,-1.));
#6908=DIRECTION('',(1.,0.,0.));
#6909=DIRECTION('',(0.,0.,-1.));
#6910=DIRECTION('',(1.,0.,0.));
#6911=DIRECTION('',(0.,0.,-1.));
#6912=DIRECTION('',(1.,0.,0.));
#6913=DIRECTION('',(0.,0.,-1.));
#6914=DIRECTION('',(1.,0.,0.));
#6915=DIRECTION('',(0.,0.,-1.));
#6916=DIRECTION('',(0.,0.,-1.));
#6917=DIRECTION('',(-1.,0.,0.));
#6918=DIRECTION('',(-1.,0.,0.));
#6919=DIRECTION('',(0.,-1.,0.));
#6920=DIRECTION('',(-1.,0.,0.));
#6921=DIRECTION('',(-1.,0.,0.));
#6922=DIRECTION('',(0.,0.,1.));
#6923=DIRECTION('',(-1.,0.,0.));
#6924=DIRECTION('',(1.,0.,0.));
#6925=DIRECTION('',(0.,0.,-1.));
#6926=DIRECTION('',(0.,1.,0.));
#6927=DIRECTION('',(0.,0.,1.));
#6928=DIRECTION('',(-1.,0.,0.));
#6929=DIRECTION('',(0.,0.,-1.));
#6930=DIRECTION('',(-1.,0.,0.));
#6931=DIRECTION('',(0.,0.,1.));
#6932=DIRECTION('',(1.,0.,0.));
#6933=DIRECTION('',(0.,0.,-1.));
#6934=DIRECTION('',(-1.,0.,0.));
#6935=DIRECTION('',(0.,0.,1.));
#6936=DIRECTION('',(-1.,0.,0.));
#6937=DIRECTION('',(1.,0.,0.));
#6938=DIRECTION('',(0.,0.,-1.));
#6939=DIRECTION('',(0.,1.,0.));
#6940=DIRECTION('',(0.,0.,1.));
#6941=DIRECTION('',(-1.,0.,0.));
#6942=DIRECTION('',(0.,0.,-1.));
#6943=DIRECTION('',(-1.,0.,0.));
#6944=DIRECTION('',(0.,0.,1.));
#6945=DIRECTION('',(-1.,0.,0.));
#6946=DIRECTION('',(1.,0.,0.));
#6947=DIRECTION('',(0.,0.,-1.));
#6948=DIRECTION('',(0.,0.,1.));
#6949=DIRECTION('',(1.,0.,0.));
#6950=DIRECTION('',(-1.,0.,0.));
#6951=DIRECTION('',(0.,1.,0.));
#6952=DIRECTION('',(-1.,0.,0.));
#6953=DIRECTION('',(0.,0.,1.));
#6954=DIRECTION('',(-1.,0.,0.));
#6955=DIRECTION('',(1.,0.,0.));
#6956=DIRECTION('',(0.,0.,-1.));
#6957=DIRECTION('',(0.,1.,0.));
#6958=DIRECTION('',(0.,0.,1.));
#6959=DIRECTION('',(-1.,0.,0.));
#6960=DIRECTION('',(0.,0.,-1.));
#6961=DIRECTION('',(-1.,0.,0.));
#6962=DIRECTION('',(0.,0.,1.));
#6963=DIRECTION('',(-1.,0.,0.));
#6964=DIRECTION('',(1.,0.,0.));
#6965=DIRECTION('',(0.,0.,-1.));
#6966=DIRECTION('',(0.,0.,1.));
#6967=DIRECTION('',(1.,0.,0.));
#6968=DIRECTION('',(-1.,0.,0.));
#6969=DIRECTION('',(0.,1.,0.));
#6970=DIRECTION('',(-1.,0.,0.));
#6971=DIRECTION('',(0.,0.,1.));
#6972=DIRECTION('',(-1.,0.,0.));
#6973=DIRECTION('',(1.,0.,0.));
#6974=DIRECTION('',(0.,0.,-1.));
#6975=DIRECTION('',(0.,-1.,0.));
#6976=DIRECTION('',(0.,0.,-1.));
#6977=DIRECTION('',(-1.,0.,0.));
#6978=DIRECTION('',(0.,0.,1.));
#6979=DIRECTION('',(-1.,0.,0.));
#6980=DIRECTION('',(0.,0.,1.));
#6981=DIRECTION('',(-1.,0.,0.));
#6982=DIRECTION('',(1.,0.,0.));
#6983=DIRECTION('',(0.,0.,-1.));
#6984=DIRECTION('',(0.,0.,1.));
#6985=DIRECTION('',(1.,0.,0.));
#6986=DIRECTION('',(-1.,0.,0.));
#6987=DIRECTION('',(0.,1.,0.));
#6988=DIRECTION('',(-1.,0.,0.));
#6989=DIRECTION('',(0.,0.,1.));
#6990=DIRECTION('',(-1.,0.,0.));
#6991=DIRECTION('',(1.,0.,0.));
#6992=DIRECTION('',(0.,0.,-1.));
#6993=DIRECTION('',(0.,-1.,0.));
#6994=DIRECTION('',(0.,0.,-1.));
#6995=DIRECTION('',(-1.,0.,0.));
#6996=DIRECTION('',(0.,0.,1.));
#6997=DIRECTION('',(-1.,0.,0.));
#6998=DIRECTION('',(0.,0.,1.));
#6999=DIRECTION('',(1.,0.,0.));
#7000=DIRECTION('',(0.,0.,-1.));
#7001=DIRECTION('',(-1.,0.,0.));
#7002=DIRECTION('',(0.,0.,1.));
#7003=DIRECTION('',(-1.,0.,0.));
#7004=DIRECTION('',(1.,0.,0.));
#7005=DIRECTION('',(0.,0.,-1.));
#7006=DIRECTION('',(0.,-1.,0.));
#7007=DIRECTION('',(0.,0.,-1.));
#7008=DIRECTION('',(-1.,0.,0.));
#7009=DIRECTION('',(0.,0.,1.));
#7010=DIRECTION('',(-1.,0.,0.));
#7011=DIRECTION('',(0.,0.,1.));
#7012=DIRECTION('',(1.,0.,0.));
#7013=DIRECTION('',(0.,0.,-1.));
#7014=DIRECTION('',(1.,0.,0.));
#7015=DIRECTION('',(0.,0.,-1.));
#7016=DIRECTION('',(-1.,0.,-1.80700362080917E-16));
#7017=DIRECTION('',(-1.80700362080917E-16,0.,1.));
#7018=DIRECTION('',(-1.80700362080917E-16,0.,1.));
#7019=DIRECTION('',(0.,1.,0.));
#7020=DIRECTION('',(-1.80700362080917E-16,0.,1.));
#7021=DIRECTION('',(0.,0.,1.));
#7022=DIRECTION('',(1.,0.,0.));
#7023=DIRECTION('',(1.,0.,0.));
#7024=DIRECTION('',(0.,1.,0.));
#7025=DIRECTION('',(1.,0.,0.));
#7026=DIRECTION('',(-1.,0.,0.));
#7027=DIRECTION('',(0.,0.,1.));
#7028=DIRECTION('',(0.,0.,1.));
#7029=DIRECTION('',(0.,1.,0.));
#7030=DIRECTION('',(0.,0.,1.));
#7031=DIRECTION('',(1.70764946983685E-16,0.,1.));
#7032=DIRECTION('',(1.,0.,-1.70764946983685E-16));
#7033=DIRECTION('',(1.,0.,-1.70764946983685E-16));
#7034=DIRECTION('',(0.,1.,0.));
#7035=DIRECTION('',(1.,0.,-1.70764946983685E-16));
#7036=DIRECTION('',(1.,0.,0.));
#7037=DIRECTION('',(0.,0.,-1.));
#7038=DIRECTION('',(0.,0.,-1.));
#7039=DIRECTION('',(0.,1.,0.));
#7040=DIRECTION('',(0.,0.,-1.));
#7041=DIRECTION('',(4.33680868994204E-16,0.,1.));
#7042=DIRECTION('',(1.,0.,-4.33680868994204E-16));
#7043=DIRECTION('',(1.,0.,-4.33680868994204E-16));
#7044=DIRECTION('',(0.,1.,0.));
#7045=DIRECTION('',(1.,0.,-4.33680868994204E-16));
#7046=DIRECTION('',(1.,0.,0.));
#7047=DIRECTION('',(0.,0.,-1.));
#7048=DIRECTION('',(0.,0.,-1.));
#7049=DIRECTION('',(0.,1.,0.));
#7050=DIRECTION('',(0.,0.,-1.));
#7051=DIRECTION('',(-1.40958028925526E-16,0.,-1.));
#7052=DIRECTION('',(-1.,0.,1.40958028925526E-16));
#7053=DIRECTION('',(-1.,0.,1.40958028925526E-16));
#7054=DIRECTION('',(0.,1.,0.));
#7055=DIRECTION('',(-1.,0.,1.40958028925526E-16));
#7056=DIRECTION('',(3.15669165561289E-16,0.,-1.));
#7057=DIRECTION('',(-1.,0.,-3.15669165561289E-16));
#7058=DIRECTION('',(0.,1.,0.));
#7059=DIRECTION('',(-1.,0.,-3.15669165561289E-16));
#7060=DIRECTION('',(0.,1.,0.));
#7061=DIRECTION('',(-1.,0.,-3.15669165561289E-16));
#7062=DIRECTION('',(1.,0.,0.));
#7063=DIRECTION('',(0.,0.,-1.));
#7064=DIRECTION('',(0.,1.,0.));
#7065=DIRECTION('',(0.,0.,-1.));
#7066=DIRECTION('',(0.,0.,-1.));
#7067=DIRECTION('',(0.,0.,1.));
#7068=DIRECTION('',(1.,0.,0.));
#7069=DIRECTION('',(0.,1.,0.));
#7070=DIRECTION('',(1.,0.,0.));
#7071=DIRECTION('',(1.,0.,0.));
#7072=DIRECTION('',(1.,0.,0.));
#7073=DIRECTION('',(0.,0.,-1.));
#7074=DIRECTION('',(0.,1.,0.));
#7075=DIRECTION('',(0.,0.,-1.));
#7076=DIRECTION('',(0.,0.,-1.));
#7077=DIRECTION('',(-1.67196064558856E-16,0.,1.));
#7078=DIRECTION('',(1.,0.,1.67196064558856E-16));
#7079=DIRECTION('',(0.,1.,0.));
#7080=DIRECTION('',(1.,0.,1.67196064558856E-16));
#7081=DIRECTION('',(1.,0.,1.67196064558856E-16));
#7082=DIRECTION('',(-1.,0.,0.));
#7083=DIRECTION('',(0.,0.,1.));
#7084=DIRECTION('',(0.,1.,0.));
#7085=DIRECTION('',(0.,0.,1.));
#7086=DIRECTION('',(0.,0.,1.));
#7087=DIRECTION('',(0.,0.,1.));
#7088=DIRECTION('',(1.,0.,0.));
#7089=DIRECTION('',(0.,1.,0.));
#7090=DIRECTION('',(1.,0.,0.));
#7091=DIRECTION('',(1.,0.,0.));
#7092=DIRECTION('',(-1.,0.,5.42101086242752E-16));
#7093=DIRECTION('',(5.42101086242752E-16,0.,1.));
#7094=DIRECTION('',(5.42101086242752E-16,0.,1.));
#7095=DIRECTION('',(5.42101086242752E-16,0.,1.));
#7096=DIRECTION('',(0.,1.,0.));
#7097=DIRECTION('',(0.,0.,1.));
#7098=DIRECTION('',(0.,0.,-1.));
#7099=DIRECTION('',(-1.,0.,-4.62592926927149E-15));
#7100=DIRECTION('',(0.,0.,1.));
#7101=DIRECTION('',(0.,1.,0.));
#7102=DIRECTION('',(0.,0.,1.));
#7103=DIRECTION('',(-1.20749052001125E-16,0.707106781186547,-0.707106781186548));
#7104=DIRECTION('',(-1.,0.,1.70764946983685E-16));
#7105=DIRECTION('',(0.577350269189628,-0.577350269189625,-0.577350269189624));
#7106=DIRECTION('',(-0.577350269189624,-0.577350269189627,-0.577350269189626));
#7107=DIRECTION('',(-0.707106781186549,0.707106781186546,0.));
#7108=DIRECTION('',(0.,0.,1.));
#7109=DIRECTION('',(-0.577350269189624,-0.577350269189626,-0.577350269189627));
#7110=DIRECTION('',(0.707106781186545,0.70710678118655,0.));
#7111=DIRECTION('',(0.,0.,-1.));
#7112=DIRECTION('',(0.577350269189628,-0.577350269189624,-0.577350269189626));
#7113=DIRECTION('',(-3.06658683336676E-16,0.707106781186548,-0.707106781186547));
#7114=DIRECTION('',(-1.,0.,4.33680868994204E-16));
#7115=DIRECTION('',(-0.577350269189624,-0.577350269189626,-0.577350269189627));
#7116=DIRECTION('',(0.,0.707106781186548,-0.707106781186547));
#7117=DIRECTION('',(-1.,0.,0.));
#7118=DIRECTION('',(0.577350269189629,-0.577350269189623,-0.577350269189625));
#7119=DIRECTION('',(-0.707106781186549,0.707106781186546,0.));
#7120=DIRECTION('',(0.,0.,1.));
#7121=DIRECTION('',(-0.577350269189623,-0.577350269189626,0.577350269189628));
#7122=DIRECTION('',(0.707106781186544,0.707106781186551,1.27774451390281E-16));
#7123=DIRECTION('',(1.80700362080917E-16,0.,-1.));
#7124=DIRECTION('',(9.96723781159288E-17,0.707106781186549,0.707106781186546));
#7125=DIRECTION('',(1.,0.,-1.40958028925526E-16));
#7126=DIRECTION('',(0.,0.707106781186546,-0.707106781186549));
#7127=DIRECTION('',(0.,0.,1.));
#7128=DIRECTION('',(1.,0.,0.));
#7129=DIRECTION('',(0.,0.,1.));
#7130=DIRECTION('',(1.,0.,0.));
#7131=DIRECTION('',(0.,0.,-1.));
#7132=DIRECTION('',(-1.,0.,0.));
#7133=DIRECTION('',(0.,0.,1.));
#7134=DIRECTION('',(1.,0.,0.));
#7135=DIRECTION('',(0.,0.,1.));
#7136=DIRECTION('',(1.,0.,0.));
#7137=DIRECTION('',(0.,0.,1.));
#7138=DIRECTION('',(1.,0.,0.));
#7139=DIRECTION('',(0.,0.,-1.));
#7140=DIRECTION('',(-1.,0.,0.));
#7141=DIRECTION('',(0.,0.,-1.));
#7142=DIRECTION('',(0.,0.,1.));
#7143=DIRECTION('',(1.,0.,0.));
#7144=DIRECTION('',(0.,0.,-1.));
#7145=DIRECTION('',(1.,0.,0.));
#7146=DIRECTION('',(0.,0.,-1.));
#7147=DIRECTION('',(0.,0.,-1.));
#7148=DIRECTION('',(0.,-1.,0.));
#7149=DIRECTION('',(0.,0.,-1.));
#7150=DIRECTION('',(-1.,0.,0.));
#7151=DIRECTION('',(0.,0.,-1.));
#7152=DIRECTION('',(0.,0.,1.));
#7153=DIRECTION('',(1.,0.,0.));
#7154=DIRECTION('',(0.,1.,0.));
#7155=DIRECTION('',(0.,0.,1.));
#7156=DIRECTION('',(0.,0.,-1.));
#7157=DIRECTION('',(1.,0.,0.));
#7158=DIRECTION('',(0.,0.,-1.));
#7159=DIRECTION('',(-1.,0.,0.));
#7160=DIRECTION('',(0.,0.,-1.));
#7161=DIRECTION('',(0.,0.,1.));
#7162=DIRECTION('',(1.,0.,0.));
#7163=DIRECTION('',(0.,0.,1.));
#7164=DIRECTION('',(1.,0.,0.));
#7165=DIRECTION('',(-1.,0.,0.));
#7166=DIRECTION('',(0.,0.,1.));
#7167=DIRECTION('',(0.,0.,-1.));
#7168=DIRECTION('',(0.,1.,0.));
#7169=DIRECTION('',(0.,1.,0.));
#7170=DIRECTION('',(0.,0.,-1.));
#7171=DIRECTION('',(-1.,0.,0.));
#7172=DIRECTION('',(0.,0.,-1.));
#7173=DIRECTION('',(0.,0.,1.));
#7174=DIRECTION('',(1.,0.,0.));
#7175=DIRECTION('',(0.,0.,1.));
#7176=DIRECTION('',(1.,0.,0.));
#7177=DIRECTION('',(0.,-1.,0.));
#7178=DIRECTION('',(0.,0.,-1.));
#7179=DIRECTION('',(-1.,0.,0.));
#7180=DIRECTION('',(0.,0.,1.));
#7181=DIRECTION('',(1.,0.,0.));
#7182=DIRECTION('',(-1.,0.,0.));
#7183=DIRECTION('',(0.,0.,1.));
#7184=DIRECTION('',(1.,0.,0.));
#7185=DIRECTION('',(0.,-1.,0.));
#7186=DIRECTION('',(0.,0.,1.));
#7187=DIRECTION('',(1.,0.,0.));
#7188=DIRECTION('',(1.,0.,0.));
#7189=DIRECTION('',(0.,0.,1.));
#7190=DIRECTION('',(1.,0.,0.));
#7191=DIRECTION('',(0.,1.,0.));
#7192=DIRECTION('',(0.,0.,1.));
#7193=DIRECTION('',(1.,0.,0.));
#7194=DIRECTION('',(0.,0.,1.));
#7195=DIRECTION('',(1.,0.,0.));
#7196=DIRECTION('',(0.,0.,1.));
#7197=DIRECTION('',(1.,0.,0.));
#7198=DIRECTION('',(0.,0.,1.));
#7199=DIRECTION('',(1.,0.,0.));
#7200=DIRECTION('',(-1.,1.73472347597681E-14,0.));
#7201=DIRECTION('',(-1.73472347597681E-14,-1.,0.));
#7202=DIRECTION('',(0.,1.,0.));
#7203=DIRECTION('',(0.,0.,1.));
#7204=DIRECTION('',(0.,-1.,0.));
#7205=DIRECTION('',(0.,0.,-1.));
#7206=DIRECTION('',(4.33680868994204E-15,1.,0.));
#7207=DIRECTION('',(-1.,4.33680868994204E-15,0.));
#7208=DIRECTION('',(-1.,0.,0.));
#7209=DIRECTION('',(0.,0.,1.));
#7210=DIRECTION('',(-1.,0.,0.));
#7211=DIRECTION('',(0.,0.,1.));
#7212=DIRECTION('',(0.,0.,1.));
#7213=DIRECTION('',(1.,0.,0.));
#7214=DIRECTION('',(-1.,0.,0.));
#7215=DIRECTION('',(0.,0.,1.));
#7216=DIRECTION('',(0.,0.,1.));
#7217=DIRECTION('',(1.,0.,0.));
#7218=DIRECTION('',(-4.33680868994204E-15,1.,0.));
#7219=DIRECTION('',(-1.,-4.33680868994204E-15,0.));
#7220=DIRECTION('',(1.,0.,0.));
#7221=DIRECTION('',(0.,0.,-1.));
#7222=DIRECTION('',(-1.,1.73472347597681E-14,0.));
#7223=DIRECTION('',(-1.73472347597681E-14,-1.,0.));
#7224=DIRECTION('',(0.,1.,0.));
#7225=DIRECTION('',(0.,0.,1.));
#7226=DIRECTION('',(0.,1.,-4.33680868994202E-15));
#7227=DIRECTION('',(0.,4.33680868994202E-15,1.));
#7228=DIRECTION('',(0.,0.,1.));
#7229=DIRECTION('',(1.,0.,0.));
#7230=DIRECTION('',(4.62592926927149E-15,0.,-1.));
#7231=DIRECTION('',(-1.,0.,-4.62592926927149E-15));
#7232=DIRECTION('',(0.,1.,0.));
#7233=DIRECTION('',(0.,1.,0.));
#7234=DIRECTION('',(-1.,0.,0.));
#7235=DIRECTION('',(0.,0.,1.));
#7236=DIRECTION('',(1.,0.,0.));
#7237=DIRECTION('',(0.,0.,-1.));
#7238=DIRECTION('',(0.,1.,0.));
#7239=DIRECTION('',(1.,0.,0.));
#7240=DIRECTION('',(0.,-1.,0.));
#7241=DIRECTION('',(0.,0.,-1.));
#7242=DIRECTION('',(-1.,0.,0.));
#7243=DIRECTION('',(0.,0.,-1.));
#7244=DIRECTION('',(1.,0.,0.));
#7245=DIRECTION('',(0.,0.,-1.));
#7246=DIRECTION('',(1.,0.,0.));
#7247=DIRECTION('',(0.,0.,-1.));
#7248=DIRECTION('',(0.,-1.,0.));
#7249=DIRECTION('',(0.,0.,1.));
#7250=DIRECTION('',(0.,1.,0.));
#7251=DIRECTION('',(0.,0.658930529287908,0.752203800556975));
#7252=DIRECTION('',(0.,1.,0.));
#7253=DIRECTION('',(0.,0.,-1.));
#7254=DIRECTION('',(0.,1.,0.));
#7255=DIRECTION('',(0.,0.,-1.));
#7256=DIRECTION('',(0.,-1.,0.));
#7257=DIRECTION('',(0.,0.,-1.));
#7258=DIRECTION('',(0.,-1.,0.));
#7259=DIRECTION('',(0.,-0.658930529287909,0.752203800556974));
#7260=DIRECTION('',(0.,1.,0.));
#7261=DIRECTION('',(0.,0.,1.));
#7262=DIRECTION('',(1.,0.,0.));
#7263=DIRECTION('',(0.,0.,1.));
#7264=DIRECTION('',(1.,0.,0.));
#7265=DIRECTION('',(0.,0.,-1.));
#7266=DIRECTION('',(-1.,0.,0.));
#7267=DIRECTION('',(0.,0.,1.));
#7268=DIRECTION('',(0.,-1.,0.));
#7269=DIRECTION('',(0.,0.,1.));
#7270=DIRECTION('',(0.,1.,0.));
#7271=DIRECTION('',(0.,0.658930529287909,-0.752203800556974));
#7272=DIRECTION('',(0.,1.,0.));
#7273=DIRECTION('',(0.,0.,-1.));
#7274=DIRECTION('',(0.,-1.,0.));
#7275=DIRECTION('',(0.,-0.658930529287908,-0.752203800556975));
#7276=DIRECTION('',(0.,1.,0.));
#7277=DIRECTION('',(0.,0.,1.));
#7278=DIRECTION('',(-1.,0.,0.));
#7279=DIRECTION('',(0.,0.,-1.));
#7280=DIRECTION('',(1.,0.,0.));
#7281=DIRECTION('',(0.,0.,-1.));
#7282=DIRECTION('',(0.,0.,-1.));
#7283=DIRECTION('',(-1.,0.,0.));
#7284=DIRECTION('',(0.,0.,1.));
#7285=DIRECTION('',(1.,0.,0.));
#7286=DIRECTION('',(0.,0.,-1.));
#7287=DIRECTION('',(0.,0.,-1.));
#7288=DIRECTION('',(-1.,0.,0.));
#7289=DIRECTION('',(-1.,0.,0.));
#7290=DIRECTION('',(0.,0.,1.));
#7291=DIRECTION('',(0.,0.,-1.));
#7292=DIRECTION('',(-1.,0.,0.));
#7293=DIRECTION('',(0.,0.,1.));
#7294=DIRECTION('',(0.,1.,0.));
#7295=DIRECTION('',(0.,-1.,0.));
#7296=DIRECTION('',(-1.,0.,0.));
#7297=DIRECTION('',(0.,0.,1.));
#7298=DIRECTION('',(0.,-1.,0.));
#7299=DIRECTION('',(0.,0.,-1.));
#7300=DIRECTION('',(0.,0.,-1.));
#7301=DIRECTION('',(1.,0.,0.));
#7302=DIRECTION('',(1.,0.,0.));
#7303=DIRECTION('',(1.,0.,0.));
#7304=DIRECTION('',(0.,0.,-1.));
#7305=DIRECTION('',(0.,1.,0.));
#7306=DIRECTION('',(1.,0.,0.));
#7307=DIRECTION('',(0.,0.,-1.));
#7308=DIRECTION('',(1.,0.,0.));
#7309=DIRECTION('',(0.,0.,-1.));
#7310=DIRECTION('',(0.,-1.,0.));
#7311=DIRECTION('',(0.,0.,-1.));
#7312=DIRECTION('',(0.,0.,-1.));
#7313=DIRECTION('',(-1.,0.,0.));
#7314=DIRECTION('',(0.,0.,1.));
#7315=DIRECTION('',(1.,0.,0.));
#7316=DIRECTION('',(0.,0.,-1.));
#7317=DIRECTION('',(-1.,0.,0.));
#7318=DIRECTION('',(0.,0.,-1.));
#7319=DIRECTION('',(-1.,0.,0.));
#7320=DIRECTION('',(1.,0.,0.));
#7321=DIRECTION('',(0.,0.,-1.));
#7322=DIRECTION('',(-1.,0.,0.));
#7323=DIRECTION('',(1.,0.,0.));
#7324=DIRECTION('',(0.,0.,-1.));
#7325=DIRECTION('',(-1.,0.,0.));
#7326=DIRECTION('',(0.,-1.,0.));
#7327=DIRECTION('',(0.,0.,-1.));
#7328=DIRECTION('',(1.,0.,0.));
#7329=DIRECTION('',(0.,0.,1.));
#7330=DIRECTION('',(0.,0.,-1.));
#7331=DIRECTION('',(-1.,0.,0.));
#7332=DIRECTION('',(1.,0.,0.));
#7333=DIRECTION('',(0.,0.,-1.));
#7334=DIRECTION('',(-1.,0.,0.));
#7335=DIRECTION('',(0.,0.752203800556974,-0.658930529287908));
#7336=DIRECTION('',(0.,0.658930529287908,0.752203800556975));
#7337=DIRECTION('',(1.,0.,0.));
#7338=DIRECTION('',(0.,0.,-1.));
#7339=DIRECTION('',(-1.,0.,0.));
#7340=DIRECTION('',(1.,0.,0.));
#7341=DIRECTION('',(0.,0.196116135138184,-0.98058067569092));
#7342=DIRECTION('',(0.,0.98058067569092,0.196116135138184));
#7343=DIRECTION('',(0.165865864313617,0.966997988948418,0.193399597789684));
#7344=DIRECTION('',(0.165865864313624,-0.966997988948417,-0.193399597789684));
#7345=DIRECTION('',(0.,-1.,0.));
#7346=DIRECTION('',(0.,0.,-1.));
#7347=DIRECTION('',(1.,0.,0.));
#7348=DIRECTION('',(0.,0.,1.));
#7349=DIRECTION('',(1.,0.,0.));
#7350=DIRECTION('',(0.,0.,1.));
#7351=DIRECTION('',(1.,0.,0.));
#7352=DIRECTION('',(0.,0.,1.));
#7353=DIRECTION('',(1.,0.,0.));
#7354=DIRECTION('',(1.,0.,0.));
#7355=DIRECTION('',(0.,0.752203800556974,0.658930529287909));
#7356=DIRECTION('',(0.,-0.658930529287909,0.752203800556974));
#7357=DIRECTION('',(1.,0.,0.));
#7358=DIRECTION('',(0.,0.,1.));
#7359=DIRECTION('',(1.,0.,0.));
#7360=DIRECTION('',(1.,0.,0.));
#7361=DIRECTION('',(0.,0.196116135138185,0.98058067569092));
#7362=DIRECTION('',(0.,-0.98058067569092,0.196116135138185));
#7363=DIRECTION('',(-0.165865864313617,-0.966997988948418,0.193399597789684));
#7364=DIRECTION('',(-0.165865864313624,0.966997988948417,-0.193399597789684));
#7365=DIRECTION('',(0.,0.,1.));
#7366=DIRECTION('',(1.,0.,0.));
#7367=DIRECTION('',(1.,0.,0.));
#7368=DIRECTION('',(0.,0.,1.));
#7369=DIRECTION('',(1.,0.,0.));
#7370=DIRECTION('',(0.,0.,1.));
#7371=DIRECTION('',(1.,0.,0.));
#7372=DIRECTION('',(0.,0.,-1.));
#7373=DIRECTION('',(-1.,0.,0.));
#7374=DIRECTION('',(0.,0.,1.));
#7375=DIRECTION('',(1.,0.,0.));
#7376=DIRECTION('',(1.,0.,0.));
#7377=DIRECTION('',(0.,0.,-1.));
#7378=DIRECTION('',(1.,0.,0.));
#7379=DIRECTION('',(0.,0.,-1.));
#7380=DIRECTION('',(0.985606162384077,0.169057660786293,0.));
#7381=DIRECTION('',(-0.169057660786293,0.985606162384077,0.));
#7382=DIRECTION('',(-0.985606162384078,0.169057660786286,0.));
#7383=DIRECTION('',(-0.169057660786286,-0.985606162384078,0.));
#7384=DIRECTION('',(1.,0.,0.));
#7385=DIRECTION('',(0.,1.,0.));
#7386=DIRECTION('',(1.,0.,0.));
#7387=DIRECTION('',(0.,1.,0.));
#7388=DIRECTION('',(1.,0.,0.));
#7389=DIRECTION('',(0.,1.,0.));
#7390=DIRECTION('',(1.,0.,0.));
#7391=DIRECTION('',(0.,1.,0.));
#7392=DIRECTION('',(1.,0.,0.));
#7393=DIRECTION('',(0.,1.,0.));
#7394=DIRECTION('',(1.,0.,0.));
#7395=DIRECTION('',(0.,1.,0.));
#7396=DIRECTION('',(1.,0.,0.));
#7397=DIRECTION('',(0.,1.,0.));
#7398=DIRECTION('',(1.,0.,0.));
#7399=DIRECTION('',(0.,1.,0.));
#7400=DIRECTION('',(1.,0.,0.));
#7401=DIRECTION('',(0.,1.,0.));
#7402=DIRECTION('',(1.,0.,0.));
#7403=DIRECTION('',(0.,1.,0.));
#7404=DIRECTION('',(1.,0.,0.));
#7405=DIRECTION('',(0.,1.,0.));
#7406=DIRECTION('',(1.,0.,0.));
#7407=DIRECTION('',(0.,1.,0.));
#7408=DIRECTION('',(1.,0.,0.));
#7409=DIRECTION('',(0.,1.,0.));
#7410=DIRECTION('',(0.375097805585632,-0.926985240575514,0.));
#7411=DIRECTION('',(0.926985240575514,0.375097805585632,0.));
#7412=DIRECTION('',(-0.926985240575514,-0.375097805585632,0.));
#7413=DIRECTION('',(0.,0.,-1.));
#7414=DIRECTION('',(0.926985240575514,0.375097805585632,0.));
#7415=DIRECTION('',(0.,0.,-1.));
#7416=DIRECTION('',(1.,0.,0.));
#7417=DIRECTION('',(0.,0.,-1.));
#7418=DIRECTION('',(0.,-1.,0.));
#7419=DIRECTION('',(0.,0.,1.));
#7420=DIRECTION('',(0.,1.,0.));
#7421=DIRECTION('',(0.,0.667728221547033,0.74440514650937));
#7422=DIRECTION('',(0.,1.,0.));
#7423=DIRECTION('',(0.,0.,-1.));
#7424=DIRECTION('',(0.,1.,0.));
#7425=DIRECTION('',(0.,0.,-1.));
#7426=DIRECTION('',(0.,-1.,0.));
#7427=DIRECTION('',(0.,0.,-1.));
#7428=DIRECTION('',(0.,-1.,0.));
#7429=DIRECTION('',(0.,-0.667317182946844,0.744773641681745));
#7430=DIRECTION('',(0.,1.,0.));
#7431=DIRECTION('',(0.,0.,1.));
#7432=DIRECTION('',(1.,0.,0.));
#7433=DIRECTION('',(0.,0.,1.));
#7434=DIRECTION('',(1.,0.,0.));
#7435=DIRECTION('',(0.,0.,1.));
#7436=DIRECTION('',(-1.,0.,0.));
#7437=DIRECTION('',(0.,0.,1.));
#7438=DIRECTION('',(0.,-1.,0.));
#7439=DIRECTION('',(0.,0.,1.));
#7440=DIRECTION('',(0.,1.,0.));
#7441=DIRECTION('',(0.,0.667317182946844,-0.744773641681745));
#7442=DIRECTION('',(0.,1.,0.));
#7443=DIRECTION('',(0.,0.,-1.));
#7444=DIRECTION('',(0.,-1.,0.));
#7445=DIRECTION('',(0.,-0.667728221547033,-0.74440514650937));
#7446=DIRECTION('',(-0.374735152415248,0.927131902991328,0.));
#7447=DIRECTION('',(-0.927131902991328,-0.374735152415248,0.));
#7448=DIRECTION('',(-0.927131902991328,-0.374735152415248,0.));
#7449=DIRECTION('',(0.,0.,-1.));
#7450=DIRECTION('',(0.927131902991328,0.374735152415248,0.));
#7451=DIRECTION('',(0.,0.,-1.));
#7452=DIRECTION('',(0.,0.,-1.));
#7453=DIRECTION('',(-1.,0.,0.));
#7454=DIRECTION('',(0.,0.,1.));
#7455=DIRECTION('',(1.,0.,0.));
#7456=DIRECTION('',(0.,0.,-1.));
#7457=DIRECTION('',(0.,0.,-1.));
#7458=DIRECTION('',(-1.,0.,0.));
#7459=DIRECTION('',(-1.,0.,0.));
#7460=DIRECTION('',(0.,0.,1.));
#7461=DIRECTION('',(0.,0.,-1.));
#7462=DIRECTION('',(-1.,0.,0.));
#7463=DIRECTION('',(0.,0.,1.));
#7464=DIRECTION('',(0.,1.,0.));
#7465=DIRECTION('',(0.,-1.,0.));
#7466=DIRECTION('',(-1.,0.,0.));
#7467=DIRECTION('',(0.,0.,1.));
#7468=DIRECTION('',(0.,-1.,0.));
#7469=DIRECTION('',(0.,0.,-1.));
#7470=DIRECTION('',(0.,0.,-1.));
#7471=DIRECTION('',(1.,0.,0.));
#7472=DIRECTION('',(1.,0.,0.));
#7473=DIRECTION('',(1.,0.,0.));
#7474=DIRECTION('',(0.,0.,-1.));
#7475=DIRECTION('',(0.,1.,0.));
#7476=DIRECTION('',(1.,0.,0.));
#7477=DIRECTION('',(0.,0.,-1.));
#7478=DIRECTION('',(1.,0.,0.));
#7479=DIRECTION('',(0.,0.,-1.));
#7480=DIRECTION('',(0.,-1.,0.));
#7481=DIRECTION('',(0.,0.,-1.));
#7482=DIRECTION('',(0.,0.,-1.));
#7483=DIRECTION('',(-1.,0.,0.));
#7484=DIRECTION('',(0.,0.,1.));
#7485=DIRECTION('',(1.,0.,0.));
#7486=DIRECTION('',(0.,0.,-1.));
#7487=DIRECTION('',(-1.,0.,0.));
#7488=DIRECTION('',(0.,0.,-1.));
#7489=DIRECTION('',(-1.,0.,0.));
#7490=DIRECTION('',(1.,0.,0.));
#7491=DIRECTION('',(0.,0.,-1.));
#7492=DIRECTION('',(-1.,0.,0.));
#7493=DIRECTION('',(1.,0.,0.));
#7494=DIRECTION('',(0.,0.,-1.));
#7495=DIRECTION('',(-1.,0.,0.));
#7496=DIRECTION('',(0.,-1.,0.));
#7497=DIRECTION('',(0.,0.,-1.));
#7498=DIRECTION('',(1.,0.,0.));
#7499=DIRECTION('',(0.,0.,1.));
#7500=DIRECTION('',(0.,0.,-1.));
#7501=DIRECTION('',(-1.,0.,0.));
#7502=DIRECTION('',(1.,0.,0.));
#7503=DIRECTION('',(0.,0.,-1.));
#7504=DIRECTION('',(-1.,0.,0.));
#7505=DIRECTION('',(0.,0.74440514650937,-0.667728221547033));
#7506=DIRECTION('',(0.,0.667728221547033,0.74440514650937));
#7507=DIRECTION('',(1.,0.,0.));
#7508=DIRECTION('',(0.,0.,-1.));
#7509=DIRECTION('',(-1.,0.,0.));
#7510=DIRECTION('',(1.,0.,0.));
#7511=DIRECTION('',(0.,0.196762913357364,-0.980451098182424));
#7512=DIRECTION('',(0.,0.980451098182425,0.196762913357364));
#7513=DIRECTION('',(0.165844549076896,0.966873721118333,0.194038122419974));
#7514=DIRECTION('',(0.165844549076903,-0.966873721118332,-0.194038122419973));
#7515=DIRECTION('',(0.,-1.,0.));
#7516=DIRECTION('',(0.,0.,-1.));
#7517=DIRECTION('',(1.,0.,0.));
#7518=DIRECTION('',(0.,0.,1.));
#7519=DIRECTION('',(1.,0.,0.));
#7520=DIRECTION('',(0.,0.,1.));
#7521=DIRECTION('',(1.,0.,0.));
#7522=DIRECTION('',(0.,0.,1.));
#7523=DIRECTION('',(1.,0.,0.));
#7524=DIRECTION('',(1.,0.,0.));
#7525=DIRECTION('',(0.,0.744773641681745,0.667317182946844));
#7526=DIRECTION('',(0.,-0.667317182946844,0.744773641681745));
#7527=DIRECTION('',(1.,0.,0.));
#7528=DIRECTION('',(0.,0.,1.));
#7529=DIRECTION('',(1.,0.,0.));
#7530=DIRECTION('',(-0.169057660786286,-0.985606162384078,0.));
#7531=DIRECTION('',(1.,0.,0.));
#7532=DIRECTION('',(-0.169057660786294,0.985606162384077,0.));
#7533=DIRECTION('',(0.,0.196116135138184,0.98058067569092));
#7534=DIRECTION('',(0.,-0.98058067569092,0.196116135138184));
#7535=DIRECTION('',(-0.165865864313618,-0.966997988948418,0.193399597789684));
#7536=DIRECTION('',(-0.165865864313625,0.966997988948417,-0.193399597789683));
#7537=DIRECTION('',(0.,0.,1.));
#7538=DIRECTION('',(1.,0.,0.));
#7539=DIRECTION('',(1.,0.,0.));
#7540=DIRECTION('',(0.,0.,1.));
#7541=DIRECTION('',(1.,0.,0.));
#7542=DIRECTION('',(0.,0.,1.));
#7543=DIRECTION('',(1.,0.,0.));
#7544=DIRECTION('',(0.,0.,-1.));
#7545=DIRECTION('',(-1.,0.,0.));
#7546=DIRECTION('',(0.,0.,1.));
#7547=DIRECTION('',(1.,0.,0.));
#7548=DIRECTION('',(1.,0.,0.));
#7549=DIRECTION('',(0.,0.,-1.));
#7550=DIRECTION('',(1.,0.,0.));
#7551=DIRECTION('',(0.,0.,-1.));
#7552=DIRECTION('',(0.985606162384077,0.169057660786294,0.));
#7553=DIRECTION('',(-0.169057660786294,0.985606162384077,0.));
#7554=DIRECTION('',(-0.985606162384078,0.169057660786286,0.));
#7555=DIRECTION('',(-0.169057660786286,-0.985606162384078,0.));
#7556=DIRECTION('',(1.,0.,0.));
#7557=DIRECTION('',(0.,1.,0.));
#7558=DIRECTION('',(1.,0.,0.));
#7559=DIRECTION('',(0.,1.,0.));
#7560=DIRECTION('',(1.,0.,0.));
#7561=DIRECTION('',(0.,1.,0.));
#7562=DIRECTION('',(1.,0.,0.));
#7563=DIRECTION('',(0.,1.,0.));
#7564=DIRECTION('',(1.,0.,0.));
#7565=DIRECTION('',(0.,1.,0.));
#7566=DIRECTION('',(1.,0.,0.));
#7567=DIRECTION('',(0.,1.,0.));
#7568=DIRECTION('',(1.,0.,0.));
#7569=DIRECTION('',(0.,1.,0.));
#7570=DIRECTION('',(1.,0.,0.));
#7571=DIRECTION('',(0.,1.,0.));
#7572=DIRECTION('',(1.,0.,0.));
#7573=DIRECTION('',(0.,1.,0.));
#7574=DIRECTION('',(1.,0.,0.));
#7575=DIRECTION('',(0.,1.,0.));
#7576=DIRECTION('',(1.,0.,0.));
#7577=DIRECTION('',(0.,1.,0.));
#7578=DIRECTION('',(1.,0.,0.));
#7579=DIRECTION('',(0.,1.,0.));
#7580=DIRECTION('',(1.,0.,0.));
#7581=DIRECTION('',(0.,1.,0.));
#7582=DIRECTION('',(0.,1.,0.));
#7583=DIRECTION('',(0.,0.,1.));
#7584=DIRECTION('',(-1.,0.,0.));
#7585=DIRECTION('',(0.,1.,0.));
#7586=DIRECTION('',(1.,0.,0.));
#7587=DIRECTION('',(0.,0.,-1.));
#7588=DIRECTION('',(1.,0.,0.));
#7589=DIRECTION('',(0.,1.,0.));
#7590=DIRECTION('',(1.,0.,0.));
#7591=DIRECTION('',(0.,0.,-1.));
#7592=DIRECTION('',(0.,1.,0.));
#7593=DIRECTION('',(1.,0.,0.));
#7594=DIRECTION('',(1.,0.,0.));
#7595=DIRECTION('',(0.,1.,0.));
#7596=DIRECTION('',(1.,0.,0.));
#7597=DIRECTION('',(0.,0.,1.));
#7598=DIRECTION('',(0.,1.,0.));
#7599=DIRECTION('',(1.,0.,0.));
#7600=DIRECTION('',(1.,0.,0.));
#7601=DIRECTION('',(0.,0.,-1.));
#7602=DIRECTION('',(0.,1.,0.));
#7603=DIRECTION('',(0.,0.,1.));
#7604=DIRECTION('',(0.,0.,-1.));
#7605=DIRECTION('',(-1.,0.,0.));
#7606=DIRECTION('',(0.,1.,0.));
#7607=DIRECTION('',(1.,0.,0.));
#7608=DIRECTION('',(0.,0.,1.));
#7609=DIRECTION('',(0.,1.,0.));
#7610=DIRECTION('',(1.,0.,0.));
#7611=DIRECTION('',(-1.,0.,0.));
#7612=DIRECTION('',(0.,1.,0.));
#7613=DIRECTION('',(1.,0.,0.));
#7614=DIRECTION('',(0.,0.,-1.));
#7615=DIRECTION('',(0.,1.,0.));
#7616=DIRECTION('',(1.,0.,0.));
#7617=DIRECTION('',(1.,0.,0.));
#7618=DIRECTION('',(0.,0.,-1.));
#7619=DIRECTION('',(0.,1.,0.));
#7620=DIRECTION('',(1.,0.,0.));
#7621=DIRECTION('',(1.,0.,0.));
#7622=DIRECTION('',(0.,0.,1.));
#7623=DIRECTION('',(1.,0.,0.));
#7624=DIRECTION('',(0.,-1.,0.));
#7625=DIRECTION('',(-1.,-8.470329472543E-17,0.));
#7626=DIRECTION('',(0.,-1.,0.));
#7627=DIRECTION('',(0.,0.,1.));
#7628=DIRECTION('',(1.,0.,0.));
#7629=DIRECTION('',(0.,1.,0.));
#7630=DIRECTION('',(0.,-1.,0.));
#7631=DIRECTION('',(-1.,-8.470329472543E-17,0.));
#7632=DIRECTION('',(8.47032947254301E-17,-1.,0.));
#7633=DIRECTION('',(1.,8.47032947254301E-17,0.));
#7634=DIRECTION('',(0.,1.,0.));
#7635=DIRECTION('',(1.,0.,0.));
#7636=DIRECTION('',(0.,0.,-1.));
#7637=DIRECTION('',(1.,0.,0.));
#7638=DIRECTION('',(0.,1.,0.));
#7639=DIRECTION('',(1.,0.,0.));
#7640=DIRECTION('',(0.,0.,1.));
#7641=DIRECTION('',(0.,1.,0.));
#7642=DIRECTION('',(1.,0.,0.));
#7643=DIRECTION('',(1.,0.,0.));
#7644=DIRECTION('',(0.,1.,0.));
#7645=DIRECTION('',(1.,0.,0.));
#7646=DIRECTION('',(0.,0.,-1.));
#7647=DIRECTION('',(0.,1.,0.));
#7648=DIRECTION('',(1.,0.,0.));
#7649=DIRECTION('',(0.,0.,-1.));
#7650=DIRECTION('',(8.47032947254301E-17,-1.,0.));
#7651=DIRECTION('',(1.,8.47032947254301E-17,0.));
#7652=DIRECTION('',(-1.,0.,0.));
#7653=DIRECTION('',(0.,0.,-1.));
#7654=DIRECTION('',(0.,1.,0.));
#7655=DIRECTION('',(1.,0.,0.));
#7656=DIRECTION('',(0.,0.,-1.));
#7657=DIRECTION('',(0.,1.,0.));
#7658=DIRECTION('',(1.,0.,0.));
#7659=DIRECTION('',(0.,0.,-1.));
#7660=DIRECTION('',(0.,1.,0.));
#7661=DIRECTION('',(1.,0.,0.));
#7662=DIRECTION('',(-1.,0.,0.));
#7663=DIRECTION('',(0.,1.,0.));
#7664=DIRECTION('',(1.,0.,0.));
#7665=DIRECTION('',(0.,0.,1.));
#7666=DIRECTION('',(0.,1.,0.));
#7667=DIRECTION('',(1.,0.,0.));
#7668=DIRECTION('',(1.,0.,0.));
#7669=DIRECTION('',(0.,0.,-1.));
#7670=DIRECTION('',(0.,-1.,0.));
#7671=DIRECTION('',(0.,-1.,0.));
#7672=DIRECTION('',(1.,0.,0.));
#7673=DIRECTION('',(0.,0.,-1.));
#7674=DIRECTION('',(0.,-1.,0.));
#7675=DIRECTION('',(0.,-1.,0.));
#7676=DIRECTION('',(-1.,0.,0.));
#7677=DIRECTION('',(0.,0.,1.));
#7678=DIRECTION('',(0.,0.,1.));
#7679=DIRECTION('',(0.,-1.,0.));
#7680=DIRECTION('',(0.,0.,-1.));
#7681=DIRECTION('',(0.,-1.,0.));
#7682=DIRECTION('',(1.,0.,0.));
#7683=DIRECTION('',(0.,0.,-1.));
#7684=DIRECTION('',(0.,0.,1.));
#7685=DIRECTION('',(1.,0.,0.));
#7686=DIRECTION('',(0.,0.,-1.));
#7687=DIRECTION('',(0.,0.,1.));
#7688=DIRECTION('',(1.,0.,0.));
#7689=DIRECTION('',(0.,0.,-1.));
#7690=DIRECTION('',(0.,0.,1.));
#7691=DIRECTION('',(1.,0.,0.));
#7692=DIRECTION('',(0.,0.,-1.));
#7693=DIRECTION('',(0.,1.,0.));
#7694=DIRECTION('',(0.,0.,-1.));
#7695=DIRECTION('',(0.,1.,0.));
#7696=DIRECTION('',(0.,0.,1.));
#7697=DIRECTION('',(0.,1.,0.));
#7698=DIRECTION('',(1.,0.,0.));
#7699=DIRECTION('',(0.,0.,-1.));
#7700=DIRECTION('',(0.,0.,-1.));
#7701=DIRECTION('',(1.,0.,0.));
#7702=DIRECTION('',(0.,0.,-1.));
#7703=DIRECTION('',(0.,-1.,0.));
#7704=DIRECTION('',(1.,0.,0.));
#7705=DIRECTION('',(0.,0.,-1.));
#7706=DIRECTION('',(0.,-0.865756620186744,-0.500465258137691));
#7707=DIRECTION('',(0.,0.,-1.));
#7708=DIRECTION('',(0.,0.865756620186744,-0.50046525813769));
#7709=DIRECTION('',(1.,0.,0.));
#7710=DIRECTION('',(0.,0.,-1.));
#7711=DIRECTION('',(0.,0.,-1.));
#7712=DIRECTION('',(0.,0.707106781186546,-0.707106781186549));
#7713=DIRECTION('',(1.,0.,0.));
#7714=DIRECTION('',(0.,0.,-1.));
#7715=DIRECTION('',(0.,1.,0.));
#7716=DIRECTION('',(1.,0.,0.));
#7717=DIRECTION('',(0.,0.,-1.));
#7718=DIRECTION('',(0.,0.502800015977511,-0.864402767194214));
#7719=DIRECTION('',(1.,0.,0.));
#7720=DIRECTION('',(0.,0.,-1.));
#7721=DIRECTION('',(0.,-1.,0.));
#7722=DIRECTION('',(0.,-1.,0.));
#7723=DIRECTION('',(1.,0.,0.));
#7724=DIRECTION('',(0.,0.,-1.));
#7725=DIRECTION('',(0.,1.,0.));
#7726=DIRECTION('',(1.,0.,0.));
#7727=DIRECTION('',(0.,0.,-1.));
#7728=DIRECTION('',(0.,0.,1.));
#7729=DIRECTION('',(1.,0.,0.));
#7730=DIRECTION('',(0.,0.,-1.));
#7731=DIRECTION('',(0.,-1.,0.));
#7732=DIRECTION('',(1.,0.,0.));
#7733=DIRECTION('',(0.,0.,-1.));
#7734=DIRECTION('',(0.,1.,0.));
#7735=DIRECTION('',(0.,-1.,0.));
#7736=DIRECTION('',(1.,0.,0.));
#7737=DIRECTION('',(0.,0.,-1.));
#7738=DIRECTION('',(0.,-0.502800015977511,-0.864402767194214));
#7739=DIRECTION('',(1.,0.,0.));
#7740=DIRECTION('',(0.,0.,-1.));
#7741=DIRECTION('',(0.,-1.,0.));
#7742=DIRECTION('',(1.,0.,0.));
#7743=DIRECTION('',(0.,0.,-1.));
#7744=DIRECTION('',(0.,-0.707106781186695,-0.7071067811864));
#7745=DIRECTION('',(0.,0.,-1.));
#7746=DIRECTION('',(0.,0.,-1.));
#7747=DIRECTION('',(-1.,0.,0.));
#7748=DIRECTION('',(0.,0.,-1.));
#7749=DIRECTION('',(0.,-0.50046525813769,-0.865756620186744));
#7750=DIRECTION('',(0.,0.865756620186744,-0.50046525813769));
#7751=DIRECTION('',(0.,-0.500465258137691,0.865756620186744));
#7752=DIRECTION('',(0.,-0.865756620186744,-0.500465258137691));
#7753=DIRECTION('',(-0.819231920519041,-0.573462344363328,0.));
#7754=DIRECTION('',(0.573462344363328,-0.819231920519041,0.));
#7755=DIRECTION('',(0.301010517332534,-0.430015024760763,0.851163760351203));
#7756=DIRECTION('',(0.518282343980794,-0.740403348543991,0.428002679176917));
#7757=DIRECTION('',(-0.518282343980794,0.740403348543991,0.428002679176917));
#7758=DIRECTION('',(-0.301010517332534,0.430015024760763,0.851163760351203));
#7759=DIRECTION('',(0.,0.,-1.));
#7760=DIRECTION('',(0.573015080001381,-0.819544823722907,0.));
#7761=DIRECTION('',(0.819544823722907,0.573015080001382,0.));
#7762=DIRECTION('',(0.,0.,-1.));
#7763=DIRECTION('',(0.777975427452364,0.543950298869132,-0.314439670907621));
#7764=DIRECTION('',(0.541991367171647,0.378953313632208,-0.750093156880249));
#7765=DIRECTION('',(-0.541991367171647,-0.378953313632208,-0.750093156880249));
#7766=DIRECTION('',(-0.777975427452364,-0.543950298869132,-0.314439670907621));
#7767=DIRECTION('',(0.818805856393004,0.5740705266224,0.));
#7768=DIRECTION('',(-0.5740705266224,0.818805856393004,0.));
#7769=DIRECTION('',(0.,0.,-1.));
#7770=DIRECTION('',(-0.518881429293248,0.740088775465634,-0.427820834888127));
#7771=DIRECTION('',(0.518881429293248,-0.740088775465634,-0.427820834888127));
#7772=DIRECTION('',(0.,0.,-1.));
#7773=DIRECTION('',(-1.,0.,0.));
#7774=DIRECTION('',(0.,-0.50046525813769,-0.865756620186744));
#7775=DIRECTION('',(0.,0.865756620186744,-0.50046525813769));
#7776=DIRECTION('',(0.,-0.500465258137691,0.865756620186744));
#7777=DIRECTION('',(0.,-0.865756620186744,-0.500465258137691));
#7778=DIRECTION('',(0.,0.,-1.));
#7779=DIRECTION('',(1.,0.,0.));
#7780=DIRECTION('',(0.,0.,-1.));
#7781=DIRECTION('',(0.,-1.,0.));
#7782=DIRECTION('',(0.,-1.,0.));
#7783=DIRECTION('',(0.,-1.,0.));
#7784=DIRECTION('',(1.,0.,0.));
#7785=DIRECTION('',(0.,0.,-1.));
#7786=DIRECTION('',(0.,0.,-1.));
#7787=DIRECTION('',(1.,0.,0.));
#7788=DIRECTION('',(0.,0.,-1.));
#7789=DIRECTION('',(0.,1.,0.));
#7790=DIRECTION('',(0.,1.,0.));
#7791=DIRECTION('',(0.,1.,0.));
#7792=DIRECTION('',(1.,0.,0.));
#7793=DIRECTION('',(0.,0.,-1.));
#7794=DIRECTION('',(0.,0.,1.));
#7795=DIRECTION('',(1.,0.,0.));
#7796=DIRECTION('',(0.,0.,-1.));
#7797=DIRECTION('',(0.,0.,1.));
#7798=DIRECTION('',(1.,0.,0.));
#7799=DIRECTION('',(0.,0.,-1.));
#7800=DIRECTION('',(0.,0.,1.));
#7801=DIRECTION('',(1.,0.,0.));
#7802=DIRECTION('',(0.,0.,-1.));
#7803=DIRECTION('',(0.,-0.865756620186744,-0.500465258137691));
#7804=DIRECTION('',(1.,0.,0.));
#7805=DIRECTION('',(0.,0.,-1.));
#7806=DIRECTION('',(0.,0.,-1.));
#7807=DIRECTION('',(0.,-0.707106781186695,-0.7071067811864));
#7808=DIRECTION('',(1.,0.,0.));
#7809=DIRECTION('',(0.,0.,-1.));
#7810=DIRECTION('',(0.,-1.,0.));
#7811=DIRECTION('',(1.,0.,0.));
#7812=DIRECTION('',(0.,0.,-1.));
#7813=DIRECTION('',(0.,-0.502800015977511,-0.864402767194214));
#7814=DIRECTION('',(1.,0.,0.));
#7815=DIRECTION('',(0.,0.,-1.));
#7816=DIRECTION('',(0.,-1.,0.));
#7817=DIRECTION('',(1.,0.,0.));
#7818=DIRECTION('',(0.,0.,-1.));
#7819=DIRECTION('',(0.,-1.,0.));
#7820=DIRECTION('',(1.,0.,0.));
#7821=DIRECTION('',(0.,0.,-1.));
#7822=DIRECTION('',(0.,0.,1.));
#7823=DIRECTION('',(1.,0.,0.));
#7824=DIRECTION('',(0.,0.,-1.));
#7825=DIRECTION('',(0.,1.,0.));
#7826=DIRECTION('',(1.,0.,0.));
#7827=DIRECTION('',(0.,0.,-1.));
#7828=DIRECTION('',(0.,1.,0.));
#7829=DIRECTION('',(1.,0.,0.));
#7830=DIRECTION('',(0.,0.,-1.));
#7831=DIRECTION('',(0.,0.502800015977511,-0.864402767194214));
#7832=DIRECTION('',(1.,0.,0.));
#7833=DIRECTION('',(0.,0.,-1.));
#7834=DIRECTION('',(0.,1.,0.));
#7835=DIRECTION('',(1.,0.,0.));
#7836=DIRECTION('',(0.,0.,-1.));
#7837=DIRECTION('',(0.,0.707106781186546,-0.707106781186549));
#7838=DIRECTION('',(0.,0.,-1.));
#7839=DIRECTION('',(1.,0.,0.));
#7840=DIRECTION('',(0.,0.,-1.));
#7841=DIRECTION('',(0.,0.865756620186744,-0.50046525813769));
#7842=DIRECTION('',(0.,0.,-1.));
#7843=DIRECTION('',(-1.,0.,0.));
#7844=DIRECTION('',(0.,-1.,0.));
#7845=DIRECTION('',(1.,0.,0.));
#7846=DIRECTION('',(0.,-1.,0.));
#7847=DIRECTION('',(0.,0.,-1.));
#7848=DIRECTION('',(0.,-1.,0.));
#7849=DIRECTION('',(0.,-1.,0.));
#7850=DIRECTION('',(0.,0.,-1.));
#7851=DIRECTION('',(0.,0.,1.));
#7852=DIRECTION('',(1.,0.,0.));
#7853=DIRECTION('',(1.,0.,0.));
#7854=DIRECTION('',(0.,-1.,0.));
#7855=DIRECTION('',(0.,-1.,0.));
#7856=DIRECTION('',(0.,0.,-1.));
#7857=DIRECTION('',(0.,-1.,0.));
#7858=DIRECTION('',(0.,-1.,0.));
#7859=DIRECTION('',(0.,0.,-1.));
#7860=DIRECTION('',(0.,-1.,0.));
#7861=DIRECTION('',(0.,0.,-1.));
#7862=DIRECTION('',(0.,-1.,0.));
#7863=DIRECTION('',(0.,0.,-1.));
#7864=DIRECTION('',(-1.,0.,0.));
#7865=DIRECTION('',(0.,-1.,0.));
#7866=DIRECTION('',(0.,-1.,0.));
#7867=DIRECTION('',(0.,0.,-1.));
#7868=DIRECTION('',(0.,-1.,0.));
#7869=DIRECTION('',(1.,0.,0.));
#7870=DIRECTION('',(0.,0.,-1.));
#7871=DIRECTION('',(0.,-1.,0.));
#7872=DIRECTION('',(0.,-1.,0.));
#7873=DIRECTION('',(0.,0.,-1.));
#7874=DIRECTION('',(0.,-1.,0.));
#7875=DIRECTION('',(0.,0.,-1.));
#7876=DIRECTION('',(-1.,0.,0.));
#7877=DIRECTION('',(1.,0.,0.));
#7878=DIRECTION('',(0.,0.,1.));
#7879=DIRECTION('',(1.,0.,0.));
#7880=DIRECTION('',(1.,0.,0.));
#7881=DIRECTION('',(0.,-1.,0.));
#7882=DIRECTION('',(0.,-1.,0.));
#7883=DIRECTION('',(0.,0.,-1.));
#7884=DIRECTION('',(0.,-1.,0.));
#7885=DIRECTION('',(1.,0.,0.));
#7886=DIRECTION('',(0.,0.,-1.));
#7887=DIRECTION('',(0.,-1.,0.));
#7888=DIRECTION('',(0.,-1.,0.));
#7889=DIRECTION('',(0.,0.,-1.));
#7890=DIRECTION('',(0.,-1.,0.));
#7891=DIRECTION('',(0.,0.,1.));
#7892=DIRECTION('',(1.,0.,0.));
#7893=DIRECTION('',(0.,-1.,0.));
#7894=DIRECTION('',(0.,-1.,0.));
#7895=DIRECTION('',(0.,0.,-1.));
#7896=DIRECTION('',(0.,-1.,0.));
#7897=DIRECTION('',(0.,0.,-1.));
#7898=DIRECTION('',(1.,0.,0.));
#7899=DIRECTION('',(1.,0.,0.));
#7900=DIRECTION('',(0.,-0.500465258137691,0.865756620186744));
#7901=DIRECTION('',(0.,-0.865756620186744,-0.500465258137691));
#7902=DIRECTION('',(1.,0.,0.));
#7903=DIRECTION('',(1.,0.,0.));
#7904=DIRECTION('',(0.,-0.892559959309727,0.450928729442934));
#7905=DIRECTION('',(0.,-0.450928729442934,-0.892559959309727));
#7906=DIRECTION('',(0.,-0.892559959309727,-0.450928729442934));
#7907=DIRECTION('',(0.,0.450928729442934,-0.892559959309727));
#7908=DIRECTION('',(1.,0.,0.));
#7909=DIRECTION('',(0.,-0.50046525813769,-0.865756620186744));
#7910=DIRECTION('',(0.,0.865756620186744,-0.50046525813769));
#7911=DIRECTION('',(1.,0.,0.));
#7912=DIRECTION('',(0.,-1.,0.));
#7913=DIRECTION('',(0.,0.,-1.));
#7914=DIRECTION('',(1.,0.,0.));
#7915=DIRECTION('',(1.,0.,0.));
#7916=DIRECTION('',(1.,0.,0.));
#7917=DIRECTION('',(0.,0.,-1.));
#7918=DIRECTION('',(0.,-0.707106781186549,-0.707106781186546));
#7919=DIRECTION('',(0.,0.707106781186546,-0.707106781186549));
#7920=DIRECTION('',(1.,0.,0.));
#7921=DIRECTION('',(1.,0.,0.));
#7922=DIRECTION('',(0.,0.,-1.));
#7923=DIRECTION('',(1.,0.,0.));
#7924=DIRECTION('',(0.,0.,-1.));
#7925=DIRECTION('',(-1.,0.,0.));
#7926=DIRECTION('',(1.,0.,0.));
#7927=DIRECTION('',(1.,0.,0.));
#7928=DIRECTION('',(0.,0.,-1.));
#7929=DIRECTION('',(1.,0.,0.));
#7930=DIRECTION('',(0.,-0.864402767194214,-0.502800015977511));
#7931=DIRECTION('',(0.,0.502800015977511,-0.864402767194214));
#7932=DIRECTION('',(1.,0.,0.));
#7933=DIRECTION('',(1.,0.,0.));
#7934=DIRECTION('',(0.,0.,-1.));
#7935=DIRECTION('',(1.,0.,0.));
#7936=DIRECTION('',(0.,0.,-1.));
#7937=DIRECTION('',(1.,0.,0.));
#7938=DIRECTION('',(0.,-0.864402767194214,0.502800015977511));
#7939=DIRECTION('',(0.,-0.502800015977511,-0.864402767194214));
#7940=DIRECTION('',(1.,0.,0.));
#7941=DIRECTION('',(1.,0.,0.));
#7942=DIRECTION('',(0.,0.,-1.));
#7943=DIRECTION('',(1.,0.,0.));
#7944=DIRECTION('',(0.,0.,1.));
#7945=DIRECTION('',(1.,0.,0.));
#7946=DIRECTION('',(1.,0.,0.));
#7947=DIRECTION('',(0.,-0.7071067811864,0.707106781186695));
#7948=DIRECTION('',(0.,-0.707106781186695,-0.7071067811864));
#7949=DIRECTION('',(1.,0.,0.));
#7950=DIRECTION('',(1.,0.,0.));
#7951=DIRECTION('',(0.,0.,-1.));
#7952=DIRECTION('',(1.,0.,0.));
#7953=DIRECTION('',(0.,0.,-1.));
#7954=DIRECTION('',(1.,0.,0.));
#7955=DIRECTION('',(0.,0.,-1.));
#7956=DIRECTION('',(1.,0.,0.));
#7957=DIRECTION('',(0.,0.,-1.));
#7958=DIRECTION('',(-1.,0.,0.));
#7959=DIRECTION('',(1.,0.,0.));
#7960=DIRECTION('',(1.,0.,0.));
#7961=DIRECTION('',(0.,0.,-1.));
#7962=DIRECTION('',(1.,0.,0.));
#7963=DIRECTION('',(0.,1.,0.));
#7964=DIRECTION('',(0.,0.,1.));
#7965=DIRECTION('',(1.,0.,0.));
#7966=DIRECTION('',(1.,0.,0.));
#7967=DIRECTION('',(0.,0.,-1.));
#7968=DIRECTION('',(1.,0.,0.));
#7969=DIRECTION('',(0.,0.,1.));
#7970=DIRECTION('',(1.,0.,0.));
#7971=DIRECTION('',(1.,0.,0.));
#7972=DIRECTION('',(1.,0.,0.));
#7973=DIRECTION('',(0.,0.,-1.));
#7974=DIRECTION('',(1.,0.,0.));
#7975=DIRECTION('',(0.,0.,-1.));
#7976=DIRECTION('',(1.,0.,0.));
#7977=DIRECTION('',(0.,0.,-1.));
#7978=DIRECTION('',(0.,0.,1.));
#7979=DIRECTION('',(1.,0.,0.));
#7980=DIRECTION('',(1.,0.,0.));
#7981=DIRECTION('',(1.,0.,0.));
#7982=DIRECTION('',(1.,0.,0.));
#7983=DIRECTION('',(0.,0.,-1.));
#7984=DIRECTION('',(1.,0.,0.));
#7985=DIRECTION('',(0.,-1.,0.));
#7986=DIRECTION('',(0.,0.,-1.));
#7987=DIRECTION('',(1.,0.,0.));
#7988=DIRECTION('',(1.,0.,0.));
#7989=DIRECTION('',(0.,0.,-1.));
#7990=DIRECTION('',(1.,0.,0.));
#7991=DIRECTION('',(0.,0.,-1.));
#7992=DIRECTION('',(-1.,0.,0.));
#7993=DIRECTION('',(1.,0.,0.));
#7994=DIRECTION('',(0.,1.,0.));
#7995=DIRECTION('',(0.,0.,1.));
#7996=DIRECTION('',(0.,1.,0.));
#7997=DIRECTION('',(0.,0.,1.));
#7998=DIRECTION('',(1.,0.,0.));
#7999=DIRECTION('',(0.,0.,-1.));
#8000=DIRECTION('',(1.,0.,0.));
#8001=DIRECTION('',(0.,1.,0.));
#8002=DIRECTION('',(0.,0.,1.));
#8003=DIRECTION('',(0.,0.,-1.));
#8004=DIRECTION('',(-1.,0.,0.));
#8005=DIRECTION('',(0.,1.,0.));
#8006=DIRECTION('',(1.,0.,0.));
#8007=DIRECTION('',(0.,-1.,0.));
#8008=DIRECTION('',(0.,-1.,0.));
#8009=DIRECTION('',(0.,0.,-1.));
#8010=DIRECTION('',(0.,-1.,0.));
#8011=DIRECTION('',(0.,0.,-1.));
#8012=DIRECTION('',(1.,0.,0.));
#8013=DIRECTION('',(0.,-1.,0.));
#8014=DIRECTION('',(0.,0.,-1.));
#8015=DIRECTION('',(1.,0.,0.));
#8016=DIRECTION('',(0.,0.,1.));
#8017=DIRECTION('',(0.,0.,-1.));
#8018=DIRECTION('',(-1.,0.,0.));
#8019=DIRECTION('',(1.,0.,0.));
#8020=DIRECTION('',(1.,0.,0.));
#8021=DIRECTION('',(0.,0.,-1.));
#8022=DIRECTION('',(1.,0.,0.));
#8023=DIRECTION('',(0.,1.,0.));
#8024=DIRECTION('',(0.,0.,1.));
#8025=DIRECTION('',(1.,0.,0.));
#8026=DIRECTION('',(1.,0.,0.));
#8027=DIRECTION('',(0.,0.,-1.));
#8028=DIRECTION('',(1.,0.,0.));
#8029=DIRECTION('',(0.,1.,0.));
#8030=DIRECTION('',(0.,0.,1.));
#8031=DIRECTION('',(1.,0.,0.));
#8032=DIRECTION('',(1.,0.,0.));
#8033=DIRECTION('',(0.,0.,-1.));
#8034=DIRECTION('',(1.,0.,0.));
#8035=DIRECTION('',(0.,1.,0.));
#8036=DIRECTION('',(0.,0.,1.));
#8037=DIRECTION('',(1.,0.,0.));
#8038=DIRECTION('',(1.,0.,0.));
#8039=DIRECTION('',(0.,0.,-1.));
#8040=DIRECTION('',(1.,0.,0.));
#8041=DIRECTION('',(0.,0.,1.));
#8042=DIRECTION('',(1.,0.,0.));
#8043=DIRECTION('',(1.,0.,0.));
#8044=DIRECTION('',(0.,-1.,0.));
#8045=DIRECTION('',(0.,0.,-1.));
#8046=DIRECTION('',(0.,-1.,0.));
#8047=DIRECTION('',(0.,0.,-1.));
#8048=DIRECTION('',(1.,0.,0.));
#8049=DIRECTION('',(0.,0.,1.));
#8050=DIRECTION('',(1.,0.,0.));
#8051=DIRECTION('',(0.,-1.,0.));
#8052=DIRECTION('',(0.,0.,-1.));
#8053=DIRECTION('',(0.,0.,1.));
#8054=DIRECTION('',(1.,0.,0.));
#8055=DIRECTION('',(0.,-1.,0.));
#8056=DIRECTION('',(1.,0.,0.));
#8057=DIRECTION('',(0.,1.,0.));
#8058=DIRECTION('',(0.,1.,0.));
#8059=DIRECTION('',(0.,0.,1.));
#8060=DIRECTION('',(0.,1.,0.));
#8061=DIRECTION('',(0.,0.,1.));
#8062=DIRECTION('',(0.,1.,0.));
#8063=DIRECTION('',(0.,0.,1.));
#8064=DIRECTION('',(1.,0.,0.));
#8065=DIRECTION('',(0.,0.,-1.));
#8066=DIRECTION('',(0.,0.,1.));
#8067=DIRECTION('',(1.,0.,0.));
#8068=DIRECTION('',(0.,-1.,0.));
#8069=DIRECTION('',(0.,-1.,0.));
#8070=DIRECTION('',(1.,0.,0.));
#8071=DIRECTION('',(0.,0.,-1.));
#8072=DIRECTION('',(0.,0.,-1.));
#8073=DIRECTION('',(-1.,0.,0.));
#8074=DIRECTION('',(0.,1.,0.));
#8075=DIRECTION('',(0.,1.,0.));
#8076=DIRECTION('',(1.,0.,0.));
#8077=DIRECTION('',(0.,0.,-1.));
#8078=DIRECTION('',(0.,-1.,0.));
#8079=DIRECTION('',(0.,0.,-1.));
#8080=DIRECTION('',(0.,1.,0.));
#8081=DIRECTION('',(0.,0.,1.));
#8082=DIRECTION('',(0.,-1.,0.));
#8083=DIRECTION('',(0.,0.,-1.));
#8084=DIRECTION('',(0.,1.,0.));
#8085=DIRECTION('',(0.,0.,1.));
#8086=DIRECTION('',(0.,0.,1.));
#8087=DIRECTION('',(-1.,0.,0.));
#8088=DIRECTION('',(0.,0.,-1.));
#8089=DIRECTION('',(1.,0.,0.));
#8090=CARTESIAN_POINT('',(0.,0.,0.));
#8091=CARTESIAN_POINT('',(18.86,-5.,-3.725));
#8092=CARTESIAN_POINT('',(18.86,-5.3,-3.725));
#8093=CARTESIAN_POINT('',(8.88,-5.3,-3.725));
#8094=CARTESIAN_POINT('',(0.400000000000001,-5.3,-3.725));
#8095=CARTESIAN_POINT('',(8.88,-5.3,-3.725));
#8096=CARTESIAN_POINT('',(8.88,-0.200000000000001,-3.725));
#8097=CARTESIAN_POINT('',(0.400000000000001,-0.2,-3.725));
#8098=CARTESIAN_POINT('',(0.400000000000001,-0.2,-3.725));
#8099=CARTESIAN_POINT('',(0.400000000000001,-5.,-3.725));
#8100=CARTESIAN_POINT('',(18.86,-0.2,-3.725));
#8101=CARTESIAN_POINT('',(8.88,-0.199999999999999,-3.725));
#8102=CARTESIAN_POINT('',(8.88,0.,-3.925));
#8103=CARTESIAN_POINT('',(18.86,0.,-3.925));
#8104=CARTESIAN_POINT('',(0.199999999999999,0.,-3.925));
#8105=CARTESIAN_POINT('',(6.5533333333334,-6.35333333333334,2.42833333333336));
#8106=CARTESIAN_POINT('',(0.,0.,0.));
#8107=CARTESIAN_POINT('',(19.86,-5.23,0.));
#8108=CARTESIAN_POINT('',(19.86,-7.02995097567964,0.));
#8109=CARTESIAN_POINT('',(19.86,-7.57,0.));
#8110=CARTESIAN_POINT('',(19.585,-6.775,0.));
#8111=CARTESIAN_POINT('',(19.585,-7.15,0.));
#8112=CARTESIAN_POINT('',(19.335,-7.15,0.));
#8113=CARTESIAN_POINT('',(19.335,-7.15,0.));
#8114=CARTESIAN_POINT('',(19.335,-6.775,0.));
#8115=CARTESIAN_POINT('',(18.96,-6.775,0.));
#8116=CARTESIAN_POINT('',(18.96,-6.025,0.));
#8117=CARTESIAN_POINT('',(18.96,-6.025,0.));
#8118=CARTESIAN_POINT('',(19.335,-6.025,0.));
#8119=CARTESIAN_POINT('',(19.335,-5.65,0.));
#8120=CARTESIAN_POINT('',(19.585,-5.65,0.));
#8121=CARTESIAN_POINT('',(19.585,-5.65,0.));
#8122=CARTESIAN_POINT('',(19.585,-6.025,0.));
#8123=CARTESIAN_POINT('',(19.86,-5.77004902432036,0.));
#8124=CARTESIAN_POINT('',(19.86,-5.23,0.));
#8125=CARTESIAN_POINT('',(19.86,-5.23,0.));
#8126=CARTESIAN_POINT('',(19.86,-5.23,0.));
#8127=CARTESIAN_POINT('',(19.26,-5.23,0.));
#8128=CARTESIAN_POINT('',(19.26,-8.79999999999999,0.));
#8129=CARTESIAN_POINT('',(19.26,-3.318,0.));
#8130=CARTESIAN_POINT('',(18.75,-2.4,0.));
#8131=CARTESIAN_POINT('',(18.75,-2.4,0.));
#8132=CARTESIAN_POINT('',(18.75,-2.,0.));
#8133=CARTESIAN_POINT('',(18.75,-2.,0.));
#8134=CARTESIAN_POINT('',(19.26,-2.,0.));
#8135=CARTESIAN_POINT('',(19.26,-2.,0.));
#8136=CARTESIAN_POINT('',(19.26,-8.79999999999999,0.));
#8137=CARTESIAN_POINT('',(19.26,0.,0.));
#8138=CARTESIAN_POINT('',(19.26,0.,0.));
#8139=CARTESIAN_POINT('',(0.,0.,0.));
#8140=CARTESIAN_POINT('',(0.,0.,0.));
#8141=CARTESIAN_POINT('',(0.,-2.,0.));
#8142=CARTESIAN_POINT('',(0.51,-2.,0.));
#8143=CARTESIAN_POINT('',(0.51,-2.,0.));
#8144=CARTESIAN_POINT('',(0.51,-2.4,0.));
#8145=CARTESIAN_POINT('',(0.51,-2.4,0.));
#8146=CARTESIAN_POINT('',(0.,-3.318,0.));
#8147=CARTESIAN_POINT('',(0.,-3.318,0.));
#8148=CARTESIAN_POINT('',(0.,0.,0.));
#8149=CARTESIAN_POINT('',(0.,-5.23,0.));
#8150=CARTESIAN_POINT('',(-0.6,-5.23,0.));
#8151=CARTESIAN_POINT('',(-0.6,-5.23,0.));
#8152=CARTESIAN_POINT('',(-0.6,-5.23,0.));
#8153=CARTESIAN_POINT('',(-0.6,-5.76557112297752,0.));
#8154=CARTESIAN_POINT('',(-0.2,-6.4,0.));
#8155=CARTESIAN_POINT('',(-0.6,-7.03442887702248,0.));
#8156=CARTESIAN_POINT('',(-0.6,-5.23,0.));
#8157=CARTESIAN_POINT('',(-0.6,-7.57,0.));
#8158=CARTESIAN_POINT('',(-0.6,-7.57,0.));
#8159=CARTESIAN_POINT('',(0.,-7.57,0.));
#8160=CARTESIAN_POINT('',(0.,0.,0.));
#8161=CARTESIAN_POINT('',(0.,-8.8,0.));
#8162=CARTESIAN_POINT('',(0.,-8.8,0.));
#8163=CARTESIAN_POINT('',(1.,-8.8,0.));
#8164=CARTESIAN_POINT('',(1.,-7.5,0.));
#8165=CARTESIAN_POINT('',(1.,-7.5,0.));
#8166=CARTESIAN_POINT('',(18.26,-7.5,0.));
#8167=CARTESIAN_POINT('',(18.26,-7.5,0.));
#8168=CARTESIAN_POINT('',(18.26,-8.79999999999999,0.));
#8169=CARTESIAN_POINT('',(18.26,-8.79999999999999,0.));
#8170=CARTESIAN_POINT('',(0.,-8.8,0.));
#8171=CARTESIAN_POINT('',(19.26,-8.79999999999999,0.));
#8172=CARTESIAN_POINT('',(19.26,-8.79999999999999,0.));
#8173=CARTESIAN_POINT('',(19.26,-7.57,0.));
#8174=CARTESIAN_POINT('',(19.86,-7.57,0.));
#8175=CARTESIAN_POINT('',(0.,0.,-4.2));
#8176=CARTESIAN_POINT('',(0.,-4.63,-0.4));
#8177=CARTESIAN_POINT('',(0.,-4.63,-0.4));
#8178=CARTESIAN_POINT('',(0.,-5.23,-0.4));
#8179=CARTESIAN_POINT('',(0.,-5.23,-0.4));
#8180=CARTESIAN_POINT('',(0.,-3.318,-1.6));
#8181=CARTESIAN_POINT('',(0.,-3.318,-1.6));
#8182=CARTESIAN_POINT('',(0.,-2.,-1.6));
#8183=CARTESIAN_POINT('',(0.,-2.,-1.6));
#8184=CARTESIAN_POINT('',(0.,-2.,-1.6));
#8185=CARTESIAN_POINT('',(0.,0.,-4.2));
#8186=CARTESIAN_POINT('',(0.,0.,-4.2));
#8187=CARTESIAN_POINT('',(0.,0.,-4.2));
#8188=CARTESIAN_POINT('',(0.,-8.8,-4.2));
#8189=CARTESIAN_POINT('',(0.,-8.8,-4.2));
#8190=CARTESIAN_POINT('',(0.,-7.57,0.));
#8191=CARTESIAN_POINT('',(0.,-7.57,-0.4));
#8192=CARTESIAN_POINT('',(0.,-7.57,-0.4));
#8193=CARTESIAN_POINT('',(0.,-8.17,-0.4));
#8194=CARTESIAN_POINT('',(0.,-8.17,-0.4));
#8195=CARTESIAN_POINT('',(0.,-8.17,-1.7));
#8196=CARTESIAN_POINT('',(0.,-8.17,-1.7));
#8197=CARTESIAN_POINT('',(0.,-4.63,-1.7));
#8198=CARTESIAN_POINT('',(0.,-4.63,-1.7));
#8199=CARTESIAN_POINT('',(0.,-8.8,-4.2));
#8200=CARTESIAN_POINT('',(1.,-8.8,-3.7));
#8201=CARTESIAN_POINT('',(1.,-8.8,-3.7));
#8202=CARTESIAN_POINT('',(18.26,-8.79999999999999,-3.7));
#8203=CARTESIAN_POINT('',(1.,-8.8,-2.1));
#8204=CARTESIAN_POINT('',(0.,-8.8,-4.2));
#8205=CARTESIAN_POINT('',(19.26,-8.79999999999999,-4.2));
#8206=CARTESIAN_POINT('',(19.26,-8.79999999999999,-4.2));
#8207=CARTESIAN_POINT('',(18.26,-8.79999999999999,-2.1));
#8208=CARTESIAN_POINT('',(19.26,-8.79999999999999,-4.2));
#8209=CARTESIAN_POINT('',(19.26,-5.23,-0.4));
#8210=CARTESIAN_POINT('',(19.26,-5.23,-0.4));
#8211=CARTESIAN_POINT('',(19.26,-4.63,-0.4));
#8212=CARTESIAN_POINT('',(19.26,-4.63,-0.4));
#8213=CARTESIAN_POINT('',(19.26,-4.63,-1.7));
#8214=CARTESIAN_POINT('',(19.26,-4.63,-1.7));
#8215=CARTESIAN_POINT('',(19.26,-8.17,-1.7));
#8216=CARTESIAN_POINT('',(19.26,-8.17,-1.7));
#8217=CARTESIAN_POINT('',(19.26,-8.17,-0.4));
#8218=CARTESIAN_POINT('',(19.26,-8.17,-0.4));
#8219=CARTESIAN_POINT('',(19.26,-7.57,-0.4));
#8220=CARTESIAN_POINT('',(19.26,-7.57,-0.4));
#8221=CARTESIAN_POINT('',(19.26,-7.57,0.));
#8222=CARTESIAN_POINT('',(19.26,-8.79999999999999,-4.2));
#8223=CARTESIAN_POINT('',(19.26,0.,-4.2));
#8224=CARTESIAN_POINT('',(19.26,0.,-4.2));
#8225=CARTESIAN_POINT('',(19.26,-2.,-1.6));
#8226=CARTESIAN_POINT('',(19.26,-2.,-1.6));
#8227=CARTESIAN_POINT('',(19.26,-3.318,-1.6));
#8228=CARTESIAN_POINT('',(19.26,-3.318,-1.6));
#8229=CARTESIAN_POINT('',(19.26,-3.318,-1.6));
#8230=CARTESIAN_POINT('',(19.26,0.,-4.2));
#8231=CARTESIAN_POINT('',(8.88,0.,-3.94500000000001));
#8232=CARTESIAN_POINT('',(8.88,0.,-3.94500000000001));
#8233=CARTESIAN_POINT('',(10.38,0.,-3.945));
#8234=CARTESIAN_POINT('',(10.38,0.,-3.945));
#8235=CARTESIAN_POINT('',(10.38,0.,-3.725));
#8236=CARTESIAN_POINT('',(10.38,0.,-3.925));
#8237=CARTESIAN_POINT('',(18.86,0.,-3.925));
#8238=CARTESIAN_POINT('',(19.06,0.,-3.925));
#8239=CARTESIAN_POINT('',(19.06,0.,-1.92499999999999));
#8240=CARTESIAN_POINT('',(19.06,0.,-1.72499999999999));
#8241=CARTESIAN_POINT('',(18.36,0.,-1.72499999999999));
#8242=CARTESIAN_POINT('',(18.56,0.,-1.72499999999999));
#8243=CARTESIAN_POINT('',(18.56,0.,-0.475000000000003));
#8244=CARTESIAN_POINT('',(18.56,0.,-0.275000000000003));
#8245=CARTESIAN_POINT('',(0.9,0.,-0.275));
#8246=CARTESIAN_POINT('',(0.699999999999999,0.,-0.275));
#8247=CARTESIAN_POINT('',(0.699999999999999,0.,-1.925));
#8248=CARTESIAN_POINT('',(0.699999999999999,0.,-1.725));
#8249=CARTESIAN_POINT('',(0.4,0.,-1.725));
#8250=CARTESIAN_POINT('',(0.199999999999998,0.,-1.725));
#8251=CARTESIAN_POINT('',(0.199999999999999,0.,-3.725));
#8252=CARTESIAN_POINT('',(19.26,0.,-4.2));
#8253=CARTESIAN_POINT('',(0.,0.,-4.2));
#8254=CARTESIAN_POINT('',(18.26,-7.5,-2.1));
#8255=CARTESIAN_POINT('',(1.,-7.5,-2.1));
#8256=CARTESIAN_POINT('',(1.,-7.5,-2.1));
#8257=CARTESIAN_POINT('',(18.26,-7.5,-2.1));
#8258=CARTESIAN_POINT('',(18.26,-7.5,-2.1));
#8259=CARTESIAN_POINT('',(18.26,-7.5,-2.1));
#8260=CARTESIAN_POINT('',(1.,-7.5,-2.1));
#8261=CARTESIAN_POINT('',(1.,-8.1,-3.7));
#8262=CARTESIAN_POINT('',(1.,-8.1,-3.7));
#8263=CARTESIAN_POINT('',(1.,-8.1,-3.7));
#8264=CARTESIAN_POINT('',(1.,-8.1,-2.1));
#8265=CARTESIAN_POINT('',(1.,-7.5,-2.1));
#8266=CARTESIAN_POINT('',(18.26,-8.79999999999999,-2.1));
#8267=CARTESIAN_POINT('',(18.26,-8.79999999999999,-2.1));
#8268=CARTESIAN_POINT('',(18.26,-8.1,-2.1));
#8269=CARTESIAN_POINT('',(18.26,-8.1,-3.7));
#8270=CARTESIAN_POINT('',(18.26,-8.1,-3.7));
#8271=CARTESIAN_POINT('',(18.26,-8.79999999999999,-3.7));
#8272=CARTESIAN_POINT('',(0.,0.,-2.1));
#8273=CARTESIAN_POINT('',(-1.62818773527371E-15,-8.1,-2.1));
#8274=CARTESIAN_POINT('',(18.26,-8.1,-3.7));
#8275=CARTESIAN_POINT('',(18.26,-8.1,-3.7));
#8276=CARTESIAN_POINT('',(0.,0.,-3.7));
#8277=CARTESIAN_POINT('',(0.51,-2.,-1.6));
#8278=CARTESIAN_POINT('',(0.51,-2.,-1.6));
#8279=CARTESIAN_POINT('',(0.51,-2.,-1.6));
#8280=CARTESIAN_POINT('',(0.51,-2.,-1.6));
#8281=CARTESIAN_POINT('',(0.,-3.318,-1.6));
#8282=CARTESIAN_POINT('',(0.51,-2.4,-1.6));
#8283=CARTESIAN_POINT('',(0.51,-2.4,-1.6));
#8284=CARTESIAN_POINT('',(0.,-3.318,-1.6));
#8285=CARTESIAN_POINT('',(0.51,-2.4,-1.6));
#8286=CARTESIAN_POINT('',(0.51,-2.4,-1.6));
#8287=CARTESIAN_POINT('',(0.,0.,-1.6));
#8288=CARTESIAN_POINT('',(19.26,-2.,-1.6));
#8289=CARTESIAN_POINT('',(18.75,-2.,-1.6));
#8290=CARTESIAN_POINT('',(18.75,-2.,-1.6));
#8291=CARTESIAN_POINT('',(19.26,-2.,-1.6));
#8292=CARTESIAN_POINT('',(18.75,-2.,-1.6));
#8293=CARTESIAN_POINT('',(18.75,-2.4,-1.6));
#8294=CARTESIAN_POINT('',(18.75,-2.4,-1.6));
#8295=CARTESIAN_POINT('',(18.75,-2.,-1.6));
#8296=CARTESIAN_POINT('',(18.75,-2.4,-1.6));
#8297=CARTESIAN_POINT('',(18.75,-2.4,-1.6));
#8298=CARTESIAN_POINT('',(0.,0.,-1.6));
#8299=CARTESIAN_POINT('',(-0.6,-5.23,-0.4));
#8300=CARTESIAN_POINT('',(-0.6,-5.23,-0.4));
#8301=CARTESIAN_POINT('',(-0.6,-5.23,-0.4));
#8302=CARTESIAN_POINT('',(-0.6,-5.23,-0.4));
#8303=CARTESIAN_POINT('',(-0.6,-7.57,0.));
#8304=CARTESIAN_POINT('',(-0.6,-7.57,0.));
#8305=CARTESIAN_POINT('',(-0.6,-7.57,-0.4));
#8306=CARTESIAN_POINT('',(-0.6,-7.57,-0.4));
#8307=CARTESIAN_POINT('',(-0.6,-7.57,-0.4));
#8308=CARTESIAN_POINT('',(-0.6,-7.57,-0.4));
#8309=CARTESIAN_POINT('',(-0.6,-8.17,-0.4));
#8310=CARTESIAN_POINT('',(-0.6,-8.17,-0.4));
#8311=CARTESIAN_POINT('',(-0.6,-8.17,-0.4));
#8312=CARTESIAN_POINT('',(-0.6,-8.17,-0.4));
#8313=CARTESIAN_POINT('',(-0.6,-8.17,-1.7));
#8314=CARTESIAN_POINT('',(-0.6,-8.17,-1.7));
#8315=CARTESIAN_POINT('',(-0.6,-8.17,-1.7));
#8316=CARTESIAN_POINT('',(-0.6,-8.17,-1.7));
#8317=CARTESIAN_POINT('',(-0.6,-4.63,-1.7));
#8318=CARTESIAN_POINT('',(-0.6,-4.63,-1.7));
#8319=CARTESIAN_POINT('',(-0.6,-4.63,-1.7));
#8320=CARTESIAN_POINT('',(-0.6,-4.63,-1.7));
#8321=CARTESIAN_POINT('',(-0.6,-4.63,-0.4));
#8322=CARTESIAN_POINT('',(-0.6,-4.63,-0.4));
#8323=CARTESIAN_POINT('',(-0.6,-7.19,-0.96));
#8324=CARTESIAN_POINT('',(0.,-7.19,-0.96));
#8325=CARTESIAN_POINT('',(0.,-7.19,-0.96));
#8326=CARTESIAN_POINT('',(0.,-7.19,-0.59));
#8327=CARTESIAN_POINT('',(-0.6,-7.19,-0.59));
#8328=CARTESIAN_POINT('',(-1.2,-7.19,-0.59));
#8329=CARTESIAN_POINT('',(-1.2,-7.19,-0.59));
#8330=CARTESIAN_POINT('',(-1.2,-7.19,-0.96));
#8331=CARTESIAN_POINT('',(-0.6,-7.19,-0.96));
#8332=CARTESIAN_POINT('',(-0.6,-7.51,-0.96));
#8333=CARTESIAN_POINT('',(-1.2,-7.19,-0.96));
#8334=CARTESIAN_POINT('',(-1.2,-7.4,-0.96));
#8335=CARTESIAN_POINT('',(-1.2,-7.4,-0.96));
#8336=CARTESIAN_POINT('',(-0.6,-7.4,-0.96));
#8337=CARTESIAN_POINT('',(-0.6,-7.51,-0.96));
#8338=CARTESIAN_POINT('',(-0.6,-7.51,-0.96));
#8339=CARTESIAN_POINT('',(-0.6,-7.51,-0.96));
#8340=CARTESIAN_POINT('',(0.,-7.51,-0.96));
#8341=CARTESIAN_POINT('',(0.,-7.51,-0.96));
#8342=CARTESIAN_POINT('',(-0.6,-7.51,-0.59));
#8343=CARTESIAN_POINT('',(0.,-7.51,-0.59));
#8344=CARTESIAN_POINT('',(0.,-7.51,-0.59));
#8345=CARTESIAN_POINT('',(-0.6,-7.51,-0.59));
#8346=CARTESIAN_POINT('',(-0.6,-7.51,-0.59));
#8347=CARTESIAN_POINT('',(-0.6,-7.51,-0.59));
#8348=CARTESIAN_POINT('',(-0.6,-5.29,-0.96));
#8349=CARTESIAN_POINT('',(0.,-5.29,-0.96));
#8350=CARTESIAN_POINT('',(0.,-5.29,-0.96));
#8351=CARTESIAN_POINT('',(0.,-5.29,-0.59));
#8352=CARTESIAN_POINT('',(-0.6,-5.29,-0.59));
#8353=CARTESIAN_POINT('',(-0.6,-5.29,-0.59));
#8354=CARTESIAN_POINT('',(-0.6,-5.29,-0.96));
#8355=CARTESIAN_POINT('',(-0.6,-5.29,-0.96));
#8356=CARTESIAN_POINT('',(-0.6,-5.29,-0.96));
#8357=CARTESIAN_POINT('',(-0.6,-5.61,-0.96));
#8358=CARTESIAN_POINT('',(-0.6,-5.61,-0.96));
#8359=CARTESIAN_POINT('',(-0.6,-5.4,-0.96));
#8360=CARTESIAN_POINT('',(-1.2,-5.4,-0.96));
#8361=CARTESIAN_POINT('',(-1.2,-5.4,-0.96));
#8362=CARTESIAN_POINT('',(-1.2,-5.4,-0.96));
#8363=CARTESIAN_POINT('',(-1.2,-5.61,-0.96));
#8364=CARTESIAN_POINT('',(-0.6,-5.61,-0.96));
#8365=CARTESIAN_POINT('',(0.,-5.61,-0.96));
#8366=CARTESIAN_POINT('',(0.,-5.61,-0.96));
#8367=CARTESIAN_POINT('',(-0.6,-5.61,-0.59));
#8368=CARTESIAN_POINT('',(0.,-5.61,-0.59));
#8369=CARTESIAN_POINT('',(0.,-5.61,-0.59));
#8370=CARTESIAN_POINT('',(-1.2,-5.61,-0.96));
#8371=CARTESIAN_POINT('',(-1.2,-5.61,-0.59));
#8372=CARTESIAN_POINT('',(-0.6,-5.61,-0.59));
#8373=CARTESIAN_POINT('',(-0.6,-7.19,-0.59));
#8374=CARTESIAN_POINT('',(-0.6,-7.19,-0.59));
#8375=CARTESIAN_POINT('',(-0.6,-7.4,-0.590000000000001));
#8376=CARTESIAN_POINT('',(-1.2,-7.4,-0.590000000000001));
#8377=CARTESIAN_POINT('',(-1.2,-7.4,-0.590000000000001));
#8378=CARTESIAN_POINT('',(-1.2,-7.4,-0.59));
#8379=CARTESIAN_POINT('',(0.,-7.19,-0.59));
#8380=CARTESIAN_POINT('',(-0.6,-5.29,-0.59));
#8381=CARTESIAN_POINT('',(-1.2,-5.61,-0.59));
#8382=CARTESIAN_POINT('',(-1.2,-5.4,-0.59));
#8383=CARTESIAN_POINT('',(-1.2,-5.4,-0.59));
#8384=CARTESIAN_POINT('',(-0.6,-5.4,-0.59));
#8385=CARTESIAN_POINT('',(-0.6,-5.29,-0.59));
#8386=CARTESIAN_POINT('',(0.,-5.29,-0.59));
#8387=CARTESIAN_POINT('',(-0.6,-4.63,-0.4));
#8388=CARTESIAN_POINT('',(-0.6,-4.63,-0.4));
#8389=CARTESIAN_POINT('',(-0.6,0.,0.));
#8390=CARTESIAN_POINT('',(-0.6,-7.4,-1.06));
#8391=CARTESIAN_POINT('',(-0.6,-7.5,-1.06));
#8392=CARTESIAN_POINT('',(-0.6,-7.5,0.));
#8393=CARTESIAN_POINT('',(-0.6,-7.5,-1.13));
#8394=CARTESIAN_POINT('',(-0.6,-7.4,-1.13));
#8395=CARTESIAN_POINT('',(-0.6,-7.4,-1.23));
#8396=CARTESIAN_POINT('',(-0.6,0.,-1.23));
#8397=CARTESIAN_POINT('',(-0.6,-7.14,-1.23));
#8398=CARTESIAN_POINT('',(-0.6,-7.14,-1.25));
#8399=CARTESIAN_POINT('',(-0.6,-7.12,-1.25));
#8400=CARTESIAN_POINT('',(-0.6,-7.12,0.));
#8401=CARTESIAN_POINT('',(-0.6,-7.12,-1.31));
#8402=CARTESIAN_POINT('',(-0.6,-7.1,-1.31));
#8403=CARTESIAN_POINT('',(-0.6,-7.1,-1.33));
#8404=CARTESIAN_POINT('',(-0.6,0.,-1.33));
#8405=CARTESIAN_POINT('',(-0.6,-5.7,-1.33));
#8406=CARTESIAN_POINT('',(-0.6,-5.7,-1.31));
#8407=CARTESIAN_POINT('',(-0.6,-5.68,-1.31));
#8408=CARTESIAN_POINT('',(-0.6,-5.68,0.));
#8409=CARTESIAN_POINT('',(-0.6,-5.68,-1.25));
#8410=CARTESIAN_POINT('',(-0.6,-5.66,-1.25));
#8411=CARTESIAN_POINT('',(-0.6,-5.66,-1.23));
#8412=CARTESIAN_POINT('',(-0.6,0.,-1.23));
#8413=CARTESIAN_POINT('',(-0.6,-5.4,-1.23));
#8414=CARTESIAN_POINT('',(-0.6,-5.4,-1.13));
#8415=CARTESIAN_POINT('',(-0.6,-5.3,-1.13));
#8416=CARTESIAN_POINT('',(-0.6,-5.3,0.));
#8417=CARTESIAN_POINT('',(-0.6,-5.3,-1.06));
#8418=CARTESIAN_POINT('',(-0.6,-5.4,-1.06));
#8419=CARTESIAN_POINT('',(-0.6,-5.4,-0.490000000000001));
#8420=CARTESIAN_POINT('',(-0.6,-5.3,-0.49));
#8421=CARTESIAN_POINT('',(-0.6,-5.3,0.));
#8422=CARTESIAN_POINT('',(-0.6,-5.3,-0.42));
#8423=CARTESIAN_POINT('',(-0.6,-5.4,-0.419999999999999));
#8424=CARTESIAN_POINT('',(-0.6,-5.4,-0.32));
#8425=CARTESIAN_POINT('',(-0.6,0.,-0.32));
#8426=CARTESIAN_POINT('',(-0.6,-7.4,-0.32));
#8427=CARTESIAN_POINT('',(-0.6,-7.4,-0.419999999999999));
#8428=CARTESIAN_POINT('',(-0.6,-7.5,-0.42));
#8429=CARTESIAN_POINT('',(-0.6,-7.5,0.));
#8430=CARTESIAN_POINT('',(-0.6,-7.5,-0.49));
#8431=CARTESIAN_POINT('',(-0.6,-7.4,-0.490000000000001));
#8432=CARTESIAN_POINT('',(-0.6,-5.23,0.));
#8433=CARTESIAN_POINT('',(0.,0.,-4.2));
#8434=CARTESIAN_POINT('',(0.,0.,-4.2));
#8435=CARTESIAN_POINT('',(19.86,-5.23,-0.4));
#8436=CARTESIAN_POINT('',(19.86,-5.23,-0.4));
#8437=CARTESIAN_POINT('',(19.86,-5.23,-0.4));
#8438=CARTESIAN_POINT('',(19.86,-5.23,-0.4));
#8439=CARTESIAN_POINT('',(19.86,-7.57,0.));
#8440=CARTESIAN_POINT('',(19.86,-7.57,-0.4));
#8441=CARTESIAN_POINT('',(19.86,-7.57,-0.4));
#8442=CARTESIAN_POINT('',(19.86,-7.57,0.));
#8443=CARTESIAN_POINT('',(19.86,-7.57,-0.4));
#8444=CARTESIAN_POINT('',(19.86,-8.17,-0.4));
#8445=CARTESIAN_POINT('',(19.86,-8.17,-0.4));
#8446=CARTESIAN_POINT('',(19.86,-7.57,-0.4));
#8447=CARTESIAN_POINT('',(19.86,-8.17,-0.4));
#8448=CARTESIAN_POINT('',(19.86,-8.17,-1.7));
#8449=CARTESIAN_POINT('',(19.86,-8.17,-1.7));
#8450=CARTESIAN_POINT('',(19.86,-8.17,-0.4));
#8451=CARTESIAN_POINT('',(19.86,-8.17,-1.7));
#8452=CARTESIAN_POINT('',(19.86,-4.63,-1.7));
#8453=CARTESIAN_POINT('',(19.86,-4.63,-1.7));
#8454=CARTESIAN_POINT('',(19.86,-8.17,-1.7));
#8455=CARTESIAN_POINT('',(19.86,-4.63,-1.7));
#8456=CARTESIAN_POINT('',(19.86,-4.63,-0.4));
#8457=CARTESIAN_POINT('',(19.86,-4.63,-0.4));
#8458=CARTESIAN_POINT('',(19.86,-4.63,-1.7));
#8459=CARTESIAN_POINT('',(19.86,-7.19,-0.96));
#8460=CARTESIAN_POINT('',(19.26,-7.19,-0.96));
#8461=CARTESIAN_POINT('',(19.26,-7.19,-0.96));
#8462=CARTESIAN_POINT('',(19.26,-7.19,-0.59));
#8463=CARTESIAN_POINT('',(19.86,-7.19,-0.96));
#8464=CARTESIAN_POINT('',(20.46,-7.19,-0.96));
#8465=CARTESIAN_POINT('',(20.46,-7.19,-0.59));
#8466=CARTESIAN_POINT('',(20.46,-7.19,-0.59));
#8467=CARTESIAN_POINT('',(19.86,-7.19,-0.59));
#8468=CARTESIAN_POINT('',(19.86,-7.51,-0.96));
#8469=CARTESIAN_POINT('',(19.86,-7.51,-0.96));
#8470=CARTESIAN_POINT('',(19.86,-7.51,-0.96));
#8471=CARTESIAN_POINT('',(19.86,-7.4,-0.96));
#8472=CARTESIAN_POINT('',(20.46,-7.4,-0.96));
#8473=CARTESIAN_POINT('',(20.46,-7.4,-0.96));
#8474=CARTESIAN_POINT('',(20.46,-7.19,-0.96));
#8475=CARTESIAN_POINT('',(19.26,-7.51,-0.96));
#8476=CARTESIAN_POINT('',(19.26,-7.51,-0.96));
#8477=CARTESIAN_POINT('',(19.86,-7.51,-0.96));
#8478=CARTESIAN_POINT('',(19.86,-7.51,-0.59));
#8479=CARTESIAN_POINT('',(19.26,-7.51,-0.59));
#8480=CARTESIAN_POINT('',(19.26,-7.51,-0.59));
#8481=CARTESIAN_POINT('',(19.86,-7.51,-0.59));
#8482=CARTESIAN_POINT('',(19.86,-7.51,-0.59));
#8483=CARTESIAN_POINT('',(19.86,-7.51,-0.59));
#8484=CARTESIAN_POINT('',(19.86,-5.29,-0.96));
#8485=CARTESIAN_POINT('',(19.26,-5.29,-0.96));
#8486=CARTESIAN_POINT('',(19.26,-5.29,-0.96));
#8487=CARTESIAN_POINT('',(19.26,-5.29,-0.59));
#8488=CARTESIAN_POINT('',(19.86,-5.29,-0.96));
#8489=CARTESIAN_POINT('',(19.86,-5.29,-0.96));
#8490=CARTESIAN_POINT('',(19.86,-5.29,-0.96));
#8491=CARTESIAN_POINT('',(19.86,-5.29,-0.59));
#8492=CARTESIAN_POINT('',(19.86,-5.29,-0.59));
#8493=CARTESIAN_POINT('',(19.86,-5.61,-0.96));
#8494=CARTESIAN_POINT('',(20.46,-5.4,-0.96));
#8495=CARTESIAN_POINT('',(20.46,-5.4,-0.96));
#8496=CARTESIAN_POINT('',(19.86,-5.4,-0.96));
#8497=CARTESIAN_POINT('',(19.86,-5.61,-0.96));
#8498=CARTESIAN_POINT('',(19.26,-5.61,-0.96));
#8499=CARTESIAN_POINT('',(19.26,-5.61,-0.96));
#8500=CARTESIAN_POINT('',(19.86,-5.61,-0.96));
#8501=CARTESIAN_POINT('',(20.46,-5.61,-0.96));
#8502=CARTESIAN_POINT('',(20.46,-5.4,-0.96));
#8503=CARTESIAN_POINT('',(19.86,-5.61,-0.59));
#8504=CARTESIAN_POINT('',(19.26,-5.61,-0.59));
#8505=CARTESIAN_POINT('',(19.26,-5.61,-0.59));
#8506=CARTESIAN_POINT('',(19.86,-5.61,-0.59));
#8507=CARTESIAN_POINT('',(20.46,-5.61,-0.59));
#8508=CARTESIAN_POINT('',(20.46,-5.61,-0.96));
#8509=CARTESIAN_POINT('',(19.86,-7.19,-0.59));
#8510=CARTESIAN_POINT('',(20.46,-7.4,-0.590000000000001));
#8511=CARTESIAN_POINT('',(20.46,-7.4,-0.590000000000001));
#8512=CARTESIAN_POINT('',(19.86,-7.4,-0.590000000000001));
#8513=CARTESIAN_POINT('',(19.86,-7.19,-0.59));
#8514=CARTESIAN_POINT('',(19.26,-7.19,-0.59));
#8515=CARTESIAN_POINT('',(20.46,-7.4,-0.59));
#8516=CARTESIAN_POINT('',(19.86,-5.29,-0.59));
#8517=CARTESIAN_POINT('',(19.86,-5.29,-0.59));
#8518=CARTESIAN_POINT('',(19.86,-5.4,-0.59));
#8519=CARTESIAN_POINT('',(20.46,-5.4,-0.59));
#8520=CARTESIAN_POINT('',(20.46,-5.4,-0.59));
#8521=CARTESIAN_POINT('',(20.46,-5.61,-0.59));
#8522=CARTESIAN_POINT('',(19.26,-5.29,-0.59));
#8523=CARTESIAN_POINT('',(19.86,-4.63,-0.4));
#8524=CARTESIAN_POINT('',(19.86,-4.63,-0.4));
#8525=CARTESIAN_POINT('',(19.86,0.,0.));
#8526=CARTESIAN_POINT('',(19.86,-7.5,0.));
#8527=CARTESIAN_POINT('',(19.86,-7.5,-1.13));
#8528=CARTESIAN_POINT('',(19.86,-7.5,-1.06));
#8529=CARTESIAN_POINT('',(19.86,-7.4,-1.06));
#8530=CARTESIAN_POINT('',(19.86,-7.4,-0.490000000000001));
#8531=CARTESIAN_POINT('',(19.86,-7.5,-0.49));
#8532=CARTESIAN_POINT('',(19.86,-7.5,0.));
#8533=CARTESIAN_POINT('',(19.86,-7.5,-0.42));
#8534=CARTESIAN_POINT('',(19.86,-7.4,-0.419999999999999));
#8535=CARTESIAN_POINT('',(19.86,-7.4,-0.32));
#8536=CARTESIAN_POINT('',(19.86,0.,-0.32));
#8537=CARTESIAN_POINT('',(19.86,-5.4,-0.32));
#8538=CARTESIAN_POINT('',(19.86,-5.4,-0.419999999999999));
#8539=CARTESIAN_POINT('',(19.86,-5.3,-0.42));
#8540=CARTESIAN_POINT('',(19.86,-5.3,0.));
#8541=CARTESIAN_POINT('',(19.86,-5.3,-0.49));
#8542=CARTESIAN_POINT('',(19.86,-5.4,-0.490000000000001));
#8543=CARTESIAN_POINT('',(19.86,-5.4,-1.06));
#8544=CARTESIAN_POINT('',(19.86,-5.3,-1.06));
#8545=CARTESIAN_POINT('',(19.86,-5.3,0.));
#8546=CARTESIAN_POINT('',(19.86,-5.3,-1.13));
#8547=CARTESIAN_POINT('',(19.86,-5.4,-1.13));
#8548=CARTESIAN_POINT('',(19.86,-5.4,-1.23));
#8549=CARTESIAN_POINT('',(19.86,0.,-1.23));
#8550=CARTESIAN_POINT('',(19.86,-5.66,-1.23));
#8551=CARTESIAN_POINT('',(19.86,-5.66,-1.25));
#8552=CARTESIAN_POINT('',(19.86,-5.68,-1.25));
#8553=CARTESIAN_POINT('',(19.86,-5.68,0.));
#8554=CARTESIAN_POINT('',(19.86,-5.68,-1.31));
#8555=CARTESIAN_POINT('',(19.86,-5.7,-1.31));
#8556=CARTESIAN_POINT('',(19.86,-5.7,-1.33));
#8557=CARTESIAN_POINT('',(19.86,0.,-1.33));
#8558=CARTESIAN_POINT('',(19.86,-7.1,-1.33));
#8559=CARTESIAN_POINT('',(19.86,-7.1,-1.31));
#8560=CARTESIAN_POINT('',(19.86,-7.12,-1.31));
#8561=CARTESIAN_POINT('',(19.86,-7.12,0.));
#8562=CARTESIAN_POINT('',(19.86,-7.12,-1.25));
#8563=CARTESIAN_POINT('',(19.86,-7.14,-1.25));
#8564=CARTESIAN_POINT('',(19.86,-7.14,-1.23));
#8565=CARTESIAN_POINT('',(19.86,0.,-1.23));
#8566=CARTESIAN_POINT('',(19.86,-7.4,-1.23));
#8567=CARTESIAN_POINT('',(19.86,-7.4,-1.13));
#8568=CARTESIAN_POINT('',(19.86,-5.23,0.));
#8569=CARTESIAN_POINT('',(19.26,-8.79999999999999,-4.2));
#8570=CARTESIAN_POINT('',(19.26,-8.79999999999999,-4.2));
#8571=CARTESIAN_POINT('',(-1.2,-5.4,-0.32));
#8572=CARTESIAN_POINT('',(-1.2,-5.4,-0.32));
#8573=CARTESIAN_POINT('',(-1.2,-5.4,-0.32));
#8574=CARTESIAN_POINT('',(-1.2,-5.4,-0.32));
#8575=CARTESIAN_POINT('',(-1.2,-7.4,-0.32));
#8576=CARTESIAN_POINT('',(-1.2,-7.4,-0.32));
#8577=CARTESIAN_POINT('',(-1.2,-7.4,-0.419999999999999));
#8578=CARTESIAN_POINT('',(-1.2,-7.4,-0.419999999999999));
#8579=CARTESIAN_POINT('',(-1.2,-7.5,-0.42));
#8580=CARTESIAN_POINT('',(-1.2,-7.5,-0.42));
#8581=CARTESIAN_POINT('',(-1.2,-7.5,-0.42));
#8582=CARTESIAN_POINT('',(-1.2,-7.5,-0.42));
#8583=CARTESIAN_POINT('',(-1.2,-7.5,-0.49));
#8584=CARTESIAN_POINT('',(-1.2,-7.5,-0.49));
#8585=CARTESIAN_POINT('',(-1.2,-7.5,-1.06));
#8586=CARTESIAN_POINT('',(-1.2,-7.5,-1.06));
#8587=CARTESIAN_POINT('',(-1.2,-7.5,-1.06));
#8588=CARTESIAN_POINT('',(-1.2,-7.5,-1.06));
#8589=CARTESIAN_POINT('',(-1.2,-7.5,-1.13));
#8590=CARTESIAN_POINT('',(-1.2,-7.5,-1.13));
#8591=CARTESIAN_POINT('',(-1.2,-7.4,-1.13));
#8592=CARTESIAN_POINT('',(-1.2,-7.4,-1.13));
#8593=CARTESIAN_POINT('',(-1.2,-7.4,-1.23));
#8594=CARTESIAN_POINT('',(-1.2,-7.4,-1.23));
#8595=CARTESIAN_POINT('',(-1.2,-7.4,-1.23));
#8596=CARTESIAN_POINT('',(-1.2,-7.4,-1.23));
#8597=CARTESIAN_POINT('',(-1.2,-7.14,-1.23));
#8598=CARTESIAN_POINT('',(-1.2,-7.14,-1.23));
#8599=CARTESIAN_POINT('',(-1.2,-7.14,-1.25));
#8600=CARTESIAN_POINT('',(-1.2,-7.12,-1.25));
#8601=CARTESIAN_POINT('',(-1.2,-7.12,-1.25));
#8602=CARTESIAN_POINT('',(-1.2,-7.14,-1.25));
#8603=CARTESIAN_POINT('',(-1.2,-7.12,-1.25));
#8604=CARTESIAN_POINT('',(-1.2,-7.12,-1.25));
#8605=CARTESIAN_POINT('',(-1.2,-7.12,-1.31));
#8606=CARTESIAN_POINT('',(-1.2,-7.12,-1.31));
#8607=CARTESIAN_POINT('',(-1.2,-7.1,-1.31));
#8608=CARTESIAN_POINT('',(-1.2,-7.1,-1.31));
#8609=CARTESIAN_POINT('',(-1.2,-7.1,-1.33));
#8610=CARTESIAN_POINT('',(-1.2,-7.1,-1.33));
#8611=CARTESIAN_POINT('',(-1.2,-7.1,-1.33));
#8612=CARTESIAN_POINT('',(-1.2,-7.1,-1.33));
#8613=CARTESIAN_POINT('',(-1.2,-5.7,-1.33));
#8614=CARTESIAN_POINT('',(-1.2,-5.7,-1.33));
#8615=CARTESIAN_POINT('',(-1.2,-5.7,-1.31));
#8616=CARTESIAN_POINT('',(-1.2,-5.7,-1.31));
#8617=CARTESIAN_POINT('',(-1.2,-5.68,-1.31));
#8618=CARTESIAN_POINT('',(-1.2,-5.68,-1.31));
#8619=CARTESIAN_POINT('',(-1.2,-5.68,-1.31));
#8620=CARTESIAN_POINT('',(-1.2,-5.68,-1.31));
#8621=CARTESIAN_POINT('',(-1.2,-5.68,-1.25));
#8622=CARTESIAN_POINT('',(-1.2,-5.68,-1.25));
#8623=CARTESIAN_POINT('',(-1.2,-5.66,-1.25));
#8624=CARTESIAN_POINT('',(-1.2,-5.66,-1.23));
#8625=CARTESIAN_POINT('',(-1.2,-5.66,-1.23));
#8626=CARTESIAN_POINT('',(-1.2,-5.66,-1.25));
#8627=CARTESIAN_POINT('',(-1.2,-5.66,-1.23));
#8628=CARTESIAN_POINT('',(-1.2,-5.66,-1.23));
#8629=CARTESIAN_POINT('',(-1.2,-5.4,-1.23));
#8630=CARTESIAN_POINT('',(-1.2,-5.4,-1.23));
#8631=CARTESIAN_POINT('',(-1.2,-5.4,-1.13));
#8632=CARTESIAN_POINT('',(-1.2,-5.4,-1.13));
#8633=CARTESIAN_POINT('',(-1.2,-5.3,-1.13));
#8634=CARTESIAN_POINT('',(-1.2,-5.3,-1.13));
#8635=CARTESIAN_POINT('',(-1.2,-5.3,-1.13));
#8636=CARTESIAN_POINT('',(-1.2,-5.3,-1.13));
#8637=CARTESIAN_POINT('',(-1.2,-5.3,-1.06));
#8638=CARTESIAN_POINT('',(-1.2,-5.3,-1.06));
#8639=CARTESIAN_POINT('',(-1.2,-5.3,-0.49));
#8640=CARTESIAN_POINT('',(-1.2,-5.3,-0.49));
#8641=CARTESIAN_POINT('',(-1.2,-5.3,-0.49));
#8642=CARTESIAN_POINT('',(-1.2,-5.3,-0.49));
#8643=CARTESIAN_POINT('',(-1.2,-5.3,-0.42));
#8644=CARTESIAN_POINT('',(-1.2,-5.3,-0.42));
#8645=CARTESIAN_POINT('',(-1.2,-5.4,-0.419999999999999));
#8646=CARTESIAN_POINT('',(-1.2,-5.4,-0.419999999999999));
#8647=CARTESIAN_POINT('',(-1.2,-7.4,-0.490000000000001));
#8648=CARTESIAN_POINT('',(-1.2,-7.4,-0.490000000000001));
#8649=CARTESIAN_POINT('',(-1.2,-7.4,-1.06));
#8650=CARTESIAN_POINT('',(-1.2,-7.4,-1.06));
#8651=CARTESIAN_POINT('',(-1.2,-5.4,-1.06));
#8652=CARTESIAN_POINT('',(-1.2,-5.4,-1.06));
#8653=CARTESIAN_POINT('',(-1.2,-5.4,-0.490000000000001));
#8654=CARTESIAN_POINT('',(-1.2,-5.4,-0.490000000000001));
#8655=CARTESIAN_POINT('',(-1.2,-7.4,-0.419999999999999));
#8656=CARTESIAN_POINT('',(20.46,-5.4,-0.32));
#8657=CARTESIAN_POINT('',(20.46,-7.4,-0.32));
#8658=CARTESIAN_POINT('',(20.46,-7.4,-0.32));
#8659=CARTESIAN_POINT('',(20.46,-5.4,-0.32));
#8660=CARTESIAN_POINT('',(20.46,-5.4,-0.32));
#8661=CARTESIAN_POINT('',(20.46,-5.4,-0.32));
#8662=CARTESIAN_POINT('',(20.46,-7.4,-0.419999999999999));
#8663=CARTESIAN_POINT('',(20.46,-7.5,-0.42));
#8664=CARTESIAN_POINT('',(20.46,-7.5,-0.42));
#8665=CARTESIAN_POINT('',(20.46,-7.4,-0.419999999999999));
#8666=CARTESIAN_POINT('',(20.46,-7.5,-0.42));
#8667=CARTESIAN_POINT('',(20.46,-7.5,-0.49));
#8668=CARTESIAN_POINT('',(20.46,-7.5,-0.49));
#8669=CARTESIAN_POINT('',(20.46,-7.5,-0.42));
#8670=CARTESIAN_POINT('',(20.46,-7.4,-0.490000000000001));
#8671=CARTESIAN_POINT('',(20.46,-7.4,-0.490000000000001));
#8672=CARTESIAN_POINT('',(20.46,-7.4,-1.06));
#8673=CARTESIAN_POINT('',(20.46,-7.5,-1.06));
#8674=CARTESIAN_POINT('',(20.46,-7.5,-1.06));
#8675=CARTESIAN_POINT('',(20.46,-7.4,-1.06));
#8676=CARTESIAN_POINT('',(20.46,-7.5,-1.06));
#8677=CARTESIAN_POINT('',(20.46,-7.5,-1.13));
#8678=CARTESIAN_POINT('',(20.46,-7.5,-1.13));
#8679=CARTESIAN_POINT('',(20.46,-7.5,-1.06));
#8680=CARTESIAN_POINT('',(20.46,-7.4,-1.13));
#8681=CARTESIAN_POINT('',(20.46,-7.4,-1.23));
#8682=CARTESIAN_POINT('',(20.46,-7.4,-1.23));
#8683=CARTESIAN_POINT('',(20.46,-7.4,-1.13));
#8684=CARTESIAN_POINT('',(20.46,-7.4,-1.23));
#8685=CARTESIAN_POINT('',(20.46,-7.14,-1.23));
#8686=CARTESIAN_POINT('',(20.46,-7.14,-1.23));
#8687=CARTESIAN_POINT('',(20.46,-7.4,-1.23));
#8688=CARTESIAN_POINT('',(20.46,-7.14,-1.25));
#8689=CARTESIAN_POINT('',(20.46,-7.12,-1.25));
#8690=CARTESIAN_POINT('',(20.46,-7.12,-1.25));
#8691=CARTESIAN_POINT('',(20.46,-7.14,-1.25));
#8692=CARTESIAN_POINT('',(20.46,-7.12,-1.25));
#8693=CARTESIAN_POINT('',(20.46,-7.12,-1.31));
#8694=CARTESIAN_POINT('',(20.46,-7.12,-1.31));
#8695=CARTESIAN_POINT('',(20.46,-7.12,-1.25));
#8696=CARTESIAN_POINT('',(20.46,-7.1,-1.31));
#8697=CARTESIAN_POINT('',(20.46,-7.1,-1.33));
#8698=CARTESIAN_POINT('',(20.46,-7.1,-1.33));
#8699=CARTESIAN_POINT('',(20.46,-7.1,-1.31));
#8700=CARTESIAN_POINT('',(20.46,-7.1,-1.33));
#8701=CARTESIAN_POINT('',(20.46,-5.7,-1.33));
#8702=CARTESIAN_POINT('',(20.46,-5.7,-1.33));
#8703=CARTESIAN_POINT('',(20.46,-7.1,-1.33));
#8704=CARTESIAN_POINT('',(20.46,-5.7,-1.31));
#8705=CARTESIAN_POINT('',(20.46,-5.68,-1.31));
#8706=CARTESIAN_POINT('',(20.46,-5.68,-1.31));
#8707=CARTESIAN_POINT('',(20.46,-5.7,-1.31));
#8708=CARTESIAN_POINT('',(20.46,-5.68,-1.31));
#8709=CARTESIAN_POINT('',(20.46,-5.68,-1.25));
#8710=CARTESIAN_POINT('',(20.46,-5.68,-1.25));
#8711=CARTESIAN_POINT('',(20.46,-5.68,-1.31));
#8712=CARTESIAN_POINT('',(20.46,-5.66,-1.25));
#8713=CARTESIAN_POINT('',(20.46,-5.66,-1.23));
#8714=CARTESIAN_POINT('',(20.46,-5.66,-1.23));
#8715=CARTESIAN_POINT('',(20.46,-5.66,-1.25));
#8716=CARTESIAN_POINT('',(20.46,-5.66,-1.23));
#8717=CARTESIAN_POINT('',(20.46,-5.4,-1.23));
#8718=CARTESIAN_POINT('',(20.46,-5.4,-1.23));
#8719=CARTESIAN_POINT('',(20.46,-5.66,-1.23));
#8720=CARTESIAN_POINT('',(20.46,-5.4,-1.13));
#8721=CARTESIAN_POINT('',(20.46,-5.3,-1.13));
#8722=CARTESIAN_POINT('',(20.46,-5.3,-1.13));
#8723=CARTESIAN_POINT('',(20.46,-5.4,-1.13));
#8724=CARTESIAN_POINT('',(20.46,-5.3,-1.13));
#8725=CARTESIAN_POINT('',(20.46,-5.3,-1.06));
#8726=CARTESIAN_POINT('',(20.46,-5.3,-1.06));
#8727=CARTESIAN_POINT('',(20.46,-5.3,-1.13));
#8728=CARTESIAN_POINT('',(20.46,-5.4,-1.06));
#8729=CARTESIAN_POINT('',(20.46,-5.4,-1.06));
#8730=CARTESIAN_POINT('',(20.46,-5.4,-0.490000000000001));
#8731=CARTESIAN_POINT('',(20.46,-5.3,-0.49));
#8732=CARTESIAN_POINT('',(20.46,-5.3,-0.49));
#8733=CARTESIAN_POINT('',(20.46,-5.4,-0.490000000000001));
#8734=CARTESIAN_POINT('',(20.46,-5.3,-0.49));
#8735=CARTESIAN_POINT('',(20.46,-5.3,-0.42));
#8736=CARTESIAN_POINT('',(20.46,-5.3,-0.42));
#8737=CARTESIAN_POINT('',(20.46,-5.3,-0.49));
#8738=CARTESIAN_POINT('',(20.46,-5.4,-0.419999999999999));
#8739=CARTESIAN_POINT('',(20.46,-5.4,-0.419999999999999));
#8740=CARTESIAN_POINT('',(20.46,-7.4,-0.419999999999999));
#8741=CARTESIAN_POINT('',(0.4,-5.,-3.725));
#8742=CARTESIAN_POINT('',(0.4,-0.2,-1.925));
#8743=CARTESIAN_POINT('',(0.4,-0.2,-1.925));
#8744=CARTESIAN_POINT('',(0.4,-5.,-1.925));
#8745=CARTESIAN_POINT('',(0.4,-5.3,-1.925));
#8746=CARTESIAN_POINT('',(0.4,-5.3,-3.725));
#8747=CARTESIAN_POINT('',(0.4,-5.,-1.925));
#8748=CARTESIAN_POINT('',(0.9,-0.2,-1.925));
#8749=CARTESIAN_POINT('',(0.9,-0.2,-1.925));
#8750=CARTESIAN_POINT('',(0.9,-5.,-1.925));
#8751=CARTESIAN_POINT('',(0.9,-5.3,-1.925));
#8752=CARTESIAN_POINT('',(0.4,-5.3,-1.925));
#8753=CARTESIAN_POINT('',(0.9,-5.,-1.925));
#8754=CARTESIAN_POINT('',(0.9,-0.2,-0.475));
#8755=CARTESIAN_POINT('',(0.9,-0.2,-0.475));
#8756=CARTESIAN_POINT('',(0.9,-5.,-0.475));
#8757=CARTESIAN_POINT('',(0.9,-5.3,-0.475));
#8758=CARTESIAN_POINT('',(0.9,-5.3,-1.925));
#8759=CARTESIAN_POINT('',(0.9,-5.,-0.475));
#8760=CARTESIAN_POINT('',(18.36,-0.2,-0.475000000000003));
#8761=CARTESIAN_POINT('',(18.36,-0.2,-0.475000000000003));
#8762=CARTESIAN_POINT('',(18.36,-5.,-0.475000000000003));
#8763=CARTESIAN_POINT('',(18.36,-5.3,-0.475000000000003));
#8764=CARTESIAN_POINT('',(0.9,-5.3,-0.475));
#8765=CARTESIAN_POINT('',(18.36,-5.,-0.475000000000003));
#8766=CARTESIAN_POINT('',(18.36,-0.2,-1.92499999999999));
#8767=CARTESIAN_POINT('',(18.36,-0.2,-1.92499999999999));
#8768=CARTESIAN_POINT('',(18.36,-5.,-1.92499999999999));
#8769=CARTESIAN_POINT('',(18.36,-5.3,-1.92499999999999));
#8770=CARTESIAN_POINT('',(18.36,-5.3,-0.475000000000003));
#8771=CARTESIAN_POINT('',(18.36,-5.,-1.92499999999999));
#8772=CARTESIAN_POINT('',(18.86,-0.2,-1.92499999999999));
#8773=CARTESIAN_POINT('',(18.86,-0.2,-1.92499999999999));
#8774=CARTESIAN_POINT('',(18.86,-5.,-1.92499999999999));
#8775=CARTESIAN_POINT('',(18.86,-5.3,-1.92499999999999));
#8776=CARTESIAN_POINT('',(18.36,-5.3,-1.92499999999999));
#8777=CARTESIAN_POINT('',(18.86,-5.,-1.92499999999999));
#8778=CARTESIAN_POINT('',(18.86,-0.2,-3.725));
#8779=CARTESIAN_POINT('',(18.86,-0.2,-3.725));
#8780=CARTESIAN_POINT('',(18.86,-5.,-3.725));
#8781=CARTESIAN_POINT('',(18.86,-5.3,-3.725));
#8782=CARTESIAN_POINT('',(18.86,-5.3,-1.92499999999999));
#8783=CARTESIAN_POINT('',(18.86,-5.,-3.725));
#8784=CARTESIAN_POINT('',(0.400000000000001,-0.2,-3.725));
#8785=CARTESIAN_POINT('',(10.38,-0.2,-3.725));
#8786=CARTESIAN_POINT('',(10.38,-5.3,-3.725));
#8787=CARTESIAN_POINT('',(10.38,-5.3,-3.725));
#8788=CARTESIAN_POINT('',(18.86,-5.3,-3.725));
#8789=CARTESIAN_POINT('',(18.56,-5.3,-3.42499999999999));
#8790=CARTESIAN_POINT('',(18.56,-5.3,-3.42499999999999));
#8791=CARTESIAN_POINT('',(18.56,-5.3,-3.42499999999999));
#8792=CARTESIAN_POINT('',(18.56,-5.,-3.42499999999999));
#8793=CARTESIAN_POINT('',(18.56,-5.3,-3.42499999999999));
#8794=CARTESIAN_POINT('',(0.699999999999999,-5.3,-3.425));
#8795=CARTESIAN_POINT('',(0.699999999999999,-5.3,-3.425));
#8796=CARTESIAN_POINT('',(0.699999999999999,-5.,-3.425));
#8797=CARTESIAN_POINT('',(1.08116689204742E-15,-5.,-3.425));
#8798=CARTESIAN_POINT('',(18.56,-5.3,-2.225));
#8799=CARTESIAN_POINT('',(18.56,-5.3,-2.225));
#8800=CARTESIAN_POINT('',(18.56,-5.3,-2.225));
#8801=CARTESIAN_POINT('',(18.56,-5.,-2.225));
#8802=CARTESIAN_POINT('',(18.56,-5.3,-2.225));
#8803=CARTESIAN_POINT('',(18.56,-5.,0.));
#8804=CARTESIAN_POINT('',(18.06,-5.3,-2.225));
#8805=CARTESIAN_POINT('',(18.06,-5.3,-2.225));
#8806=CARTESIAN_POINT('',(18.06,-5.3,-2.225));
#8807=CARTESIAN_POINT('',(18.06,-5.,-2.225));
#8808=CARTESIAN_POINT('',(18.06,-5.3,-2.225));
#8809=CARTESIAN_POINT('',(0.,-5.,-2.225));
#8810=CARTESIAN_POINT('',(18.06,-5.3,-0.774999999999997));
#8811=CARTESIAN_POINT('',(18.06,-5.3,-0.774999999999997));
#8812=CARTESIAN_POINT('',(18.06,-5.3,-0.774999999999997));
#8813=CARTESIAN_POINT('',(18.06,-5.,-0.774999999999997));
#8814=CARTESIAN_POINT('',(18.06,-5.3,-0.774999999999997));
#8815=CARTESIAN_POINT('',(18.06,-5.,0.));
#8816=CARTESIAN_POINT('',(1.2,-5.3,-0.775));
#8817=CARTESIAN_POINT('',(1.2,-5.3,-0.775));
#8818=CARTESIAN_POINT('',(1.2,-5.3,-0.775));
#8819=CARTESIAN_POINT('',(1.2,-5.,-0.775));
#8820=CARTESIAN_POINT('',(1.2,-5.3,-0.775));
#8821=CARTESIAN_POINT('',(1.29576950033113E-16,-5.,-0.775));
#8822=CARTESIAN_POINT('',(1.2,-5.3,-2.225));
#8823=CARTESIAN_POINT('',(1.2,-5.3,-2.225));
#8824=CARTESIAN_POINT('',(1.2,-5.3,-2.225));
#8825=CARTESIAN_POINT('',(1.2,-5.,-2.225));
#8826=CARTESIAN_POINT('',(1.2,-5.3,-2.225));
#8827=CARTESIAN_POINT('',(1.2,-5.,0.));
#8828=CARTESIAN_POINT('',(0.7,-5.3,-2.225));
#8829=CARTESIAN_POINT('',(0.7,-5.3,-2.225));
#8830=CARTESIAN_POINT('',(0.7,-5.3,-2.225));
#8831=CARTESIAN_POINT('',(0.7,-5.,-2.225));
#8832=CARTESIAN_POINT('',(0.7,-5.3,-2.225));
#8833=CARTESIAN_POINT('',(0.,-5.,-2.225));
#8834=CARTESIAN_POINT('',(0.699999999999999,-5.3,-3.425));
#8835=CARTESIAN_POINT('',(0.699999999999999,-5.3,-3.425));
#8836=CARTESIAN_POINT('',(0.700000000000001,-5.,-3.79470760369927E-16));
#8837=CARTESIAN_POINT('',(0.,-5.3,0.));
#8838=CARTESIAN_POINT('',(10.38,-5.3,-3.725));
#8839=CARTESIAN_POINT('',(10.38,-5.3,-3.945));
#8840=CARTESIAN_POINT('',(10.38,-5.3,-3.945));
#8841=CARTESIAN_POINT('',(8.88,-5.3,-3.94500000000001));
#8842=CARTESIAN_POINT('',(8.88,-5.3,-3.94500000000001));
#8843=CARTESIAN_POINT('',(0.,-5.,0.));
#8844=CARTESIAN_POINT('',(0.9,-0.2,-0.475));
#8845=CARTESIAN_POINT('',(0.9,-0.2,-0.475));
#8846=CARTESIAN_POINT('',(18.36,-0.2,-0.475000000000003));
#8847=CARTESIAN_POINT('',(18.36,-0.2,-0.475000000000003));
#8848=CARTESIAN_POINT('',(18.8433333333333,0.283333333333332,-1.44166666666666));
#8849=CARTESIAN_POINT('',(0.9,-0.2,-1.925));
#8850=CARTESIAN_POINT('',(0.733333333333332,-0.0333333333333329,-1.75833333333333));
#8851=CARTESIAN_POINT('',(18.36,-0.2,-1.92499999999999));
#8852=CARTESIAN_POINT('',(18.86,-0.2,-1.92499999999999));
#8853=CARTESIAN_POINT('',(0.4,-0.2,-1.925));
#8854=CARTESIAN_POINT('',(0.4,-0.2,-1.925));
#8855=CARTESIAN_POINT('',(18.86,-0.2,-1.92499999999999));
#8856=CARTESIAN_POINT('',(18.86,-0.2,-3.725));
#8857=CARTESIAN_POINT('',(0.4,-0.2,-3.725));
#8858=CARTESIAN_POINT('',(18.86,-0.2,-3.725));
#8859=CARTESIAN_POINT('',(10.38,-0.199999999999999,-3.725));
#8860=CARTESIAN_POINT('',(-0.2,-6.4,0.));
#8861=CARTESIAN_POINT('',(-0.2,-6.4,0.));
#8862=CARTESIAN_POINT('',(-0.2,-6.4,0.8));
#8863=CARTESIAN_POINT('',(-0.2,-6.4,0.6));
#8864=CARTESIAN_POINT('',(0.55,-6.4,0.6));
#8865=CARTESIAN_POINT('',(-0.2,-6.4,0.8));
#8866=CARTESIAN_POINT('',(-0.2,-6.4,0.8));
#8867=CARTESIAN_POINT('',(0.35,-6.4,0.8));
#8868=CARTESIAN_POINT('',(19.335,-6.025,0.8));
#8869=CARTESIAN_POINT('',(18.96,-6.025,0.8));
#8870=CARTESIAN_POINT('',(18.96,-6.025,0.6));
#8871=CARTESIAN_POINT('',(19.335,-6.025,0.6));
#8872=CARTESIAN_POINT('',(19.335,-5.65,0.6));
#8873=CARTESIAN_POINT('',(19.335,-5.65,0.8));
#8874=CARTESIAN_POINT('',(18.96,-6.025,0.8));
#8875=CARTESIAN_POINT('',(18.96,-6.775,0.8));
#8876=CARTESIAN_POINT('',(18.96,-6.775,0.6));
#8877=CARTESIAN_POINT('',(18.96,-6.025,0.6));
#8878=CARTESIAN_POINT('',(19.335,-6.775,0.8));
#8879=CARTESIAN_POINT('',(19.335,-7.15,0.8));
#8880=CARTESIAN_POINT('',(19.335,-7.15,0.6));
#8881=CARTESIAN_POINT('',(19.335,-6.775,0.6));
#8882=CARTESIAN_POINT('',(19.335,-7.15,0.8));
#8883=CARTESIAN_POINT('',(19.585,-7.15,0.8));
#8884=CARTESIAN_POINT('',(19.585,-7.15,0.6));
#8885=CARTESIAN_POINT('',(19.335,-7.15,0.6));
#8886=CARTESIAN_POINT('',(19.585,-6.775,0.8));
#8887=CARTESIAN_POINT('',(19.96,-6.775,0.8));
#8888=CARTESIAN_POINT('',(19.96,-6.775,0.6));
#8889=CARTESIAN_POINT('',(19.96,-6.775,0.));
#8890=CARTESIAN_POINT('',(19.585,-6.775,0.6));
#8891=CARTESIAN_POINT('',(19.585,-6.775,0.));
#8892=CARTESIAN_POINT('',(19.96,-6.775,0.8));
#8893=CARTESIAN_POINT('',(19.96,-6.025,0.8));
#8894=CARTESIAN_POINT('',(19.96,-6.025,0.6));
#8895=CARTESIAN_POINT('',(19.96,-6.025,0.));
#8896=CARTESIAN_POINT('',(19.96,-6.775,0.6));
#8897=CARTESIAN_POINT('',(19.96,-6.775,0.));
#8898=CARTESIAN_POINT('',(19.585,-6.025,0.8));
#8899=CARTESIAN_POINT('',(19.585,-5.65,0.8));
#8900=CARTESIAN_POINT('',(19.585,-5.65,0.6));
#8901=CARTESIAN_POINT('',(19.585,-6.025,0.6));
#8902=CARTESIAN_POINT('',(19.585,-6.025,0.));
#8903=CARTESIAN_POINT('',(19.585,-5.65,0.8));
#8904=CARTESIAN_POINT('',(19.585,-5.65,0.6));
#8905=CARTESIAN_POINT('',(19.335,-6.025,0.8));
#8906=CARTESIAN_POINT('',(19.335,-5.85,0.8));
#8907=CARTESIAN_POINT('',(19.585,-5.85,0.8));
#8908=CARTESIAN_POINT('',(19.335,-5.85,0.8));
#8909=CARTESIAN_POINT('',(19.335,-6.025,0.8));
#8910=CARTESIAN_POINT('',(19.16,-6.025,0.8));
#8911=CARTESIAN_POINT('',(19.16,-6.775,0.8));
#8912=CARTESIAN_POINT('',(19.16,-6.775,0.8));
#8913=CARTESIAN_POINT('',(19.335,-6.775,0.8));
#8914=CARTESIAN_POINT('',(19.335,-6.94999999999999,0.8));
#8915=CARTESIAN_POINT('',(19.585,-6.95,0.8));
#8916=CARTESIAN_POINT('',(19.585,-6.95,0.8));
#8917=CARTESIAN_POINT('',(19.585,-6.775,0.8));
#8918=CARTESIAN_POINT('',(19.76,-6.775,0.8));
#8919=CARTESIAN_POINT('',(19.76,-6.025,0.8));
#8920=CARTESIAN_POINT('',(19.76,-6.025,0.8));
#8921=CARTESIAN_POINT('',(19.585,-6.025,0.8));
#8922=CARTESIAN_POINT('',(19.335,-6.025,0.));
#8923=CARTESIAN_POINT('',(-0.2,-6.4,0.6));
#8924=CARTESIAN_POINT('',(19.585,-6.775,0.6));
#8925=CARTESIAN_POINT('',(19.585,-6.95,0.6));
#8926=CARTESIAN_POINT('',(19.76,-6.775,0.6));
#8927=CARTESIAN_POINT('',(19.76,-6.025,0.6));
#8928=CARTESIAN_POINT('',(19.76,-6.025,0.6));
#8929=CARTESIAN_POINT('',(19.335,-6.95,0.6));
#8930=CARTESIAN_POINT('',(19.335,-6.95,0.6));
#8931=CARTESIAN_POINT('',(19.585,-6.025,0.6));
#8932=CARTESIAN_POINT('',(19.585,-5.85,0.6));
#8933=CARTESIAN_POINT('',(19.335,-6.775,0.6));
#8934=CARTESIAN_POINT('',(19.16,-6.775,0.6));
#8935=CARTESIAN_POINT('',(19.335,-5.85,0.6));
#8936=CARTESIAN_POINT('',(19.335,-5.85,0.6));
#8937=CARTESIAN_POINT('',(19.16,-6.025,0.6));
#8938=CARTESIAN_POINT('',(19.16,-6.025,0.6));
#8939=CARTESIAN_POINT('',(19.335,-6.025,0.6));
#8940=CARTESIAN_POINT('',(10.38,-5.3,-3.945));
#8941=CARTESIAN_POINT('',(8.88,-5.3,-3.94500000000001));
#8942=CARTESIAN_POINT('',(10.38,-5.3,-3.945));
#8943=CARTESIAN_POINT('',(8.88,-5.3,-3.94500000000001));
#8944=CARTESIAN_POINT('',(10.38,-5.3,-3.725));
#8945=CARTESIAN_POINT('',(0.,0.,0.));
#8946=CARTESIAN_POINT('',(-0.5,-0.7,0.7));
#8947=CARTESIAN_POINT('',(-0.5,-0.7,-0.25));
#8948=CARTESIAN_POINT('',(-0.5,-0.7,-0.25));
#8949=CARTESIAN_POINT('',(-1.315,-0.7,-0.25));
#8950=CARTESIAN_POINT('',(-1.315,-0.7,0.7));
#8951=CARTESIAN_POINT('',(-1.315,-0.7,0.25));
#8952=CARTESIAN_POINT('',(-0.5,-0.7,0.25));
#8953=CARTESIAN_POINT('',(-0.5,-0.7,0.25));
#8954=CARTESIAN_POINT('',(-0.5,-0.7,0.7));
#8955=CARTESIAN_POINT('',(-1.665,-0.7,0.7));
#8956=CARTESIAN_POINT('',(-1.665,-0.7,-0.2));
#8957=CARTESIAN_POINT('',(-1.665,-2.82,-0.2));
#8958=CARTESIAN_POINT('',(-1.665,-7.13,-0.2));
#8959=CARTESIAN_POINT('',(-1.665,-7.13,-9.8));
#8960=CARTESIAN_POINT('',(-1.665,-7.13,0.2));
#8961=CARTESIAN_POINT('',(-1.665,-0.7,0.2));
#8962=CARTESIAN_POINT('',(-1.665,-2.82,0.2));
#8963=CARTESIAN_POINT('',(-1.665,-1.6516933578367,1.53368338146495));
#8964=CARTESIAN_POINT('',(-1.665,-2.601,0.45));
#8965=CARTESIAN_POINT('',(-1.665,-0.7,0.45));
#8966=CARTESIAN_POINT('',(-1.665,-1.08,0.45));
#8967=CARTESIAN_POINT('',(-1.665,-1.08,0.7));
#8968=CARTESIAN_POINT('',(-1.665,-1.08,0.25));
#8969=CARTESIAN_POINT('',(-1.665,-0.7,0.25));
#8970=CARTESIAN_POINT('',(-1.665,-1.05,0.25));
#8971=CARTESIAN_POINT('',(-1.665,-1.05,0.7));
#8972=CARTESIAN_POINT('',(-1.665,-1.05,-0.25));
#8973=CARTESIAN_POINT('',(-1.665,-0.7,-0.25));
#8974=CARTESIAN_POINT('',(-1.665,-1.08,-0.25));
#8975=CARTESIAN_POINT('',(-1.665,-1.08,0.7));
#8976=CARTESIAN_POINT('',(-1.665,-1.08,-0.45));
#8977=CARTESIAN_POINT('',(-1.665,-0.7,-0.45));
#8978=CARTESIAN_POINT('',(-1.665,-2.601,-0.45));
#8979=CARTESIAN_POINT('',(-1.665,-2.34560342564344,-0.741548600863653));
#8980=CARTESIAN_POINT('',(-1.665,-7.63,0.7));
#8981=CARTESIAN_POINT('',(-3.,-7.63,-0.1));
#8982=CARTESIAN_POINT('',(-1.57923670668954,-7.63,-0.1));
#8983=CARTESIAN_POINT('',(-1.45076329331046,-7.63,-0.1));
#8984=CARTESIAN_POINT('',(-1.45076329331046,-7.63,0.7));
#8985=CARTESIAN_POINT('',(-1.45076329331046,-7.63,0.1));
#8986=CARTESIAN_POINT('',(-3.,-7.63,0.1));
#8987=CARTESIAN_POINT('',(-1.57923670668954,-7.63,0.1));
#8988=CARTESIAN_POINT('',(-1.57923670668954,-7.63,0.7));
#8989=CARTESIAN_POINT('',(-1.365,-7.63,0.7));
#8990=CARTESIAN_POINT('',(-1.365,-7.63,0.2));
#8991=CARTESIAN_POINT('',(-1.365,-2.82,0.2));
#8992=CARTESIAN_POINT('',(-1.365,-7.13,0.2));
#8993=CARTESIAN_POINT('',(-1.365,-7.13,-9.8));
#8994=CARTESIAN_POINT('',(-1.365,-7.13,-0.2));
#8995=CARTESIAN_POINT('',(-1.365,-7.63,-0.2));
#8996=CARTESIAN_POINT('',(-1.365,-2.82,-0.2));
#8997=CARTESIAN_POINT('',(-1.365,-5.35453626166701,2.6933062347797));
#8998=CARTESIAN_POINT('',(-1.365,-2.601,-0.45));
#8999=CARTESIAN_POINT('',(-1.365,-7.63,-0.45));
#9000=CARTESIAN_POINT('',(-1.365,-1.1,-0.45));
#9001=CARTESIAN_POINT('',(-1.365,-1.1,0.25));
#9002=CARTESIAN_POINT('',(-1.365,-1.1,0.45));
#9003=CARTESIAN_POINT('',(-1.365,-7.63,0.45));
#9004=CARTESIAN_POINT('',(-1.365,-2.601,0.45));
#9005=CARTESIAN_POINT('',(-1.365,-4.66062619386027,-1.9011714541784));
#9006=CARTESIAN_POINT('',(-1.365,-1.,0.7));
#9007=CARTESIAN_POINT('',(-1.365,-1.,0.25));
#9008=CARTESIAN_POINT('',(-0.5,-1.,0.25));
#9009=CARTESIAN_POINT('',(-1.265,-1.,0.25));
#9010=CARTESIAN_POINT('',(-1.265,-1.,-0.25));
#9011=CARTESIAN_POINT('',(-1.265,-1.,-0.25));
#9012=CARTESIAN_POINT('',(-1.365,-1.,-0.25));
#9013=CARTESIAN_POINT('',(-0.5,-1.,-0.25));
#9014=CARTESIAN_POINT('',(-0.5,-1.,0.7));
#9015=CARTESIAN_POINT('',(-0.5,-0.5,0.7));
#9016=CARTESIAN_POINT('',(-0.5,-0.5,-0.25));
#9017=CARTESIAN_POINT('',(0.,-0.5,-0.25));
#9018=CARTESIAN_POINT('',(1.0842021724855E-16,-0.5,0.7));
#9019=CARTESIAN_POINT('',(0.,-0.5,0.25));
#9020=CARTESIAN_POINT('',(-0.5,-0.5,0.25));
#9021=CARTESIAN_POINT('',(0.,-0.5,0.7));
#9022=CARTESIAN_POINT('',(0.,0.,0.7));
#9023=CARTESIAN_POINT('',(0.,0.,0.05));
#9024=CARTESIAN_POINT('',(0.,0.,-0.05));
#9025=CARTESIAN_POINT('',(0.,-0.2,0.05));
#9026=CARTESIAN_POINT('',(0.,-0.2,0.25));
#9027=CARTESIAN_POINT('',(0.,-1.08,0.25));
#9028=CARTESIAN_POINT('',(0.,0.,-0.25));
#9029=CARTESIAN_POINT('',(0.,-0.2,-0.25));
#9030=CARTESIAN_POINT('',(0.,-0.2,-0.05));
#9031=CARTESIAN_POINT('',(0.,0.,0.7));
#9032=CARTESIAN_POINT('',(-0.3,0.,0.7));
#9033=CARTESIAN_POINT('',(-0.3,0.,0.05));
#9034=CARTESIAN_POINT('',(-0.3,0.,-0.05));
#9035=CARTESIAN_POINT('',(0.,0.,0.05));
#9036=CARTESIAN_POINT('',(0.,0.,-0.05));
#9037=CARTESIAN_POINT('',(-0.3,0.,0.7));
#9038=CARTESIAN_POINT('',(-0.3,0.,0.25));
#9039=CARTESIAN_POINT('',(-0.3,-0.5,0.25));
#9040=CARTESIAN_POINT('',(-0.3,-0.2,0.25));
#9041=CARTESIAN_POINT('',(-0.3,-0.2,0.05));
#9042=CARTESIAN_POINT('',(-0.3,-0.2,-0.05));
#9043=CARTESIAN_POINT('',(-0.3,-0.2,-0.25));
#9044=CARTESIAN_POINT('',(-0.3,0.,-0.25));
#9045=CARTESIAN_POINT('',(-0.3,-0.5,-0.25));
#9046=CARTESIAN_POINT('',(-0.3,-0.5,0.7));
#9047=CARTESIAN_POINT('',(-0.5,-0.5,0.7));
#9048=CARTESIAN_POINT('',(-0.5,-0.5,-0.25));
#9049=CARTESIAN_POINT('',(-0.5,-0.5,0.25));
#9050=CARTESIAN_POINT('',(-3.,-1.08,0.25));
#9051=CARTESIAN_POINT('',(-3.,-0.2,0.25));
#9052=CARTESIAN_POINT('',(-1.315,-1.05,0.25));
#9053=CARTESIAN_POINT('',(-3.,-1.08,0.25));
#9054=CARTESIAN_POINT('',(-1.36297958971133,-1.08,0.25));
#9055=CARTESIAN_POINT('',(-1.265,-1.1,0.25));
#9056=CARTESIAN_POINT('',(-3.,-1.08,0.45));
#9057=CARTESIAN_POINT('',(-3.,-1.08,0.45));
#9058=CARTESIAN_POINT('',(-1.36297958971133,-1.08,0.45));
#9059=CARTESIAN_POINT('',(-1.36297958971133,-1.08,0.45));
#9060=CARTESIAN_POINT('',(-3.,-2.601,0.45));
#9061=CARTESIAN_POINT('',(-3.,-2.601,0.45));
#9062=CARTESIAN_POINT('',(-1.265,-1.1,0.45));
#9063=CARTESIAN_POINT('',(-3.,-2.82,0.2));
#9064=CARTESIAN_POINT('',(-3.,-2.82,0.2));
#9065=CARTESIAN_POINT('',(-3.,-7.13,0.2));
#9066=CARTESIAN_POINT('',(-3.,-7.13,0.2));
#9067=CARTESIAN_POINT('',(-3.,-7.63,0.1));
#9068=CARTESIAN_POINT('',(-1.49338509564202,-7.87848510759301,0.0503029784813981));
#9069=CARTESIAN_POINT('',(-1.61832401464315,-7.40212099463042,0.145575801073917));
#9070=CARTESIAN_POINT('',(-3.,-1.08,-0.25));
#9071=CARTESIAN_POINT('',(-3.,-1.08,-0.25));
#9072=CARTESIAN_POINT('',(-1.36297958971133,-1.08,-0.25));
#9073=CARTESIAN_POINT('',(-1.36297958971133,-1.08,-0.25));
#9074=CARTESIAN_POINT('',(-1.36297958971133,-1.08,-0.45));
#9075=CARTESIAN_POINT('',(-3.,-1.08,-0.45));
#9076=CARTESIAN_POINT('',(-3.,-1.08,-0.45));
#9077=CARTESIAN_POINT('',(-1.265,-1.1,-0.45));
#9078=CARTESIAN_POINT('',(-3.,-2.601,-0.45));
#9079=CARTESIAN_POINT('',(-3.,-2.601,-0.45));
#9080=CARTESIAN_POINT('',(-3.,-2.82,-0.2));
#9081=CARTESIAN_POINT('',(-3.,-2.82,-0.2));
#9082=CARTESIAN_POINT('',(-3.,-7.13,-0.2));
#9083=CARTESIAN_POINT('',(-3.,-7.13,-0.2));
#9084=CARTESIAN_POINT('',(-1.40998127788426,-7.39224085006526,-0.147551829986948));
#9085=CARTESIAN_POINT('',(-1.70172783240092,-6.91587673710267,-0.242824652579466));
#9086=CARTESIAN_POINT('',(-3.,0.,-0.25));
#9087=CARTESIAN_POINT('',(-3.,-0.2,-0.25));
#9088=CARTESIAN_POINT('',(-1.265,-1.1,-0.25));
#9089=CARTESIAN_POINT('',(-1.315,-1.05,-0.25));
#9090=CARTESIAN_POINT('',(-1.315,-1.05,0.7));
#9091=CARTESIAN_POINT('',(-1.265,-1.1,0.7));
#9092=CARTESIAN_POINT('',(0.,-0.2,0.05));
#9093=CARTESIAN_POINT('',(-3.,-0.2,-0.05));
#9094=CARTESIAN_POINT('',(-1.565,-7.713,-9.8));
#9095=CARTESIAN_POINT('',(-1.365,-7.13,-9.8));
#9096=CARTESIAN_POINT('',(2.01,0.05,8.63));
#9097=CARTESIAN_POINT('',(3.28,0.05,8.63));
#9098=CARTESIAN_POINT('',(4.55,0.05,8.63));
#9099=CARTESIAN_POINT('',(5.82,0.05,8.63));
#9100=CARTESIAN_POINT('',(7.09,0.05,8.63));
#9101=CARTESIAN_POINT('',(8.36,0.05,8.63));
#9102=CARTESIAN_POINT('',(9.63,0.05,8.63));
#9103=CARTESIAN_POINT('',(10.9,0.05,8.63));
#9104=CARTESIAN_POINT('',(12.17,0.05,8.63));
#9105=CARTESIAN_POINT('',(13.44,0.05,8.63));
#9106=CARTESIAN_POINT('',(14.71,0.05,8.63));
#9107=CARTESIAN_POINT('',(15.98,0.05,8.63));
#9108=CARTESIAN_POINT('',(17.25,0.05,8.63));
#9109=CARTESIAN_POINT('',(-0.424980028995637,-0.684991918878981,0.7));
#9110=CARTESIAN_POINT('',(-0.424980028995637,-0.684991918878981,-0.25));
#9111=CARTESIAN_POINT('',(-0.424980028995637,-0.684991918878981,-0.25));
#9112=CARTESIAN_POINT('',(-2.74752934167569,-1.62479453106495,-0.25));
#9113=CARTESIAN_POINT('',(-2.74752934167569,-1.62479453106495,0.7));
#9114=CARTESIAN_POINT('',(-2.74752934167569,-1.62479453106495,0.25));
#9115=CARTESIAN_POINT('',(-0.424980028995637,-0.684991918878981,0.25));
#9116=CARTESIAN_POINT('',(-0.424980028995637,-0.684991918878981,0.25));
#9117=CARTESIAN_POINT('',(-0.424980028995637,-0.684991918878981,0.7));
#9118=CARTESIAN_POINT('',(-2.935,-1.70065316340464,0.7));
#9119=CARTESIAN_POINT('',(-2.935,-1.70065316340464,-0.2));
#9120=CARTESIAN_POINT('',(-2.935,-3.591,-0.2));
#9121=CARTESIAN_POINT('',(-2.935,-8.417,-0.200000000000001));
#9122=CARTESIAN_POINT('',(-2.935,-8.417,-9.783));
#9123=CARTESIAN_POINT('',(-2.935,-8.417,0.217));
#9124=CARTESIAN_POINT('',(-2.935,-1.70065316340464,0.217));
#9125=CARTESIAN_POINT('',(-2.935,-3.576,0.217));
#9126=CARTESIAN_POINT('',(-2.935,-2.49977588885044,1.41680965501362));
#9127=CARTESIAN_POINT('',(-2.935,-3.367,0.45));
#9128=CARTESIAN_POINT('',(-2.935,-1.70065316340464,0.45));
#9129=CARTESIAN_POINT('',(-2.935,-1.94,0.45));
#9130=CARTESIAN_POINT('',(-2.935,-1.94,0.7));
#9131=CARTESIAN_POINT('',(-2.935,-1.94,0.25));
#9132=CARTESIAN_POINT('',(-2.935,-1.70065316340464,0.25));
#9133=CARTESIAN_POINT('',(-2.935,-1.9028901032376,0.25));
#9134=CARTESIAN_POINT('',(-2.935,-1.9028901032376,0.7));
#9135=CARTESIAN_POINT('',(-2.935,-1.9028901032376,-0.25));
#9136=CARTESIAN_POINT('',(-2.935,-1.70065316340464,-0.25));
#9137=CARTESIAN_POINT('',(-2.935,-1.94,-0.25));
#9138=CARTESIAN_POINT('',(-2.935,-1.94,0.7));
#9139=CARTESIAN_POINT('',(-2.935,-1.94,-0.45));
#9140=CARTESIAN_POINT('',(-2.935,-1.70065316340464,-0.45));
#9141=CARTESIAN_POINT('',(-2.935,-3.367,-0.45));
#9142=CARTESIAN_POINT('',(-2.935,-3.19650567225488,-0.640283847929817));
#9143=CARTESIAN_POINT('',(-2.935,-9.,0.7));
#9144=CARTESIAN_POINT('',(-3.,-9.,-0.1));
#9145=CARTESIAN_POINT('',(-2.835,-9.,-0.100000000000002));
#9146=CARTESIAN_POINT('',(-2.735,-9.,-0.1));
#9147=CARTESIAN_POINT('',(-2.735,-9.,-9.783));
#9148=CARTESIAN_POINT('',(-2.735,-9.,0.100000000000001));
#9149=CARTESIAN_POINT('',(-3.,-9.,0.1));
#9150=CARTESIAN_POINT('',(-2.835,-9.,0.100000000000001));
#9151=CARTESIAN_POINT('',(-2.835,-9.,-9.783));
#9152=CARTESIAN_POINT('',(-2.635,-9.,0.7));
#9153=CARTESIAN_POINT('',(-2.635,-9.,0.217));
#9154=CARTESIAN_POINT('',(-2.635,-3.576,0.217));
#9155=CARTESIAN_POINT('',(-2.635,-8.417,0.217));
#9156=CARTESIAN_POINT('',(-2.635,-8.417,-9.783));
#9157=CARTESIAN_POINT('',(-2.635,-8.417,-0.200000000000001));
#9158=CARTESIAN_POINT('',(-2.635,-9.,-0.2));
#9159=CARTESIAN_POINT('',(-2.635,-3.591,-0.2));
#9160=CARTESIAN_POINT('',(-2.635,-6.44699403599702,2.98749334374667));
#9161=CARTESIAN_POINT('',(-2.635,-3.367,-0.45));
#9162=CARTESIAN_POINT('',(-2.635,-9.,-0.45));
#9163=CARTESIAN_POINT('',(-2.635,-1.96996420601806,-0.45));
#9164=CARTESIAN_POINT('',(-2.635,-1.96996420601806,0.25));
#9165=CARTESIAN_POINT('',(-2.635,-1.96996420601806,0.45));
#9166=CARTESIAN_POINT('',(-2.635,-9.,0.45));
#9167=CARTESIAN_POINT('',(-2.635,-3.367,0.45));
#9168=CARTESIAN_POINT('',(-2.635,-5.75426980708381,-2.21140605287333));
#9169=CARTESIAN_POINT('',(-2.635,-1.90252344105599,0.7));
#9170=CARTESIAN_POINT('',(-2.635,-1.90252344105599,0.25));
#9171=CARTESIAN_POINT('',(-0.312632401126333,-0.963851421119792,0.25));
#9172=CARTESIAN_POINT('',(-2.57247351524153,-1.87725101571892,0.25));
#9173=CARTESIAN_POINT('',(-2.57247351524153,-1.87725101571892,-0.25));
#9174=CARTESIAN_POINT('',(-2.57247351524153,-1.87725101571892,-0.25));
#9175=CARTESIAN_POINT('',(-2.635,-1.90252344105599,-0.25));
#9176=CARTESIAN_POINT('',(-0.312632401126333,-0.963851421119792,-0.25));
#9177=CARTESIAN_POINT('',(-0.312632401126333,-0.963851421119792,0.7));
#9178=CARTESIAN_POINT('',(-0.499999999999981,-0.500285478785453,0.7));
#9179=CARTESIAN_POINT('',(-0.499999999999981,-0.500285478785453,-0.25));
#9180=CARTESIAN_POINT('',(0.,-0.500285615373566,-0.25));
#9181=CARTESIAN_POINT('',(0.,-0.500285615373566,0.7));
#9182=CARTESIAN_POINT('',(0.,-0.500285615373566,0.25));
#9183=CARTESIAN_POINT('',(-0.499999999999981,-0.500285478785453,0.25));
#9184=CARTESIAN_POINT('',(0.,-0.500285615373566,0.7));
#9185=CARTESIAN_POINT('',(0.,0.,0.7));
#9186=CARTESIAN_POINT('',(0.,0.,0.05));
#9187=CARTESIAN_POINT('',(0.,0.,-0.05));
#9188=CARTESIAN_POINT('',(0.,-0.2,0.05));
#9189=CARTESIAN_POINT('',(0.,-0.2,0.25));
#9190=CARTESIAN_POINT('',(0.,-1.94,0.25));
#9191=CARTESIAN_POINT('',(0.,0.,-0.25));
#9192=CARTESIAN_POINT('',(0.,-0.2,-0.25));
#9193=CARTESIAN_POINT('',(0.,-0.2,-0.05));
#9194=CARTESIAN_POINT('',(0.,0.,0.7));
#9195=CARTESIAN_POINT('',(-0.3,0.,0.7));
#9196=CARTESIAN_POINT('',(-0.3,0.,0.05));
#9197=CARTESIAN_POINT('',(-0.3,0.,-0.05));
#9198=CARTESIAN_POINT('',(0.,0.,0.05));
#9199=CARTESIAN_POINT('',(0.,0.,-0.05));
#9200=CARTESIAN_POINT('',(-0.3,0.,0.7));
#9201=CARTESIAN_POINT('',(-0.3,0.,0.25));
#9202=CARTESIAN_POINT('',(-0.3,-0.499594871839518,0.25));
#9203=CARTESIAN_POINT('',(-0.3,-0.2,0.25));
#9204=CARTESIAN_POINT('',(-0.3,-0.2,0.05));
#9205=CARTESIAN_POINT('',(-0.3,-0.2,-0.05));
#9206=CARTESIAN_POINT('',(-0.3,-0.2,-0.25));
#9207=CARTESIAN_POINT('',(-0.3,0.,-0.25));
#9208=CARTESIAN_POINT('',(-0.299999999999932,-0.499595036622254,-0.25));
#9209=CARTESIAN_POINT('',(-0.3,-0.499594871839518,0.7));
#9210=CARTESIAN_POINT('',(-0.499999999999932,-0.499595036622254,0.7));
#9211=CARTESIAN_POINT('',(-0.499999999999932,-0.499595036622254,-0.25));
#9212=CARTESIAN_POINT('',(-0.499999999999932,-0.499595036622254,0.25));
#9213=CARTESIAN_POINT('',(-3.,-1.94,0.25));
#9214=CARTESIAN_POINT('',(-3.,-0.2,0.25));
#9215=CARTESIAN_POINT('',(-2.635,-1.9028901032376,0.25));
#9216=CARTESIAN_POINT('',(-3.,-1.94,0.25));
#9217=CARTESIAN_POINT('',(-2.6304051694496,-1.94,0.25));
#9218=CARTESIAN_POINT('',(-2.535,-1.96996420601806,0.25));
#9219=CARTESIAN_POINT('',(-3.,-1.94,0.45));
#9220=CARTESIAN_POINT('',(-3.,-1.94,0.45));
#9221=CARTESIAN_POINT('',(-2.6304051694496,-1.94,0.45));
#9222=CARTESIAN_POINT('',(-2.6304051694496,-1.94,0.45));
#9223=CARTESIAN_POINT('',(-3.,-3.367,0.45));
#9224=CARTESIAN_POINT('',(-3.,-3.367,0.45));
#9225=CARTESIAN_POINT('',(-2.535,-1.96996420601806,0.45));
#9226=CARTESIAN_POINT('',(-3.,-3.576,0.217));
#9227=CARTESIAN_POINT('',(-3.,-3.576,0.217));
#9228=CARTESIAN_POINT('',(-3.,-8.417,0.217));
#9229=CARTESIAN_POINT('',(-3.,-8.417,0.217));
#9230=CARTESIAN_POINT('',(-3.,-9.,0.1));
#9231=CARTESIAN_POINT('',(-2.74228866983151,-9.04249294511769,0.0914722562971359));
#9232=CARTESIAN_POINT('',(-2.83953822838565,-8.97354212851163,0.105309727211218));
#9233=CARTESIAN_POINT('',(-3.,-1.94,-0.25));
#9234=CARTESIAN_POINT('',(-3.,-1.94,-0.25));
#9235=CARTESIAN_POINT('',(-2.6304051694496,-1.94,-0.25));
#9236=CARTESIAN_POINT('',(-2.6304051694496,-1.94,-0.25));
#9237=CARTESIAN_POINT('',(-2.6304051694496,-1.94,-0.45));
#9238=CARTESIAN_POINT('',(-3.,-1.94,-0.45));
#9239=CARTESIAN_POINT('',(-3.,-1.94,-0.45));
#9240=CARTESIAN_POINT('',(-2.535,-1.96996420601806,-0.45));
#9241=CARTESIAN_POINT('',(-3.,-3.367,-0.45));
#9242=CARTESIAN_POINT('',(-3.,-3.367,-0.45));
#9243=CARTESIAN_POINT('',(-3.,-3.591,-0.2));
#9244=CARTESIAN_POINT('',(-3.,-3.591,-0.2));
#9245=CARTESIAN_POINT('',(-1.84130314185358,-3.78974731700624,-0.2));
#9246=CARTESIAN_POINT('',(-2.64923670668954,-8.5,-0.2));
#9247=CARTESIAN_POINT('',(-3.,-8.5,-0.2));
#9248=CARTESIAN_POINT('',(-2.92076329331046,-8.5,-0.2));
#9249=CARTESIAN_POINT('',(-3.74098646999478,-3.7180988799305,-0.2));
#9250=CARTESIAN_POINT('',(-3.,-8.5,-0.2));
#9251=CARTESIAN_POINT('',(-2.65888672575253,-8.55625961113726,-0.188748077772547));
#9252=CARTESIAN_POINT('',(-2.9229432127736,-8.48729106952989,-0.202541786094023));
#9253=CARTESIAN_POINT('',(-3.,0.,-0.25));
#9254=CARTESIAN_POINT('',(-3.,-0.2,-0.25));
#9255=CARTESIAN_POINT('',(-2.535,-1.96996420601806,-0.25));
#9256=CARTESIAN_POINT('',(-2.635,-1.9028901032376,-0.25));
#9257=CARTESIAN_POINT('',(-2.635,-1.9028901032376,0.7));
#9258=CARTESIAN_POINT('',(-2.535,-1.96996420601806,0.7));
#9259=CARTESIAN_POINT('',(0.,-0.2,0.05));
#9260=CARTESIAN_POINT('',(-3.,-0.2,-0.05));
#9261=CARTESIAN_POINT('',(-2.835,-9.,-9.783));
#9262=CARTESIAN_POINT('',(-2.635,-8.417,-9.783));
#9263=CARTESIAN_POINT('',(2.01,0.05,10.));
#9264=CARTESIAN_POINT('',(3.28,0.05,10.));
#9265=CARTESIAN_POINT('',(4.55,0.05,10.));
#9266=CARTESIAN_POINT('',(5.82,0.05,10.));
#9267=CARTESIAN_POINT('',(7.09,0.05,10.));
#9268=CARTESIAN_POINT('',(8.36,0.05,10.));
#9269=CARTESIAN_POINT('',(9.63,0.05,10.));
#9270=CARTESIAN_POINT('',(10.9,0.05,10.));
#9271=CARTESIAN_POINT('',(12.17,0.05,10.));
#9272=CARTESIAN_POINT('',(13.44,0.05,10.));
#9273=CARTESIAN_POINT('',(14.71,0.05,10.));
#9274=CARTESIAN_POINT('',(15.98,0.05,10.));
#9275=CARTESIAN_POINT('',(17.25,0.05,10.));
#9276=CARTESIAN_POINT('',(-0.94,0.,3.6));
#9277=CARTESIAN_POINT('',(0.,0.,2.8));
#9278=CARTESIAN_POINT('',(0.,0.,2.8));
#9279=CARTESIAN_POINT('',(-0.299999994524964,0.,2.8));
#9280=CARTESIAN_POINT('',(-0.299999994524964,0.,2.95));
#9281=CARTESIAN_POINT('',(-0.299999994524964,0.,3.1));
#9282=CARTESIAN_POINT('',(-0.3,0.,3.6));
#9283=CARTESIAN_POINT('',(-0.3,0.,3.6));
#9284=CARTESIAN_POINT('',(-0.94,0.,3.6));
#9285=CARTESIAN_POINT('',(-0.839999999999999,0.,3.6));
#9286=CARTESIAN_POINT('',(-0.839999999999999,0.,3.5));
#9287=CARTESIAN_POINT('',(-0.94,0.,3.5));
#9288=CARTESIAN_POINT('',(-0.94,0.,3.6));
#9289=CARTESIAN_POINT('',(-0.94,0.,1.62));
#9290=CARTESIAN_POINT('',(-0.84,0.,1.62));
#9291=CARTESIAN_POINT('',(-0.84,0.,1.52));
#9292=CARTESIAN_POINT('',(-0.84,0.,1.52));
#9293=CARTESIAN_POINT('',(-0.74,0.,1.52));
#9294=CARTESIAN_POINT('',(-0.74,0.,1.62));
#9295=CARTESIAN_POINT('',(-0.64,0.,1.62));
#9296=CARTESIAN_POINT('',(-0.64,0.,1.62));
#9297=CARTESIAN_POINT('',(-0.64,0.,1.7));
#9298=CARTESIAN_POINT('',(-0.54,0.,1.7));
#9299=CARTESIAN_POINT('',(-0.54,0.,1.8));
#9300=CARTESIAN_POINT('',(-0.54,0.,1.8));
#9301=CARTESIAN_POINT('',(0.,0.,1.8));
#9302=CARTESIAN_POINT('',(0.,0.,3.6));
#9303=CARTESIAN_POINT('',(-0.94,0.,3.6));
#9304=CARTESIAN_POINT('',(0.,0.,3.6));
#9305=CARTESIAN_POINT('',(0.,0.,-1.8));
#9306=CARTESIAN_POINT('',(0.,0.,-2.8));
#9307=CARTESIAN_POINT('',(-0.3,0.,-1.8));
#9308=CARTESIAN_POINT('',(-0.54,0.,-1.8));
#9309=CARTESIAN_POINT('',(-0.54,0.,-1.7));
#9310=CARTESIAN_POINT('',(-0.64,0.,-1.7));
#9311=CARTESIAN_POINT('',(-0.64,0.,-1.7));
#9312=CARTESIAN_POINT('',(-0.64,0.,-1.62));
#9313=CARTESIAN_POINT('',(-0.74,0.,-1.62));
#9314=CARTESIAN_POINT('',(-0.74,0.,-1.52));
#9315=CARTESIAN_POINT('',(-0.74,0.,-1.52));
#9316=CARTESIAN_POINT('',(-0.84,0.,-1.52));
#9317=CARTESIAN_POINT('',(-0.84,0.,-1.62));
#9318=CARTESIAN_POINT('',(-0.94,0.,-1.62));
#9319=CARTESIAN_POINT('',(-0.94,0.,3.6));
#9320=CARTESIAN_POINT('',(-0.94,0.,-3.5));
#9321=CARTESIAN_POINT('',(-0.839999999999998,0.,-3.5));
#9322=CARTESIAN_POINT('',(-0.84,0.,-3.6));
#9323=CARTESIAN_POINT('',(-0.94,0.,-3.6));
#9324=CARTESIAN_POINT('',(-0.3,0.,-3.6));
#9325=CARTESIAN_POINT('',(-0.3,0.,3.6));
#9326=CARTESIAN_POINT('',(-0.3,0.,-3.1));
#9327=CARTESIAN_POINT('',(-0.299999994524964,0.,-2.95));
#9328=CARTESIAN_POINT('',(-0.299999994524964,0.,-2.8));
#9329=CARTESIAN_POINT('',(-0.299999994524964,0.,-2.8));
#9330=CARTESIAN_POINT('',(-0.349999999999846,1.78967221921318,3.6));
#9331=CARTESIAN_POINT('',(-0.3,2.3,3.6));
#9332=CARTESIAN_POINT('',(-0.3,0.3,3.6));
#9333=CARTESIAN_POINT('',(-0.3,0.3,3.6));
#9334=CARTESIAN_POINT('',(-0.84,0.3,3.6));
#9335=CARTESIAN_POINT('',(-0.84,0.3,3.6));
#9336=CARTESIAN_POINT('',(-0.349999999999846,1.78967221921318,-3.6));
#9337=CARTESIAN_POINT('',(-0.3,-0.159,-3.6));
#9338=CARTESIAN_POINT('',(-0.3,0.3,-3.6));
#9339=CARTESIAN_POINT('',(-0.84,0.3,-3.6));
#9340=CARTESIAN_POINT('',(-0.839999999999998,0.3,-3.6));
#9341=CARTESIAN_POINT('',(-0.3,0.3,-3.6));
#9342=CARTESIAN_POINT('',(-0.3,0.3,3.6));
#9343=CARTESIAN_POINT('',(-0.299999994524964,0.3,2.95));
#9344=CARTESIAN_POINT('',(-0.3,0.3,2.8));
#9345=CARTESIAN_POINT('',(-0.3,0.3,3.1));
#9346=CARTESIAN_POINT('',(-0.3,0.3,3.6));
#9347=CARTESIAN_POINT('',(-0.3,0.3,1.8));
#9348=CARTESIAN_POINT('',(-0.54,0.3,1.8));
#9349=CARTESIAN_POINT('',(-0.54,0.3,1.8));
#9350=CARTESIAN_POINT('',(-0.54,0.3,1.7));
#9351=CARTESIAN_POINT('',(-0.64,0.3,1.7));
#9352=CARTESIAN_POINT('',(-0.64,0.3,1.62));
#9353=CARTESIAN_POINT('',(-0.64,0.3,1.62));
#9354=CARTESIAN_POINT('',(-0.74,0.3,1.62));
#9355=CARTESIAN_POINT('',(-0.74,0.3,1.52));
#9356=CARTESIAN_POINT('',(-0.84,0.3,1.52));
#9357=CARTESIAN_POINT('',(-0.84,0.3,1.52));
#9358=CARTESIAN_POINT('',(-0.84,0.3,1.62));
#9359=CARTESIAN_POINT('',(-0.94,0.3,1.62));
#9360=CARTESIAN_POINT('',(-0.94,0.3,3.6));
#9361=CARTESIAN_POINT('',(-0.94,0.3,3.5));
#9362=CARTESIAN_POINT('',(-0.839999999999999,0.3,3.5));
#9363=CARTESIAN_POINT('',(-0.3,0.3,3.6));
#9364=CARTESIAN_POINT('',(-0.3,0.3,3.6));
#9365=CARTESIAN_POINT('',(-0.3,0.3,-1.8));
#9366=CARTESIAN_POINT('',(-0.3,0.3,-1.8));
#9367=CARTESIAN_POINT('',(-0.54,0.3,-1.8));
#9368=CARTESIAN_POINT('',(-0.3,0.3,3.6));
#9369=CARTESIAN_POINT('',(-0.3,0.3,-2.8));
#9370=CARTESIAN_POINT('',(-0.299999994524964,0.3,-2.95));
#9371=CARTESIAN_POINT('',(-0.299999994524964,0.3,-3.1));
#9372=CARTESIAN_POINT('',(-0.3,0.3,3.6));
#9373=CARTESIAN_POINT('',(-0.839999999999998,0.3,-3.5));
#9374=CARTESIAN_POINT('',(-0.94,0.3,-3.5));
#9375=CARTESIAN_POINT('',(-0.94,0.3,3.6));
#9376=CARTESIAN_POINT('',(-0.94,0.3,-1.62));
#9377=CARTESIAN_POINT('',(-0.84,0.3,-1.62));
#9378=CARTESIAN_POINT('',(-0.84,0.3,-1.52));
#9379=CARTESIAN_POINT('',(-0.74,0.3,-1.52));
#9380=CARTESIAN_POINT('',(-0.74,0.3,-1.52));
#9381=CARTESIAN_POINT('',(-0.74,0.3,-1.62));
#9382=CARTESIAN_POINT('',(-0.64,0.3,-1.62));
#9383=CARTESIAN_POINT('',(-0.64,0.3,-1.7));
#9384=CARTESIAN_POINT('',(-0.64,0.3,-1.7));
#9385=CARTESIAN_POINT('',(-0.54,0.3,-1.7));
#9386=CARTESIAN_POINT('',(-0.94,0.3,3.6));
#9387=CARTESIAN_POINT('',(-0.94,0.3,3.5));
#9388=CARTESIAN_POINT('',(-0.94,0.3,1.62));
#9389=CARTESIAN_POINT('',(-0.94,0.3,3.6));
#9390=CARTESIAN_POINT('',(-0.94,0.3,-1.62));
#9391=CARTESIAN_POINT('',(-0.94,0.3,-3.5));
#9392=CARTESIAN_POINT('',(0.,0.,3.6));
#9393=CARTESIAN_POINT('',(0.,0.65,0.8));
#9394=CARTESIAN_POINT('',(0.,0.65,1.1));
#9395=CARTESIAN_POINT('',(0.,0.65,1.2));
#9396=CARTESIAN_POINT('',(0.,0.,1.1));
#9397=CARTESIAN_POINT('',(0.,1.05,1.1));
#9398=CARTESIAN_POINT('',(0.,1.05,1.2));
#9399=CARTESIAN_POINT('',(0.,1.05,1.2));
#9400=CARTESIAN_POINT('',(0.,1.14966689357874,1.2));
#9401=CARTESIAN_POINT('',(0.,1.14966689357874,1.2));
#9402=CARTESIAN_POINT('',(0.,1.14966703621625,1.03700000000006));
#9403=CARTESIAN_POINT('',(0.,1.3,1.1));
#9404=CARTESIAN_POINT('',(0.,1.3,0.769913704918033));
#9405=CARTESIAN_POINT('',(0.,1.3,0.769913704918033));
#9406=CARTESIAN_POINT('',(0.,1.3,0.669913704918033));
#9407=CARTESIAN_POINT('',(0.,1.4,0.669913704918033));
#9408=CARTESIAN_POINT('',(0.,1.4,-0.669913704918033));
#9409=CARTESIAN_POINT('',(0.,1.4,-0.669913704918033));
#9410=CARTESIAN_POINT('',(0.,1.3,-0.669913704918033));
#9411=CARTESIAN_POINT('',(0.,1.29999999999999,-0.769913704918033));
#9412=CARTESIAN_POINT('',(0.,1.29999999999999,-1.10000000000001));
#9413=CARTESIAN_POINT('',(0.,1.29999999999999,-1.10000000000001));
#9414=CARTESIAN_POINT('',(0.,1.14966703621625,-1.03700000000006));
#9415=CARTESIAN_POINT('',(0.,1.14966689357874,-1.2));
#9416=CARTESIAN_POINT('',(0.,1.05,-1.2));
#9417=CARTESIAN_POINT('',(0.,1.05,-1.2));
#9418=CARTESIAN_POINT('',(0.,1.05,-0.8));
#9419=CARTESIAN_POINT('',(0.,1.05,-1.1));
#9420=CARTESIAN_POINT('',(0.,0.,-1.1));
#9421=CARTESIAN_POINT('',(0.,0.65,-1.1));
#9422=CARTESIAN_POINT('',(0.,0.65,-1.2));
#9423=CARTESIAN_POINT('',(0.,0.65,-1.2));
#9424=CARTESIAN_POINT('',(0.,0.5,-1.2));
#9425=CARTESIAN_POINT('',(0.,0.5,-1.2));
#9426=CARTESIAN_POINT('',(0.,0.5,-1.05));
#9427=CARTESIAN_POINT('',(0.,0.35,-1.05));
#9428=CARTESIAN_POINT('',(0.,0.35,1.1));
#9429=CARTESIAN_POINT('',(0.,0.35,1.1));
#9430=CARTESIAN_POINT('',(0.,0.500332963783754,1.03700000000006));
#9431=CARTESIAN_POINT('',(0.,0.50033310642126,1.2));
#9432=CARTESIAN_POINT('',(0.,0.65,1.2));
#9433=CARTESIAN_POINT('',(0.,1.73938079470912,-1.40026177765332));
#9434=CARTESIAN_POINT('',(0.,1.66430918460821,-1.27039933752202));
#9435=CARTESIAN_POINT('',(0.,1.7,-1.54500000000001));
#9436=CARTESIAN_POINT('',(0.,2.203,-0.959));
#9437=CARTESIAN_POINT('',(3.86518074491082E-14,1.78967221921318,-1.1979311149158));
#9438=CARTESIAN_POINT('',(0.,1.7896725482511,3.6));
#9439=CARTESIAN_POINT('',(3.86518074491082E-14,1.78967221921318,1.1979311149158));
#9440=CARTESIAN_POINT('',(0.,1.7,1.24976765799257));
#9441=CARTESIAN_POINT('',(0.,1.66430918460821,1.27039933752202));
#9442=CARTESIAN_POINT('',(0.,1.73938079470912,1.40026177765332));
#9443=CARTESIAN_POINT('',(0.,1.7,1.54500000000001));
#9444=CARTESIAN_POINT('',(0.,1.7,3.6));
#9445=CARTESIAN_POINT('',(0.,1.7,2.));
#9446=CARTESIAN_POINT('',(0.,1.64393394526527,2.05606605473473));
#9447=CARTESIAN_POINT('',(0.,1.64393394526527,2.05606605473473));
#9448=CARTESIAN_POINT('',(0.,1.53786796564405,1.95));
#9449=CARTESIAN_POINT('',(0.,1.53786794865574,2.1));
#9450=CARTESIAN_POINT('',(0.,1.27562407527988,2.1));
#9451=CARTESIAN_POINT('',(0.,1.27562407527988,2.1));
#9452=CARTESIAN_POINT('',(0.,1.27562461904303,2.29999999999926));
#9453=CARTESIAN_POINT('',(0.,1.1027440816876,2.1994399691535));
#9454=CARTESIAN_POINT('',(0.,0.811255918312396,2.7005600308465));
#9455=CARTESIAN_POINT('',(0.,0.811255918312396,2.7005600308465));
#9456=CARTESIAN_POINT('',(0.,0.63837538095697,2.60000000000074));
#9457=CARTESIAN_POINT('',(0.,0.638375924720123,2.8));
#9458=CARTESIAN_POINT('',(0.,0.3,2.8));
#9459=CARTESIAN_POINT('',(0.,0.3,1.8));
#9460=CARTESIAN_POINT('',(0.,0.3,1.8));
#9461=CARTESIAN_POINT('',(0.,0.3,1.65));
#9462=CARTESIAN_POINT('',(0.,0.3,1.5));
#9463=CARTESIAN_POINT('',(0.,0.15,1.5));
#9464=CARTESIAN_POINT('',(0.,0.15,1.5));
#9465=CARTESIAN_POINT('',(0.,0.15,1.4));
#9466=CARTESIAN_POINT('',(0.,0.05,1.4));
#9467=CARTESIAN_POINT('',(0.,0.05,-1.4));
#9468=CARTESIAN_POINT('',(0.,0.0500000000000001,-1.4));
#9469=CARTESIAN_POINT('',(0.,0.15,-1.4));
#9470=CARTESIAN_POINT('',(0.,0.15,-1.5));
#9471=CARTESIAN_POINT('',(0.,0.3,-1.5));
#9472=CARTESIAN_POINT('',(0.,0.3,-1.5));
#9473=CARTESIAN_POINT('',(0.,0.3,-1.65));
#9474=CARTESIAN_POINT('',(0.,0.3,-1.8));
#9475=CARTESIAN_POINT('',(0.,0.,-1.8));
#9476=CARTESIAN_POINT('',(0.,0.3,-2.8));
#9477=CARTESIAN_POINT('',(0.,0.638375924720123,-2.8));
#9478=CARTESIAN_POINT('',(0.,0.638375380956972,-2.60000000000074));
#9479=CARTESIAN_POINT('',(0.,0.811255918312396,-2.7005600308465));
#9480=CARTESIAN_POINT('',(0.,1.1027440816876,-2.1994399691535));
#9481=CARTESIAN_POINT('',(0.,1.1027440816876,-2.1994399691535));
#9482=CARTESIAN_POINT('',(0.,1.27562461904303,-2.29999999999926));
#9483=CARTESIAN_POINT('',(0.,1.27562407527988,-2.1));
#9484=CARTESIAN_POINT('',(0.,1.53786794865573,-2.1));
#9485=CARTESIAN_POINT('',(0.,1.53786794865573,-2.1));
#9486=CARTESIAN_POINT('',(0.,1.53786796564403,-1.95));
#9487=CARTESIAN_POINT('',(0.,1.64393394526524,-2.05606605473475));
#9488=CARTESIAN_POINT('',(0.,1.70000000000001,-2.));
#9489=CARTESIAN_POINT('',(0.,1.70000000000001,-2.));
#9490=CARTESIAN_POINT('',(0.,1.7,-1.24976765799257));
#9491=CARTESIAN_POINT('',(-0.349999999999846,1.78967221921318,3.6));
#9492=CARTESIAN_POINT('',(-0.0632689320258389,1.99038418860834,3.6));
#9493=CARTESIAN_POINT('',(-0.0632689320258389,1.99038418860834,1.08190616606469));
#9494=CARTESIAN_POINT('',(-0.0632689320258389,1.99038418860834,-1.0819061660647));
#9495=CARTESIAN_POINT('',(-0.349999999999846,1.78967221921318,1.1979311149158));
#9496=CARTESIAN_POINT('',(-0.349999999999846,1.78967221921318,-1.1979311149158));
#9497=CARTESIAN_POINT('',(-0.063268932025839,1.99038418860834,3.6));
#9498=CARTESIAN_POINT('',(0.505554586488358,1.17777916215949,2.98830310170493));
#9499=CARTESIAN_POINT('',(-0.28,2.3,0.767));
#9500=CARTESIAN_POINT('',(-0.2121,2.203,0.959));
#9501=CARTESIAN_POINT('',(0.495310334459414,1.19241380791512,1.54318644189293));
#9502=CARTESIAN_POINT('',(-1.10183853445647,3.47405504922352,-0.224245129538075));
#9503=CARTESIAN_POINT('',(-0.2121,2.203,-0.959));
#9504=CARTESIAN_POINT('',(-1.33915196914539,3.81307424163627,2.22795107622851));
#9505=CARTESIAN_POINT('',(-0.280000000000001,2.3,-0.767));
#9506=CARTESIAN_POINT('',(-0.28,2.3,3.6));
#9507=CARTESIAN_POINT('',(-0.28,2.3,3.6));
#9508=CARTESIAN_POINT('',(-0.526,2.128,3.6));
#9509=CARTESIAN_POINT('',(-0.526,2.128,1.00235501858736));
#9510=CARTESIAN_POINT('',(-0.526,2.128,-1.00235501858736));
#9511=CARTESIAN_POINT('',(-0.939774965056145,1.83869392687131,1.16959328762643));
#9512=CARTESIAN_POINT('',(-0.418732558139535,2.203,0.959));
#9513=CARTESIAN_POINT('',(-1.43173919620506,1.4947189359867,2.36095839474797));
#9514=CARTESIAN_POINT('',(1.49537771614102,3.54132100478153,1.69004776204179));
#9515=CARTESIAN_POINT('',(-0.418732558139533,2.203,-0.959));
#9516=CARTESIAN_POINT('',(0.821534664096684,3.0701787082302,-0.457712679814884));
#9517=CARTESIAN_POINT('',(-0.526,2.128,3.6));
#9518=CARTESIAN_POINT('',(-0.336238489519655,1.85734016136751,3.6));
#9519=CARTESIAN_POINT('',(-0.336238489519655,1.85734016136751,1.15881451638421));
#9520=CARTESIAN_POINT('',(-0.336238489519655,1.85734016136751,-1.15881451638421));
#9521=CARTESIAN_POINT('',(0.0506467578088883,1.30551962438837,1.47780371155245));
#9522=CARTESIAN_POINT('',(-1.54766890346602,3.58522248862785,-0.159982910848953));
#9523=CARTESIAN_POINT('',(-0.499999999999861,1.74252653985315,3.6));
#9524=CARTESIAN_POINT('',(-0.499999999999861,1.74252653985315,1.22518447231537));
#9525=CARTESIAN_POINT('',(-0.3,1.74252630373608,1.22518460880684));
#9526=CARTESIAN_POINT('',(-0.499999999999861,1.74252653985315,-1.22518447231537));
#9527=CARTESIAN_POINT('',(-0.3,1.74252630373608,-1.22518460880684));
#9528=CARTESIAN_POINT('',(-0.3,1.74252630373608,3.6));
#9529=CARTESIAN_POINT('',(-0.3,1.74252630373608,3.6));
#9530=CARTESIAN_POINT('',(-0.3,1.14966689357874,1.2));
#9531=CARTESIAN_POINT('',(-0.3,1.14966689357874,1.2));
#9532=CARTESIAN_POINT('',(-0.3,1.05,1.2));
#9533=CARTESIAN_POINT('',(-0.3,1.74252630373608,1.2));
#9534=CARTESIAN_POINT('',(-0.3,0.65,1.2));
#9535=CARTESIAN_POINT('',(-0.3,0.65,1.2));
#9536=CARTESIAN_POINT('',(-0.3,0.50033310642126,1.2));
#9537=CARTESIAN_POINT('',(-0.3,0.500332963783754,1.03700000000006));
#9538=CARTESIAN_POINT('',(-0.3,0.35,1.1));
#9539=CARTESIAN_POINT('',(-0.3,0.35,1.1));
#9540=CARTESIAN_POINT('',(-0.3,0.35,-1.05));
#9541=CARTESIAN_POINT('',(-0.3,0.5,-1.05));
#9542=CARTESIAN_POINT('',(-0.3,0.5,-1.2));
#9543=CARTESIAN_POINT('',(-0.3,0.5,-1.2));
#9544=CARTESIAN_POINT('',(-0.3,0.65,-1.2));
#9545=CARTESIAN_POINT('',(-0.3,1.74252630373608,-1.2));
#9546=CARTESIAN_POINT('',(-0.3,1.05,-1.2));
#9547=CARTESIAN_POINT('',(-0.3,1.05,-1.2));
#9548=CARTESIAN_POINT('',(-0.3,1.14966689357874,-1.2));
#9549=CARTESIAN_POINT('',(-0.3,1.14966703621625,-1.03700000000006));
#9550=CARTESIAN_POINT('',(-0.3,1.29999999999999,-1.10000000000001));
#9551=CARTESIAN_POINT('',(-0.3,1.29999999999999,-1.10000000000001));
#9552=CARTESIAN_POINT('',(-0.3,1.29999999999999,-0.769913704918033));
#9553=CARTESIAN_POINT('',(-0.3,1.3,-0.669913704918033));
#9554=CARTESIAN_POINT('',(-0.3,1.4,-0.669913704918033));
#9555=CARTESIAN_POINT('',(-0.3,1.4,-0.669913704918033));
#9556=CARTESIAN_POINT('',(-0.3,1.4,0.669913704918033));
#9557=CARTESIAN_POINT('',(-0.3,1.3,0.669913704918033));
#9558=CARTESIAN_POINT('',(-0.3,1.3,0.769913704918033));
#9559=CARTESIAN_POINT('',(-0.3,1.3,0.769913704918033));
#9560=CARTESIAN_POINT('',(-0.3,1.3,1.1));
#9561=CARTESIAN_POINT('',(-0.3,1.14966703621625,1.03700000000006));
#9562=CARTESIAN_POINT('',(-0.3,3.83318764895469,-0.0166424557157857));
#9563=CARTESIAN_POINT('',(-0.3,1.66430918460821,-1.27039933752202));
#9564=CARTESIAN_POINT('',(-0.3,1.73938079470912,-1.40026177765332));
#9565=CARTESIAN_POINT('',(-0.3,1.70000000000001,-1.54500000000001));
#9566=CARTESIAN_POINT('',(-0.3,1.7,3.6));
#9567=CARTESIAN_POINT('',(-0.3,1.7,-2.00000000000001));
#9568=CARTESIAN_POINT('',(-0.3,1.70000000000001,-2.));
#9569=CARTESIAN_POINT('',(-0.3,1.64393394526524,-2.05606605473475));
#9570=CARTESIAN_POINT('',(-0.3,1.53786796564403,-1.95));
#9571=CARTESIAN_POINT('',(-0.3,1.53786794865573,-2.1));
#9572=CARTESIAN_POINT('',(-0.3,1.53786794865573,-2.1));
#9573=CARTESIAN_POINT('',(-0.3,1.27562407527988,-2.1));
#9574=CARTESIAN_POINT('',(-0.3,1.27562461904303,-2.29999999999926));
#9575=CARTESIAN_POINT('',(-0.3,1.1027440816876,-2.1994399691535));
#9576=CARTESIAN_POINT('',(-0.3,1.1027440816876,-2.1994399691535));
#9577=CARTESIAN_POINT('',(-0.3,0.811255918312396,-2.7005600308465));
#9578=CARTESIAN_POINT('',(-0.3,0.638375380956972,-2.60000000000074));
#9579=CARTESIAN_POINT('',(-0.3,0.638375924720123,-2.8));
#9580=CARTESIAN_POINT('',(-0.3,0.638375924720123,-2.8));
#9581=CARTESIAN_POINT('',(-0.3,0.3,-1.65));
#9582=CARTESIAN_POINT('',(-0.3,0.3,-1.5));
#9583=CARTESIAN_POINT('',(-0.3,0.3,-1.5));
#9584=CARTESIAN_POINT('',(-0.3,0.15,-1.5));
#9585=CARTESIAN_POINT('',(-0.3,0.15,-1.4));
#9586=CARTESIAN_POINT('',(-0.3,0.0500000000000001,-1.4));
#9587=CARTESIAN_POINT('',(-0.3,0.05,-1.4));
#9588=CARTESIAN_POINT('',(-0.3,0.05,1.4));
#9589=CARTESIAN_POINT('',(-0.3,0.15,1.4));
#9590=CARTESIAN_POINT('',(-0.3,0.15,1.5));
#9591=CARTESIAN_POINT('',(-0.3,0.15,1.5));
#9592=CARTESIAN_POINT('',(-0.3,0.3,1.5));
#9593=CARTESIAN_POINT('',(-0.3,0.3,1.65));
#9594=CARTESIAN_POINT('',(-0.3,0.,2.8));
#9595=CARTESIAN_POINT('',(-0.3,0.638375924720123,2.8));
#9596=CARTESIAN_POINT('',(-0.3,0.63837538095697,2.60000000000074));
#9597=CARTESIAN_POINT('',(-0.3,0.811255918312396,2.7005600308465));
#9598=CARTESIAN_POINT('',(-0.3,0.811255918312396,2.7005600308465));
#9599=CARTESIAN_POINT('',(-0.3,1.1027440816876,2.1994399691535));
#9600=CARTESIAN_POINT('',(-0.3,1.27562461904303,2.29999999999926));
#9601=CARTESIAN_POINT('',(-0.3,1.27562407527988,2.1));
#9602=CARTESIAN_POINT('',(-0.3,1.27562407527988,2.1));
#9603=CARTESIAN_POINT('',(-0.3,1.53786794865574,2.1));
#9604=CARTESIAN_POINT('',(-0.3,1.53786796564405,1.95));
#9605=CARTESIAN_POINT('',(-0.3,1.64393394526527,2.05606605473473));
#9606=CARTESIAN_POINT('',(-0.3,1.64393394526527,2.05606605473473));
#9607=CARTESIAN_POINT('',(-0.3,1.7,2.));
#9608=CARTESIAN_POINT('',(-0.3,1.7,3.6));
#9609=CARTESIAN_POINT('',(-0.3,1.7,1.54500000000001));
#9610=CARTESIAN_POINT('',(-0.3,1.73938079470912,1.40026177765332));
#9611=CARTESIAN_POINT('',(-0.3,1.66430918460821,1.27039933752202));
#9612=CARTESIAN_POINT('',(-0.3,0.713563654030236,1.81999387285613));
#9613=CARTESIAN_POINT('',(-0.299999994524964,0.3,-2.8));
#9614=CARTESIAN_POINT('',(-0.299999994524964,0.3,-2.8));
#9615=CARTESIAN_POINT('',(-0.3,0.638375924720123,-2.8));
#9616=CARTESIAN_POINT('',(-0.299999994524964,0.3,-2.95));
#9617=CARTESIAN_POINT('',(-0.299999994524964,0.3,-3.1));
#9618=CARTESIAN_POINT('',(-0.839999999999998,0.3,-3.5));
#9619=CARTESIAN_POINT('',(0.,0.3,2.8));
#9620=CARTESIAN_POINT('',(-0.3,0.638375924720123,2.8));
#9621=CARTESIAN_POINT('',(-0.299999994524964,0.3,2.8));
#9622=CARTESIAN_POINT('',(-0.299999994524964,0.3,2.95));
#9623=CARTESIAN_POINT('',(-0.299999994524964,0.3,3.1));
#9624=CARTESIAN_POINT('',(-0.839999999999999,0.3,3.5));
#9625=CARTESIAN_POINT('',(-0.84,0.3,1.62));
#9626=CARTESIAN_POINT('',(-0.84,0.3,1.52));
#9627=CARTESIAN_POINT('',(-0.84,0.3,1.52));
#9628=CARTESIAN_POINT('',(-0.74,0.3,1.52));
#9629=CARTESIAN_POINT('',(-0.74,0.3,1.62));
#9630=CARTESIAN_POINT('',(-0.64,0.3,1.62));
#9631=CARTESIAN_POINT('',(-0.64,0.3,1.62));
#9632=CARTESIAN_POINT('',(-0.64,0.3,1.7));
#9633=CARTESIAN_POINT('',(-0.54,0.3,1.7));
#9634=CARTESIAN_POINT('',(-0.54,0.3,1.8));
#9635=CARTESIAN_POINT('',(-0.54,0.3,1.8));
#9636=CARTESIAN_POINT('',(-0.3,0.3,1.8));
#9637=CARTESIAN_POINT('',(-0.3,0.3,-1.8));
#9638=CARTESIAN_POINT('',(-0.3,0.3,-1.8));
#9639=CARTESIAN_POINT('',(-0.54,0.3,-1.8));
#9640=CARTESIAN_POINT('',(-0.54,0.3,-1.7));
#9641=CARTESIAN_POINT('',(-0.64,0.3,-1.7));
#9642=CARTESIAN_POINT('',(-0.64,0.3,-1.7));
#9643=CARTESIAN_POINT('',(-0.64,0.3,-1.62));
#9644=CARTESIAN_POINT('',(-0.74,0.3,-1.62));
#9645=CARTESIAN_POINT('',(-0.74,0.3,-1.52));
#9646=CARTESIAN_POINT('',(-0.74,0.3,-1.52));
#9647=CARTESIAN_POINT('',(-0.84,0.3,-1.52));
#9648=CARTESIAN_POINT('',(-0.84,0.3,-1.62));
#9649=CARTESIAN_POINT('',(-3.,1.7,-1.24976765799257));
#9650=CARTESIAN_POINT('',(-0.3,1.70000000000001,-1.54500000000001));
#9651=CARTESIAN_POINT('',(-0.3,1.70000000000001,-2.));
#9652=CARTESIAN_POINT('',(-3.,2.203,-0.959));
#9653=CARTESIAN_POINT('',(-3.,2.203,-0.959));
#9654=CARTESIAN_POINT('',(-0.3,1.66430918460821,-1.27039933752202));
#9655=CARTESIAN_POINT('',(-3.,2.3,-0.767));
#9656=CARTESIAN_POINT('',(-3.,2.203,0.959));
#9657=CARTESIAN_POINT('',(-3.,2.203,0.959));
#9658=CARTESIAN_POINT('',(-3.,1.7,1.24976765799257));
#9659=CARTESIAN_POINT('',(-0.3,1.66430918460821,1.27039933752202));
#9660=CARTESIAN_POINT('',(-3.,1.7,3.6));
#9661=CARTESIAN_POINT('',(-0.3,1.7,2.));
#9662=CARTESIAN_POINT('',(-0.3,1.7,1.54500000000001));
#9663=CARTESIAN_POINT('',(-0.3,1.73938079470912,1.40026177765332));
#9664=CARTESIAN_POINT('',(-0.3,1.64393394526527,2.05606605473473));
#9665=CARTESIAN_POINT('',(-0.3,1.64393394526527,2.05606605473473));
#9666=CARTESIAN_POINT('',(-0.3,1.53786796564405,1.95));
#9667=CARTESIAN_POINT('',(-0.3,1.53786794865574,2.1));
#9668=CARTESIAN_POINT('',(-0.3,1.27562407527988,2.1));
#9669=CARTESIAN_POINT('',(-0.3,1.27562407527988,2.1));
#9670=CARTESIAN_POINT('',(-0.3,1.27562461904303,2.29999999999926));
#9671=CARTESIAN_POINT('',(-0.3,1.1027440816876,2.1994399691535));
#9672=CARTESIAN_POINT('',(-0.3,0.811255918312396,2.7005600308465));
#9673=CARTESIAN_POINT('',(-0.3,0.811255918312396,2.7005600308465));
#9674=CARTESIAN_POINT('',(-0.3,0.63837538095697,2.60000000000074));
#9675=CARTESIAN_POINT('',(-0.3,0.638375380956972,-2.60000000000074));
#9676=CARTESIAN_POINT('',(-0.3,0.811255918312396,-2.7005600308465));
#9677=CARTESIAN_POINT('',(-0.3,1.1027440816876,-2.1994399691535));
#9678=CARTESIAN_POINT('',(-0.3,1.1027440816876,-2.1994399691535));
#9679=CARTESIAN_POINT('',(-0.3,1.27562461904303,-2.29999999999926));
#9680=CARTESIAN_POINT('',(-0.3,1.27562407527988,-2.1));
#9681=CARTESIAN_POINT('',(-0.3,1.53786794865573,-2.1));
#9682=CARTESIAN_POINT('',(-0.3,1.53786794865573,-2.1));
#9683=CARTESIAN_POINT('',(-0.3,1.70000000000001,-2.));
#9684=CARTESIAN_POINT('',(-0.3,1.64393394526524,-2.05606605473475));
#9685=CARTESIAN_POINT('',(-0.3,1.53786796564403,-1.95));
#9686=CARTESIAN_POINT('',(-0.3,1.73938079470912,-1.40026177765332));
#9687=CARTESIAN_POINT('',(-0.3,0.3,1.65));
#9688=CARTESIAN_POINT('',(-0.3,0.3,1.5));
#9689=CARTESIAN_POINT('',(-0.3,0.15,1.5));
#9690=CARTESIAN_POINT('',(-0.3,0.15,1.5));
#9691=CARTESIAN_POINT('',(-0.3,0.15,1.4));
#9692=CARTESIAN_POINT('',(-0.3,0.05,1.4));
#9693=CARTESIAN_POINT('',(-0.3,0.05,-1.4));
#9694=CARTESIAN_POINT('',(-0.3,0.0500000000000001,-1.4));
#9695=CARTESIAN_POINT('',(-0.3,0.15,-1.4));
#9696=CARTESIAN_POINT('',(-0.3,0.15,-1.5));
#9697=CARTESIAN_POINT('',(-0.3,0.3,-1.5));
#9698=CARTESIAN_POINT('',(-0.3,0.3,-1.5));
#9699=CARTESIAN_POINT('',(-0.3,0.3,-1.65));
#9700=CARTESIAN_POINT('',(-0.3,1.73938079470912,-1.40026177765332));
#9701=CARTESIAN_POINT('',(-0.3,1.73938079470912,-1.40026177765332));
#9702=CARTESIAN_POINT('',(-0.3,0.65,1.2));
#9703=CARTESIAN_POINT('',(-0.3,0.50033310642126,1.2));
#9704=CARTESIAN_POINT('',(-0.3,0.65,1.2));
#9705=CARTESIAN_POINT('',(-0.3,0.500332963783754,1.03700000000006));
#9706=CARTESIAN_POINT('',(-0.3,0.35,1.1));
#9707=CARTESIAN_POINT('',(-0.3,0.35,1.1));
#9708=CARTESIAN_POINT('',(-0.3,0.35,-1.05));
#9709=CARTESIAN_POINT('',(-0.3,0.5,-1.05));
#9710=CARTESIAN_POINT('',(-0.3,0.5,-1.2));
#9711=CARTESIAN_POINT('',(-0.3,0.5,-1.2));
#9712=CARTESIAN_POINT('',(-0.3,0.65,-1.2));
#9713=CARTESIAN_POINT('',(-0.3,0.65,-1.2));
#9714=CARTESIAN_POINT('',(-0.3,0.65,-1.1));
#9715=CARTESIAN_POINT('',(-0.3,0.65,-0.8));
#9716=CARTESIAN_POINT('',(-0.3,0.65,-0.8));
#9717=CARTESIAN_POINT('',(-1.,0.65,-0.8));
#9718=CARTESIAN_POINT('',(-1.,0.65,-0.8));
#9719=CARTESIAN_POINT('',(-1.,0.65,-1.1));
#9720=CARTESIAN_POINT('',(-1.,0.65,-1.1));
#9721=CARTESIAN_POINT('',(-0.4,0.65,-1.1));
#9722=CARTESIAN_POINT('',(-0.4,0.65,-1.2));
#9723=CARTESIAN_POINT('',(-0.3,0.65,-0.8));
#9724=CARTESIAN_POINT('',(-0.3,0.65,-0.8));
#9725=CARTESIAN_POINT('',(-0.3,1.05,-0.8));
#9726=CARTESIAN_POINT('',(-0.3,1.05,-0.8));
#9727=CARTESIAN_POINT('',(-1.,1.05,-0.8));
#9728=CARTESIAN_POINT('',(-1.,1.05,-0.8));
#9729=CARTESIAN_POINT('',(-0.3,1.05,-0.8));
#9730=CARTESIAN_POINT('',(-0.3,1.05,-1.1));
#9731=CARTESIAN_POINT('',(-0.3,1.05,-1.2));
#9732=CARTESIAN_POINT('',(-0.4,1.05,-1.2));
#9733=CARTESIAN_POINT('',(-0.4,1.05,-1.1));
#9734=CARTESIAN_POINT('',(-1.,1.05,-1.1));
#9735=CARTESIAN_POINT('',(-1.,1.05,-1.1));
#9736=CARTESIAN_POINT('',(-1.,1.05,-1.1));
#9737=CARTESIAN_POINT('',(-0.3,1.05,-1.2));
#9738=CARTESIAN_POINT('',(-0.3,1.14966689357874,-1.2));
#9739=CARTESIAN_POINT('',(-0.3,1.14966703621625,-1.03700000000006));
#9740=CARTESIAN_POINT('',(-0.3,1.29999999999999,-1.10000000000001));
#9741=CARTESIAN_POINT('',(-0.3,1.29999999999999,-1.10000000000001));
#9742=CARTESIAN_POINT('',(-0.3,1.29999999999999,-0.769913704918033));
#9743=CARTESIAN_POINT('',(-0.3,1.3,-0.669913704918033));
#9744=CARTESIAN_POINT('',(-0.3,1.4,-0.669913704918033));
#9745=CARTESIAN_POINT('',(-0.3,1.4,-0.669913704918033));
#9746=CARTESIAN_POINT('',(-0.3,1.4,0.669913704918033));
#9747=CARTESIAN_POINT('',(-0.3,1.3,0.669913704918033));
#9748=CARTESIAN_POINT('',(-0.3,1.3,0.769913704918033));
#9749=CARTESIAN_POINT('',(-0.3,1.3,0.769913704918033));
#9750=CARTESIAN_POINT('',(-0.3,1.3,1.1));
#9751=CARTESIAN_POINT('',(-0.3,1.14966703621625,1.03700000000006));
#9752=CARTESIAN_POINT('',(-0.3,1.14966689357874,1.2));
#9753=CARTESIAN_POINT('',(-0.3,1.14966689357874,1.2));
#9754=CARTESIAN_POINT('',(-0.3,1.05,1.2));
#9755=CARTESIAN_POINT('',(-0.3,1.05,1.2));
#9756=CARTESIAN_POINT('',(-0.3,1.05,1.1));
#9757=CARTESIAN_POINT('',(-0.3,1.05,0.8));
#9758=CARTESIAN_POINT('',(-0.3,1.05,0.8));
#9759=CARTESIAN_POINT('',(-1.,1.05,0.8));
#9760=CARTESIAN_POINT('',(-1.,1.05,0.8));
#9761=CARTESIAN_POINT('',(-1.,1.05,1.1));
#9762=CARTESIAN_POINT('',(-1.,1.05,1.1));
#9763=CARTESIAN_POINT('',(-0.4,1.05,1.1));
#9764=CARTESIAN_POINT('',(-0.4,1.05,1.2));
#9765=CARTESIAN_POINT('',(-0.3,1.05,0.8));
#9766=CARTESIAN_POINT('',(-0.3,1.05,0.8));
#9767=CARTESIAN_POINT('',(-0.3,0.65,0.8));
#9768=CARTESIAN_POINT('',(-0.3,0.65,0.8));
#9769=CARTESIAN_POINT('',(-1.,0.65,0.8));
#9770=CARTESIAN_POINT('',(-1.,0.65,0.8));
#9771=CARTESIAN_POINT('',(-0.3,0.65,0.8));
#9772=CARTESIAN_POINT('',(-0.3,0.65,1.1));
#9773=CARTESIAN_POINT('',(-0.4,0.65,1.2));
#9774=CARTESIAN_POINT('',(-0.4,0.65,1.1));
#9775=CARTESIAN_POINT('',(-1.,0.65,1.1));
#9776=CARTESIAN_POINT('',(-1.,0.65,1.1));
#9777=CARTESIAN_POINT('',(-1.,0.65,1.1));
#9778=CARTESIAN_POINT('',(-1.,1.05,1.1));
#9779=CARTESIAN_POINT('',(-0.4,1.05,1.1));
#9780=CARTESIAN_POINT('',(-1.,1.05,1.1));
#9781=CARTESIAN_POINT('',(-1.,0.,0.));
#9782=CARTESIAN_POINT('',(-1.,0.65,-1.1));
#9783=CARTESIAN_POINT('',(-0.4,0.65,-1.1));
#9784=CARTESIAN_POINT('',(-1.,0.65,-1.1));
#9785=CARTESIAN_POINT('',(-1.,0.,0.));
#9786=CARTESIAN_POINT('',(-0.3,1.05,1.1));
#9787=CARTESIAN_POINT('',(-0.3,0.65,-1.1));
#9788=CARTESIAN_POINT('',(-0.4,1.74252630373608,1.2));
#9789=CARTESIAN_POINT('',(-0.4,1.74252630373608,-1.2));
#9790=CARTESIAN_POINT('',(-1.,0.05,6.4));
#9791=CARTESIAN_POINT('',(20.26,0.05,6.4));
#9792=MECHANICAL_DESIGN_GEOMETRIC_PRESENTATION_REPRESENTATION('',(#5884,
#5885,#5886,#5887),#9793);
#9793=(
GEOMETRIC_REPRESENTATION_CONTEXT(3)
GLOBAL_UNCERTAINTY_ASSIGNED_CONTEXT((#9798))
GLOBAL_UNIT_ASSIGNED_CONTEXT((#9805,#9804,#9803))
REPRESENTATION_CONTEXT('GBED204-1305B001C1AD','TOP_LEVEL_ASSEMBLY_PART')
);
#9794=(
GEOMETRIC_REPRESENTATION_CONTEXT(3)
GLOBAL_UNCERTAINTY_ASSIGNED_CONTEXT((#9799))
GLOBAL_UNIT_ASSIGNED_CONTEXT((#9805,#9804,#9803))
REPRESENTATION_CONTEXT('GBED204-13-HSG','COMPONENT_PART')
);
#9795=(
GEOMETRIC_REPRESENTATION_CONTEXT(3)
GLOBAL_UNCERTAINTY_ASSIGNED_CONTEXT((#9800))
GLOBAL_UNIT_ASSIGNED_CONTEXT((#9805,#9804,#9803))
REPRESENTATION_CONTEXT('GBED204-Terminal2','COMPONENT_PART')
);
#9796=(
GEOMETRIC_REPRESENTATION_CONTEXT(3)
GLOBAL_UNCERTAINTY_ASSIGNED_CONTEXT((#9801))
GLOBAL_UNIT_ASSIGNED_CONTEXT((#9805,#9804,#9803))
REPRESENTATION_CONTEXT('GBED204-Terminal','COMPONENT_PART')
);
#9797=(
GEOMETRIC_REPRESENTATION_CONTEXT(3)
GLOBAL_UNCERTAINTY_ASSIGNED_CONTEXT((#9802))
GLOBAL_UNIT_ASSIGNED_CONTEXT((#9805,#9804,#9803))
REPRESENTATION_CONTEXT('GBED204-Ground Piece','COMPONENT_PART')
);
#9798=UNCERTAINTY_MEASURE_WITH_UNIT(LENGTH_MEASURE(1.E-5),#9805,
'DISTANCE_ACCURACY_VALUE','Maximum Tolerance applied to model');
#9799=UNCERTAINTY_MEASURE_WITH_UNIT(LENGTH_MEASURE(1.E-5),#9805,
'DISTANCE_ACCURACY_VALUE','Maximum Tolerance applied to model');
#9800=UNCERTAINTY_MEASURE_WITH_UNIT(LENGTH_MEASURE(1.E-5),#9805,
'DISTANCE_ACCURACY_VALUE','Maximum Tolerance applied to model');
#9801=UNCERTAINTY_MEASURE_WITH_UNIT(LENGTH_MEASURE(1.E-5),#9805,
'DISTANCE_ACCURACY_VALUE','Maximum Tolerance applied to model');
#9802=UNCERTAINTY_MEASURE_WITH_UNIT(LENGTH_MEASURE(1.E-5),#9805,
'DISTANCE_ACCURACY_VALUE','Maximum Tolerance applied to model');
#9803=(
NAMED_UNIT(*)
SI_UNIT($,.STERADIAN.)
SOLID_ANGLE_UNIT()
);
#9804=(
NAMED_UNIT(*)
PLANE_ANGLE_UNIT()
SI_UNIT($,.RADIAN.)
);
#9805=(
LENGTH_UNIT()
NAMED_UNIT(*)
SI_UNIT(.MILLI.,.METRE.)
);
#9806=PRODUCT_DEFINITION_SHAPE('','',#9840);
#9807=PRODUCT_DEFINITION_SHAPE('','',#9841);
#9808=PRODUCT_DEFINITION_SHAPE(' ','NAUO PRDDFN',#52);
#9809=PRODUCT_DEFINITION_SHAPE('','',#9842);
#9810=PRODUCT_DEFINITION_SHAPE(' ','NAUO PRDDFN',#53);
#9811=PRODUCT_DEFINITION_SHAPE(' ','NAUO PRDDFN',#54);
#9812=PRODUCT_DEFINITION_SHAPE(' ','NAUO PRDDFN',#55);
#9813=PRODUCT_DEFINITION_SHAPE(' ','NAUO PRDDFN',#56);
#9814=PRODUCT_DEFINITION_SHAPE(' ','NAUO PRDDFN',#57);
#9815=PRODUCT_DEFINITION_SHAPE(' ','NAUO PRDDFN',#58);
#9816=PRODUCT_DEFINITION_SHAPE(' ','NAUO PRDDFN',#59);
#9817=PRODUCT_DEFINITION_SHAPE(' ','NAUO PRDDFN',#60);
#9818=PRODUCT_DEFINITION_SHAPE(' ','NAUO PRDDFN',#61);
#9819=PRODUCT_DEFINITION_SHAPE(' ','NAUO PRDDFN',#62);
#9820=PRODUCT_DEFINITION_SHAPE(' ','NAUO PRDDFN',#63);
#9821=PRODUCT_DEFINITION_SHAPE(' ','NAUO PRDDFN',#64);
#9822=PRODUCT_DEFINITION_SHAPE(' ','NAUO PRDDFN',#65);
#9823=PRODUCT_DEFINITION_SHAPE('','',#9843);
#9824=PRODUCT_DEFINITION_SHAPE(' ','NAUO PRDDFN',#66);
#9825=PRODUCT_DEFINITION_SHAPE(' ','NAUO PRDDFN',#67);
#9826=PRODUCT_DEFINITION_SHAPE(' ','NAUO PRDDFN',#68);
#9827=PRODUCT_DEFINITION_SHAPE(' ','NAUO PRDDFN',#69);
#9828=PRODUCT_DEFINITION_SHAPE(' ','NAUO PRDDFN',#70);
#9829=PRODUCT_DEFINITION_SHAPE(' ','NAUO PRDDFN',#71);
#9830=PRODUCT_DEFINITION_SHAPE(' ','NAUO PRDDFN',#72);
#9831=PRODUCT_DEFINITION_SHAPE(' ','NAUO PRDDFN',#73);
#9832=PRODUCT_DEFINITION_SHAPE(' ','NAUO PRDDFN',#74);
#9833=PRODUCT_DEFINITION_SHAPE(' ','NAUO PRDDFN',#75);
#9834=PRODUCT_DEFINITION_SHAPE(' ','NAUO PRDDFN',#76);
#9835=PRODUCT_DEFINITION_SHAPE(' ','NAUO PRDDFN',#77);
#9836=PRODUCT_DEFINITION_SHAPE(' ','NAUO PRDDFN',#78);
#9837=PRODUCT_DEFINITION_SHAPE('','',#9844);
#9838=PRODUCT_DEFINITION_SHAPE(' ','NAUO PRDDFN',#79);
#9839=PRODUCT_DEFINITION_SHAPE(' ','NAUO PRDDFN',#80);
#9840=PRODUCT_DEFINITION('','',#9850,#9845);
#9841=PRODUCT_DEFINITION('','',#9851,#9846);
#9842=PRODUCT_DEFINITION('','',#9852,#9847);
#9843=PRODUCT_DEFINITION('','',#9853,#9848);
#9844=PRODUCT_DEFINITION('','',#9854,#9849);
#9845=PRODUCT_DEFINITION_CONTEXT('',#9876,'design');
#9846=PRODUCT_DEFINITION_CONTEXT('',#9876,'design');
#9847=PRODUCT_DEFINITION_CONTEXT('',#9876,'design');
#9848=PRODUCT_DEFINITION_CONTEXT('',#9876,'design');
#9849=PRODUCT_DEFINITION_CONTEXT('',#9876,'design');
#9850=PRODUCT_DEFINITION_FORMATION_WITH_SPECIFIED_SOURCE('','',#9860,
 .NOT_KNOWN.);
#9851=PRODUCT_DEFINITION_FORMATION_WITH_SPECIFIED_SOURCE('','',#9861,
 .NOT_KNOWN.);
#9852=PRODUCT_DEFINITION_FORMATION_WITH_SPECIFIED_SOURCE('','',#9862,
 .NOT_KNOWN.);
#9853=PRODUCT_DEFINITION_FORMATION_WITH_SPECIFIED_SOURCE('','',#9863,
 .NOT_KNOWN.);
#9854=PRODUCT_DEFINITION_FORMATION_WITH_SPECIFIED_SOURCE('','',#9864,
 .NOT_KNOWN.);
#9855=PRODUCT_RELATED_PRODUCT_CATEGORY('','',(#9860));
#9856=PRODUCT_RELATED_PRODUCT_CATEGORY('','',(#9861));
#9857=PRODUCT_RELATED_PRODUCT_CATEGORY('','',(#9862));
#9858=PRODUCT_RELATED_PRODUCT_CATEGORY('','',(#9863));
#9859=PRODUCT_RELATED_PRODUCT_CATEGORY('','',(#9864));
#9860=PRODUCT('GBED204-1305B001C1AD','GBED204-1305B001C1AD',
'GBED204-1305B001C1AD',(#9870));
#9861=PRODUCT('GBED204-13-HSG','GBED204-13-HSG','GBED204-13-HSG',(#9871));
#9862=PRODUCT('GBED204-Terminal2','GBED204-Terminal2',
'GBED204-Terminal2',(#9872));
#9863=PRODUCT('GBED204-Terminal','GBED204-Terminal','GBED204-Terminal',
(#9873));
#9864=PRODUCT('GBED204-Ground Piece','GBED204-Ground Piece',
'GBED204-Ground Piece',(#9874));
#9865=PRODUCT_CATEGORY('','');
#9866=PRODUCT_CATEGORY('','');
#9867=PRODUCT_CATEGORY('','');
#9868=PRODUCT_CATEGORY('','');
#9869=PRODUCT_CATEGORY('','');
#9870=PRODUCT_CONTEXT('',#9876,'mechanical');
#9871=PRODUCT_CONTEXT('',#9876,'mechanical');
#9872=PRODUCT_CONTEXT('',#9876,'mechanical');
#9873=PRODUCT_CONTEXT('',#9876,'mechanical');
#9874=PRODUCT_CONTEXT('',#9876,'mechanical');
#9875=APPLICATION_PROTOCOL_DEFINITION('international standard',
'automotive_design',2010,#9876);
#9876=APPLICATION_CONTEXT(
'core data for automotive mechanical design processes');
ENDSEC;
END-ISO-10303-21;
