ISO-10303-21;
HEADER;
FILE_DESCRIPTION (( 'STEP AP214' ),
    '1' );
FILE_NAME ('IM03DGR.STEP',
    '2023-12-02T04:13:27',
    ( 'USER' ),
    ( '' ),
    'SwSTEP 2.0',
    'SolidWorks 2016',
    '' );
FILE_SCHEMA (( 'AUTOMOTIVE_DESIGN' ));
ENDSEC;

DATA;
#1 = DIRECTION ( 'NONE',  ( 0.0000000000000000000, -0.0000000000000000000, 1.000000000000000000 ) ) ;
#2 = CARTESIAN_POINT ( 'NONE',  ( -2.799999999999999800, -1.300000000000000300, -0.2500000000000000000 ) ) ;
#3 = CARTESIAN_POINT ( 'NONE',  ( -18.03600000000000500, 2.700000000000000200, -5.349999999999999600 ) ) ;
#4 = FACE_OUTER_BOUND ( 'NONE', #392, .T. ) ;
#5 = DIRECTION ( 'NONE',  ( -0.0000000000000000000, -0.0000000000000000000, -1.000000000000000000 ) ) ;
#6 = CARTESIAN_POINT ( 'NONE',  ( -4.700000000000000200, 2.730000000000000400, -1.200000000000000000 ) ) ;
#7 = PLANE ( 'NONE',  #2416 ) ;
#8 = LINE ( 'NONE', #2420, #2759 ) ;
#9 = EDGE_CURVE ( 'NONE', #3052, #3456, #1469, .T. ) ;
#10 = EDGE_LOOP ( 'NONE', ( #2176, #1967, #1717, #3433 ) ) ;
#11 = FACE_OUTER_BOUND ( 'NONE', #2020, .T. ) ;
#12 = DIRECTION ( 'NONE',  ( 0.0000000000000000000, -1.000000000000000000, 0.0000000000000000000 ) ) ;
#13 = EDGE_CURVE ( 'NONE', #1234, #2328, #3513, .T. ) ;
#14 = CARTESIAN_POINT ( 'NONE',  ( 4.995803989154981500, 2.716824315015346200, -5.399999999999995000 ) ) ;
#15 = VECTOR ( 'NONE', #1600, 1000.000000000000000 ) ;
#16 = DIRECTION ( 'NONE',  ( 0.0000000000000000000, 0.0000000000000000000, -1.000000000000000000 ) ) ;
#17 = EDGE_LOOP ( 'NONE', ( #565, #1524, #3448, #3240 ) ) ;
#18 = EDGE_LOOP ( 'NONE', ( #3046, #1832, #3664, #254, #1215, #1613 ) ) ;
#19 = FACE_OUTER_BOUND ( 'NONE', #360, .T. ) ;
#20 = ORIENTED_EDGE ( 'NONE', *, *, #1256, .T. ) ;
#21 = DIRECTION ( 'NONE',  ( 0.0000000000000000000, 0.0000000000000000000, -1.000000000000000000 ) ) ;
#22 = EDGE_CURVE ( 'NONE', #1078, #1383, #2118, .T. ) ;
#23 = DIRECTION ( 'NONE',  ( 1.000000000000000000, 0.0000000000000000000, 0.0000000000000000000 ) ) ;
#24 = ORIENTED_EDGE ( 'NONE', *, *, #1886, .F. ) ;
#25 = DIRECTION ( 'NONE',  ( 0.0000000000000000000, 0.0000000000000000000, -1.000000000000000000 ) ) ;
#26 = DIRECTION ( 'NONE',  ( 0.0000000000000000000, -0.0000000000000000000, -1.000000000000000000 ) ) ;
#27 = DIRECTION ( 'NONE',  ( 0.0000000000000000000, 0.0000000000000000000, -1.000000000000000000 ) ) ;
#28 = ORIENTED_EDGE ( 'NONE', *, *, #1896, .T. ) ;
#29 = ORIENTED_EDGE ( 'NONE', *, *, #3035, .T. ) ;
#30 = CARTESIAN_POINT ( 'NONE',  ( -3.600000000000000100, -3.757850393436220800, -0.1497944302131884500 ) ) ;
#31 = VERTEX_POINT ( 'NONE', #3008 ) ;
#32 = DIRECTION ( 'NONE',  ( 0.0000000000000000000, 1.000000000000000000, 0.0000000000000000000 ) ) ;
#33 = AXIS2_PLACEMENT_3D ( 'NONE', #582, #1160, #2842 ) ;
#34 = ORIENTED_EDGE ( 'NONE', *, *, #3473, .F. ) ;
#35 = ORIENTED_EDGE ( 'NONE', *, *, #3067, .F. ) ;
#36 = ORIENTED_EDGE ( 'NONE', *, *, #938, .T. ) ;
#37 = ORIENTED_EDGE ( 'NONE', *, *, #2632, .F. ) ;
#38 = EDGE_CURVE ( 'NONE', #2870, #810, #2461, .T. ) ;
#39 = CARTESIAN_POINT ( 'NONE',  ( -0.3999999999999999700, 2.689999999999999900, -0.2053388357055000400 ) ) ;
#40 = CARTESIAN_POINT ( 'NONE',  ( 4.700000000000000200, 10.82160000000000000, -5.349999999999999600 ) ) ;
#41 = EDGE_LOOP ( 'NONE', ( #310, #1870, #2026, #3573 ) ) ;
#42 = CARTESIAN_POINT ( 'NONE',  ( 2.080000000000000100, 2.000000000000000000, -5.400000000000000400 ) ) ;
#43 = DIRECTION ( 'NONE',  ( -1.000000000000000000, 0.0000000000000000000, 0.0000000000000000000 ) ) ;
#44 = DIRECTION ( 'NONE',  ( 0.0000000000000000000, 0.0000000000000000000, 1.000000000000000000 ) ) ;
#45 = CARTESIAN_POINT ( 'NONE',  ( 0.0000000000000000000, 0.0000000000000000000, -5.650000000000000400 ) ) ;
#46 =( BOUNDED_SURFACE ( )  B_SPLINE_SURFACE ( 3, 3, ( 
 ( #3248, #2959, #2674, #699 ),
 ( #2404, #406, #2125, #1850 ),
 ( #3512, #1567, #3238, #1268 ),
 ( #2946, #985, #2662, #687 ) ),
 .UNSPECIFIED., .F., .F., .F. ) 
 B_SPLINE_SURFACE_WITH_KNOTS ( ( 4, 4 ),
 ( 4, 4 ),
 ( 0.0000000000000000000, 1.000000000000000000 ),
 ( 0.0000000000000000000, 1.000000000000000000 ),
 .UNSPECIFIED. ) 
 GEOMETRIC_REPRESENTATION_ITEM ( )  RATIONAL_B_SPLINE_SURFACE ( (
 ( 1.000000000000000000, 0.8047378541243656000, 0.8047378541243656000, 1.000000000000000000),
 ( 0.8025111867385925600, 0.6458111303268130300, 0.6458111303268130300, 0.8025111867385925600),
 ( 0.8025111867385925600, 0.6458111303268130300, 0.6458111303268130300, 0.8025111867385925600),
 ( 1.000000000000000000, 0.8047378541243656000, 0.8047378541243656000, 1.000000000000000000) ) ) 
 REPRESENTATION_ITEM ( '' )  SURFACE ( )  );
#47 = ORIENTED_EDGE ( 'NONE', *, *, #2963, .F. ) ;
#48 = VECTOR ( 'NONE', #1913, 1000.000000000000000 ) ;
#49 = LINE ( 'NONE', #1551, #633 ) ;
#50 = VECTOR ( 'NONE', #3207, 1000.000000000000000 ) ;
#51 = LINE ( 'NONE', #1201, #726 ) ;
#52 = FACE_OUTER_BOUND ( 'NONE', #2527, .T. ) ;
#53 = CARTESIAN_POINT ( 'NONE',  ( 5.037326708879828800, -2.700000000000000600, -5.436937359832103100 ) ) ;
#54 = CARTESIAN_POINT ( 'NONE',  ( -4.729999999999999500, 2.700000000000000200, -1.000000000000000000 ) ) ;
#55 = AXIS2_PLACEMENT_3D ( 'NONE', #225, #3673, #2549 ) ;
#56 = VECTOR ( 'NONE', #1048, 1000.000000000000100 ) ;
#57 = CARTESIAN_POINT ( 'NONE',  ( 3.600000000000000500, 3.749850393436001500, -0.1497944302132282500 ) ) ;
#58 = LINE ( 'NONE', #2539, #1423 ) ;
#59 = VECTOR ( 'NONE', #3427, 1000.000000000000000 ) ;
#60 = EDGE_CURVE ( 'NONE', #2737, #1477, #2599, .T. ) ;
#61 = VECTOR ( 'NONE', #2815, 1000.000000000000000 ) ;
#62 = VERTEX_POINT ( 'NONE', #457 ) ;
#63 = DIRECTION ( 'NONE',  ( 1.000000000000000000, 0.0000000000000000000, -0.0000000000000000000 ) ) ;
#64 = CARTESIAN_POINT ( 'NONE',  ( -0.8000000000000000400, 3.749850393436000100, -0.1497944302131999900 ) ) ;
#65 = ORIENTED_EDGE ( 'NONE', *, *, #2285, .T. ) ;
#66 = ORIENTED_EDGE ( 'NONE', *, *, #3611, .T. ) ;
#67 = ORIENTED_EDGE ( 'NONE', *, *, #1522, .T. ) ;
#68 = VERTEX_POINT ( 'NONE', #2181 ) ;
#69 = ORIENTED_EDGE ( 'NONE', *, *, #538, .T. ) ;
#70 = ORIENTED_EDGE ( 'NONE', *, *, #521, .T. ) ;
#71 = CARTESIAN_POINT ( 'NONE',  ( 2.850000000000000100, 2.289999999999999600, -1.199999999999999700 ) ) ;
#72 = ORIENTED_EDGE ( 'NONE', *, *, #889, .T. ) ;
#73 = CARTESIAN_POINT ( 'NONE',  ( 2.080000000000000100, 2.000000000000000000, -5.650000000000000400 ) ) ;
#74 = AXIS2_PLACEMENT_3D ( 'NONE', #1924, #2490, #795 ) ;
#75 = CARTESIAN_POINT ( 'NONE',  ( -4.700000000000000200, -2.700000000000000200, -5.349999999999999600 ) ) ;
#76 = VERTEX_POINT ( 'NONE', #2454 ) ;
#77 = AXIS2_PLACEMENT_3D ( 'NONE', #2628, #949, #2913 ) ;
#78 = EDGE_CURVE ( 'NONE', #480, #1656, #2383, .T. ) ;
#79 = ORIENTED_EDGE ( 'NONE', *, *, #2840, .T. ) ;
#80 = EDGE_CURVE ( 'NONE', #3565, #2471, #2304, .T. ) ;
#81 = VECTOR ( 'NONE', #2036, 1000.000000000000000 ) ;
#82 = CARTESIAN_POINT ( 'NONE',  ( 4.700000000000000200, 3.000000000000000000, -1.000000000000000000 ) ) ;
#83 = CARTESIAN_POINT ( 'NONE',  ( -4.000000000000000000, 2.540000000000000000, -0.06341341293247999800 ) ) ;
#84 = ORIENTED_EDGE ( 'NONE', *, *, #3385, .T. ) ;
#85 = VECTOR ( 'NONE', #1737, 1000.000000000000000 ) ;
#86 = LINE ( 'NONE', #2672, #2851 ) ;
#87 = VECTOR ( 'NONE', #1734, 1000.000000000000000 ) ;
#88 = CARTESIAN_POINT ( 'NONE',  ( -0.8000000000000000400, 3.742000000000000000, 0.0000000000000000000 ) ) ;
#89 = CARTESIAN_POINT ( 'NONE',  ( -5.000000000000000000, 3.000000000000000000, -1.000000000000000000 ) ) ;
#90 = VECTOR ( 'NONE', #1028, 1000.000000000000000 ) ;
#91 = PLANE ( 'NONE',  #1099 ) ;
#92 = EDGE_CURVE ( 'NONE', #2136, #2435, #2206, .T. ) ;
#93 = LINE ( 'NONE', #2302, #1555 ) ;
#94 = VERTEX_POINT ( 'NONE', #2464 ) ;
#95 = DIRECTION ( 'NONE',  ( -0.0000000000000000000, -0.0000000000000000000, -1.000000000000000000 ) ) ;
#96 = VECTOR ( 'NONE', #1676, 1000.000000000000000 ) ;
#97 = CARTESIAN_POINT ( 'NONE',  ( 4.838794691956771900, -2.877052006648533200, -5.635469376755158200 ) ) ;
#98 = ADVANCED_FACE ( 'NONE', ( #1642 ), #1060, .T. ) ;
#99 = AXIS2_PLACEMENT_3D ( 'NONE', #2008, #1910, #2057 ) ;
#100 = CARTESIAN_POINT ( 'NONE',  ( 4.000000000000000000, 3.749850393436000100, -0.1497944302131999900 ) ) ;
#101 = PLANE ( 'NONE',  #3475 ) ;
#102 = CYLINDRICAL_SURFACE ( 'NONE', #122, 0.2999999999999999300 ) ;
#103 = CARTESIAN_POINT ( 'NONE',  ( -4.469999999999968700, 2.289999999999999600, -1.200000000000053500 ) ) ;
#104 = EDGE_CURVE ( 'NONE', #94, #3500, #3596, .T. ) ;
#105 = ORIENTED_EDGE ( 'NONE', *, *, #2942, .T. ) ;
#106 = VERTEX_POINT ( 'NONE', #3311 ) ;
#107 = FACE_OUTER_BOUND ( 'NONE', #1485, .T. ) ;
#108 = ORIENTED_EDGE ( 'NONE', *, *, #3653, .T. ) ;
#109 = DIRECTION ( 'NONE',  ( 0.6546536707079743100, 0.6546536707079710900, 0.3779644730092426300 ) ) ;
#110 = EDGE_CURVE ( 'NONE', #3500, #942, #1859, .T. ) ;
#111 = ORIENTED_EDGE ( 'NONE', *, *, #3501, .T. ) ;
#112 = ORIENTED_EDGE ( 'NONE', *, *, #1473, .F. ) ;
#113 = CARTESIAN_POINT ( 'NONE',  ( -4.469999999999999800, 0.0000000000000000000, -1.040000000000000000 ) ) ;
#114 = CARTESIAN_POINT ( 'NONE',  ( 1.399999999999999900, 2.689999999999999900, -1.200000000000000000 ) ) ;
#115 = CARTESIAN_POINT ( 'NONE',  ( -4.999986676132685700, -2.573742182490725000, -5.472259282061490800 ) ) ;
#116 = VERTEX_POINT ( 'NONE', #784 ) ;
#117 = ORIENTED_EDGE ( 'NONE', *, *, #511, .T. ) ;
#118 = ORIENTED_EDGE ( 'NONE', *, *, #3611, .F. ) ;
#119 = ADVANCED_FACE ( 'NONE', ( #1558 ), #198, .T. ) ;
#120 = EDGE_LOOP ( 'NONE', ( #2272, #2234, #2692, #617 ) ) ;
#121 = EDGE_LOOP ( 'NONE', ( #697, #2091, #3411 ) ) ;
#122 = AXIS2_PLACEMENT_3D ( 'NONE', #3569, #1627, #461 ) ;
#123 = ORIENTED_EDGE ( 'NONE', *, *, #3265, .F. ) ;
#124 = DIRECTION ( 'NONE',  ( 1.000000000000000000, 0.0000000000000000000, 0.0000000000000000000 ) ) ;
#125 = ORIENTED_EDGE ( 'NONE', *, *, #2307, .T. ) ;
#126 = CARTESIAN_POINT ( 'NONE',  ( 2.080000000000000100, 0.0000000000000000000, -5.650000000000000400 ) ) ;
#127 = EDGE_CURVE ( 'NONE', #763, #942, #1742, .T. ) ;
#128 = CARTESIAN_POINT ( 'NONE',  ( -2.850000000000000100, 1.300000000000000300, -1.200000000000000000 ) ) ;
#129 = ORIENTED_EDGE ( 'NONE', *, *, #2394, .F. ) ;
#130 = LINE ( 'NONE', #2728, #48 ) ;
#131 = FACE_OUTER_BOUND ( 'NONE', #121, .T. ) ;
#132 = EDGE_CURVE ( 'NONE', #2015, #2229, #965, .T. ) ;
#133 = LINE ( 'NONE', #366, #3073 ) ;
#134 = ADVANCED_FACE ( 'NONE', ( #1821 ), #1674, .T. ) ;
#135 = LINE ( 'NONE', #2, #3080 ) ;
#136 = CARTESIAN_POINT ( 'NONE',  ( -4.699999999999998400, -2.786937359832101900, -5.687326708879828300 ) ) ;
#137 = VECTOR ( 'NONE', #853, 1000.000000000000000 ) ;
#138 = CARTESIAN_POINT ( 'NONE',  ( 1.850000000000000100, -1.300000000000003800, -0.6284232335022940100 ) ) ;
#139 = ORIENTED_EDGE ( 'NONE', *, *, #2324, .T. ) ;
#140 = LINE ( 'NONE', #2295, #927 ) ;
#141 = VECTOR ( 'NONE', #1725, 1000.000000000000000 ) ;
#142 = EDGE_CURVE ( 'NONE', #2684, #523, #886, .T. ) ;
#143 = CARTESIAN_POINT ( 'NONE',  ( -4.699999999999998400, -3.037326708879829300, -5.436937359832102200 ) ) ;
#144 = PLANE ( 'NONE',  #3661 ) ;
#145 = DIRECTION ( 'NONE',  ( 1.000000000000000000, 0.0000000000000000000, 0.0000000000000000000 ) ) ;
#146 = VERTEX_POINT ( 'NONE', #1646 ) ;
#147 = CARTESIAN_POINT ( 'NONE',  ( -4.700000000000000200, -2.912132034355964500, -5.562132034355964400 ) ) ;
#148 = CARTESIAN_POINT ( 'NONE',  ( 3.600000000000000500, -2.689999999999999500, -0.2053388357054858900 ) ) ;
#149 = ADVANCED_FACE ( 'NONE', ( #1272 ), #2505, .T. ) ;
#150 = EDGE_CURVE ( 'NONE', #2101, #2328, #3132, .T. ) ;
#151 = ORIENTED_EDGE ( 'NONE', *, *, #1343, .T. ) ;
#152 = EDGE_LOOP ( 'NONE', ( #1162, #1528, #2801, #389 ) ) ;
#153 = ORIENTED_EDGE ( 'NONE', *, *, #666, .T. ) ;
#154 = ORIENTED_EDGE ( 'NONE', *, *, #3620, .T. ) ;
#155 = PLANE ( 'NONE',  #2438 ) ;
#156 = CARTESIAN_POINT ( 'NONE',  ( 2.080000000000000100, 2.000000000000000000, -5.400000000000000400 ) ) ;
#157 = VERTEX_POINT ( 'NONE', #3351 ) ;
#158 = VERTEX_POINT ( 'NONE', #1690 ) ;
#159 = CARTESIAN_POINT ( 'NONE',  ( -2.850000000000000100, 1.300000000000000300, -1.040000000000000000 ) ) ;
#160 = CARTESIAN_POINT ( 'NONE',  ( 2.850000000000000100, 1.300000000000000300, -1.040000000000000000 ) ) ;
#161 = VERTEX_POINT ( 'NONE', #528 ) ;
#162 = EDGE_LOOP ( 'NONE', ( #1112, #709, #861, #3568, #905, #3066, #3153, #1063 ) ) ;
#163 = EDGE_CURVE ( 'NONE', #2435, #3276, #3211, .T. ) ;
#164 = DIRECTION ( 'NONE',  ( -1.000000000000000000, 0.0000000000000000000, -0.0000000000000000000 ) ) ;
#165 = AXIS2_PLACEMENT_3D ( 'NONE', #2390, #3236, #1564 ) ;
#166 = ADVANCED_FACE ( 'NONE', ( #777 ), #3625, .T. ) ;
#167 = CARTESIAN_POINT ( 'NONE',  ( -18.03600000000000500, 2.995803989154981500, -5.399999999999996800 ) ) ;
#168 = LINE ( 'NONE', #1758, #81 ) ;
#169 = CARTESIAN_POINT ( 'NONE',  ( -1.850000000000000100, -1.300000000000000300, -1.200000000000000000 ) ) ;
#170 = DIRECTION ( 'NONE',  ( 0.0000000000000000000, -0.9986295347545737200, -0.05233595624294753300 ) ) ;
#171 = DIRECTION ( 'NONE',  ( 0.0000000000000000000, -1.000000000000000000, -0.0000000000000000000 ) ) ;
#172 = EDGE_CURVE ( 'NONE', #1655, #2884, #2045, .T. ) ;
#173 = CARTESIAN_POINT ( 'NONE',  ( -4.698000732276106800, 2.999986676132685700, -5.348000732276106300 ) ) ;
#174 = FACE_OUTER_BOUND ( 'NONE', #2067, .T. ) ;
#175 = FACE_OUTER_BOUND ( 'NONE', #2141, .T. ) ;
#176 = DIRECTION ( 'NONE',  ( -1.000000000000000000, -0.0000000000000000000, -0.0000000000000000000 ) ) ;
#177 = FACE_OUTER_BOUND ( 'NONE', #980, .T. ) ;
#178 = CYLINDRICAL_SURFACE ( 'NONE', #479, 0.2999999999999999300 ) ;
#179 = CARTESIAN_POINT ( 'NONE',  ( 4.999995097267159000, 2.823049269268822900, -5.224525193401837500 ) ) ;
#180 = PLANE ( 'NONE',  #753 ) ;
#181 = CARTESIAN_POINT ( 'NONE',  ( -4.469999999999999800, 2.290000000000000000, -1.200000000000000000 ) ) ;
#182 = ORIENTED_EDGE ( 'NONE', *, *, #1109, .F. ) ;
#183 = CARTESIAN_POINT ( 'NONE',  ( 0.0000000000000000000, 0.0000000000000000000, -5.400000000000000400 ) ) ;
#184 = VECTOR ( 'NONE', #870, 1000.000000000000200 ) ;
#185 = CARTESIAN_POINT ( 'NONE',  ( -4.912132034355965800, 2.699999999999998800, -5.562132034355965300 ) ) ;
#186 = DIRECTION ( 'NONE',  ( 1.000000000000000000, 0.0000000000000000000, 0.0000000000000000000 ) ) ;
#187 = VERTEX_POINT ( 'NONE', #1701 ) ;
#188 = DIRECTION ( 'NONE',  ( 0.0000000000000000000, -0.05233595624294862200, -0.9986295347545736100 ) ) ;
#189 = ADVANCED_FACE ( 'NONE', ( #2764 ), #3434, .T. ) ;
#190 = FACE_OUTER_BOUND ( 'NONE', #204, .T. ) ;
#191 = AXIS2_PLACEMENT_3D ( 'NONE', #2060, #1186, #2866 ) ;
#192 = ORIENTED_EDGE ( 'NONE', *, *, #2491, .F. ) ;
#193 = ORIENTED_EDGE ( 'NONE', *, *, #363, .F. ) ;
#194 = VERTEX_POINT ( 'NONE', #3380 ) ;
#195 = EDGE_CURVE ( 'NONE', #3527, #1204, #1273, .T. ) ;
#196 = DIRECTION ( 'NONE',  ( -1.000000000000000000, 0.0000000000000000000, 0.0000000000000000000 ) ) ;
#197 = ORIENTED_EDGE ( 'NONE', *, *, #3423, .T. ) ;
#198 = PLANE ( 'NONE',  #2137 ) ;
#199 = CARTESIAN_POINT ( 'NONE',  ( 1.800000000000000500, 2.689999999999999900, -0.2053388357055000400 ) ) ;
#200 = CARTESIAN_POINT ( 'NONE',  ( -4.700000000000000200, -2.700000000000000200, -1.000000000000000000 ) ) ;
#201 = CARTESIAN_POINT ( 'NONE',  ( -0.8000000000000000400, -3.742000000000000000, 0.0000000000000000000 ) ) ;
#202 = DIRECTION ( 'NONE',  ( -0.0000000000000000000, -0.0000000000000000000, 1.000000000000000000 ) ) ;
#203 = ORIENTED_EDGE ( 'NONE', *, *, #924, .F. ) ;
#204 = EDGE_LOOP ( 'NONE', ( #3421, #35 ) ) ;
#205 = DIRECTION ( 'NONE',  ( 0.0000000000000000000, 0.0000000000000000000, 1.000000000000000000 ) ) ;
#206 = ORIENTED_EDGE ( 'NONE', *, *, #3136, .F. ) ;
#207 = DIRECTION ( 'NONE',  ( 0.7071067811865474600, 0.0000000000000000000, -0.7071067811865474600 ) ) ;
#208 = EDGE_CURVE ( 'NONE', #2524, #1288, #3291, .T. ) ;
#209 = EDGE_LOOP ( 'NONE', ( #3242, #1019, #741, #37 ) ) ;
#210 = ORIENTED_EDGE ( 'NONE', *, *, #759, .T. ) ;
#211 = DIRECTION ( 'NONE',  ( -1.000000000000000000, -0.0000000000000000000, -0.0000000000000000000 ) ) ;
#212 = VERTEX_POINT ( 'NONE', #2543 ) ;
#213 = ADVANCED_FACE ( 'NONE', ( #2860 ), #550, .T. ) ;
#214 = EDGE_LOOP ( 'NONE', ( #2572, #2885, #3267, #1244 ) ) ;
#215 =( NAMED_UNIT ( * ) PLANE_ANGLE_UNIT ( ) SI_UNIT ( $, .RADIAN. ) );
#216 = CARTESIAN_POINT ( 'NONE',  ( 4.000000000000000000, 0.0000000000000000000, -1.000000000000000000 ) ) ;
#217 = VERTEX_POINT ( 'NONE', #2273 ) ;
#218 = CARTESIAN_POINT ( 'NONE',  ( 3.600000000000000500, -3.749850393436000100, -0.1497944302131999900 ) ) ;
#219 = CARTESIAN_POINT ( 'NONE',  ( 4.700000000000000200, 2.700000000000000200, -1.000000000000000000 ) ) ;
#220 = CARTESIAN_POINT ( 'NONE',  ( -0.8000000000000000400, 2.689999999999999900, -0.2053388357055000400 ) ) ;
#221 = CARTESIAN_POINT ( 'NONE',  ( -0.8000000000000000400, 3.742000000000000000, 0.0000000000000000000 ) ) ;
#222 = EDGE_CURVE ( 'NONE', #2871, #1294, #3213, .T. ) ;
#223 = DIRECTION ( 'NONE',  ( 0.0000000000000000000, -1.000000000000000000, -0.0000000000000000000 ) ) ;
#224 = ORIENTED_EDGE ( 'NONE', *, *, #3639, .T. ) ;
#225 = CARTESIAN_POINT ( 'NONE',  ( 3.600000000000000500, 0.0000000000000000000, -1.000000000000000000 ) ) ;
#226 = FACE_OUTER_BOUND ( 'NONE', #3669, .T. ) ;
#227 = AXIS2_PLACEMENT_3D ( 'NONE', #2773, #1377, #3345 ) ;
#228 = CARTESIAN_POINT ( 'NONE',  ( -4.000000000000000000, 3.750000000000000000, 0.0000000000000000000 ) ) ;
#229 = EDGE_LOOP ( 'NONE', ( #794, #1659, #3612, #1257 ) ) ;
#230 = LINE ( 'NONE', #1625, #1679 ) ;
#231 = FACE_BOUND ( 'NONE', #933, .T. ) ;
#232 = DIRECTION ( 'NONE',  ( -1.000000000000000000, 0.0000000000000000000, 0.0000000000000000000 ) ) ;
#233 = CARTESIAN_POINT ( 'NONE',  ( -1.850000000000000100, -1.300000000000000300, -0.6284232335023000000 ) ) ;
#234 = LINE ( 'NONE', #3468, #3168 ) ;
#235 = CARTESIAN_POINT ( 'NONE',  ( -0.4000000000000000200, 2.689999999999999900, -1.000000000000000000 ) ) ;
#236 = EDGE_CURVE ( 'NONE', #2059, #3363, #1191, .T. ) ;
#237 = CARTESIAN_POINT ( 'NONE',  ( -4.000000000000000000, -2.540000000000000000, -1.000000000000000000 ) ) ;
#238 = CARTESIAN_POINT ( 'NONE',  ( 4.700000000000000200, 2.730000000000000400, -1.200000000000000000 ) ) ;
#239 = FACE_OUTER_BOUND ( 'NONE', #1918, .T. ) ;
#240 = CARTESIAN_POINT ( 'NONE',  ( -2.850000000000000100, -1.300000000000000300, -1.200000000000000000 ) ) ;
#241 = ADVANCED_FACE ( 'NONE', ( #1200 ), #3260, .F. ) ;
#242 = DIRECTION ( 'NONE',  ( 0.0000000000000000000, 0.0000000000000000000, -1.000000000000000000 ) ) ;
#243 = DIRECTION ( 'NONE',  ( 0.0000000000000000000, 0.0000000000000000000, 1.000000000000000000 ) ) ;
#244 = LINE ( 'NONE', #867, #335 ) ;
#245 = FACE_OUTER_BOUND ( 'NONE', #2957, .T. ) ;
#246 = DIRECTION ( 'NONE',  ( -0.0000000000000000000, -1.000000000000000000, 0.0000000000000000000 ) ) ;
#247 = EDGE_CURVE ( 'NONE', #157, #3052, #1882, .T. ) ;
#248 = CARTESIAN_POINT ( 'NONE',  ( 4.997169212880599800, 2.725325505798874600, -5.392100038065049000 ) ) ;
#249 = DIRECTION ( 'NONE',  ( -1.000000000000000000, 0.0000000000000000000, 0.0000000000000000000 ) ) ;
#250 = CARTESIAN_POINT ( 'NONE',  ( 2.850000000000000100, 2.290000000000000000, -1.200000000000000000 ) ) ;
#251 = CARTESIAN_POINT ( 'NONE',  ( -4.000000000000000000, 3.757850393436000100, -0.1497944302131999900 ) ) ;
#252 = CARTESIAN_POINT ( 'NONE',  ( 4.699999999999999300, 2.995803989154981000, -5.399999999999999500 ) ) ;
#253 = ORIENTED_EDGE ( 'NONE', *, *, #1723, .T. ) ;
#254 = ORIENTED_EDGE ( 'NONE', *, *, #713, .F. ) ;
#255 = ORIENTED_EDGE ( 'NONE', *, *, #1753, .T. ) ;
#256 = ORIENTED_EDGE ( 'NONE', *, *, #3543, .T. ) ;
#257 = ADVANCED_FACE ( 'NONE', ( #679 ), #2838, .T. ) ;
#258 = EDGE_CURVE ( 'NONE', #1655, #346, #1125, .T. ) ;
#259 = VERTEX_POINT ( 'NONE', #578 ) ;
#260 = ORIENTED_EDGE ( 'NONE', *, *, #2796, .T. ) ;
#261 = CARTESIAN_POINT ( 'NONE',  ( 4.700000000000000200, -2.700000000000000200, 5.061740000000000400 ) ) ;
#262 = VERTEX_POINT ( 'NONE', #3125 ) ;
#263 = CARTESIAN_POINT ( 'NONE',  ( 3.600000000000000500, -3.749850393436000100, -0.1497944302131999900 ) ) ;
#264 = DIRECTION ( 'NONE',  ( -0.0000000000000000000, 0.5000000000000167600, 0.8660254037844289400 ) ) ;
#265 = DIRECTION ( 'NONE',  ( -0.0000000000000000000, -0.0000000000000000000, -1.000000000000000000 ) ) ;
#266 = ORIENTED_EDGE ( 'NONE', *, *, #22, .F. ) ;
#267 = CARTESIAN_POINT ( 'NONE',  ( -4.700000000000000200, 2.730000000000000400, -1.000000000000000000 ) ) ;
#268 = DIRECTION ( 'NONE',  ( 1.000000000000000000, 0.0000000000000000000, 0.0000000000000000000 ) ) ;
#269 = CARTESIAN_POINT ( 'NONE',  ( 0.0000000000000000000, 2.540000000000000000, -1.200000000000000000 ) ) ;
#270 = ORIENTED_EDGE ( 'NONE', *, *, #2466, .F. ) ;
#271 = CARTESIAN_POINT ( 'NONE',  ( 4.700000000000000200, -2.730000000000000400, -1.000000000000000000 ) ) ;
#272 = CARTESIAN_POINT ( 'NONE',  ( -2.799999999999999800, 1.300000000000000300, -1.040000000000000000 ) ) ;
#273 = CARTESIAN_POINT ( 'NONE',  ( 0.0000000000000000000, 2.689999999999999900, -1.200000000000000000 ) ) ;
#274 = DIRECTION ( 'NONE',  ( -1.000000000000000000, -0.0000000000000000000, -0.0000000000000000000 ) ) ;
#275 = DIRECTION ( 'NONE',  ( -0.0000000000000000000, 0.8660254037844289400, 0.5000000000000167600 ) ) ;
#276 = DIRECTION ( 'NONE',  ( 0.0000000000000000000, -0.8660254037844289400, 0.5000000000000167600 ) ) ;
#277 = VECTOR ( 'NONE', #2567, 1000.000000000000000 ) ;
#278 = LINE ( 'NONE', #1346, #1889 ) ;
#279 = CARTESIAN_POINT ( 'NONE',  ( -5.000000000000000000, -3.000000000000000000, -1.000000000000000000 ) ) ;
#280 = CARTESIAN_POINT ( 'NONE',  ( -3.600000000000000100, 2.689999999999999900, -0.2057580979397000700 ) ) ;
#281 = VECTOR ( 'NONE', #2025, 1000.000000000000000 ) ;
#282 = CARTESIAN_POINT ( 'NONE',  ( 1.399999999999999900, -2.540000000000000000, -0.06299415069821999400 ) ) ;
#283 = PRODUCT_DEFINITION ( 'UNKNOWN', '', #452, #2468 ) ;
#284 = DIRECTION ( 'NONE',  ( 0.0000000000000000000, 1.000000000000000000, 0.0000000000000000000 ) ) ;
#285 = AXIS2_PLACEMENT_3D ( 'NONE', #2621, #1224, #3189 ) ;
#286 = EDGE_CURVE ( 'NONE', #1204, #909, #3032, .T. ) ;
#287 = VECTOR ( 'NONE', #1668, 1000.000000000000000 ) ;
#288 = CARTESIAN_POINT ( 'NONE',  ( 4.700000000000000200, -2.700000000000000200, -1.000000000000000000 ) ) ;
#289 = CARTESIAN_POINT ( 'NONE',  ( -1.850000000000000100, 1.300000000000006000, -0.6284232335022896800 ) ) ;
#290 = VECTOR ( 'NONE', #3310, 1000.000000000000000 ) ;
#291 = EDGE_CURVE ( 'NONE', #1763, #1248, #605, .T. ) ;
#292 = PLANE ( 'NONE',  #1762 ) ;
#293 = VECTOR ( 'NONE', #1878, 1000.000000000000000 ) ;
#294 = LINE ( 'NONE', #336, #2720 ) ;
#295 = VECTOR ( 'NONE', #1350, 1000.000000000000000 ) ;
#296 = CARTESIAN_POINT ( 'NONE',  ( -4.469999999999999800, 1.300000000000023800, -0.6284232335022587000 ) ) ;
#297 = CARTESIAN_POINT ( 'NONE',  ( -2.799999999999999800, -0.6445517328096001000, -0.2500000000000000000 ) ) ;
#298 = ORIENTED_EDGE ( 'NONE', *, *, #3086, .F. ) ;
#299 = FACE_OUTER_BOUND ( 'NONE', #1883, .T. ) ;
#300 = VECTOR ( 'NONE', #3538, 1000.000000000000000 ) ;
#301 = DIRECTION ( 'NONE',  ( -0.0000000000000000000, 1.000000000000000000, 0.0000000000000000000 ) ) ;
#302 = EDGE_CURVE ( 'NONE', #2010, #797, #695, .T. ) ;
#303 = DIRECTION ( 'NONE',  ( 0.0000000000000000000, 1.000000000000000000, -0.0000000000000000000 ) ) ;
#304 = VERTEX_POINT ( 'NONE', #2578 ) ;
#305 = AXIS2_PLACEMENT_3D ( 'NONE', #1426, #1721, #3654 ) ;
#306 = ORIENTED_EDGE ( 'NONE', *, *, #2343, .F. ) ;
#307 = CARTESIAN_POINT ( 'NONE',  ( 2.799999999999999800, 1.300000000000000300, -0.2500000000000000000 ) ) ;
#308 = ORIENTED_EDGE ( 'NONE', *, *, #3473, .T. ) ;
#309 = VERTEX_POINT ( 'NONE', #315 ) ;
#310 = ORIENTED_EDGE ( 'NONE', *, *, #3023, .F. ) ;
#311 = VERTEX_POINT ( 'NONE', #593 ) ;
#312 = VERTEX_POINT ( 'NONE', #3149 ) ;
#313 = EDGE_LOOP ( 'NONE', ( #1169, #3099, #1764, #661 ) ) ;
#314 = EDGE_CURVE ( 'NONE', #1074, #1976, #2422, .T. ) ;
#315 = CARTESIAN_POINT ( 'NONE',  ( -4.700000000000000200, -3.000000000000000000, -1.000000000000000000 ) ) ;
#316 = ORIENTED_EDGE ( 'NONE', *, *, #127, .F. ) ;
#317 = CARTESIAN_POINT ( 'NONE',  ( 0.0000000000000000000, -2.700000000000000200, -5.650000000000000400 ) ) ;
#318 = CARTESIAN_POINT ( 'NONE',  ( -2.850000000000000100, 0.0000000000000000000, -1.200000000000000000 ) ) ;
#319 = CARTESIAN_POINT ( 'NONE',  ( -4.700000000000000200, 2.700000000000000200, -1.000000000000000000 ) ) ;
#320 = DIRECTION ( 'NONE',  ( 0.0000000000000000000, 0.8660254037844107300, -0.5000000000000482900 ) ) ;
#321 = EDGE_CURVE ( 'NONE', #1718, #304, #2515, .T. ) ;
#322 = VERTEX_POINT ( 'NONE', #325 ) ;
#323 = FACE_OUTER_BOUND ( 'NONE', #359, .T. ) ;
#324 = EDGE_LOOP ( 'NONE', ( #3523, #571, #1130, #2883 ) ) ;
#325 = CARTESIAN_POINT ( 'NONE',  ( -4.000000000000000000, 3.749999999999779300, -1.155352940054865700E-014 ) ) ;
#326 = VECTOR ( 'NONE', #1313, 1000.000000000000000 ) ;
#327 = VECTOR ( 'NONE', #1785, 1000.000000000000000 ) ;
#328 = DIRECTION ( 'NONE',  ( -0.0000000000000000000, 1.000000000000000000, 0.0000000000000000000 ) ) ;
#329 = PLANE ( 'NONE',  #2589 ) ;
#330 = DIRECTION ( 'NONE',  ( 0.0000000000000000000, 0.0000000000000000000, 1.000000000000000000 ) ) ;
#331 = AXIS2_PLACEMENT_3D ( 'NONE', #2460, #2172, #164 ) ;
#332 = CARTESIAN_POINT ( 'NONE',  ( 4.000000000000000000, 2.540000000000000000, -0.06299415069821999400 ) ) ;
#333 = FACE_OUTER_BOUND ( 'NONE', #529, .T. ) ;
#334 = EDGE_CURVE ( 'NONE', #618, #3228, #1516, .T. ) ;
#335 = VECTOR ( 'NONE', #904, 1000.000000000000000 ) ;
#336 = CARTESIAN_POINT ( 'NONE',  ( -0.4000000000000000200, -3.742000000000000000, 0.0000000000000000000 ) ) ;
#337 = DIRECTION ( 'NONE',  ( 0.0000000000000000000, 0.0000000000000000000, 1.000000000000000000 ) ) ;
#338 = EDGE_CURVE ( 'NONE', #2395, #1713, #1790, .T. ) ;
#339 = DIRECTION ( 'NONE',  ( 0.0000000000000000000, 0.0000000000000000000, 1.000000000000000000 ) ) ;
#340 = LINE ( 'NONE', #1403, #3256 ) ;
#341 = CARTESIAN_POINT ( 'NONE',  ( 0.0000000000000000000, -2.540000000000000000, -1.200000000000000000 ) ) ;
#342 = DIRECTION ( 'NONE',  ( 0.0000000000000000000, -0.05233595624294862200, -0.9986295347545736100 ) ) ;
#343 = ORIENTED_EDGE ( 'NONE', *, *, #222, .T. ) ;
#344 = DIRECTION ( 'NONE',  ( 0.0000000000000000000, 0.0000000000000000000, -1.000000000000000000 ) ) ;
#345 = ORIENTED_EDGE ( 'NONE', *, *, #2407, .F. ) ;
#346 = VERTEX_POINT ( 'NONE', #1782 ) ;
#347 = CARTESIAN_POINT ( 'NONE',  ( 4.700000000000000200, -2.700000000000000200, -1.000000000000000000 ) ) ;
#348 = AXIS2_PLACEMENT_3D ( 'NONE', #261, #3642, #1982 ) ;
#349 = DIRECTION ( 'NONE',  ( -0.0000000000000000000, -1.000000000000000000, -0.0000000000000000000 ) ) ;
#350 = ORIENTED_EDGE ( 'NONE', *, *, #163, .T. ) ;
#351 = CARTESIAN_POINT ( 'NONE',  ( 4.985469376755159700, -2.877052006648532300, -5.488794691956771400 ) ) ;
#352 = DIRECTION ( 'NONE',  ( -1.000000000000000000, -0.0000000000000000000, -0.0000000000000000000 ) ) ;
#353 = ORIENTED_EDGE ( 'NONE', *, *, #1767, .F. ) ;
#354 = ORIENTED_EDGE ( 'NONE', *, *, #3571, .F. ) ;
#355 = AXIS2_PLACEMENT_3D ( 'NONE', #946, #1230, #3195 ) ;
#356 = VERTEX_POINT ( 'NONE', #39 ) ;
#357 = DIRECTION ( 'NONE',  ( 0.0000000000000000000, 0.8660254037844498100, -0.4999999999999806300 ) ) ;
#358 = EDGE_CURVE ( 'NONE', #2136, #2135, #2305, .T. ) ;
#359 = EDGE_LOOP ( 'NONE', ( #1761, #2240, #3225, #997 ) ) ;
#360 = EDGE_LOOP ( 'NONE', ( #3051, #2054, #428, #2735 ) ) ;
#361 = ORIENTED_EDGE ( 'NONE', *, *, #521, .F. ) ;
#362 = ORIENTED_EDGE ( 'NONE', *, *, #2458, .T. ) ;
#363 = EDGE_CURVE ( 'NONE', #3275, #116, #294, .T. ) ;
#364 = VERTEX_POINT ( 'NONE', #922 ) ;
#365 = DIRECTION ( 'NONE',  ( 0.0000000000000000000, 1.000000000000000000, -0.0000000000000000000 ) ) ;
#366 = CARTESIAN_POINT ( 'NONE',  ( -2.850000000000000100, 2.012871870789000100, -1.040000000000000000 ) ) ;
#367 = CARTESIAN_POINT ( 'NONE',  ( -0.8000000000000000400, -2.689999999999999900, -0.2053388357055000200 ) ) ;
#368 = DIRECTION ( 'NONE',  ( -1.000000000000000000, -0.0000000000000000000, -0.0000000000000000000 ) ) ;
#369 = FILL_AREA_STYLE ('',( #2361 ) ) ;
#370 = VECTOR ( 'NONE', #3103, 1000.000000000000000 ) ;
#371 = LINE ( 'NONE', #167, #2449 ) ;
#372 = EDGE_CURVE ( 'NONE', #2961, #416, #3393, .T. ) ;
#373 = LINE ( 'NONE', #3328, #3287 ) ;
#374 = CARTESIAN_POINT ( 'NONE',  ( 2.879999999999999900, 2.000000000000000000, -5.400000000000000400 ) ) ;
#375 = VECTOR ( 'NONE', #3381, 1000.000000000000000 ) ;
#376 = CARTESIAN_POINT ( 'NONE',  ( -2.799999999999999800, -1.300000000000003800, -0.6284232335022941200 ) ) ;
#377 = VECTOR ( 'NONE', #840, 1000.000000000000000 ) ;
#378 = EDGE_CURVE ( 'NONE', #1121, #2143, #3219, .T. ) ;
#379 = LINE ( 'NONE', #1082, #1826 ) ;
#380 = EDGE_LOOP ( 'NONE', ( #2061, #1805, #182, #1445, #3358, #912 ) ) ;
#381 = CARTESIAN_POINT ( 'NONE',  ( -2.799999999999999800, 0.6445517328096025400, -0.2499999999999956100 ) ) ;
#382 = LINE ( 'NONE', #1277, #2128 ) ;
#383 = DIRECTION ( 'NONE',  ( 0.0000000000000000000, -1.000000000000000000, -0.0000000000000000000 ) ) ;
#384 = VERTEX_POINT ( 'NONE', #2594 ) ;
#385 = CARTESIAN_POINT ( 'NONE',  ( -3.600000000000000500, 2.540000000000000000, -0.06341341293247999800 ) ) ;
#386 = ADVANCED_FACE ( 'NONE', ( #107 ), #1207, .F. ) ;
#387 = EDGE_LOOP ( 'NONE', ( #1700, #908, #1071, #3364 ) ) ;
#388 = ORIENTED_EDGE ( 'NONE', *, *, #2520, .F. ) ;
#389 = ORIENTED_EDGE ( 'NONE', *, *, #2296, .F. ) ;
#390 = ORIENTED_EDGE ( 'NONE', *, *, #1922, .T. ) ;
#391 = ORIENTED_EDGE ( 'NONE', *, *, #3280, .T. ) ;
#392 = EDGE_LOOP ( 'NONE', ( #3143, #1574, #2473 ) ) ;
#393 = ORIENTED_EDGE ( 'NONE', *, *, #78, .T. ) ;
#394 = DIRECTION ( 'NONE',  ( 1.000000000000000000, 0.0000000000000000000, -0.0000000000000000000 ) ) ;
#395 = EDGE_CURVE ( 'NONE', #942, #146, #2162, .T. ) ;
#396 = ORIENTED_EDGE ( 'NONE', *, *, #1914, .F. ) ;
#397 = ORIENTED_EDGE ( 'NONE', *, *, #2707, .T. ) ;
#398 = EDGE_CURVE ( 'NONE', #1802, #2994, #1906, .T. ) ;
#399 = VECTOR ( 'NONE', #2743, 1000.000000000000000 ) ;
#400 = ADVANCED_FACE ( 'NONE', ( #2560 ), #155, .T. ) ;
#401 = ORIENTED_EDGE ( 'NONE', *, *, #1903, .F. ) ;
#402 = VECTOR ( 'NONE', #2574, 1000.000000000000000 ) ;
#403 = LINE ( 'NONE', #435, #326 ) ;
#404 = VECTOR ( 'NONE', #328, 1000.000000000000000 ) ;
#405 = DIRECTION ( 'NONE',  ( -0.0000000000000000000, 1.000000000000000000, 0.0000000000000000000 ) ) ;
#406 = CARTESIAN_POINT ( 'NONE',  ( -4.838794691956771900, 2.877052006648533200, -5.635469376755158200 ) ) ;
#407 = LINE ( 'NONE', #2668, #2502 ) ;
#408 = EDGE_CURVE ( 'NONE', #2620, #2518, #791, .T. ) ;
#409 = VECTOR ( 'NONE', #914, 1000.000000000000000 ) ;
#410 = ORIENTED_EDGE ( 'NONE', *, *, #3116, .F. ) ;
#411 = LINE ( 'NONE', #250, #3435 ) ;
#412 = AXIS2_PLACEMENT_3D ( 'NONE', #1440, #1148, #2827 ) ;
#413 = VECTOR ( 'NONE', #3674, 1000.000000000000000 ) ;
#414 = ADVANCED_FACE ( 'NONE', ( #1653 ), #2987, .F. ) ;
#415 = EDGE_CURVE ( 'NONE', #62, #1534, #647, .T. ) ;
#416 = VERTEX_POINT ( 'NONE', #1320 ) ;
#417 = ORIENTED_EDGE ( 'NONE', *, *, #3201, .F. ) ;
#418 = EDGE_LOOP ( 'NONE', ( #2538, #260, #3040, #2366 ) ) ;
#419 = CARTESIAN_POINT ( 'NONE',  ( -4.999986676132687400, -2.698000732276109000, -5.348000732276108100 ) ) ;
#420 = DIRECTION ( 'NONE',  ( 0.0000000000000000000, 0.9986295347545736100, -0.05233595624294862200 ) ) ;
#421 = CARTESIAN_POINT ( 'NONE',  ( -4.877052006648532300, -2.838794691956770100, -5.635469376755157400 ) ) ;
#422 = ORIENTED_EDGE ( 'NONE', *, *, #1811, .T. ) ;
#423 = ORIENTED_EDGE ( 'NONE', *, *, #1723, .F. ) ;
#424 = EDGE_CURVE ( 'NONE', #2565, #3194, #2725, .T. ) ;
#425 = VERTEX_POINT ( 'NONE', #442 ) ;
#426 = CARTESIAN_POINT ( 'NONE',  ( 2.800000000000000300, 1.300000000000006300, -0.6284232335022896800 ) ) ;
#427 = VERTEX_POINT ( 'NONE', #156 ) ;
#428 = ORIENTED_EDGE ( 'NONE', *, *, #2963, .T. ) ;
#429 = ORIENTED_EDGE ( 'NONE', *, *, #963, .T. ) ;
#430 = AXIS2_PLACEMENT_3D ( 'NONE', #3319, #268, #242 ) ;
#431 = ORIENTED_EDGE ( 'NONE', *, *, #820, .F. ) ;
#432 = ADVANCED_FACE ( 'NONE', ( #19 ), #3551, .T. ) ;
#433 = CARTESIAN_POINT ( 'NONE',  ( -4.700000000000001100, -2.912132034355966700, -5.562132034355967000 ) ) ;
#434 = PLANE ( 'NONE',  #1330 ) ;
#435 = CARTESIAN_POINT ( 'NONE',  ( 0.0000000000000000000, -2.290000000000000000, -1.200000000000000000 ) ) ;
#436 = EDGE_CURVE ( 'NONE', #2143, #309, #458, .T. ) ;
#437 = DIRECTION ( 'NONE',  ( 1.000000000000000000, 0.0000000000000000000, 0.0000000000000000000 ) ) ;
#438 = DIRECTION ( 'NONE',  ( -1.000000000000000000, -0.0000000000000000000, 0.0000000000000000000 ) ) ;
#439 = LINE ( 'NONE', #1021, #3378 ) ;
#440 = PRESENTATION_STYLE_ASSIGNMENT (( #3200 ) ) ;
#441 = PLANE ( 'NONE',  #1712 ) ;
#442 = CARTESIAN_POINT ( 'NONE',  ( 4.000000000000000000, -2.540000000000000000, -0.06299415069821999400 ) ) ;
#443 = CARTESIAN_POINT ( 'NONE',  ( -3.600000000000000500, 0.0000000000000000000, -1.000000000000000000 ) ) ;
#444 = CARTESIAN_POINT ( 'NONE',  ( -4.000000000000000000, -2.689999999999999900, -0.2057580979397000400 ) ) ;
#445 = LINE ( 'NONE', #238, #1897 ) ;
#446 = DIRECTION ( 'NONE',  ( -0.0000000000000000000, 0.0000000000000000000, -1.000000000000000000 ) ) ;
#447 = DIRECTION ( 'NONE',  ( -1.000000000000000000, 0.0000000000000000000, 0.0000000000000000000 ) ) ;
#448 = LINE ( 'NONE', #1678, #3384 ) ;
#449 = CARTESIAN_POINT ( 'NONE',  ( 0.0000000000000000000, 2.540000000000000000, -1.200000000000000000 ) ) ;
#450 = ADVANCED_FACE ( 'NONE', ( #3521 ), #843, .T. ) ;
#451 = FACE_OUTER_BOUND ( 'NONE', #1565, .T. ) ;
#452 = PRODUCT_DEFINITION_FORMATION_WITH_SPECIFIED_SOURCE ( 'ANY', '', #1770, .NOT_KNOWN. ) ;
#453 = VECTOR ( 'NONE', #775, 1000.000000000000000 ) ;
#454 = CARTESIAN_POINT ( 'NONE',  ( 4.872408892959089900, 2.873601805331371700, -5.523601805331371600 ) ) ;
#455 = STYLED_ITEM ( 'NONE', ( #440 ), #2679 ) ;
#456 = EDGE_CURVE ( 'NONE', #146, #2487, #1431, .T. ) ;
#457 = CARTESIAN_POINT ( 'NONE',  ( -1.850000000000000100, 2.290000000000000000, -1.200000000000000000 ) ) ;
#458 = LINE ( 'NONE', #2702, #609 ) ;
#459 = CARTESIAN_POINT ( 'NONE',  ( -4.910123345235141400, 2.875728126347302500, -5.135878119317070800 ) ) ;
#460 = CARTESIAN_POINT ( 'NONE',  ( 4.700000000000000200, -2.700000000000000200, -5.349999999999998800 ) ) ;
#461 = DIRECTION ( 'NONE',  ( -1.000000000000000000, 0.0000000000000000000, 0.0000000000000000000 ) ) ;
#462 = EDGE_CURVE ( 'NONE', #3500, #618, #558, .T. ) ;
#463 = ORIENTED_EDGE ( 'NONE', *, *, #943, .F. ) ;
#464 = EDGE_LOOP ( 'NONE', ( #3627, #903, #937, #991, #1711, #2682 ) ) ;
#465 = ORIENTED_EDGE ( 'NONE', *, *, #236, .F. ) ;
#466 = ORIENTED_EDGE ( 'NONE', *, *, #456, .T. ) ;
#467 = ADVANCED_FACE ( 'NONE', ( #2869 ), #3254, .F. ) ;
#468 = ORIENTED_EDGE ( 'NONE', *, *, #1217, .T. ) ;
#469 = ORIENTED_EDGE ( 'NONE', *, *, #3201, .T. ) ;
#470 = DIRECTION ( 'NONE',  ( 0.0000000000000000000, 0.9986295347545708400, -0.05233595624300186500 ) ) ;
#471 = CARTESIAN_POINT ( 'NONE',  ( -4.730000000000000400, 0.0000000000000000000, -1.000000000000000000 ) ) ;
#472 = EDGE_LOOP ( 'NONE', ( #2183, #3362, #469, #1568 ) ) ;
#473 = DIRECTION ( 'NONE',  ( 0.0000000000000000000, 0.0000000000000000000, 1.000000000000000000 ) ) ;
#474 = CARTESIAN_POINT ( 'NONE',  ( 1.399999999999999900, 0.0000000000000000000, -1.000000000000000000 ) ) ;
#475 = VERTEX_POINT ( 'NONE', #3244 ) ;
#476 = EDGE_CURVE ( 'NONE', #322, #2094, #2220, .T. ) ;
#477 = PLANE ( 'NONE',  #3050 ) ;
#478 = AXIS2_PLACEMENT_3D ( 'NONE', #566, #2555, #876 ) ;
#479 = AXIS2_PLACEMENT_3D ( 'NONE', #2079, #3555, #2251 ) ;
#480 = VERTEX_POINT ( 'NONE', #1284 ) ;
#481 =( LENGTH_UNIT ( ) NAMED_UNIT ( * ) SI_UNIT ( .MILLI., .METRE. ) );
#482 = CIRCLE ( 'NONE', #3155, 0.02999999999999964500 ) ;
#483 = DIRECTION ( 'NONE',  ( 0.0000000000000000000, 0.0000000000000000000, -1.000000000000000000 ) ) ;
#484 = DIRECTION ( 'NONE',  ( -0.0000000000000000000, -1.000000000000000000, -0.0000000000000000000 ) ) ;
#485 = DIRECTION ( 'NONE',  ( 1.000000000000000000, -0.0000000000000000000, 0.0000000000000000000 ) ) ;
#486 = DIRECTION ( 'NONE',  ( -0.0000000000000000000, 1.000000000000000000, 0.0000000000000000000 ) ) ;
#487 = ORIENTED_EDGE ( 'NONE', *, *, #691, .T. ) ;
#488 = EDGE_CURVE ( 'NONE', #2007, #2969, #382, .T. ) ;
#489 = PLANE ( 'NONE',  #3334 ) ;
#490 = LINE ( 'NONE', #1011, #2752 ) ;
#491 = VECTOR ( 'NONE', #2862, 1000.000000000000000 ) ;
#492 = DIRECTION ( 'NONE',  ( -0.7071067811865475700, 0.0000000000000000000, -0.7071067811865475700 ) ) ;
#493 = ADVANCED_FACE ( 'NONE', ( #1752 ), #3607, .T. ) ;
#494 = CIRCLE ( 'NONE', #1715, 0.7999999999999999300 ) ;
#495 = CARTESIAN_POINT ( 'NONE',  ( -4.000000000000000000, -2.540000000000000000, -1.200000000000000000 ) ) ;
#496 = EDGE_CURVE ( 'NONE', #979, #1203, #3297, .T. ) ;
#497 = VECTOR ( 'NONE', #3279, 1000.000000000000000 ) ;
#498 = DIRECTION ( 'NONE',  ( -1.000000000000000000, 0.0000000000000000000, 0.0000000000000000000 ) ) ;
#499 = VERTEX_POINT ( 'NONE', #1562 ) ;
#500 = DIRECTION ( 'NONE',  ( 0.0000000000000000000, -0.0000000000000000000, 1.000000000000000000 ) ) ;
#501 = DIRECTION ( 'NONE',  ( -0.0000000000000000000, 0.05233595624294862900, 0.9986295347545737200 ) ) ;
#502 = LINE ( 'NONE', #54, #3598 ) ;
#503 = DIRECTION ( 'NONE',  ( 1.000000000000000000, 0.0000000000000000000, 0.0000000000000000000 ) ) ;
#504 = DIRECTION ( 'NONE',  ( 0.0000000000000000000, 0.9986295347545708400, -0.05233595624300186500 ) ) ;
#505 = DIRECTION ( 'NONE',  ( 1.000000000000000000, 0.0000000000000000000, -0.0000000000000000000 ) ) ;
#506 = DIRECTION ( 'NONE',  ( -1.000000000000000000, -0.0000000000000000000, 0.0000000000000000000 ) ) ;
#507 = CIRCLE ( 'NONE', #1684, 0.2999999999999999300 ) ;
#508 = CARTESIAN_POINT ( 'NONE',  ( -4.700000000000000200, -2.730000000000000400, -1.000000000000000000 ) ) ;
#509 = ADVANCED_FACE ( 'NONE', ( #1157 ), #981, .T. ) ;
#510 = EDGE_LOOP ( 'NONE', ( #2837, #393 ) ) ;
#511 = EDGE_CURVE ( 'NONE', #31, #2613, #973, .T. ) ;
#512 = DIRECTION ( 'NONE',  ( 0.0000000000000000000, 1.000000000000000000, 0.0000000000000000000 ) ) ;
#513 = ORIENTED_EDGE ( 'NONE', *, *, #2858, .T. ) ;
#514 = DIRECTION ( 'NONE',  ( -1.000000000000000000, -0.0000000000000000000, 0.0000000000000000000 ) ) ;
#515 = PLANE ( 'NONE',  #2711 ) ;
#516 = DIRECTION ( 'NONE',  ( -1.000000000000000000, 0.0000000000000000000, 0.0000000000000000000 ) ) ;
#517 = ORIENTED_EDGE ( 'NONE', *, *, #2491, .T. ) ;
#518 = DIRECTION ( 'NONE',  ( -0.0000000000000000000, 0.0000000000000000000, -1.000000000000000000 ) ) ;
#519 = ORIENTED_EDGE ( 'NONE', *, *, #2981, .F. ) ;
#520 = CARTESIAN_POINT ( 'NONE',  ( 4.995803989154981500, 1.199999999999999700, -5.399999999999998600 ) ) ;
#521 = EDGE_CURVE ( 'NONE', #1121, #2185, #1239, .T. ) ;
#522 = PLANE ( 'NONE',  #1222 ) ;
#523 = VERTEX_POINT ( 'NONE', #1554 ) ;
#524 = ORIENTED_EDGE ( 'NONE', *, *, #3501, .F. ) ;
#525 = VERTEX_POINT ( 'NONE', #3220 ) ;
#526 = ORIENTED_EDGE ( 'NONE', *, *, #731, .T. ) ;
#527 = ORIENTED_EDGE ( 'NONE', *, *, #2381, .F. ) ;
#528 = CARTESIAN_POINT ( 'NONE',  ( 4.700000000000000200, 2.730000000000000400, -1.200000000000000000 ) ) ;
#529 = EDGE_LOOP ( 'NONE', ( #527, #3539, #66, #1208 ) ) ;
#530 = CARTESIAN_POINT ( 'NONE',  ( 4.995043803407919600, 2.708625971073100700, -5.408799572790825600 ) ) ;
#531 = DIRECTION ( 'NONE',  ( 1.000000000000000000, 0.0000000000000000000, -0.0000000000000000000 ) ) ;
#532 = CARTESIAN_POINT ( 'NONE',  ( -3.600000000000000500, -2.540000000000000000, -0.06341341293247999800 ) ) ;
#533 = AXIS2_PLACEMENT_3D ( 'NONE', #1993, #2823, #1143 ) ;
#534 = DIRECTION ( 'NONE',  ( -1.000000000000000000, -0.0000000000000000000, 0.0000000000000000000 ) ) ;
#535 = ADVANCED_FACE ( 'NONE', ( #1375 ), #969, .F. ) ;
#536 = ORIENTED_EDGE ( 'NONE', *, *, #2875, .T. ) ;
#537 = DIRECTION ( 'NONE',  ( -0.5000000000000167600, 0.0000000000000000000, 0.8660254037844289400 ) ) ;
#538 = EDGE_CURVE ( 'NONE', #2226, #1223, #2028, .T. ) ;
#539 = VECTOR ( 'NONE', #514, 1000.000000000000000 ) ;
#540 = VECTOR ( 'NONE', #1884, 1000.000000000000000 ) ;
#541 = CARTESIAN_POINT ( 'NONE',  ( 2.879999999999999900, 2.000000000000000000, -5.650000000000000400 ) ) ;
#542 = VECTOR ( 'NONE', #2081, 1000.000000000000000 ) ;
#543 = EDGE_CURVE ( 'NONE', #3192, #663, #3366, .T. ) ;
#544 = CARTESIAN_POINT ( 'NONE',  ( -3.600000000000000100, 2.540000000000000500, -0.06341341293248140000 ) ) ;
#545 = LINE ( 'NONE', #532, #1312 ) ;
#546 = CARTESIAN_POINT ( 'NONE',  ( -3.600000000000000500, 0.0000000000000000000, -1.200000000000000000 ) ) ;
#547 = CARTESIAN_POINT ( 'NONE',  ( 1.800000000000000500, 3.741999999999779300, -1.155692681260789800E-014 ) ) ;
#548 = LINE ( 'NONE', #1622, #3548 ) ;
#549 = VECTOR ( 'NONE', #2526, 1000.000000000000000 ) ;
#550 = PLANE ( 'NONE',  #533 ) ;
#551 = ORIENTED_EDGE ( 'NONE', *, *, #3593, .F. ) ;
#552 = EDGE_CURVE ( 'NONE', #2314, #2185, #725, .T. ) ;
#553 = PLANE ( 'NONE',  #680 ) ;
#554 = VECTOR ( 'NONE', #223, 1000.000000000000000 ) ;
#555 = CARTESIAN_POINT ( 'NONE',  ( -4.000000000000000000, 2.689999999999999900, -0.2057580979397000700 ) ) ;
#556 = AXIS2_PLACEMENT_3D ( 'NONE', #114, #3519, #1858 ) ;
#557 = DIRECTION ( 'NONE',  ( 0.0000000000000000000, -0.8660254037844228300, -0.5000000000000273100 ) ) ;
#558 = LINE ( 'NONE', #2968, #2909 ) ;
#559 = AXIS2_PLACEMENT_3D ( 'NONE', #3, #2607, #27 ) ;
#560 = ORIENTED_EDGE ( 'NONE', *, *, #3344, .F. ) ;
#561 = ORIENTED_EDGE ( 'NONE', *, *, #2472, .F. ) ;
#562 = ORIENTED_EDGE ( 'NONE', *, *, #2897, .F. ) ;
#563 = EDGE_CURVE ( 'NONE', #3108, #3228, #3635, .T. ) ;
#564 = ORIENTED_EDGE ( 'NONE', *, *, #2638, .F. ) ;
#565 = ORIENTED_EDGE ( 'NONE', *, *, #3233, .F. ) ;
#566 = CARTESIAN_POINT ( 'NONE',  ( 2.879999999999999900, 2.000000000000000000, -5.599999999999999600 ) ) ;
#567 = EDGE_LOOP ( 'NONE', ( #3534, #1614, #1603, #805, #1064, #36 ) ) ;
#568 = DIRECTION ( 'NONE',  ( 0.0000000000000000000, -0.0000000000000000000, 1.000000000000000000 ) ) ;
#569 = CARTESIAN_POINT ( 'NONE',  ( 2.079999999999998300, 2.995803989154981000, -5.399999999999998600 ) ) ;
#570 = DIRECTION ( 'NONE',  ( 0.0000000000000000000, -0.0000000000000000000, 1.000000000000000000 ) ) ;
#571 = ORIENTED_EDGE ( 'NONE', *, *, #1242, .T. ) ;
#572 = ORIENTED_EDGE ( 'NONE', *, *, #2192, .T. ) ;
#573 = DIRECTION ( 'NONE',  ( 0.0000000000000000000, -0.05233595624294862200, 0.9986295347545736100 ) ) ;
#574 = DIRECTION ( 'NONE',  ( 0.0000000000000000000, -0.0000000000000000000, -1.000000000000000000 ) ) ;
#575 = EDGE_LOOP ( 'NONE', ( #353, #224, #206, #2779 ) ) ;
#576 = DIRECTION ( 'NONE',  ( -0.0000000000000000000, 1.000000000000000000, 0.0000000000000000000 ) ) ;
#577 = ORIENTED_EDGE ( 'NONE', *, *, #2149, .F. ) ;
#578 = CARTESIAN_POINT ( 'NONE',  ( 4.000000000000000000, 2.689999999999999900, -0.2053388357055000400 ) ) ;
#579 = CARTESIAN_POINT ( 'NONE',  ( -4.000000000000000000, -3.757850393436000100, -0.1497944302131999900 ) ) ;
#580 = ORIENTED_EDGE ( 'NONE', *, *, #1080, .F. ) ;
#581 = DIRECTION ( 'NONE',  ( -1.000000000000000000, 0.0000000000000000000, 0.0000000000000000000 ) ) ;
#582 = CARTESIAN_POINT ( 'NONE',  ( 1.850000000000000100, 2.290000000000000000, -1.200000000000000000 ) ) ;
#583 = PLANE ( 'NONE',  #1739 ) ;
#584 = CYLINDRICAL_SURFACE ( 'NONE', #2215, 0.2999999999999999300 ) ;
#585 = AXIS2_PLACEMENT_3D ( 'NONE', #907, #1468, #3156 ) ;
#586 = CARTESIAN_POINT ( 'NONE',  ( -5.000000000000000000, 2.700000000000000600, -5.349999999999998800 ) ) ;
#587 = ORIENTED_EDGE ( 'NONE', *, *, #3086, .T. ) ;
#588 = FACE_OUTER_BOUND ( 'NONE', #2089, .T. ) ;
#589 = FACE_OUTER_BOUND ( 'NONE', #857, .T. ) ;
#590 = VECTOR ( 'NONE', #1, 1000.000000000000000 ) ;
#591 = EDGE_CURVE ( 'NONE', #3527, #940, #1506, .T. ) ;
#592 = FACE_OUTER_BOUND ( 'NONE', #3006, .T. ) ;
#593 = CARTESIAN_POINT ( 'NONE',  ( 1.800000000000000500, -2.689999999999999500, -0.2053388357054859200 ) ) ;
#594 = DIRECTION ( 'NONE',  ( 1.000000000000000000, 0.0000000000000000000, -0.0000000000000000000 ) ) ;
#595 = VECTOR ( 'NONE', #3129, 1000.000000000000000 ) ;
#596 = EDGE_CURVE ( 'NONE', #3577, #2408, #2247, .T. ) ;
#597 = DIRECTION ( 'NONE',  ( 0.0000000000000000000, -1.000000000000000000, -0.0000000000000000000 ) ) ;
#598 = DIRECTION ( 'NONE',  ( -0.0000000000000000000, 0.9986295347545737200, 0.05233595624294862900 ) ) ;
#599 = EDGE_LOOP ( 'NONE', ( #3415, #2532, #899, #1456 ) ) ;
#600 = CIRCLE ( 'NONE', #2911, 0.2999999999999999300 ) ;
#601 = LINE ( 'NONE', #859, #1472 ) ;
#602 = CARTESIAN_POINT ( 'NONE',  ( 1.399999999999999900, 2.689999999999999900, -0.2053388357055000400 ) ) ;
#603 = AXIS2_PLACEMENT_3D ( 'NONE', #1321, #3286, #1623 ) ;
#604 = CARTESIAN_POINT ( 'NONE',  ( -4.700000000000000200, 2.700000000000000200, -5.349999999999999600 ) ) ;
#605 = LINE ( 'NONE', #2297, #667 ) ;
#606 = CARTESIAN_POINT ( 'NONE',  ( -4.469999999999999800, 0.6445517328096097600, -0.2499999999999824300 ) ) ;
#607 = DIRECTION ( 'NONE',  ( 1.000000000000000000, 0.0000000000000000000, -0.0000000000000000000 ) ) ;
#608 = ORIENTED_EDGE ( 'NONE', *, *, #552, .T. ) ;
#609 = VECTOR ( 'NONE', #732, 1000.000000000000000 ) ;
#610 = CARTESIAN_POINT ( 'NONE',  ( -0.4000000000000000200, 0.0000000000000000000, -1.200000000000000000 ) ) ;
#611 = AXIS2_PLACEMENT_3D ( 'NONE', #3061, #2508, #821 ) ;
#612 = EDGE_LOOP ( 'NONE', ( #2131, #3018, #945, #3142 ) ) ;
#613 = DIRECTION ( 'NONE',  ( 0.0000000000000000000, -0.05233595624000416500, -0.9986295347547279300 ) ) ;
#614 = EDGE_LOOP ( 'NONE', ( #2063, #388, #1666, #703 ) ) ;
#615 = ORIENTED_EDGE ( 'NONE', *, *, #338, .T. ) ;
#616 = VERTEX_POINT ( 'NONE', #2359 ) ;
#617 = ORIENTED_EDGE ( 'NONE', *, *, #358, .T. ) ;
#618 = VERTEX_POINT ( 'NONE', #1530 ) ;
#619 = EDGE_CURVE ( 'NONE', #1203, #3577, #2975, .T. ) ;
#620 = ORIENTED_EDGE ( 'NONE', *, *, #1371, .F. ) ;
#621 = ORIENTED_EDGE ( 'NONE', *, *, #3463, .T. ) ;
#622 = CARTESIAN_POINT ( 'NONE',  ( 1.800000000000000300, 2.540000000000000000, -0.06299415069821999400 ) ) ;
#623 = CARTESIAN_POINT ( 'NONE',  ( 1.850000000000000100, -1.300000000000000300, -1.200000000000000000 ) ) ;
#624 = DIRECTION ( 'NONE',  ( 0.0000000000000000000, -1.000000000000000000, -0.0000000000000000000 ) ) ;
#625 = PLANE ( 'NONE',  #3130 ) ;
#626 = ORIENTED_EDGE ( 'NONE', *, *, #832, .F. ) ;
#627 = CARTESIAN_POINT ( 'NONE',  ( 4.192871870788970100, 2.012871870788999200, -1.040000000000056400 ) ) ;
#628 = ORIENTED_EDGE ( 'NONE', *, *, #2632, .T. ) ;
#629 = EDGE_CURVE ( 'NONE', #1499, #68, #2934, .T. ) ;
#630 = EDGE_LOOP ( 'NONE', ( #2175, #2890, #988, #1706 ) ) ;
#631 = DIRECTION ( 'NONE',  ( -1.000000000000000000, 0.0000000000000000000, 0.0000000000000000000 ) ) ;
#632 = FACE_OUTER_BOUND ( 'NONE', #10, .T. ) ;
#633 = VECTOR ( 'NONE', #3497, 1000.000000000000000 ) ;
#634 = CARTESIAN_POINT ( 'NONE',  ( 5.036492374042709700, -2.700000000000000600, -5.259887319042352500 ) ) ;
#635 = CARTESIAN_POINT ( 'NONE',  ( 2.850000000000000100, -1.300000000000000300, -1.200000000000000000 ) ) ;
#636 = FACE_OUTER_BOUND ( 'NONE', #3190, .T. ) ;
#637 = CARTESIAN_POINT ( 'NONE',  ( -4.700000000000000200, -2.730000000000000400, -1.200000000000000000 ) ) ;
#638 = PLANE ( 'NONE',  #285 ) ;
#639 = VECTOR ( 'NONE', #2004, 1000.000000000000000 ) ;
#640 = FACE_OUTER_BOUND ( 'NONE', #17, .T. ) ;
#641 = EDGE_CURVE ( 'NONE', #311, #1618, #3578, .T. ) ;
#642 = LINE ( 'NONE', #1492, #2812 ) ;
#643 = VECTOR ( 'NONE', #1098, 1000.000000000000000 ) ;
#644 = CARTESIAN_POINT ( 'NONE',  ( 4.609887319042353000, -2.876705599558067000, -5.686492374042705600 ) ) ;
#645 = DIRECTION ( 'NONE',  ( 0.0000000000000000000, -1.000000000000000000, -0.0000000000000000000 ) ) ;
#646 = VECTOR ( 'NONE', #2239, 1000.000000000000000 ) ;
#647 = LINE ( 'NONE', #1035, #698 ) ;
#648 = ORIENTED_EDGE ( 'NONE', *, *, #3560, .F. ) ;
#649 = AXIS2_PLACEMENT_3D ( 'NONE', #2412, #124, #1856 ) ;
#650 = ORIENTED_EDGE ( 'NONE', *, *, #2365, .T. ) ;
#651 = DIRECTION ( 'NONE',  ( -1.000000000000000000, 0.0000000000000000000, 0.0000000000000000000 ) ) ;
#652 = DIRECTION ( 'NONE',  ( 1.000000000000000000, 0.0000000000000000000, -0.0000000000000000000 ) ) ;
#653 = ORIENTED_EDGE ( 'NONE', *, *, #1536, .F. ) ;
#654 = ORIENTED_EDGE ( 'NONE', *, *, #1156, .F. ) ;
#655 = PRODUCT_RELATED_PRODUCT_CATEGORY ( 'part', '', ( #1770 ) ) ;
#656 = DIRECTION ( 'NONE',  ( 0.0000000000000000000, -1.000000000000000000, -0.0000000000000000000 ) ) ;
#657 = ORIENTED_EDGE ( 'NONE', *, *, #3090, .T. ) ;
#658 = DIRECTION ( 'NONE',  ( 0.0000000000000000000, -0.9986295347545736100, 0.05233595624294862200 ) ) ;
#659 = PRESENTATION_LAYER_ASSIGNMENT (  '', '', ( #455 ) ) ;
#660 = EDGE_CURVE ( 'NONE', #819, #940, #2372, .T. ) ;
#661 = ORIENTED_EDGE ( 'NONE', *, *, #92, .F. ) ;
#662 = ORIENTED_EDGE ( 'NONE', *, *, #2654, .F. ) ;
#663 = VERTEX_POINT ( 'NONE', #637 ) ;
#664 = EDGE_LOOP ( 'NONE', ( #1329, #2242, #650, #1606 ) ) ;
#665 = ORIENTED_EDGE ( 'NONE', *, *, #2858, .F. ) ;
#666 = EDGE_CURVE ( 'NONE', #309, #3161, #2588, .T. ) ;
#667 = VECTOR ( 'NONE', #301, 1000.000000000000000 ) ;
#668 = DIRECTION ( 'NONE',  ( -0.0000000000000000000, 0.0000000000000000000, -1.000000000000000000 ) ) ;
#669 = ADVANCED_FACE ( 'NONE', ( #2751 ), #1039, .T. ) ;
#670 = DIRECTION ( 'NONE',  ( 0.0000000000000000000, 0.0000000000000000000, -1.000000000000000000 ) ) ;
#671 = DIRECTION ( 'NONE',  ( 0.0000000000000000000, -0.9986295347545736100, -0.05233595624294862200 ) ) ;
#672 = LINE ( 'NONE', #3165, #3584 ) ;
#673 = DIRECTION ( 'NONE',  ( 0.0000000000000000000, -0.5000000000000167600, 0.8660254037844289400 ) ) ;
#674 = ORIENTED_EDGE ( 'NONE', *, *, #3515, .T. ) ;
#675 = FACE_OUTER_BOUND ( 'NONE', #2022, .T. ) ;
#676 = LINE ( 'NONE', #711, #1355 ) ;
#677 = EDGE_CURVE ( 'NONE', #3192, #2320, #1631, .T. ) ;
#678 = LINE ( 'NONE', #1147, #2112 ) ;
#679 = FACE_OUTER_BOUND ( 'NONE', #313, .T. ) ;
#680 = AXIS2_PLACEMENT_3D ( 'NONE', #2824, #1437, #3387 ) ;
#681 = LINE ( 'NONE', #2132, #1461 ) ;
#682 = DIRECTION ( 'NONE',  ( -0.0000000000000000000, 0.0000000000000000000, -1.000000000000000000 ) ) ;
#683 = AXIS2_PLACEMENT_3D ( 'NONE', #3404, #2797, #3431 ) ;
#684 = DIRECTION ( 'NONE',  ( 1.000000000000000000, 0.0000000000000000000, -0.0000000000000000000 ) ) ;
#685 = VECTOR ( 'NONE', #3590, 1000.000000000000000 ) ;
#686 = CARTESIAN_POINT ( 'NONE',  ( -2.850000000000000100, -1.300000000000000300, -1.200000000000000000 ) ) ;
#687 = CARTESIAN_POINT ( 'NONE',  ( -4.485878119317072300, 2.700000000000000600, -5.560123345235140800 ) ) ;
#688 = VECTOR ( 'NONE', #798, 1000.000000000000000 ) ;
#689 = VECTOR ( 'NONE', #531, 1000.000000000000000 ) ;
#690 = ADVANCED_FACE ( 'NONE', ( #3121 ), #625, .T. ) ;
#691 = EDGE_CURVE ( 'NONE', #718, #2870, #3327, .T. ) ;
#692 = VECTOR ( 'NONE', #1869, 1000.000000000000000 ) ;
#693 = EDGE_LOOP ( 'NONE', ( #3536, #2693, #2730, #916, #706, #2267, #1581, #29 ) ) ;
#694 = CARTESIAN_POINT ( 'NONE',  ( 1.399999999999999900, 2.539999999999999600, -0.06299415069822032800 ) ) ;
#695 = LINE ( 'NONE', #3137, #3212 ) ;
#696 = CARTESIAN_POINT ( 'NONE',  ( 2.879999999999999900, 2.000000000000000000, -5.400000000000000400 ) ) ;
#697 = ORIENTED_EDGE ( 'NONE', *, *, #660, .F. ) ;
#698 = VECTOR ( 'NONE', #2715, 1000.000000000000100 ) ;
#699 = CARTESIAN_POINT ( 'NONE',  ( -4.912132034355964900, 2.700000000000000600, -5.562132034355963500 ) ) ;
#700 = ORIENTED_EDGE ( 'NONE', *, *, #2423, .F. ) ;
#701 = CARTESIAN_POINT ( 'NONE',  ( -4.469999999999999800, 0.0000000000000000000, -1.040000000000000000 ) ) ;
#702 = ORIENTED_EDGE ( 'NONE', *, *, #363, .T. ) ;
#703 = ORIENTED_EDGE ( 'NONE', *, *, #1641, .T. ) ;
#704 = AXIS2_PLACEMENT_3D ( 'NONE', #2159, #2984, #1014 ) ;
#705 = ORIENTED_EDGE ( 'NONE', *, *, #456, .F. ) ;
#706 = ORIENTED_EDGE ( 'NONE', *, *, #3482, .T. ) ;
#707 = ADVANCED_FACE ( 'NONE', ( #3019 ), #2609, .F. ) ;
#708 = DIRECTION ( 'NONE',  ( -1.000000000000000000, 0.0000000000000000000, 0.0000000000000000000 ) ) ;
#709 = ORIENTED_EDGE ( 'NONE', *, *, #1473, .T. ) ;
#710 = ORIENTED_EDGE ( 'NONE', *, *, #1591, .T. ) ;
#711 = CARTESIAN_POINT ( 'NONE',  ( 3.600000000000000500, -3.742000000000000000, 0.0000000000000000000 ) ) ;
#712 = ORIENTED_EDGE ( 'NONE', *, *, #2102, .T. ) ;
#713 = EDGE_CURVE ( 'NONE', #2330, #475, #1263, .T. ) ;
#714 = ORIENTED_EDGE ( 'NONE', *, *, #2212, .T. ) ;
#715 =( BOUNDED_SURFACE ( )  B_SPLINE_SURFACE ( 3, 3, ( 
 ( #977, #1824, #2106, #2388 ),
 ( #1250, #97, #3218, #3498 ),
 ( #1834, #2368, #644, #968 ),
 ( #2087, #2923, #955, #2908 ) ),
 .UNSPECIFIED., .F., .F., .F. ) 
 B_SPLINE_SURFACE_WITH_KNOTS ( ( 4, 4 ),
 ( 4, 4 ),
 ( 0.0000000000000000000, 1.000000000000000000 ),
 ( 0.0000000000000000000, 1.000000000000000000 ),
 .UNSPECIFIED. ) 
 GEOMETRIC_REPRESENTATION_ITEM ( )  RATIONAL_B_SPLINE_SURFACE ( (
 ( 1.000000000000000000, 0.8047378541243656000, 0.8047378541243656000, 1.000000000000000000),
 ( 0.8025111867385925600, 0.6458111303268130300, 0.6458111303268130300, 0.8025111867385925600),
 ( 0.8025111867385925600, 0.6458111303268130300, 0.6458111303268130300, 0.8025111867385925600),
 ( 1.000000000000000000, 0.8047378541243656000, 0.8047378541243656000, 1.000000000000000000) ) ) 
 REPRESENTATION_ITEM ( '' )  SURFACE ( )  );
#716 = ORIENTED_EDGE ( 'NONE', *, *, #2472, .T. ) ;
#717 = EDGE_CURVE ( 'NONE', #2914, #2698, #2108, .T. ) ;
#718 = VERTEX_POINT ( 'NONE', #30 ) ;
#719 = FACE_OUTER_BOUND ( 'NONE', #2655, .T. ) ;
#720 = CARTESIAN_POINT ( 'NONE',  ( -4.875728126347300200, -2.910123345235143600, -5.135878119317070800 ) ) ;
#721 = DIRECTION ( 'NONE',  ( -0.0000000000000000000, 0.0000000000000000000, -1.000000000000000000 ) ) ;
#722 = FACE_OUTER_BOUND ( 'NONE', #1663, .T. ) ;
#723 = CARTESIAN_POINT ( 'NONE',  ( -3.600000000000000500, -2.689999999999999900, -0.2057580979397000400 ) ) ;
#724 = CARTESIAN_POINT ( 'NONE',  ( -4.700000000000000200, -2.912132034355965300, -5.562132034355966100 ) ) ;
#725 = LINE ( 'NONE', #3490, #50 ) ;
#726 = VECTOR ( 'NONE', #3446, 1000.000000000000100 ) ;
#727 = ADVANCED_FACE ( 'NONE', ( #1729 ), #1480, .F. ) ;
#728 = VECTOR ( 'NONE', #3391, 1000.000000000000100 ) ;
#729 = AXIS2_PLACEMENT_3D ( 'NONE', #374, #2086, #651 ) ;
#730 = LINE ( 'NONE', #1394, #2903 ) ;
#731 = EDGE_CURVE ( 'NONE', #3373, #1074, #2031, .T. ) ;
#732 = DIRECTION ( 'NONE',  ( -1.000000000000000000, -0.0000000000000000000, -0.0000000000000000000 ) ) ;
#733 = EDGE_LOOP ( 'NONE', ( #1917, #2127, #2099, #2397, #1880, #69 ) ) ;
#734 = CARTESIAN_POINT ( 'NONE',  ( 2.850000000000000100, 0.0000000000000000000, -1.040000000000000000 ) ) ;
#735 = DIRECTION ( 'NONE',  ( -0.0000000000000000000, 0.0000000000000000000, 1.000000000000000000 ) ) ;
#736 = LINE ( 'NONE', #2763, #2161 ) ;
#737 = EDGE_CURVE ( 'NONE', #1534, #3312, #1815, .T. ) ;
#738 = VECTOR ( 'NONE', #534, 1000.000000000000000 ) ;
#739 = DIRECTION ( 'NONE',  ( 0.0000000000000000000, 0.0000000000000000000, 1.000000000000000000 ) ) ;
#740 = ADVANCED_FACE ( 'NONE', ( #2450 ), #3420, .T. ) ;
#741 = ORIENTED_EDGE ( 'NONE', *, *, #2677, .F. ) ;
#742 = DIRECTION ( 'NONE',  ( 0.0000000000000000000, 0.0000000000000000000, 1.000000000000000000 ) ) ;
#743 = DIRECTION ( 'NONE',  ( 1.000000000000000000, 0.0000000000000000000, -0.0000000000000000000 ) ) ;
#744 = CARTESIAN_POINT ( 'NONE',  ( 2.879999999999999900, 2.000000000000000000, -5.400000000000000400 ) ) ;
#745 = ORIENTED_EDGE ( 'NONE', *, *, #358, .F. ) ;
#746 = VERTEX_POINT ( 'NONE', #2857 ) ;
#747 = CARTESIAN_POINT ( 'NONE',  ( 1.399999999999999900, 3.749850393436001500, -0.1497944302132282500 ) ) ;
#748 = EDGE_CURVE ( 'NONE', #2871, #3574, #766, .T. ) ;
#749 = ORIENTED_EDGE ( 'NONE', *, *, #1156, .T. ) ;
#750 = ORIENTED_EDGE ( 'NONE', *, *, #2082, .F. ) ;
#751 = VERTEX_POINT ( 'NONE', #2586 ) ;
#752 = EDGE_LOOP ( 'NONE', ( #2652, #2643, #1777, #939, #2173, #2236, #906, #253 ) ) ;
#753 = AXIS2_PLACEMENT_3D ( 'NONE', #73, #196, #205 ) ;
#754 = ORIENTED_EDGE ( 'NONE', *, *, #1103, .F. ) ;
#755 = CARTESIAN_POINT ( 'NONE',  ( 4.849107402443138400, 3.012805871005630900, -5.302828757777176900 ) ) ;
#756 = CARTESIAN_POINT ( 'NONE',  ( 1.850000000000000100, -0.6445517328096001000, -0.2500000000000000000 ) ) ;
#757 = CARTESIAN_POINT ( 'NONE',  ( 1.800000000000000300, -2.540000000000000000, -1.000000000000000000 ) ) ;
#758 = DIRECTION ( 'NONE',  ( 0.0000000000000000000, 0.0000000000000000000, 1.000000000000000000 ) ) ;
#759 = EDGE_CURVE ( 'NONE', #1245, #1059, #1352, .T. ) ;
#760 = CARTESIAN_POINT ( 'NONE',  ( -4.823189846542530500, 3.001655327279212100, -5.473189846542531700 ) ) ;
#761 = CARTESIAN_POINT ( 'NONE',  ( 3.600000000000000500, 3.749850393436000100, -0.1497944302131999900 ) ) ;
#762 = ADVANCED_FACE ( 'NONE', ( #675 ), #1751, .F. ) ;
#763 = VERTEX_POINT ( 'NONE', #586 ) ;
#764 = LINE ( 'NONE', #1170, #2929 ) ;
#765 = ORIENTED_EDGE ( 'NONE', *, *, #1811, .F. ) ;
#766 = LINE ( 'NONE', #1174, #402 ) ;
#767 = LINE ( 'NONE', #1848, #1459 ) ;
#768 = CIRCLE ( 'NONE', #1962, 0.2999999999999999300 ) ;
#769 = CARTESIAN_POINT ( 'NONE',  ( -4.000000000000000000, -2.689999999999999900, -1.200000000000000000 ) ) ;
#770 = FACE_OUTER_BOUND ( 'NONE', #1012, .T. ) ;
#771 = PLANE ( 'NONE',  #1905 ) ;
#772 = CARTESIAN_POINT ( 'NONE',  ( 1.399999999999999900, 2.689999999999999900, -0.2053388357055000400 ) ) ;
#773 = CARTESIAN_POINT ( 'NONE',  ( 2.850000000000000100, 1.300000000000000300, -1.040000000000000000 ) ) ;
#774 = FACE_OUTER_BOUND ( 'NONE', #895, .T. ) ;
#775 = DIRECTION ( 'NONE',  ( 0.0000000000000000000, 0.9986295347545708400, -0.05233595624300186500 ) ) ;
#776 = PRESENTATION_STYLE_ASSIGNMENT (( #3601 ) ) ;
#777 = FACE_OUTER_BOUND ( 'NONE', #3504, .T. ) ;
#778 = LINE ( 'NONE', #471, #1470 ) ;
#779 = ADVANCED_FACE ( 'NONE', ( #588 ), #883, .T. ) ;
#780 = FACE_OUTER_BOUND ( 'NONE', #1075, .T. ) ;
#781 =( NAMED_UNIT ( * ) SI_UNIT ( $, .STERADIAN. ) SOLID_ANGLE_UNIT ( ) );
#782 = EDGE_CURVE ( 'NONE', #425, #1252, #1258, .T. ) ;
#783 = DIRECTION ( 'NONE',  ( -0.0000000000000000000, 0.8660254037844289400, 0.5000000000000167600 ) ) ;
#784 = CARTESIAN_POINT ( 'NONE',  ( -0.3999999999999998600, -3.749850393436220800, -0.1497944302131884500 ) ) ;
#785 = DIRECTION ( 'NONE',  ( 0.0000000000000000000, 0.9986295347545708400, 0.05233595624300186500 ) ) ;
#786 = DIRECTION ( 'NONE',  ( 0.0000000000000000000, -1.000000000000000000, 0.0000000000000000000 ) ) ;
#787 = DIRECTION ( 'NONE',  ( 0.0000000000000000000, -0.0000000000000000000, -1.000000000000000000 ) ) ;
#788 = CARTESIAN_POINT ( 'NONE',  ( -0.8000000000000000400, 2.540000000000000000, -1.200000000000000000 ) ) ;
#789 = EDGE_CURVE ( 'NONE', #1074, #2010, #1322, .T. ) ;
#790 = ORIENTED_EDGE ( 'NONE', *, *, #3462, .T. ) ;
#791 = LINE ( 'NONE', #2164, #896 ) ;
#792 = ORIENTED_EDGE ( 'NONE', *, *, #1133, .T. ) ;
#793 = ORIENTED_EDGE ( 'NONE', *, *, #1744, .T. ) ;
#794 = ORIENTED_EDGE ( 'NONE', *, *, #943, .T. ) ;
#795 = DIRECTION ( 'NONE',  ( 1.000000000000000000, 0.0000000000000000000, 0.0000000000000000000 ) ) ;
#796 = ORIENTED_EDGE ( 'NONE', *, *, #2825, .F. ) ;
#797 = VERTEX_POINT ( 'NONE', #2011 ) ;
#798 = DIRECTION ( 'NONE',  ( 0.0000000000000000000, -0.0000000000000000000, 1.000000000000000000 ) ) ;
#799 = CARTESIAN_POINT ( 'NONE',  ( 3.600000000000000500, 2.540000000000000000, -1.200000000000000000 ) ) ;
#800 = DIRECTION ( 'NONE',  ( -1.000000000000000000, 0.0000000000000000000, 0.0000000000000000000 ) ) ;
#801 = ORIENTED_EDGE ( 'NONE', *, *, #302, .F. ) ;
#802 = PLANE ( 'NONE',  #227 ) ;
#803 = CARTESIAN_POINT ( 'NONE',  ( 0.0000000000000000000, 1.300000000000000300, -1.200000000000000000 ) ) ;
#804 = CARTESIAN_POINT ( 'NONE',  ( -4.192871870788969200, -2.012871870788994300, -1.040000000000065100 ) ) ;
#805 = ORIENTED_EDGE ( 'NONE', *, *, #2169, .T. ) ;
#806 = AXIS2_PLACEMENT_3D ( 'NONE', #1636, #3576, #1912 ) ;
#807 = ORIENTED_EDGE ( 'NONE', *, *, #2124, .F. ) ;
#808 = DIRECTION ( 'NONE',  ( 0.0000000000000000000, -1.000000000000000000, -0.0000000000000000000 ) ) ;
#809 = ADVANCED_FACE ( 'NONE', ( #1276 ), #292, .T. ) ;
#810 = VERTEX_POINT ( 'NONE', #1150 ) ;
#811 = CARTESIAN_POINT ( 'NONE',  ( 2.850000000000000100, -2.012871870789000100, -1.040000000000000000 ) ) ;
#812 = ORIENTED_EDGE ( 'NONE', *, *, #1992, .T. ) ;
#813 = DIRECTION ( 'NONE',  ( 0.0000000000000000000, -0.0000000000000000000, -1.000000000000000000 ) ) ;
#814 = AXIS2_PLACEMENT_3D ( 'NONE', #3106, #1135, #2813 ) ;
#815 = ORIENTED_EDGE ( 'NONE', *, *, #1591, .F. ) ;
#816 = CARTESIAN_POINT ( 'NONE',  ( 18.03600000000000500, -2.700000000000000200, -5.349999999999999600 ) ) ;
#817 = CARTESIAN_POINT ( 'NONE',  ( -4.000000000000000000, 3.750000000000000000, 0.0000000000000000000 ) ) ;
#818 = DIRECTION ( 'NONE',  ( -1.000000000000000000, -0.0000000000000000000, -0.0000000000000000000 ) ) ;
#819 = VERTEX_POINT ( 'NONE', #1999 ) ;
#820 = EDGE_CURVE ( 'NONE', #1881, #2994, #928, .T. ) ;
#821 = DIRECTION ( 'NONE',  ( -0.0000000000000000000, 0.0000000000000000000, -1.000000000000000000 ) ) ;
#822 = CARTESIAN_POINT ( 'NONE',  ( 2.879999999999999900, 2.000000000000000000, -5.599999999999999600 ) ) ;
#823 = CYLINDRICAL_SURFACE ( 'NONE', #1735, 0.02999999999999964500 ) ;
#824 = LINE ( 'NONE', #42, #2335 ) ;
#825 = DIRECTION ( 'NONE',  ( 1.000000000000000000, 0.0000000000000000000, -0.0000000000000000000 ) ) ;
#826 = CARTESIAN_POINT ( 'NONE',  ( 4.699999999999999300, 2.995803989154981000, -5.399999999999999500 ) ) ;
#827 = LINE ( 'NONE', #1792, #2248 ) ;
#828 = LINE ( 'NONE', #881, #2252 ) ;
#829 = ADVANCED_FACE ( 'NONE', ( #2426 ), #2830, .T. ) ;
#830 = CARTESIAN_POINT ( 'NONE',  ( 0.0000000000000000000, -2.689999999999999900, -1.200000000000000000 ) ) ;
#831 = DIRECTION ( 'NONE',  ( 0.0000000000000000000, -0.9986295347545737200, 0.05233595624294753300 ) ) ;
#832 = EDGE_CURVE ( 'NONE', #2189, #2960, #1602, .T. ) ;
#833 = CARTESIAN_POINT ( 'NONE',  ( 5.000034154799958100, 2.708297151027176900, -5.375233402807299200 ) ) ;
#834 = DIRECTION ( 'NONE',  ( 0.0000000000000000000, 0.0000000000000000000, -1.000000000000000000 ) ) ;
#835 = CIRCLE ( 'NONE', #1541, 0.2999999999999999300 ) ;
#836 = CARTESIAN_POINT ( 'NONE',  ( 0.0000000000000000000, -2.540000000000000000, -1.200000000000000000 ) ) ;
#837 = DIRECTION ( 'NONE',  ( 1.000000000000000000, 0.0000000000000000000, -0.0000000000000000000 ) ) ;
#838 = CARTESIAN_POINT ( 'NONE',  ( 3.600000000000000500, 2.540000000000000000, -0.06299415069821999400 ) ) ;
#839 = LINE ( 'NONE', #1139, #1102 ) ;
#840 = DIRECTION ( 'NONE',  ( -1.000000000000000000, -0.0000000000000000000, -0.0000000000000000000 ) ) ;
#841 = AXIS2_PLACEMENT_3D ( 'NONE', #1683, #1110, #1430 ) ;
#842 = PLANE ( 'NONE',  #3177 ) ;
#843 =( BOUNDED_SURFACE ( )  B_SPLINE_SURFACE ( 3, 3, ( 
 ( #2429, #1310, #433, #2154 ),
 ( #143, #1875, #3541, #1595 ),
 ( #3266, #1295, #2977, #1010 ),
 ( #2691, #720, #2419, #419 ) ),
 .UNSPECIFIED., .F., .F., .F. ) 
 B_SPLINE_SURFACE_WITH_KNOTS ( ( 4, 4 ),
 ( 4, 4 ),
 ( 0.0000000000000000000, 1.000000000000000000 ),
 ( 0.0000000000000000000, 1.000000000000000000 ),
 .UNSPECIFIED. ) 
 GEOMETRIC_REPRESENTATION_ITEM ( )  RATIONAL_B_SPLINE_SURFACE ( (
 ( 1.000000000000000000, 0.8047378541243633800, 0.8047378541243633800, 1.000000000000000000),
 ( 0.8025111867385916800, 0.6458111303268104800, 0.6458111303268104800, 0.8025111867385916800),
 ( 0.8025111867385916800, 0.6458111303268104800, 0.6458111303268104800, 0.8025111867385916800),
 ( 1.000000000000000000, 0.8047378541243633800, 0.8047378541243633800, 1.000000000000000000) ) ) 
 REPRESENTATION_ITEM ( '' )  SURFACE ( )  );
#844 = FACE_OUTER_BOUND ( 'NONE', #1246, .T. ) ;
#845 = ORIENTED_EDGE ( 'NONE', *, *, #1309, .T. ) ;
#846 = EDGE_CURVE ( 'NONE', #1223, #2225, #3091, .T. ) ;
#847 = DIRECTION ( 'NONE',  ( -1.000000000000000000, 0.0000000000000000000, 0.0000000000000000000 ) ) ;
#848 = CARTESIAN_POINT ( 'NONE',  ( -2.850000000000000100, 2.290000000000000000, -1.040000000000000000 ) ) ;
#849 = CARTESIAN_POINT ( 'NONE',  ( 0.0000000000000000000, 2.290000000000000000, -1.200000000000000000 ) ) ;
#850 = DIRECTION ( 'NONE',  ( 1.000000000000000000, 0.0000000000000000000, -0.0000000000000000000 ) ) ;
#851 = CARTESIAN_POINT ( 'NONE',  ( -4.469999999999999800, 2.290000000000000000, -1.200000000000000000 ) ) ;
#852 = VERTEX_POINT ( 'NONE', #267 ) ;
#853 = DIRECTION ( 'NONE',  ( 0.0000000000000000000, -1.000000000000000000, -0.0000000000000000000 ) ) ;
#854 = ORIENTED_EDGE ( 'NONE', *, *, #2677, .T. ) ;
#855 = CARTESIAN_POINT ( 'NONE',  ( 1.800000000000000300, 3.742000000000000000, 0.0000000000000000000 ) ) ;
#856 = ADVANCED_FACE ( 'NONE', ( #844 ), #3372, .T. ) ;
#857 = EDGE_LOOP ( 'NONE', ( #2788, #70, #1483, #1708 ) ) ;
#858 = ORIENTED_EDGE ( 'NONE', *, *, #2385, .T. ) ;
#859 = CARTESIAN_POINT ( 'NONE',  ( 3.600000000000000500, -2.540000000000000000, -1.000000000000000000 ) ) ;
#860 = ORIENTED_EDGE ( 'NONE', *, *, #1013, .T. ) ;
#861 = ORIENTED_EDGE ( 'NONE', *, *, #142, .T. ) ;
#862 = EDGE_LOOP ( 'NONE', ( #354, #1798, #989, #1249 ) ) ;
#863 = VERTEX_POINT ( 'NONE', #3647 ) ;
#864 = DIRECTION ( 'NONE',  ( 0.0000000000000000000, -0.0000000000000000000, 1.000000000000000000 ) ) ;
#865 = DIRECTION ( 'NONE',  ( 0.0000000000000000000, -0.05233595624294862900, -0.9986295347545737200 ) ) ;
#866 = DIRECTION ( 'NONE',  ( 0.0000000000000000000, -1.000000000000000000, -0.0000000000000000000 ) ) ;
#867 = CARTESIAN_POINT ( 'NONE',  ( 1.399999999999999900, -2.540000000000000000, -1.000000000000000000 ) ) ;
#868 = DIRECTION ( 'NONE',  ( 0.0000000000000000000, 0.05233595624294862900, -0.9986295347545737200 ) ) ;
#869 = DIRECTION ( 'NONE',  ( 0.8660254037844289400, 0.0000000000000000000, 0.5000000000000167600 ) ) ;
#870 = DIRECTION ( 'NONE',  ( 0.0000000000000000000, -0.8660254037844107300, -0.5000000000000482900 ) ) ;
#871 = DIRECTION ( 'NONE',  ( 0.0000000000000000000, -0.8660254037844107300, 0.5000000000000482900 ) ) ;
#872 = EDGE_CURVE ( 'NONE', #187, #2737, #2988, .T. ) ;
#873 = LINE ( 'NONE', #317, #2287 ) ;
#874 = VERTEX_POINT ( 'NONE', #2525 ) ;
#875 = LINE ( 'NONE', #1253, #1632 ) ;
#876 = DIRECTION ( 'NONE',  ( -1.000000000000000000, 0.0000000000000000000, 0.0000000000000000000 ) ) ;
#877 = CARTESIAN_POINT ( 'NONE',  ( 3.600000000000000500, 3.742000000000000000, 0.0000000000000000000 ) ) ;
#878 = LINE ( 'NONE', #2536, #1733 ) ;
#879 = EDGE_CURVE ( 'NONE', #863, #2750, #2261, .T. ) ;
#880 = CARTESIAN_POINT ( 'NONE',  ( 4.700000000000000200, 2.700000000000000200, -5.349999999999998800 ) ) ;
#881 = CARTESIAN_POINT ( 'NONE',  ( -2.799999999999999800, 1.300000000000000300, -0.2500000000000000000 ) ) ;
#882 = CIRCLE ( 'NONE', #2142, 0.5500000000000001600 ) ;
#883 = PLANE ( 'NONE',  #1357 ) ;
#884 = CARTESIAN_POINT ( 'NONE',  ( 1.850000000000000100, 2.290000000000000500, -1.200000000000000200 ) ) ;
#885 = LINE ( 'NONE', #2783, #2299 ) ;
#886 = LINE ( 'NONE', #233, #1190 ) ;
#887 = LINE ( 'NONE', #218, #96 ) ;
#888 = DIRECTION ( 'NONE',  ( -0.0000000000000000000, -0.0000000000000000000, 1.000000000000000000 ) ) ;
#889 = EDGE_CURVE ( 'NONE', #3566, #1447, #2349, .T. ) ;
#890 = VECTOR ( 'NONE', #2993, 1000.000000000000000 ) ;
#891 = DIRECTION ( 'NONE',  ( -0.0000000000000000000, -0.0000000000000000000, 1.000000000000000000 ) ) ;
#892 = CARTESIAN_POINT ( 'NONE',  ( 3.600000000000000500, -2.540000000000000000, -0.06299415069821999400 ) ) ;
#893 = AXIS2_PLACEMENT_3D ( 'NONE', #3126, #1451, #3400 ) ;
#894 = AXIS2_PLACEMENT_3D ( 'NONE', #3063, #3197, #3329 ) ;
#895 = EDGE_LOOP ( 'NONE', ( #2480, #20, #674, #526, #3223, #2534, #2393, #2270 ) ) ;
#896 = VECTOR ( 'NONE', #1605, 1000.000000000000000 ) ;
#897 = VERTEX_POINT ( 'NONE', #1977 ) ;
#898 = EDGE_CURVE ( 'NONE', #852, #3449, #2165, .T. ) ;
#899 = ORIENTED_EDGE ( 'NONE', *, *, #1896, .F. ) ;
#900 = ORIENTED_EDGE ( 'NONE', *, *, #1795, .F. ) ;
#901 = CARTESIAN_POINT ( 'NONE',  ( 1.850000000000000100, 1.300000000000000300, -0.6284232335023000000 ) ) ;
#902 = CARTESIAN_POINT ( 'NONE',  ( -3.600000000000000100, 3.757850393436000100, -0.1497944302131961300 ) ) ;
#903 = ORIENTED_EDGE ( 'NONE', *, *, #2246, .F. ) ;
#904 = DIRECTION ( 'NONE',  ( 0.0000000000000000000, -0.0000000000000000000, 1.000000000000000000 ) ) ;
#905 = ORIENTED_EDGE ( 'NONE', *, *, #2868, .F. ) ;
#906 = ORIENTED_EDGE ( 'NONE', *, *, #2758, .T. ) ;
#907 = CARTESIAN_POINT ( 'NONE',  ( -0.8000000000000000400, -2.689999999999999900, -0.2053388357055000200 ) ) ;
#908 = ORIENTED_EDGE ( 'NONE', *, *, #236, .T. ) ;
#909 = VERTEX_POINT ( 'NONE', #520 ) ;
#910 = ORIENTED_EDGE ( 'NONE', *, *, #748, .T. ) ;
#911 = DIRECTION ( 'NONE',  ( -0.7071067811865474600, 0.0000000000000000000, -0.7071067811865474600 ) ) ;
#912 = ORIENTED_EDGE ( 'NONE', *, *, #1521, .F. ) ;
#913 = PLANE ( 'NONE',  #3083 ) ;
#914 = DIRECTION ( 'NONE',  ( -1.000000000000000000, -0.0000000000000000000, -0.0000000000000000000 ) ) ;
#915 = CARTESIAN_POINT ( 'NONE',  ( 3.600000000000000500, -3.742000000000000400, 6.680168445515305400E-016 ) ) ;
#916 = ORIENTED_EDGE ( 'NONE', *, *, #2500, .T. ) ;
#917 = DIRECTION ( 'NONE',  ( -0.0000000000000000000, 0.0000000000000000000, 1.000000000000000000 ) ) ;
#918 = LINE ( 'NONE', #3017, #2411 ) ;
#919 = VECTOR ( 'NONE', #3441, 1000.000000000000000 ) ;
#920 = EDGE_CURVE ( 'NONE', #3144, #2428, #3651, .T. ) ;
#921 = LINE ( 'NONE', #332, #2976 ) ;
#922 = CARTESIAN_POINT ( 'NONE',  ( 4.991547594742264900, 2.750000000000000900, -5.400000000000000400 ) ) ;
#923 = FACE_OUTER_BOUND ( 'NONE', #612, .T. ) ;
#924 = EDGE_CURVE ( 'NONE', #1083, #1710, #1428, .T. ) ;
#925 = DIRECTION ( 'NONE',  ( 0.0000000000000000000, 0.0000000000000000000, -1.000000000000000000 ) ) ;
#926 = LINE ( 'NONE', #830, #1593 ) ;
#927 = VECTOR ( 'NONE', #871, 1000.000000000000200 ) ;
#928 = LINE ( 'NONE', #2281, #141 ) ;
#929 = DIRECTION ( 'NONE',  ( 1.000000000000000000, 0.0000000000000000000, 0.0000000000000000000 ) ) ;
#930 = AXIS2_PLACEMENT_3D ( 'NONE', #288, #2554, #1730 ) ;
#931 = DIRECTION ( 'NONE',  ( 0.0000000000000000000, -0.0000000000000000000, 1.000000000000000000 ) ) ;
#932 = CARTESIAN_POINT ( 'NONE',  ( 4.948139574263674200, -3.001655327279212100, -5.348240118821386200 ) ) ;
#933 = EDGE_LOOP ( 'NONE', ( #362, #2651, #2275, #1292 ) ) ;
#934 = DIRECTION ( 'NONE',  ( -1.000000000000000000, -0.0000000000000000000, 0.0000000000000000000 ) ) ;
#935 = AXIS2_PLACEMENT_3D ( 'NONE', #3476, #2642, #966 ) ;
#936 = DIRECTION ( 'NONE',  ( 1.000000000000000000, 0.0000000000000000000, 0.0000000000000000000 ) ) ;
#937 = ORIENTED_EDGE ( 'NONE', *, *, #3644, .F. ) ;
#938 = EDGE_CURVE ( 'NONE', #1393, #2737, #2820, .T. ) ;
#939 = ORIENTED_EDGE ( 'NONE', *, *, #2917, .T. ) ;
#940 = VERTEX_POINT ( 'NONE', #2775 ) ;
#941 = ORIENTED_EDGE ( 'NONE', *, *, #1536, .T. ) ;
#942 = VERTEX_POINT ( 'NONE', #1681 ) ;
#943 = EDGE_CURVE ( 'NONE', #2933, #1763, #2085, .T. ) ;
#944 = VERTEX_POINT ( 'NONE', #1097 ) ;
#945 = ORIENTED_EDGE ( 'NONE', *, *, #1498, .F. ) ;
#946 = CARTESIAN_POINT ( 'NONE',  ( 1.800000000000000300, 0.0000000000000000000, -1.000000000000000000 ) ) ;
#947 = DIRECTION ( 'NONE',  ( 0.0000000000000000000, 0.0000000000000000000, 1.000000000000000000 ) ) ;
#948 = ORIENTED_EDGE ( 'NONE', *, *, #2612, .F. ) ;
#949 = DIRECTION ( 'NONE',  ( -0.0000000000000000000, -0.0000000000000000000, -1.000000000000000000 ) ) ;
#950 = ORIENTED_EDGE ( 'NONE', *, *, #1939, .T. ) ;
#951 = EDGE_CURVE ( 'NONE', #2019, #158, #2002, .T. ) ;
#952 = LINE ( 'NONE', #579, #277 ) ;
#953 = AXIS2_PLACEMENT_3D ( 'NONE', #2681, #1004, #2970 ) ;
#954 = CARTESIAN_POINT ( 'NONE',  ( 4.729999999999999500, -2.700000000000000200, -1.000000000000000000 ) ) ;
#955 = CARTESIAN_POINT ( 'NONE',  ( 4.485878119317072300, -2.875728126347302000, -5.560123345235142600 ) ) ;
#956 = VECTOR ( 'NONE', #16, 1000.000000000000000 ) ;
#957 = LINE ( 'NONE', #3209, #3122 ) ;
#958 = DIRECTION ( 'NONE',  ( 1.000000000000000000, 0.0000000000000000000, 0.0000000000000000000 ) ) ;
#959 = LINE ( 'NONE', #2802, #2409 ) ;
#960 = DIRECTION ( 'NONE',  ( 0.0000000000000000000, -1.000000000000000000, -0.0000000000000000000 ) ) ;
#961 = DIRECTION ( 'NONE',  ( 0.0000000000000000000, 0.0000000000000000000, 1.000000000000000000 ) ) ;
#962 = VECTOR ( 'NONE', #2482, 1000.000000000000000 ) ;
#963 = EDGE_CURVE ( 'NONE', #2915, #2395, #2724, .T. ) ;
#964 = LINE ( 'NONE', #3641, #290 ) ;
#965 = LINE ( 'NONE', #2493, #688 ) ;
#966 = DIRECTION ( 'NONE',  ( -0.0000000000000000000, 0.0000000000000000000, -1.000000000000000000 ) ) ;
#967 = VECTOR ( 'NONE', #818, 1000.000000000000000 ) ;
#968 = CARTESIAN_POINT ( 'NONE',  ( 4.609887319042352200, -2.700000000000000600, -5.686492374042706500 ) ) ;
#969 = PLANE ( 'NONE',  #1629 ) ;
#970 = CARTESIAN_POINT ( 'NONE',  ( 0.0000000000000000000, 0.0000000000000000000, -1.000000000000000000 ) ) ;
#971 = LINE ( 'NONE', #2186, #3217 ) ;
#972 = CARTESIAN_POINT ( 'NONE',  ( -4.469999999999999800, -0.6445517328096001000, -0.2500000000000000000 ) ) ;
#973 = LINE ( 'NONE', #100, #2822 ) ;
#974 = ORIENTED_EDGE ( 'NONE', *, *, #1205, .F. ) ;
#975 = AXIS2_PLACEMENT_3D ( 'NONE', #307, #3407, #1455 ) ;
#976 = ORIENTED_EDGE ( 'NONE', *, *, #2307, .F. ) ;
#977 = CARTESIAN_POINT ( 'NONE',  ( 4.912132034355964900, -2.700000000000000200, -5.562132034355964400 ) ) ;
#978 = ADVANCED_FACE ( 'NONE', ( #1904 ), #3294, .F. ) ;
#979 = VERTEX_POINT ( 'NONE', #788 ) ;
#980 = EDGE_LOOP ( 'NONE', ( #1801, #1337, #1058 ) ) ;
#981 = PLANE ( 'NONE',  #1237 ) ;
#982 = VERTEX_POINT ( 'NONE', #2213 ) ;
#983 = CARTESIAN_POINT ( 'NONE',  ( 2.800000000000000300, -1.300000000000003800, -0.6284232335022941200 ) ) ;
#984 = EDGE_CURVE ( 'NONE', #1585, #194, #379, .T. ) ;
#985 = CARTESIAN_POINT ( 'NONE',  ( -4.573742182490724100, 2.999986676132685200, -5.472259282061489000 ) ) ;
#986 = ORIENTED_EDGE ( 'NONE', *, *, #677, .F. ) ;
#987 = EDGE_LOOP ( 'NONE', ( #1497, #2641, #1163, #1677 ) ) ;
#988 = ORIENTED_EDGE ( 'NONE', *, *, #2092, .F. ) ;
#989 = ORIENTED_EDGE ( 'NONE', *, *, #1343, .F. ) ;
#990 = EDGE_CURVE ( 'NONE', #3194, #3275, #1155, .T. ) ;
#991 = ORIENTED_EDGE ( 'NONE', *, *, #496, .F. ) ;
#992 = DIRECTION ( 'NONE',  ( 0.0000000000000000000, -1.000000000000000000, 0.0000000000000000000 ) ) ;
#993 = VERTEX_POINT ( 'NONE', #2746 ) ;
#994 = VECTOR ( 'NONE', #3353, 1000.000000000000000 ) ;
#995 = CARTESIAN_POINT ( 'NONE',  ( 3.600000000000000500, 2.540000000000000000, -1.000000000000000000 ) ) ;
#996 = ADVANCED_FACE ( 'NONE', ( #299 ), #477, .T. ) ;
#997 = ORIENTED_EDGE ( 'NONE', *, *, #2212, .F. ) ;
#998 = LINE ( 'NONE', #3009, #3164 ) ;
#999 = FACE_BOUND ( 'NONE', #1401, .T. ) ;
#1000 = AXIS2_PLACEMENT_3D ( 'NONE', #3628, #249, #2250 ) ;
#1001 = LINE ( 'NONE', #2619, #1685 ) ;
#1002 = CARTESIAN_POINT ( 'NONE',  ( -4.700000000000000200, 2.700000000000000200, -1.000000000000000000 ) ) ;
#1003 = VECTOR ( 'NONE', #607, 1000.000000000000000 ) ;
#1004 = DIRECTION ( 'NONE',  ( 1.000000000000000000, 0.0000000000000000000, 0.0000000000000000000 ) ) ;
#1005 = CARTESIAN_POINT ( 'NONE',  ( -4.699999999999998400, -2.485878119317074900, -5.560123345235142600 ) ) ;
#1006 = LINE ( 'NONE', #610, #1101 ) ;
#1007 = EDGE_CURVE ( 'NONE', #1759, #616, #3390, .T. ) ;
#1008 = VECTOR ( 'NONE', #3321, 1000.000000000000000 ) ;
#1009 = ADVANCED_FACE ( 'NONE', ( #1056 ), #3025, .T. ) ;
#1010 = CARTESIAN_POINT ( 'NONE',  ( -5.001655327279213000, -2.823189846542532200, -5.473189846542532600 ) ) ;
#1011 = CARTESIAN_POINT ( 'NONE',  ( 1.399999999999999900, 2.540000000000000000, -0.06299415069821999400 ) ) ;
#1012 = EDGE_LOOP ( 'NONE', ( #3150, #1167, #3408, #390 ) ) ;
#1013 = EDGE_CURVE ( 'NONE', #2576, #2698, #971, .T. ) ;
#1014 = DIRECTION ( 'NONE',  ( -0.0000000000000000000, 0.0000000000000000000, -1.000000000000000000 ) ) ;
#1015 = ORIENTED_EDGE ( 'NONE', *, *, #2365, .F. ) ;
#1016 = ORIENTED_EDGE ( 'NONE', *, *, #2066, .T. ) ;
#1017 = EDGE_LOOP ( 'NONE', ( #1262, #1488, #1241 ) ) ;
#1018 = ORIENTED_EDGE ( 'NONE', *, *, #2517, .F. ) ;
#1019 = ORIENTED_EDGE ( 'NONE', *, *, #208, .T. ) ;
#1020 = DIRECTION ( 'NONE',  ( 0.0000000000000000000, -0.0000000000000000000, -1.000000000000000000 ) ) ;
#1021 = CARTESIAN_POINT ( 'NONE',  ( 0.0000000000000000000, 1.200000000000000000, -5.650000000000000400 ) ) ;
#1022 = EDGE_LOOP ( 'NONE', ( #1563, #1285, #2433, #1630 ) ) ;
#1023 = ORIENTED_EDGE ( 'NONE', *, *, #1635, .T. ) ;
#1024 = CARTESIAN_POINT ( 'NONE',  ( 2.329999999999999600, 2.000000000000000000, -5.400000000000000400 ) ) ;
#1025 = CARTESIAN_POINT ( 'NONE',  ( -3.600000000000000100, -2.689999999999999900, -0.2057580979397019800 ) ) ;
#1026 = EDGE_LOOP ( 'NONE', ( #562, #1206, #2928, #1969, #2218, #754 ) ) ;
#1027 = EDGE_CURVE ( 'NONE', #31, #2659, #2463, .T. ) ;
#1028 = DIRECTION ( 'NONE',  ( 1.000000000000000000, 0.0000000000000000000, -0.0000000000000000000 ) ) ;
#1029 = ORIENTED_EDGE ( 'NONE', *, *, #737, .T. ) ;
#1030 = CARTESIAN_POINT ( 'NONE',  ( -4.730000000000000400, -2.700000000000000200, -1.000000000000000000 ) ) ;
#1031 = ADVANCED_FACE ( 'NONE', ( #1748 ), #102, .T. ) ;
#1032 = DIRECTION ( 'NONE',  ( 0.0000000000000000000, -1.000000000000000000, 0.0000000000000000000 ) ) ;
#1033 = CARTESIAN_POINT ( 'NONE',  ( 3.600000000000000500, -2.540000000000000000, -0.06299415069821999400 ) ) ;
#1034 = VECTOR ( 'NONE', #864, 1000.000000000000000 ) ;
#1035 = CARTESIAN_POINT ( 'NONE',  ( -1.850000000000000100, 2.290000000000000000, -1.200000000000000000 ) ) ;
#1036 = CARTESIAN_POINT ( 'NONE',  ( 1.800000000000000300, -3.742000000000000000, 0.0000000000000000000 ) ) ;
#1037 = DIRECTION ( 'NONE',  ( -1.000000000000000000, -0.0000000000000000000, -0.0000000000000000000 ) ) ;
#1038 = DIRECTION ( 'NONE',  ( -1.000000000000000000, -0.0000000000000000000, -0.0000000000000000000 ) ) ;
#1039 = CYLINDRICAL_SURFACE ( 'NONE', #2930, 0.2999999999999999300 ) ;
#1040 = CARTESIAN_POINT ( 'NONE',  ( 4.700000000000000200, 3.000000000000000000, -1.000000000000000000 ) ) ;
#1041 = DIRECTION ( 'NONE',  ( 0.0000000000000000000, 0.0000000000000000000, 1.000000000000000000 ) ) ;
#1042 = AXIS2_PLACEMENT_3D ( 'NONE', #696, #2121, #2670 ) ;
#1043 = CIRCLE ( 'NONE', #1793, 0.2999999999999999300 ) ;
#1044 = LINE ( 'NONE', #3299, #375 ) ;
#1045 = ADVANCED_FACE ( 'NONE', ( #190 ), #2446, .T. ) ;
#1046 = CARTESIAN_POINT ( 'NONE',  ( 4.954542257835797200, 2.832817314391405300, -5.482817314391404300 ) ) ;
#1047 = EDGE_CURVE ( 'NONE', #1618, #2330, #3037, .T. ) ;
#1048 = DIRECTION ( 'NONE',  ( 0.0000000000000000000, -0.05233595624000416500, -0.9986295347547279300 ) ) ;
#1049 = DIRECTION ( 'NONE',  ( 0.0000000000000000000, -0.0000000000000000000, 1.000000000000000000 ) ) ;
#1050 = VECTOR ( 'NONE', #2258, 1000.000000000000000 ) ;
#1051 = LINE ( 'NONE', #2228, #3292 ) ;
#1052 = CARTESIAN_POINT ( 'NONE',  ( -5.036492374042709700, 2.876705599558068400, -5.259887319042351600 ) ) ;
#1053 = DIRECTION ( 'NONE',  ( 1.000000000000000000, 0.0000000000000000000, -0.0000000000000000000 ) ) ;
#1054 = DIRECTION ( 'NONE',  ( 0.0000000000000000000, -0.5000000000000167600, 0.8660254037844289400 ) ) ;
#1055 = EDGE_CURVE ( 'NONE', #312, #1616, #1644, .T. ) ;
#1056 = FACE_OUTER_BOUND ( 'NONE', #162, .T. ) ;
#1057 = VECTOR ( 'NONE', #2332, 1000.000000000000000 ) ;
#1058 = ORIENTED_EDGE ( 'NONE', *, *, #127, .T. ) ;
#1059 = VERTEX_POINT ( 'NONE', #148 ) ;
#1060 = PLANE ( 'NONE',  #1381 ) ;
#1061 = DIRECTION ( 'NONE',  ( -1.000000000000000000, 0.0000000000000000000, -0.0000000000000000000 ) ) ;
#1062 = PLANE ( 'NONE',  #2951 ) ;
#1063 = ORIENTED_EDGE ( 'NONE', *, *, #1903, .T. ) ;
#1064 = ORIENTED_EDGE ( 'NONE', *, *, #3482, .F. ) ;
#1065 = CARTESIAN_POINT ( 'NONE',  ( -0.8000000000000000400, -3.749850393436220800, -0.1497944302131884500 ) ) ;
#1066 = EDGE_CURVE ( 'NONE', #2997, #2015, #2386, .T. ) ;
#1067 = ORIENTED_EDGE ( 'NONE', *, *, #1424, .F. ) ;
#1068 = CARTESIAN_POINT ( 'NONE',  ( 1.399999999999999900, -3.742000000000000000, 0.0000000000000000000 ) ) ;
#1069 = ADVANCED_FACE ( 'NONE', ( #780 ), #1300, .F. ) ;
#1070 = VERTEX_POINT ( 'NONE', #1894 ) ;
#1071 = ORIENTED_EDGE ( 'NONE', *, *, #3274, .F. ) ;
#1072 = ORIENTED_EDGE ( 'NONE', *, *, #2223, .F. ) ;
#1073 = AXIS2_PLACEMENT_3D ( 'NONE', #3176, #3418, #3658 ) ;
#1074 = VERTEX_POINT ( 'NONE', #426 ) ;
#1075 = EDGE_LOOP ( 'NONE', ( #1765, #1289, #24, #3405, #1844, #2785 ) ) ;
#1076 = ORIENTED_EDGE ( 'NONE', *, *, #3667, .T. ) ;
#1077 = APPLICATION_PROTOCOL_DEFINITION ( 'draft international standard', 'automotive_design', 1998, #1359 ) ;
#1078 = VERTEX_POINT ( 'NONE', #2696 ) ;
#1079 = DIRECTION ( 'NONE',  ( 0.0000000000000000000, 0.0000000000000000000, 1.000000000000000000 ) ) ;
#1080 = EDGE_CURVE ( 'NONE', #3312, #62, #2214, .T. ) ;
#1081 = DIRECTION ( 'NONE',  ( 0.0000000000000000000, -0.9986295347545739400, -0.05233595624294396600 ) ) ;
#1082 = CARTESIAN_POINT ( 'NONE',  ( 1.850000000000000100, 0.0000000000000000000, -1.200000000000000000 ) ) ;
#1083 = VERTEX_POINT ( 'NONE', #3273 ) ;
#1084 = VECTOR ( 'NONE', #2238, 1000.000000000000000 ) ;
#1085 = PLANE ( 'NONE',  #2792 ) ;
#1086 = VERTEX_POINT ( 'NONE', #138 ) ;
#1087 = VECTOR ( 'NONE', #2598, 1000.000000000000000 ) ;
#1088 = FACE_OUTER_BOUND ( 'NONE', #2615, .T. ) ;
#1089 = FACE_BOUND ( 'NONE', #3237, .T. ) ;
#1090 = ADVANCED_FACE ( 'NONE', ( #2863 ), #91, .T. ) ;
#1091 = APPLICATION_CONTEXT ( 'automotive_design' ) ;
#1092 = DIRECTION ( 'NONE',  ( 0.0000000000000000000, 0.0000000000000000000, -1.000000000000000000 ) ) ;
#1093 = LINE ( 'NONE', #1845, #2114 ) ;
#1094 = CARTESIAN_POINT ( 'NONE',  ( -4.469999999999999800, -0.6445517328096001000, -0.2500000000000000000 ) ) ;
#1095 = DIRECTION ( 'NONE',  ( -0.0000000000000000000, 0.0000000000000000000, 1.000000000000000000 ) ) ;
#1096 = FACE_OUTER_BOUND ( 'NONE', #1211, .T. ) ;
#1097 = CARTESIAN_POINT ( 'NONE',  ( -4.700000000000000200, -2.730000000000000400, -1.000000000000000000 ) ) ;
#1098 = DIRECTION ( 'NONE',  ( -0.0000000000000000000, -0.0000000000000000000, 1.000000000000000000 ) ) ;
#1099 = AXIS2_PLACEMENT_3D ( 'NONE', #701, #739, #1113 ) ;
#1100 = DIRECTION ( 'NONE',  ( -1.000000000000000000, -0.0000000000000000000, -0.0000000000000000000 ) ) ;
#1101 = VECTOR ( 'NONE', #624, 1000.000000000000000 ) ;
#1102 = VECTOR ( 'NONE', #1544, 1000.000000000000000 ) ;
#1103 = EDGE_CURVE ( 'NONE', #751, #2528, #2308, .T. ) ;
#1104 = DIRECTION ( 'NONE',  ( 0.0000000000000000000, -0.9986295347545739400, 0.05233595624294396600 ) ) ;
#1105 = CARTESIAN_POINT ( 'NONE',  ( 1.800000000000000300, -2.540000000000000000, -0.06299415069821999400 ) ) ;
#1106 = DIRECTION ( 'NONE',  ( -1.000000000000000000, -0.0000000000000000000, 0.0000000000000000000 ) ) ;
#1107 = DIRECTION ( 'NONE',  ( -0.0000000000000000000, -0.0000000000000000000, -1.000000000000000000 ) ) ;
#1108 = ADVANCED_FACE ( 'NONE', ( #3600 ), #1421, .T. ) ;
#1109 = EDGE_CURVE ( 'NONE', #2518, #2846, #601, .T. ) ;
#1110 = DIRECTION ( 'NONE',  ( 0.0000000000000000000, 0.05233595624294862900, -0.9986295347545737200 ) ) ;
#1111 = CLOSED_SHELL ( 'NONE', ( #2436, #2531, #2452, #3026, #493, #707, #1660, #669, #1620, #1640, #1307, #2130, #3215, #450, #829, #3535, #2488, #2389, #2947, #3648, #432, #2780, #189, #1031, #2723, #3503, #3570, #1907, #1129, #241, #1344, #2163, #2967, #2932, #3087, #978, #1045, #3517, #2204, #1895, #134, #1255, #1325, #3261, #1846, #2985, #1682, #2739, #3549, #2760, #1828, #1978, #3605, #257, #727, #400, #2264, #1275, #1069, #740, #3588, #1108, #1584, #1552, #1699, #3232, #3293, #1874, #2669, #1601, #1392, #2469, #3282, #414, #386, #1009, #2115, #3623, #1930, #3001, #1291, #98, #535, #2227, #2187, #1953, #467, #2512, #3317, #2245, #2653, #2147, #809, #3379, #2406, #2683, #166, #3338, #3065, #856, #996, #1569, #2699, #779, #213, #2806, #690, #119, #149, #3039, #1370, #3250, #1417, #3357, #509, #2418, #1090, #1861, #762 ) ) ;
#1112 = ORIENTED_EDGE ( 'NONE', *, *, #13, .T. ) ;
#1113 = DIRECTION ( 'NONE',  ( 1.000000000000000000, 0.0000000000000000000, -0.0000000000000000000 ) ) ;
#1114 = ORIENTED_EDGE ( 'NONE', *, *, #1914, .T. ) ;
#1115 = VERTEX_POINT ( 'NONE', #2146 ) ;
#1116 = ORIENTED_EDGE ( 'NONE', *, *, #424, .T. ) ;
#1117 = CARTESIAN_POINT ( 'NONE',  ( 4.997888254729899100, 2.691436619821970100, -5.392093934012509100 ) ) ;
#1118 = ORIENTED_EDGE ( 'NONE', *, *, #3090, .F. ) ;
#1119 = DIRECTION ( 'NONE',  ( 0.0000000000000000000, 0.0000000000000000000, 1.000000000000000000 ) ) ;
#1120 = DIRECTION ( 'NONE',  ( 0.0000000000000000000, 0.9986295347545708400, 0.05233595624300186500 ) ) ;
#1121 = VERTEX_POINT ( 'NONE', #1387 ) ;
#1122 = AXIS2_PLACEMENT_3D ( 'NONE', #1745, #3679, #2021 ) ;
#1123 = ORIENTED_EDGE ( 'NONE', *, *, #3581, .T. ) ;
#1124 = ORIENTED_EDGE ( 'NONE', *, *, #110, .F. ) ;
#1125 = LINE ( 'NONE', #2566, #1537 ) ;
#1126 = ORIENTED_EDGE ( 'NONE', *, *, #321, .F. ) ;
#1127 = DIRECTION ( 'NONE',  ( 0.0000000000000000000, 1.000000000000000000, 0.0000000000000000000 ) ) ;
#1128 = EDGE_CURVE ( 'NONE', #217, #322, #2123, .T. ) ;
#1129 = ADVANCED_FACE ( 'NONE', ( #1279 ), #3053, .F. ) ;
#1130 = ORIENTED_EDGE ( 'NONE', *, *, #1128, .F. ) ;
#1131 = PLANE ( 'NONE',  #305 ) ;
#1132 = CARTESIAN_POINT ( 'NONE',  ( -0.4000000000000000200, -2.689999999999999900, -1.200000000000000000 ) ) ;
#1133 = EDGE_CURVE ( 'NONE', #940, #3161, #3516, .T. ) ;
#1134 = DIRECTION ( 'NONE',  ( -0.0000000000000000000, 0.05233595624294862900, 0.9986295347545737200 ) ) ;
#1135 = DIRECTION ( 'NONE',  ( 0.0000000000000000000, -1.000000000000000000, 0.0000000000000000000 ) ) ;
#1136 = LINE ( 'NONE', #1994, #1034 ) ;
#1137 = LINE ( 'NONE', #1308, #3284 ) ;
#1138 = DIRECTION ( 'NONE',  ( 0.0000000000000000000, -0.0000000000000000000, -1.000000000000000000 ) ) ;
#1139 = CARTESIAN_POINT ( 'NONE',  ( -4.700000000000000200, -2.730000000000000400, -1.000000000000000000 ) ) ;
#1140 = DIRECTION ( 'NONE',  ( 1.000000000000000000, 0.0000000000000000000, -0.0000000000000000000 ) ) ;
#1141 = CARTESIAN_POINT ( 'NONE',  ( 5.000000000000000000, 2.700000000000000200, -1.000000000000000000 ) ) ;
#1142 = LINE ( 'NONE', #803, #287 ) ;
#1143 = DIRECTION ( 'NONE',  ( 0.0000000000000000000, 0.9986295347545736100, 0.05233595624294862200 ) ) ;
#1144 = EDGE_CURVE ( 'NONE', #3108, #618, #507, .T. ) ;
#1145 = CARTESIAN_POINT ( 'NONE',  ( 4.943753539091693100, 2.881396941376247700, -5.400000000000002100 ) ) ;
#1146 = FACE_OUTER_BOUND ( 'NONE', #3231, .T. ) ;
#1147 = CARTESIAN_POINT ( 'NONE',  ( 4.000000000000000000, -2.540000000000000000, -1.000000000000000000 ) ) ;
#1148 = DIRECTION ( 'NONE',  ( 1.000000000000000000, 0.0000000000000000000, -0.0000000000000000000 ) ) ;
#1149 = CARTESIAN_POINT ( 'NONE',  ( 2.879999999999999900, 1.200000000000000200, -5.650000000000000400 ) ) ;
#1150 = CARTESIAN_POINT ( 'NONE',  ( -4.000000000000000000, -2.689999999999999900, -0.2057580979397038700 ) ) ;
#1151 = LINE ( 'NONE', #3375, #2553 ) ;
#1152 = DIRECTION ( 'NONE',  ( 0.0000000000000000000, 0.7071067811865466800, -0.7071067811865481300 ) ) ;
#1153 = AXIS2_PLACEMENT_3D ( 'NONE', #816, #232, #330 ) ;
#1154 = CARTESIAN_POINT ( 'NONE',  ( -0.8000000000000000400, 2.689999999999999900, -1.200000000000000000 ) ) ;
#1155 = LINE ( 'NONE', #1651, #2557 ) ;
#1156 = EDGE_CURVE ( 'NONE', #2229, #1390, #3437, .T. ) ;
#1157 = FACE_OUTER_BOUND ( 'NONE', #693, .T. ) ;
#1158 = CARTESIAN_POINT ( 'NONE',  ( 4.837589583298564500, 2.970905416572116500, -5.400000000000003900 ) ) ;
#1159 = DIRECTION ( 'NONE',  ( -1.000000000000000000, 0.0000000000000000000, 0.0000000000000000000 ) ) ;
#1160 = DIRECTION ( 'NONE',  ( -1.000000000000000000, 0.0000000000000000000, 0.0000000000000000000 ) ) ;
#1161 = ORIENTED_EDGE ( 'NONE', *, *, #398, .T. ) ;
#1162 = ORIENTED_EDGE ( 'NONE', *, *, #3388, .T. ) ;
#1163 = ORIENTED_EDGE ( 'NONE', *, *, #1612, .F. ) ;
#1164 = ORIENTED_EDGE ( 'NONE', *, *, #3151, .T. ) ;
#1165 = CARTESIAN_POINT ( 'NONE',  ( 0.0000000000000000000, -2.689999999999999900, -1.200000000000000000 ) ) ;
#1166 = EDGE_LOOP ( 'NONE', ( #1382, #3270, #2190, #197, #2052, #950 ) ) ;
#1167 = ORIENTED_EDGE ( 'NONE', *, *, #150, .T. ) ;
#1168 = EDGE_LOOP ( 'NONE', ( #2396, #1583, #3184, #2564 ) ) ;
#1169 = ORIENTED_EDGE ( 'NONE', *, *, #2905, .F. ) ;
#1170 = CARTESIAN_POINT ( 'NONE',  ( 0.0000000000000000000, -2.540000000000000000, -1.200000000000000000 ) ) ;
#1171 = DIRECTION ( 'NONE',  ( 0.0000000000000000000, 0.0000000000000000000, 1.000000000000000000 ) ) ;
#1172 = DIRECTION ( 'NONE',  ( 0.0000000000000000000, 0.0000000000000000000, -1.000000000000000000 ) ) ;
#1173 = DIRECTION ( 'NONE',  ( -0.0000000000000000000, -0.0000000000000000000, 1.000000000000000000 ) ) ;
#1174 = CARTESIAN_POINT ( 'NONE',  ( -0.4000000000000000200, 3.742000000000000000, 0.0000000000000000000 ) ) ;
#1175 = EDGE_LOOP ( 'NONE', ( #1015, #2795, #2573, #2776 ) ) ;
#1176 = ORIENTED_EDGE ( 'NONE', *, *, #1522, .F. ) ;
#1177 = EDGE_CURVE ( 'NONE', #2135, #2330, #1372, .T. ) ;
#1178 = LINE ( 'NONE', #201, #2029 ) ;
#1179 = VECTOR ( 'NONE', #145, 1000.000000000000000 ) ;
#1180 = CARTESIAN_POINT ( 'NONE',  ( -0.3999999999999999700, -2.540000000000000000, -0.06299415069821999400 ) ) ;
#1181 = LINE ( 'NONE', #1465, #404 ) ;
#1182 = EDGE_CURVE ( 'NONE', #2064, #2059, #2678, .T. ) ;
#1183 = CARTESIAN_POINT ( 'NONE',  ( -1.850000000000000100, -1.300000000000000300, -1.040000000000000000 ) ) ;
#1184 = CARTESIAN_POINT ( 'NONE',  ( -4.469999999999999800, 2.012871870788997900, -1.040000000000003400 ) ) ;
#1185 = LINE ( 'NONE', #2634, #3335 ) ;
#1186 = DIRECTION ( 'NONE',  ( 1.000000000000000000, 0.0000000000000000000, -0.0000000000000000000 ) ) ;
#1187 = VECTOR ( 'NONE', #1251, 1000.000000000000100 ) ;
#1188 = DIRECTION ( 'NONE',  ( 0.0000000000000000000, 0.8660254037844228300, -0.5000000000000273100 ) ) ;
#1189 = VECTOR ( 'NONE', #2876, 1000.000000000000000 ) ;
#1190 = VECTOR ( 'NONE', #3340, 1000.000000000000000 ) ;
#1191 = LINE ( 'NONE', #1436, #639 ) ;
#1192 = LINE ( 'NONE', #367, #3343 ) ;
#1193 = CARTESIAN_POINT ( 'NONE',  ( -4.700000000000000200, -2.700000000000001100, -5.349999999999999600 ) ) ;
#1194 = AXIS2_PLACEMENT_3D ( 'NONE', #2205, #484, #2478 ) ;
#1195 = CARTESIAN_POINT ( 'NONE',  ( -4.730000000000000400, -2.700000000000000200, -1.200000000000000000 ) ) ;
#1196 = VECTOR ( 'NONE', #1727, 1000.000000000000000 ) ;
#1197 = CARTESIAN_POINT ( 'NONE',  ( -1.850000000000000100, -1.300000000000000300, -0.6284232335023000000 ) ) ;
#1198 = CARTESIAN_POINT ( 'NONE',  ( -4.700000000000000200, -2.700000000000000200, -5.349999999999998800 ) ) ;
#1199 = DIRECTION ( 'NONE',  ( 0.0000000000000000000, 0.0000000000000000000, 1.000000000000000000 ) ) ;
#1200 = FACE_OUTER_BOUND ( 'NONE', #209, .T. ) ;
#1201 = CARTESIAN_POINT ( 'NONE',  ( -0.8000000000000000400, 3.749850393436000100, -0.1497944302131999900 ) ) ;
#1202 = AXIS2_PLACEMENT_3D ( 'NONE', #851, #264, #1985 ) ;
#1203 = VERTEX_POINT ( 'NONE', #3084 ) ;
#1204 = VERTEX_POINT ( 'NONE', #3376 ) ;
#1205 = EDGE_CURVE ( 'NONE', #2996, #1404, #340, .T. ) ;
#1206 = ORIENTED_EDGE ( 'NONE', *, *, #338, .F. ) ;
#1207 = PLANE ( 'NONE',  #2077 ) ;
#1208 = ORIENTED_EDGE ( 'NONE', *, *, #258, .T. ) ;
#1209 = DIRECTION ( 'NONE',  ( 0.0000000000000000000, -0.9986295347545737200, 0.05233595624294753300 ) ) ;
#1210 = PLANE ( 'NONE',  #2292 ) ;
#1211 = EDGE_LOOP ( 'NONE', ( #3395, #1980, #2878 ) ) ;
#1212 = VERTEX_POINT ( 'NONE', #3096 ) ;
#1213 = DIRECTION ( 'NONE',  ( 1.000000000000000000, 0.0000000000000000000, 0.0000000000000000000 ) ) ;
#1214 = ORIENTED_EDGE ( 'NONE', *, *, #9, .F. ) ;
#1215 = ORIENTED_EDGE ( 'NONE', *, *, #1047, .F. ) ;
#1216 = ORIENTED_EDGE ( 'NONE', *, *, #872, .T. ) ;
#1217 = EDGE_CURVE ( 'NONE', #384, #2961, #3347, .T. ) ;
#1218 = DIRECTION ( 'NONE',  ( 0.0000000000000000000, -0.9986295347545737200, -0.05233595624294753300 ) ) ;
#1219 = CARTESIAN_POINT ( 'NONE',  ( 4.910123345235141400, -2.700000000000000600, -5.135878119317071700 ) ) ;
#1220 = CARTESIAN_POINT ( 'NONE',  ( -0.8000000000000000400, -2.540000000000000000, -0.06299415069821999400 ) ) ;
#1221 = DIRECTION ( 'NONE',  ( -1.000000000000000000, -0.0000000000000000000, -0.0000000000000000000 ) ) ;
#1222 = AXIS2_PLACEMENT_3D ( 'NONE', #2791, #537, #869 ) ;
#1223 = VERTEX_POINT ( 'NONE', #547 ) ;
#1224 = DIRECTION ( 'NONE',  ( 1.000000000000000000, 0.0000000000000000000, -0.0000000000000000000 ) ) ;
#1225 = VECTOR ( 'NONE', #2784, 1000.000000000000000 ) ;
#1226 = LINE ( 'NONE', #1607, #540 ) ;
#1227 = EDGE_CURVE ( 'NONE', #2915, #2007, #2513, .T. ) ;
#1228 = SURFACE_STYLE_FILL_AREA ( #369 ) ;
#1229 = LINE ( 'NONE', #1378, #2630 ) ;
#1230 = DIRECTION ( 'NONE',  ( 1.000000000000000000, 0.0000000000000000000, -0.0000000000000000000 ) ) ;
#1231 = CARTESIAN_POINT ( 'NONE',  ( 4.699999999999999300, -2.700000000000000200, -5.349999999999999600 ) ) ;
#1232 = LINE ( 'NONE', #1940, #2551 ) ;
#1233 = SURFACE_SIDE_STYLE ('',( #1228 ) ) ;
#1234 = VERTEX_POINT ( 'NONE', #3394 ) ;
#1235 = VECTOR ( 'NONE', #2734, 1000.000000000000000 ) ;
#1236 = VECTOR ( 'NONE', #506, 1000.000000000000000 ) ;
#1237 = AXIS2_PLACEMENT_3D ( 'NONE', #113, #2658, #684 ) ;
#1238 = CARTESIAN_POINT ( 'NONE',  ( -0.3999999999999999700, 2.539999999999999600, -0.06299415069822032800 ) ) ;
#1239 = LINE ( 'NONE', #3499, #2950 ) ;
#1240 = CARTESIAN_POINT ( 'NONE',  ( -4.700000000000000200, -2.700000000000000200, -1.200000000000000000 ) ) ;
#1241 = ORIENTED_EDGE ( 'NONE', *, *, #591, .F. ) ;
#1242 = EDGE_CURVE ( 'NONE', #2428, #322, #1862, .T. ) ;
#1243 = ORIENTED_EDGE ( 'NONE', *, *, #1650, .T. ) ;
#1244 = ORIENTED_EDGE ( 'NONE', *, *, #2407, .T. ) ;
#1245 = VERTEX_POINT ( 'NONE', #1740 ) ;
#1246 = EDGE_LOOP ( 'NONE', ( #860, #139, #1290, #3186 ) ) ;
#1247 = EDGE_CURVE ( 'NONE', #718, #416, #1794, .T. ) ;
#1248 = VERTEX_POINT ( 'NONE', #495 ) ;
#1249 = ORIENTED_EDGE ( 'NONE', *, *, #208, .F. ) ;
#1250 = CARTESIAN_POINT ( 'NONE',  ( 4.912132034355964900, -2.877052006648532800, -5.562132034355964400 ) ) ;
#1251 = DIRECTION ( 'NONE',  ( 0.0000000000000000000, -0.05233595624000416500, 0.9986295347547279300 ) ) ;
#1252 = VERTEX_POINT ( 'NONE', #2216 ) ;
#1253 = CARTESIAN_POINT ( 'NONE',  ( 1.850000000000000100, -1.300000000000000300, -1.200000000000000000 ) ) ;
#1254 = PLANE ( 'NONE',  #1520 ) ;
#1255 = ADVANCED_FACE ( 'NONE', ( #245 ), #7, .T. ) ;
#1256 = EDGE_CURVE ( 'NONE', #262, #2101, #140, .T. ) ;
#1257 = ORIENTED_EDGE ( 'NONE', *, *, #2223, .T. ) ;
#1258 = LINE ( 'NONE', #3671, #85 ) ;
#1259 = LINE ( 'NONE', #1512, #1347 ) ;
#1260 = AXIS2_PLACEMENT_3D ( 'NONE', #3428, #1769, #23 ) ;
#1261 = CARTESIAN_POINT ( 'NONE',  ( 4.700000000000000200, -2.730000000000000400, -1.200000000000000000 ) ) ;
#1262 = ORIENTED_EDGE ( 'NONE', *, *, #2023, .F. ) ;
#1263 = LINE ( 'NONE', #1789, #1087 ) ;
#1264 = LINE ( 'NONE', #1588, #2665 ) ;
#1265 = DIRECTION ( 'NONE',  ( -0.0000000000000000000, 1.000000000000000000, 0.0000000000000000000 ) ) ;
#1266 = LINE ( 'NONE', #1183, #2666 ) ;
#1267 = PLANE ( 'NONE',  #165 ) ;
#1268 = CARTESIAN_POINT ( 'NONE',  ( -4.609887319042352200, 2.700000000000000600, -5.686492374042706500 ) ) ;
#1269 = VECTOR ( 'NONE', #2939, 1000.000000000000000 ) ;
#1270 = EDGE_CURVE ( 'NONE', #1908, #1293, #2421, .T. ) ;
#1271 = LINE ( 'NONE', #2235, #497 ) ;
#1272 = FACE_OUTER_BOUND ( 'NONE', #630, .T. ) ;
#1273 = LINE ( 'NONE', #3100, #1414 ) ;
#1274 = FACE_OUTER_BOUND ( 'NONE', #2318, .T. ) ;
#1275 = ADVANCED_FACE ( 'NONE', ( #3088 ), #1085, .T. ) ;
#1276 = FACE_OUTER_BOUND ( 'NONE', #1843, .T. ) ;
#1277 = CARTESIAN_POINT ( 'NONE',  ( 1.800000000000000300, 2.689999999999999900, -1.000000000000000000 ) ) ;
#1278 = DIRECTION ( 'NONE',  ( 1.000000000000000000, 0.0000000000000000000, -0.0000000000000000000 ) ) ;
#1279 = FACE_OUTER_BOUND ( 'NONE', #862, .T. ) ;
#1280 = DIRECTION ( 'NONE',  ( 0.0000000000000000000, -0.05233595624000416500, -0.9986295347547279300 ) ) ;
#1281 = ORIENTED_EDGE ( 'NONE', *, *, #3412, .F. ) ;
#1282 = ORIENTED_EDGE ( 'NONE', *, *, #563, .F. ) ;
#1283 = VERTEX_POINT ( 'NONE', #2529 ) ;
#1284 = CARTESIAN_POINT ( 'NONE',  ( 3.429999999999999700, 2.000000000000000000, -5.400000000000000400 ) ) ;
#1285 = ORIENTED_EDGE ( 'NONE', *, *, #2084, .T. ) ;
#1286 = EDGE_CURVE ( 'NONE', #1499, #852, #1597, .T. ) ;
#1287 = CARTESIAN_POINT ( 'NONE',  ( -4.999986676132683900, -2.698000732276108600, -5.348000732276106300 ) ) ;
#1288 = VERTEX_POINT ( 'NONE', #1964 ) ;
#1289 = ORIENTED_EDGE ( 'NONE', *, *, #2109, .F. ) ;
#1290 = ORIENTED_EDGE ( 'NONE', *, *, #641, .F. ) ;
#1291 = ADVANCED_FACE ( 'NONE', ( #2257 ), #842, .T. ) ;
#1292 = ORIENTED_EDGE ( 'NONE', *, *, #832, .T. ) ;
#1293 = VERTEX_POINT ( 'NONE', #1933 ) ;
#1294 = VERTEX_POINT ( 'NONE', #2819 ) ;
#1295 = CARTESIAN_POINT ( 'NONE',  ( -4.876705599558067500, -3.036492374042711000, -5.259887319042351600 ) ) ;
#1296 = DIRECTION ( 'NONE',  ( 0.0000000000000000000, 0.9986295347545708400, 0.05233595624300186500 ) ) ;
#1297 = ORIENTED_EDGE ( 'NONE', *, *, #372, .T. ) ;
#1298 = CARTESIAN_POINT ( 'NONE',  ( 3.600000000000000500, -2.540000000000000000, -0.06299415069821999400 ) ) ;
#1299 = CARTESIAN_POINT ( 'NONE',  ( -4.700000000000000200, -2.912132034355964500, -5.562132034355963500 ) ) ;
#1300 = PLANE ( 'NONE',  #704 ) ;
#1301 = ORIENTED_EDGE ( 'NONE', *, *, #1227, .F. ) ;
#1302 = FACE_OUTER_BOUND ( 'NONE', #1771, .T. ) ;
#1303 = AXIS2_PLACEMENT_3D ( 'NONE', #1193, #3163, #1486 ) ;
#1304 = FACE_OUTER_BOUND ( 'NONE', #2833, .T. ) ;
#1305 = AXIS2_PLACEMENT_3D ( 'NONE', #2105, #2387, #682 ) ;
#1306 = COLOUR_RGB ( '',0.8745098039215686300, 0.9450980392156862500, 1.000000000000000000 ) ;
#1307 = ADVANCED_FACE ( 'NONE', ( #1514 ), #3649, .F. ) ;
#1308 = CARTESIAN_POINT ( 'NONE',  ( -0.8000000000000000400, 2.689999999999999900, -1.000000000000000000 ) ) ;
#1309 = EDGE_CURVE ( 'NONE', #944, #663, #839, .T. ) ;
#1310 = CARTESIAN_POINT ( 'NONE',  ( -4.700000000000000200, -2.912132034355965300, -5.562132034355965300 ) ) ;
#1311 = CARTESIAN_POINT ( 'NONE',  ( -4.000000000000000000, -2.540000000000000000, -0.06341341293247999800 ) ) ;
#1312 = VECTOR ( 'NONE', #1724, 1000.000000000000100 ) ;
#1313 = DIRECTION ( 'NONE',  ( -1.000000000000000000, -0.0000000000000000000, 0.0000000000000000000 ) ) ;
#1314 = CARTESIAN_POINT ( 'NONE',  ( -0.4000000000000000200, 2.540000000000000000, -1.200000000000000000 ) ) ;
#1315 = FACE_OUTER_BOUND ( 'NONE', #1166, .T. ) ;
#1316 = DIRECTION ( 'NONE',  ( 0.0000000000000000000, 0.0000000000000000000, 1.000000000000000000 ) ) ;
#1317 = EDGE_CURVE ( 'NONE', #3303, #3500, #736, .T. ) ;
#1318 = FACE_OUTER_BOUND ( 'NONE', #1800, .T. ) ;
#1319 = VECTOR ( 'NONE', #1960, 1000.000000000000000 ) ;
#1320 = CARTESIAN_POINT ( 'NONE',  ( -4.000000000000000000, -3.757850393436220800, -0.1497944302131884500 ) ) ;
#1321 = CARTESIAN_POINT ( 'NONE',  ( 4.699999999999999300, 2.700000000000000200, -5.349999999999999600 ) ) ;
#1322 = LINE ( 'NONE', #2289, #1478 ) ;
#1323 = EDGE_CURVE ( 'NONE', #2314, #874, #2904, .T. ) ;
#1324 = DIRECTION ( 'NONE',  ( 0.0000000000000000000, -0.0000000000000000000, -1.000000000000000000 ) ) ;
#1325 = ADVANCED_FACE ( 'NONE', ( #2816 ), #1446, .F. ) ;
#1326 = ORIENTED_EDGE ( 'NONE', *, *, #789, .F. ) ;
#1327 = AXIS2_PLACEMENT_3D ( 'NONE', #3531, #2144, #420 ) ;
#1328 = VERTEX_POINT ( 'NONE', #2282 ) ;
#1329 = ORIENTED_EDGE ( 'NONE', *, *, #619, .F. ) ;
#1330 = AXIS2_PLACEMENT_3D ( 'NONE', #474, #505, #518 ) ;
#1331 = ORIENTED_EDGE ( 'NONE', *, *, #1744, .F. ) ;
#1332 = EDGE_LOOP ( 'NONE', ( #1916, #2495, #1067, #1433, #1495, #2315 ) ) ;
#1333 = CARTESIAN_POINT ( 'NONE',  ( 4.876069170281091700, 2.982287392142863900, -5.207218813334471900 ) ) ;
#1334 = ORIENTED_EDGE ( 'NONE', *, *, #334, .T. ) ;
#1335 = ORIENTED_EDGE ( 'NONE', *, *, #1217, .F. ) ;
#1336 = CARTESIAN_POINT ( 'NONE',  ( -3.600000000000000500, -2.689999999999999900, -1.200000000000000000 ) ) ;
#1337 = ORIENTED_EDGE ( 'NONE', *, *, #3226, .F. ) ;
#1338 = EDGE_CURVE ( 'NONE', #161, #3449, #58, .T. ) ;
#1339 = CARTESIAN_POINT ( 'NONE',  ( -4.912132034355965800, 2.877052006648532300, -5.562132034355967000 ) ) ;
#1340 = ORIENTED_EDGE ( 'NONE', *, *, #2535, .T. ) ;
#1341 = DIRECTION ( 'NONE',  ( -1.000000000000000000, -0.0000000000000000000, -0.0000000000000000000 ) ) ;
#1342 = EDGE_LOOP ( 'NONE', ( #2611, #1835, #3326, #749 ) ) ;
#1343 = EDGE_CURVE ( 'NONE', #1288, #944, #3553, .T. ) ;
#1344 = ADVANCED_FACE ( 'NONE', ( #2719 ), #3634, .F. ) ;
#1345 = ORIENTED_EDGE ( 'NONE', *, *, #1852, .F. ) ;
#1346 = CARTESIAN_POINT ( 'NONE',  ( -4.000000000000000000, 2.540000000000000000, -1.000000000000000000 ) ) ;
#1347 = VECTOR ( 'NONE', #3465, 1000.000000000000000 ) ;
#1348 = DIRECTION ( 'NONE',  ( -1.000000000000000000, -2.891205793294679000E-015, 0.0000000000000000000 ) ) ;
#1349 = DIRECTION ( 'NONE',  ( 0.0000000000000000000, -0.8660254037844289400, 0.5000000000000167600 ) ) ;
#1350 = DIRECTION ( 'NONE',  ( 0.0000000000000000000, -1.000000000000000000, -0.0000000000000000000 ) ) ;
#1351 = VERTEX_POINT ( 'NONE', #1697 ) ;
#1352 = LINE ( 'NONE', #2303, #281 ) ;
#1353 = DIRECTION ( 'NONE',  ( 0.0000000000000000000, -0.05233595624294862900, -0.9986295347545737200 ) ) ;
#1354 = CARTESIAN_POINT ( 'NONE',  ( -0.8000000000000000400, 2.540000000000000000, -0.06299415069821999400 ) ) ;
#1355 = VECTOR ( 'NONE', #3255, 1000.000000000000100 ) ;
#1356 = CIRCLE ( 'NONE', #2337, 0.02999999999999964500 ) ;
#1357 = AXIS2_PLACEMENT_3D ( 'NONE', #3131, #2559, #573 ) ;
#1358 = LINE ( 'NONE', #2348, #595 ) ;
#1359 = APPLICATION_CONTEXT ( 'automotive_design' ) ;
#1360 = EDGE_CURVE ( 'NONE', #1390, #3144, #2083, .T. ) ;
#1361 = DIRECTION ( 'NONE',  ( 1.000000000000000000, 0.0000000000000000000, -0.0000000000000000000 ) ) ;
#1362 = DIRECTION ( 'NONE',  ( 1.000000000000000000, 0.0000000000000000000, 0.0000000000000000000 ) ) ;
#1363 = VECTOR ( 'NONE', #1049, 1000.000000000000000 ) ;
#1364 = CARTESIAN_POINT ( 'NONE',  ( 4.192871870788969200, -2.012871870788997000, -1.040000000000060000 ) ) ;
#1365 = PLANE ( 'NONE',  #2357 ) ;
#1366 = LINE ( 'NONE', #1398, #3514 ) ;
#1367 = CARTESIAN_POINT ( 'NONE',  ( -0.3999999999999998600, -3.742000000000000400, 6.680168445515305400E-016 ) ) ;
#1368 = CARTESIAN_POINT ( 'NONE',  ( -4.912132034355965800, 2.700000000000000200, -5.562132034355965300 ) ) ;
#1369 = DIRECTION ( 'NONE',  ( 0.0000000000000000000, -0.0000000000000000000, 1.000000000000000000 ) ) ;
#1370 = ADVANCED_FACE ( 'NONE', ( #1318 ), #1418, .T. ) ;
#1371 = EDGE_CURVE ( 'NONE', #1881, #1212, #3386, .T. ) ;
#1372 = LINE ( 'NONE', #1165, #413 ) ;
#1373 = DIRECTION ( 'NONE',  ( -1.000000000000000000, 0.0000000000000000000, 0.0000000000000000000 ) ) ;
#1374 = EDGE_LOOP ( 'NONE', ( #2782, #2949, #1535, #2434 ) ) ;
#1375 = FACE_OUTER_BOUND ( 'NONE', #1529, .T. ) ;
#1376 = DIRECTION ( 'NONE',  ( 0.0000000000000000000, -0.9986295347545736100, 0.05233595624294862200 ) ) ;
#1377 = DIRECTION ( 'NONE',  ( -1.000000000000000000, 0.0000000000000000000, 0.0000000000000000000 ) ) ;
#1378 = CARTESIAN_POINT ( 'NONE',  ( -0.4000000000000000200, -2.689999999999999900, -0.2053388357055000200 ) ) ;
#1379 = ORIENTED_EDGE ( 'NONE', *, *, #2938, .T. ) ;
#1380 = CARTESIAN_POINT ( 'NONE',  ( 4.469999999999939400, -2.289999999999997400, -1.200000000000111600 ) ) ;
#1381 = AXIS2_PLACEMENT_3D ( 'NONE', #181, #3031, #1349 ) ;
#1382 = ORIENTED_EDGE ( 'NONE', *, *, #3116, .T. ) ;
#1383 = VERTEX_POINT ( 'NONE', #826 ) ;
#1384 = ORIENTED_EDGE ( 'NONE', *, *, #1144, .T. ) ;
#1385 = AXIS2_PLACEMENT_3D ( 'NONE', #3370, #3645, #1984 ) ;
#1386 = ORIENTED_EDGE ( 'NONE', *, *, #846, .F. ) ;
#1387 = CARTESIAN_POINT ( 'NONE',  ( 5.000000000000000000, -2.700000000000000200, -1.000000000000000000 ) ) ;
#1388 =( BOUNDED_SURFACE ( )  B_SPLINE_SURFACE ( 3, 3, ( 
 ( #1504, #2605, #3455, #1797 ),
 ( #53, #2071, #351, #2346 ),
 ( #634, #2618, #932, #2899 ),
 ( #1219, #3185, #1513, #3467 ) ),
 .UNSPECIFIED., .F., .F., .F. ) 
 B_SPLINE_SURFACE_WITH_KNOTS ( ( 4, 4 ),
 ( 4, 4 ),
 ( 0.0000000000000000000, 1.000000000000000000 ),
 ( 0.0000000000000000000, 1.000000000000000000 ),
 .UNSPECIFIED. ) 
 GEOMETRIC_REPRESENTATION_ITEM ( )  RATIONAL_B_SPLINE_SURFACE ( (
 ( 1.000000000000000000, 0.8047378541243653800, 0.8047378541243653800, 1.000000000000000000),
 ( 0.8025111867385914500, 0.6458111303268119200, 0.6458111303268119200, 0.8025111867385914500),
 ( 0.8025111867385914500, 0.6458111303268119200, 0.6458111303268119200, 0.8025111867385914500),
 ( 1.000000000000000000, 0.8047378541243653800, 0.8047378541243653800, 1.000000000000000000) ) ) 
 REPRESENTATION_ITEM ( '' )  SURFACE ( )  );
#1389 = AXIS2_PLACEMENT_3D ( 'NONE', #822, #2509, #516 ) ;
#1390 = VERTEX_POINT ( 'NONE', #280 ) ;
#1391 = ORIENTED_EDGE ( 'NONE', *, *, #2047, .F. ) ;
#1392 = ADVANCED_FACE ( 'NONE', ( #451 ), #522, .T. ) ;
#1393 = VERTEX_POINT ( 'NONE', #1402 ) ;
#1394 = CARTESIAN_POINT ( 'NONE',  ( 3.600000000000000500, 2.689999999999999900, -0.2053388357055000400 ) ) ;
#1395 = DIRECTION ( 'NONE',  ( 0.0000000000000000000, -0.9986295347545736100, -0.05233595624294862200 ) ) ;
#1396 = ORIENTED_EDGE ( 'NONE', *, *, #731, .F. ) ;
#1397 = CARTESIAN_POINT ( 'NONE',  ( 4.991446347794327400, 2.742068521147236600, -5.408520010578275400 ) ) ;
#1398 = CARTESIAN_POINT ( 'NONE',  ( -4.000000000000000000, -2.689999999999999900, -1.000000000000000000 ) ) ;
#1399 = EDGE_CURVE ( 'NONE', #1534, #262, #2633, .T. ) ;
#1400 = CARTESIAN_POINT ( 'NONE',  ( -1.850000000000000100, -1.300000000000000300, -1.200000000000000000 ) ) ;
#1401 = EDGE_LOOP ( 'NONE', ( #793, #2849, #2789, #1831 ) ) ;
#1402 = CARTESIAN_POINT ( 'NONE',  ( -2.850000000000000100, -1.300000000000000300, -1.040000000000000000 ) ) ;
#1403 = CARTESIAN_POINT ( 'NONE',  ( 3.600000000000000500, 0.0000000000000000000, -1.200000000000000000 ) ) ;
#1404 = VERTEX_POINT ( 'NONE', #3120 ) ;
#1405 = VECTOR ( 'NONE', #485, 1000.000000000000000 ) ;
#1406 = CYLINDRICAL_SURFACE ( 'NONE', #729, 0.5500000000000001600 ) ;
#1407 = CARTESIAN_POINT ( 'NONE',  ( 1.399999999999999900, 0.0000000000000000000, -1.000000000000000000 ) ) ;
#1408 = DIRECTION ( 'NONE',  ( 0.0000000000000000000, -0.05233595624294862900, 0.9986295347545737200 ) ) ;
#1409 = VECTOR ( 'NONE', #357, 1000.000000000000000 ) ;
#1410 = EDGE_CURVE ( 'NONE', #2226, #1713, #1151, .T. ) ;
#1411 = CARTESIAN_POINT ( 'NONE',  ( 4.999999694273763700, 2.691229997213127100, -5.358164303774220400 ) ) ;
#1412 = PLANE ( 'NONE',  #1385 ) ;
#1413 = DIRECTION ( 'NONE',  ( 0.0000000000000000000, -0.0000000000000000000, -1.000000000000000000 ) ) ;
#1414 = VECTOR ( 'NONE', #3652, 1000.000000000000000 ) ;
#1415 = VECTOR ( 'NONE', #866, 1000.000000000000000 ) ;
#1416 = DIRECTION ( 'NONE',  ( 0.0000000000000000000, -0.05233595624294862900, -0.9986295347545737200 ) ) ;
#1417 = ADVANCED_FACE ( 'NONE', ( #1901 ), #3392, .T. ) ;
#1418 = PLANE ( 'NONE',  #841 ) ;
#1419 = DIRECTION ( 'NONE',  ( 0.0000000000000000000, -0.7071067811865475700, -0.7071067811865475700 ) ) ;
#1420 = AXIS2_PLACEMENT_3D ( 'NONE', #200, #834, #800 ) ;
#1421 = PLANE ( 'NONE',  #1493 ) ;
#1422 = VECTOR ( 'NONE', #1221, 1000.000000000000000 ) ;
#1423 = VECTOR ( 'NONE', #1949, 1000.000000000000000 ) ;
#1424 = EDGE_CURVE ( 'NONE', #2229, #2428, #1051, .T. ) ;
#1425 = CARTESIAN_POINT ( 'NONE',  ( -0.8000000000000000400, 3.742000000000000000, 0.0000000000000000000 ) ) ;
#1426 = CARTESIAN_POINT ( 'NONE',  ( -4.000000000000000000, 3.757850393436000100, -0.1497944302131999900 ) ) ;
#1427 = CARTESIAN_POINT ( 'NONE',  ( 4.730000000000000400, 2.700000000000000200, -1.000000000000000000 ) ) ;
#1428 = LINE ( 'NONE', #2511, #1319 ) ;
#1429 = PLANE ( 'NONE',  #814 ) ;
#1430 = DIRECTION ( 'NONE',  ( 0.0000000000000000000, 0.9986295347545736100, 0.05233595624294862200 ) ) ;
#1431 = CIRCLE ( 'NONE', #2995, 0.2999999999999999300 ) ;
#1432 = CARTESIAN_POINT ( 'NONE',  ( -4.000000000000000000, 2.540000000000000000, -0.06341341293247999800 ) ) ;
#1433 = ORIENTED_EDGE ( 'NONE', *, *, #132, .F. ) ;
#1434 = ORIENTED_EDGE ( 'NONE', *, *, #1830, .T. ) ;
#1435 = ORIENTED_EDGE ( 'NONE', *, *, #1546, .T. ) ;
#1436 = CARTESIAN_POINT ( 'NONE',  ( 4.730000000000000400, 2.700000000000000200, -1.000000000000000000 ) ) ;
#1437 = DIRECTION ( 'NONE',  ( 0.0000000000000000000, 0.05233595624294862900, -0.9986295347545737200 ) ) ;
#1438 = CARTESIAN_POINT ( 'NONE',  ( 4.979815615270254600, 2.818408607932605400, -5.400000000000003000 ) ) ;
#1439 = EDGE_LOOP ( 'NONE', ( #3451, #662, #1610 ) ) ;
#1440 = CARTESIAN_POINT ( 'NONE',  ( 3.600000000000000500, 0.0000000000000000000, -1.000000000000000000 ) ) ;
#1441 = ORIENTED_EDGE ( 'NONE', *, *, #3388, .F. ) ;
#1442 = AXIS2_PLACEMENT_3D ( 'NONE', #1240, #2924, #958 ) ;
#1443 = ORIENTED_EDGE ( 'NONE', *, *, #1371, .T. ) ;
#1444 = CARTESIAN_POINT ( 'NONE',  ( 3.600000000000000500, 2.689999999999999900, -0.2053388357055000200 ) ) ;
#1445 = ORIENTED_EDGE ( 'NONE', *, *, #408, .F. ) ;
#1446 = PLANE ( 'NONE',  #55 ) ;
#1447 = VERTEX_POINT ( 'NONE', #2265 ) ;
#1448 = CARTESIAN_POINT ( 'NONE',  ( -4.000000000000000000, 3.757850393436000100, -0.1497944302131999900 ) ) ;
#1449 = EDGE_CURVE ( 'NONE', #1223, #751, #3214, .T. ) ;
#1450 = CARTESIAN_POINT ( 'NONE',  ( -2.799999999999999800, 0.0000000000000000000, -1.040000000000000000 ) ) ;
#1451 = DIRECTION ( 'NONE',  ( 1.000000000000000000, -0.0000000000000000000, -0.0000000000000000000 ) ) ;
#1452 = EDGE_CURVE ( 'NONE', #3363, #3572, #1823, .T. ) ;
#1453 = CARTESIAN_POINT ( 'NONE',  ( 1.399999999999999900, -2.540000000000000000, -0.06299415069821999400 ) ) ;
#1454 = LINE ( 'NONE', #1783, #2370 ) ;
#1455 = DIRECTION ( 'NONE',  ( 0.0000000000000000000, 0.0000000000000000000, 1.000000000000000000 ) ) ;
#1456 = ORIENTED_EDGE ( 'NONE', *, *, #2520, .T. ) ;
#1457 = VECTOR ( 'NONE', #320, 1000.000000000000200 ) ;
#1458 = CARTESIAN_POINT ( 'NONE',  ( -4.000000000000000000, 0.0000000000000000000, -1.000000000000000000 ) ) ;
#1459 = VECTOR ( 'NONE', #3511, 1000.000000000000000 ) ;
#1460 = LINE ( 'NONE', #2556, #3587 ) ;
#1461 = VECTOR ( 'NONE', #1280, 1000.000000000000100 ) ;
#1462 = EDGE_CURVE ( 'NONE', #1383, #364, #2321, .T. ) ;
#1463 = CARTESIAN_POINT ( 'NONE',  ( -4.729999999999999500, 2.700000000000000200, -1.000000000000000000 ) ) ;
#1464 = CIRCLE ( 'NONE', #1471, 0.2999999999999999300 ) ;
#1465 = CARTESIAN_POINT ( 'NONE',  ( -4.469999999999999800, 0.0000000000000000000, -1.200000000000000000 ) ) ;
#1466 = CARTESIAN_POINT ( 'NONE',  ( 2.079999999999998300, 2.700000000000000200, -5.349999999999999600 ) ) ;
#1467 = AXIS2_PLACEMENT_3D ( 'NONE', #3117, #1746, #3681 ) ;
#1468 = DIRECTION ( 'NONE',  ( 0.0000000000000000000, -1.000000000000000000, 0.0000000000000000000 ) ) ;
#1469 = LINE ( 'NONE', #159, #293 ) ;
#1470 = VECTOR ( 'NONE', #486, 1000.000000000000000 ) ;
#1471 = AXIS2_PLACEMENT_3D ( 'NONE', #3552, #3617, #2171 ) ;
#1472 = VECTOR ( 'NONE', #1951, 1000.000000000000000 ) ;
#1473 = EDGE_CURVE ( 'NONE', #2328, #2684, #1743, .T. ) ;
#1474 = CARTESIAN_POINT ( 'NONE',  ( 2.850000000000000100, 1.300000000000000300, -1.200000000000000000 ) ) ;
#1475 = DIRECTION ( 'NONE',  ( 1.000000000000000000, -0.0000000000000000000, 0.0000000000000000000 ) ) ;
#1476 = CARTESIAN_POINT ( 'NONE',  ( -0.8000000000000000400, -3.742000000000000400, 6.680168445515305400E-016 ) ) ;
#1477 = VERTEX_POINT ( 'NONE', #2001 ) ;
#1478 = VECTOR ( 'NONE', #5, 1000.000000000000000 ) ;
#1479 = ORIENTED_EDGE ( 'NONE', *, *, #2542, .F. ) ;
#1480 = PLANE ( 'NONE',  #191 ) ;
#1481 = CARTESIAN_POINT ( 'NONE',  ( 1.800000000000000300, -2.689999999999999900, -0.2053388357055000200 ) ) ;
#1482 = ORIENTED_EDGE ( 'NONE', *, *, #2569, .F. ) ;
#1483 = ORIENTED_EDGE ( 'NONE', *, *, #552, .F. ) ;
#1484 = VERTEX_POINT ( 'NONE', #1132 ) ;
#1485 = EDGE_LOOP ( 'NONE', ( #2410, #807, #3484 ) ) ;
#1486 = DIRECTION ( 'NONE',  ( 0.0000000000000000000, 0.0000000000000000000, 1.000000000000000000 ) ) ;
#1487 = ORIENTED_EDGE ( 'NONE', *, *, #372, .F. ) ;
#1488 = ORIENTED_EDGE ( 'NONE', *, *, #660, .T. ) ;
#1489 = DIRECTION ( 'NONE',  ( -0.0000000000000000000, 1.000000000000000000, 0.0000000000000000000 ) ) ;
#1490 = ORIENTED_EDGE ( 'NONE', *, *, #879, .T. ) ;
#1491 = PLANE ( 'NONE',  #2955 ) ;
#1492 = CARTESIAN_POINT ( 'NONE',  ( 1.850000000000000100, 1.300000000000000300, -1.200000000000000000 ) ) ;
#1493 = AXIS2_PLACEMENT_3D ( 'NONE', #3336, #1127, #3597 ) ;
#1494 = DIRECTION ( 'NONE',  ( 0.0000000000000000000, 0.9986295347545740600, -0.05233595624294150300 ) ) ;
#1495 = ORIENTED_EDGE ( 'NONE', *, *, #1066, .F. ) ;
#1496 = PLANE ( 'NONE',  #3559 ) ;
#1497 = ORIENTED_EDGE ( 'NONE', *, *, #629, .F. ) ;
#1498 = EDGE_CURVE ( 'NONE', #2613, #3609, #3477, .T. ) ;
#1499 = VERTEX_POINT ( 'NONE', #6 ) ;
#1500 = DIRECTION ( 'NONE',  ( 0.0000000000000000000, -0.05233595624000416500, -0.9986295347547279300 ) ) ;
#1501 = FACE_BOUND ( 'NONE', #510, .T. ) ;
#1502 = DIRECTION ( 'NONE',  ( -0.0000000000000000000, 0.0000000000000000000, -1.000000000000000000 ) ) ;
#1503 = FACE_OUTER_BOUND ( 'NONE', #733, .T. ) ;
#1504 = CARTESIAN_POINT ( 'NONE',  ( 4.912132034355965800, -2.700000000000000200, -5.562132034355965300 ) ) ;
#1505 = CARTESIAN_POINT ( 'NONE',  ( 2.879999999999999900, 2.000000000000000000, -5.400000000000000400 ) ) ;
#1506 = CIRCLE ( 'NONE', #2009, 0.2999999999999999300 ) ;
#1507 = LINE ( 'NONE', #3169, #2153 ) ;
#1508 = DIRECTION ( 'NONE',  ( 0.0000000000000000000, -0.9986295347545736100, -0.05233595624294862200 ) ) ;
#1509 = VECTOR ( 'NONE', #275, 1000.000000000000100 ) ;
#1510 = FACE_OUTER_BOUND ( 'NONE', #18, .T. ) ;
#1511 = AXIS2_PLACEMENT_3D ( 'NONE', #347, #2344, #631 ) ;
#1512 = CARTESIAN_POINT ( 'NONE',  ( 0.0000000000000000000, 2.290000000000000000, -1.200000000000000000 ) ) ;
#1513 = CARTESIAN_POINT ( 'NONE',  ( 4.822259282061490500, -2.999986676132685200, -5.223742182490722600 ) ) ;
#1514 = FACE_OUTER_BOUND ( 'NONE', #1673, .T. ) ;
#1515 = DIRECTION ( 'NONE',  ( 1.000000000000000000, 0.0000000000000000000, -0.0000000000000000000 ) ) ;
#1516 = CIRCLE ( 'NONE', #1303, 0.2999999999999999300 ) ;
#1517 = CARTESIAN_POINT ( 'NONE',  ( 4.000000000000000000, 3.742000000000000000, 0.0000000000000000000 ) ) ;
#1518 =( GEOMETRIC_REPRESENTATION_CONTEXT ( 3 ) GLOBAL_UNCERTAINTY_ASSIGNED_CONTEXT ( ( #2034 ) ) GLOBAL_UNIT_ASSIGNED_CONTEXT ( ( #481, #2475, #781 ) ) REPRESENTATION_CONTEXT ( 'NONE', 'WORKASPACE' ) );
#1519 = VECTOR ( 'NONE', #2253, 1000.000000000000000 ) ;
#1520 = AXIS2_PLACEMENT_3D ( 'NONE', #972, #673, #2382 ) ;
#1521 = EDGE_CURVE ( 'NONE', #3610, #1059, #887, .T. ) ;
#1522 = EDGE_CURVE ( 'NONE', #309, #2647, #1643, .T. ) ;
#1523 = ORIENTED_EDGE ( 'NONE', *, *, #1667, .T. ) ;
#1524 = ORIENTED_EDGE ( 'NONE', *, *, #80, .F. ) ;
#1525 = CARTESIAN_POINT ( 'NONE',  ( 0.0000000000000000000, -2.290000000000000000, -1.200000000000000000 ) ) ;
#1526 = DIRECTION ( 'NONE',  ( 0.0000000000000000000, 0.9986295347545708400, 0.05233595624300186500 ) ) ;
#1527 = CARTESIAN_POINT ( 'NONE',  ( 2.329999999999999600, 2.000000000000000000, -5.599999999999999600 ) ) ;
#1528 = ORIENTED_EDGE ( 'NONE', *, *, #1007, .T. ) ;
#1529 = EDGE_LOOP ( 'NONE', ( #2561, #1126, #2645, #2316 ) ) ;
#1530 = CARTESIAN_POINT ( 'NONE',  ( -4.699999999999999300, -2.700000000000000600, -5.650000000000000400 ) ) ;
#1531 =( LENGTH_UNIT ( ) NAMED_UNIT ( * ) SI_UNIT ( .MILLI., .METRE. ) );
#1532 = EDGE_LOOP ( 'NONE', ( #3000, #1482, #1545, #1123 ) ) ;
#1533 = EDGE_LOOP ( 'NONE', ( #1384, #2405, #3097, #792, #587 ) ) ;
#1534 = VERTEX_POINT ( 'NONE', #289 ) ;
#1535 = ORIENTED_EDGE ( 'NONE', *, *, #1449, .F. ) ;
#1536 = EDGE_CURVE ( 'NONE', #364, #2314, #2384, .T. ) ;
#1537 = VECTOR ( 'NONE', #888, 1000.000000000000000 ) ;
#1538 = EDGE_LOOP ( 'NONE', ( #2364, #620, #423, #3272 ) ) ;
#1539 = DIRECTION ( 'NONE',  ( 1.000000000000000000, 0.0000000000000000000, 0.0000000000000000000 ) ) ;
#1540 = DIRECTION ( 'NONE',  ( -0.0000000000000000000, 0.0000000000000000000, -1.000000000000000000 ) ) ;
#1541 = AXIS2_PLACEMENT_3D ( 'NONE', #1198, #1173, #1348 ) ;
#1542 = CARTESIAN_POINT ( 'NONE',  ( 1.399999999999999900, -3.749850393436220800, -0.1497944302131884500 ) ) ;
#1543 = CIRCLE ( 'NONE', #1654, 0.3000000000000004300 ) ;
#1544 = DIRECTION ( 'NONE',  ( 0.0000000000000000000, -0.0000000000000000000, -1.000000000000000000 ) ) ;
#1545 = ORIENTED_EDGE ( 'NONE', *, *, #3035, .F. ) ;
#1546 = EDGE_CURVE ( 'NONE', #62, #1585, #3034, .T. ) ;
#1547 = PRODUCT_DEFINITION_SHAPE ( 'NONE', 'NONE',  #283 ) ;
#1548 = FACE_BOUND ( 'NONE', #3657, .T. ) ;
#1549 = VECTOR ( 'NONE', #274, 1000.000000000000000 ) ;
#1550 = LINE ( 'NONE', #2992, #90 ) ;
#1551 = CARTESIAN_POINT ( 'NONE',  ( 5.000000000000000000, -3.000000000000000000, -1.000000000000000000 ) ) ;
#1552 = ADVANCED_FACE ( 'NONE', ( #11 ), #1365, .T. ) ;
#1553 = EDGE_CURVE ( 'NONE', #2408, #979, #2944, .T. ) ;
#1554 = CARTESIAN_POINT ( 'NONE',  ( -1.850000000000000100, -1.300000000000007400, -0.6284232335022881300 ) ) ;
#1555 = VECTOR ( 'NONE', #2901, 1000.000000000000000 ) ;
#1556 = SURFACE_STYLE_FILL_AREA ( #3323 ) ;
#1557 = CARTESIAN_POINT ( 'NONE',  ( 0.0000000000000000000, 2.540000000000000000, -1.200000000000000000 ) ) ;
#1558 = FACE_OUTER_BOUND ( 'NONE', #3447, .T. ) ;
#1559 = VECTOR ( 'NONE', #1140, 1000.000000000000000 ) ;
#1560 = VECTOR ( 'NONE', #438, 1000.000000000000000 ) ;
#1561 = DIRECTION ( 'NONE',  ( -0.6546536707079743100, -0.6546536707079710900, 0.3779644730092426300 ) ) ;
#1562 = CARTESIAN_POINT ( 'NONE',  ( -0.8000000000000000400, 2.539999999999999600, -0.06299415069822032800 ) ) ;
#1563 = ORIENTED_EDGE ( 'NONE', *, *, #2821, .T. ) ;
#1564 = DIRECTION ( 'NONE',  ( 0.0000000000000000000, -0.0000000000000000000, -1.000000000000000000 ) ) ;
#1565 = EDGE_LOOP ( 'NONE', ( #2427, #1669, #524, #3401 ) ) ;
#1566 = EDGE_CURVE ( 'NONE', #2320, #3148, #778, .T. ) ;
#1567 = CARTESIAN_POINT ( 'NONE',  ( -4.698240118821385800, 3.001655327279210800, -5.598139574263673700 ) ) ;
#1568 = ORIENTED_EDGE ( 'NONE', *, *, #2721, .T. ) ;
#1569 = ADVANCED_FACE ( 'NONE', ( #2306 ), #515, .T. ) ;
#1570 = ORIENTED_EDGE ( 'NONE', *, *, #789, .T. ) ;
#1571 = ORIENTED_EDGE ( 'NONE', *, *, #3162, .T. ) ;
#1572 = ORIENTED_EDGE ( 'NONE', *, *, #737, .F. ) ;
#1573 = EDGE_CURVE ( 'NONE', #2015, #2189, #2208, .T. ) ;
#1574 = ORIENTED_EDGE ( 'NONE', *, *, #563, .T. ) ;
#1575 = ORIENTED_EDGE ( 'NONE', *, *, #3151, .F. ) ;
#1576 = CARTESIAN_POINT ( 'NONE',  ( -4.000000000000000000, 3.750000000000000000, 0.0000000000000000000 ) ) ;
#1577 = ORIENTED_EDGE ( 'NONE', *, *, #2948, .T. ) ;
#1578 = ORIENTED_EDGE ( 'NONE', *, *, #3057, .F. ) ;
#1579 = DIRECTION ( 'NONE',  ( -0.0000000000000000000, 1.000000000000000000, 0.0000000000000000000 ) ) ;
#1580 = ORIENTED_EDGE ( 'NONE', *, *, #1553, .T. ) ;
#1581 = ORIENTED_EDGE ( 'NONE', *, *, #9, .T. ) ;
#1582 = AXIS2_PLACEMENT_3D ( 'NONE', #3042, #1362, #3325 ) ;
#1583 = ORIENTED_EDGE ( 'NONE', *, *, #2638, .T. ) ;
#1584 = ADVANCED_FACE ( 'NONE', ( #2119 ), #1703, .F. ) ;
#1585 = VERTEX_POINT ( 'NONE', #884 ) ;
#1586 = AXIS2_PLACEMENT_3D ( 'NONE', #3646, #837, #2522 ) ;
#1587 = FACE_OUTER_BOUND ( 'NONE', #987, .T. ) ;
#1588 = CARTESIAN_POINT ( 'NONE',  ( -4.469999999999999800, -1.300000000000014300, -0.6284232335022762500 ) ) ;
#1589 = CARTESIAN_POINT ( 'NONE',  ( -4.876705599558065700, -2.609887319042355700, -5.686492374042708200 ) ) ;
#1590 = VECTOR ( 'NONE', #1778, 1000.000000000000000 ) ;
#1591 = EDGE_CURVE ( 'NONE', #810, #1763, #1366, .T. ) ;
#1592 = CYLINDRICAL_SURFACE ( 'NONE', #3518, 0.02999999999999964500 ) ;
#1593 = VECTOR ( 'NONE', #934, 1000.000000000000000 ) ;
#1594 = DIRECTION ( 'NONE',  ( 0.0000000000000000000, 0.0000000000000000000, -1.000000000000000000 ) ) ;
#1595 = CARTESIAN_POINT ( 'NONE',  ( -4.877052006648534100, -2.912132034355966700, -5.562132034355967900 ) ) ;
#1596 = CARTESIAN_POINT ( 'NONE',  ( 3.600000000000000500, 2.689999999999999900, -0.2053388357055000400 ) ) ;
#1597 = LINE ( 'NONE', #2016, #2986 ) ;
#1598 = CARTESIAN_POINT ( 'NONE',  ( 3.600000000000000500, 3.749850393436000100, -0.1497944302131999900 ) ) ;
#1599 = EDGE_CURVE ( 'NONE', #2185, #940, #600, .T. ) ;
#1600 = DIRECTION ( 'NONE',  ( -0.0000000000000000000, 1.000000000000000000, 0.0000000000000000000 ) ) ;
#1601 = ADVANCED_FACE ( 'NONE', ( #2861 ), #144, .T. ) ;
#1602 = LINE ( 'NONE', #546, #1698 ) ;
#1603 = ORIENTED_EDGE ( 'NONE', *, *, #142, .F. ) ;
#1604 = AXIS2_PLACEMENT_3D ( 'NONE', #3082, #3094, #2831 ) ;
#1605 = DIRECTION ( 'NONE',  ( -0.0000000000000000000, 1.000000000000000000, 0.0000000000000000000 ) ) ;
#1606 = ORIENTED_EDGE ( 'NONE', *, *, #3013, .F. ) ;
#1607 = CARTESIAN_POINT ( 'NONE',  ( 2.850000000000000100, 0.0000000000000000000, -1.200000000000000000 ) ) ;
#1608 = DIRECTION ( 'NONE',  ( 0.0000000000000000000, 1.000000000000000000, -0.0000000000000000000 ) ) ;
#1609 = CARTESIAN_POINT ( 'NONE',  ( 4.000000000000000000, 0.0000000000000000000, -1.000000000000000000 ) ) ;
#1610 = ORIENTED_EDGE ( 'NONE', *, *, #1827, .T. ) ;
#1611 = CARTESIAN_POINT ( 'NONE',  ( -0.3999999999999998600, 3.741999999999779300, -1.155692681260789800E-014 ) ) ;
#1612 = EDGE_CURVE ( 'NONE', #3148, #852, #2765, .T. ) ;
#1613 = ORIENTED_EDGE ( 'NONE', *, *, #2324, .F. ) ;
#1614 = ORIENTED_EDGE ( 'NONE', *, *, #3307, .F. ) ;
#1615 = PLANE ( 'NONE',  #99 ) ;
#1616 = VERTEX_POINT ( 'NONE', #1807 ) ;
#1617 = EDGE_LOOP ( 'NONE', ( #3180, #2401, #1116, #3666 ) ) ;
#1618 = VERTEX_POINT ( 'NONE', #1694 ) ;
#1619 = ORIENTED_EDGE ( 'NONE', *, *, #2035, .F. ) ;
#1620 = ADVANCED_FACE ( 'NONE', ( #1274 ), #2676, .T. ) ;
#1621 = DIRECTION ( 'NONE',  ( 0.0000000000000000000, 0.0000000000000000000, 1.000000000000000000 ) ) ;
#1622 = CARTESIAN_POINT ( 'NONE',  ( -0.4000000000000000200, 2.540000000000000000, -0.06299415069821999400 ) ) ;
#1623 = DIRECTION ( 'NONE',  ( 0.0000000000000000000, 1.301042606982605600E-014, -1.000000000000000000 ) ) ;
#1624 = ORIENTED_EDGE ( 'NONE', *, *, #3274, .T. ) ;
#1625 = CARTESIAN_POINT ( 'NONE',  ( 0.0000000000000000000, -2.540000000000000000, -1.200000000000000000 ) ) ;
#1626 = DIRECTION ( 'NONE',  ( -0.0000000000000000000, 0.0000000000000000000, 1.000000000000000000 ) ) ;
#1627 = DIRECTION ( 'NONE',  ( 0.0000000000000000000, 0.0000000000000000000, -1.000000000000000000 ) ) ;
#1628 = VECTOR ( 'NONE', #3414, 1000.000000000000000 ) ;
#1629 = AXIS2_PLACEMENT_3D ( 'NONE', #2936, #2646, #670 ) ;
#1630 = ORIENTED_EDGE ( 'NONE', *, *, #3524, .T. ) ;
#1631 = LINE ( 'NONE', #1030, #2291 ) ;
#1632 = VECTOR ( 'NONE', #3222, 1000.000000000000000 ) ;
#1633 = FACE_OUTER_BOUND ( 'NONE', #1374, .T. ) ;
#1634 = CARTESIAN_POINT ( 'NONE',  ( 5.000568874544742700, 2.769753102738668800, -5.419753102738668300 ) ) ;
#1635 = EDGE_CURVE ( 'NONE', #68, #3148, #502, .T. ) ;
#1636 = CARTESIAN_POINT ( 'NONE',  ( 2.879999999999999900, 2.000000000000000000, -5.400000000000000400 ) ) ;
#1637 = CARTESIAN_POINT ( 'NONE',  ( -5.037326708879828800, 2.803714664249339800, -5.436937359832102200 ) ) ;
#1638 = CARTESIAN_POINT ( 'NONE',  ( -2.799999999999999800, -1.300000000000000300, -0.2500000000000000000 ) ) ;
#1639 = VECTOR ( 'NONE', #2978, 1000.000000000000100 ) ;
#1640 = ADVANCED_FACE ( 'NONE', ( #2046 ), #180, .F. ) ;
#1641 = EDGE_CURVE ( 'NONE', #3566, #1115, #411, .T. ) ;
#1642 = FACE_OUTER_BOUND ( 'NONE', #614, .T. ) ;
#1643 = CIRCLE ( 'NONE', #1420, 0.2999999999999999300 ) ;
#1644 = LINE ( 'NONE', #449, #1560 ) ;
#1645 = CARTESIAN_POINT ( 'NONE',  ( -0.3999999999999999700, -2.689999999999999500, -0.2053388357054859200 ) ) ;
#1646 = CARTESIAN_POINT ( 'NONE',  ( -4.700000000000000200, 3.000000000000000000, -1.000000000000000000 ) ) ;
#1647 = CARTESIAN_POINT ( 'NONE',  ( -3.600000000000000500, 3.757850393436000100, -0.1497944302131999900 ) ) ;
#1648 = CARTESIAN_POINT ( 'NONE',  ( 3.600000000000000500, -2.689999999999999900, -0.2053388357055000200 ) ) ;
#1649 = PLANE ( 'NONE',  #3029 ) ;
#1650 = EDGE_CURVE ( 'NONE', #1294, #499, #1952, .T. ) ;
#1651 = CARTESIAN_POINT ( 'NONE',  ( -0.4000000000000000200, -2.540000000000000000, -0.06299415069821999400 ) ) ;
#1652 = ORIENTED_EDGE ( 'NONE', *, *, #898, .T. ) ;
#1653 = FACE_OUTER_BOUND ( 'NONE', #567, .T. ) ;
#1654 = AXIS2_PLACEMENT_3D ( 'NONE', #604, #2595, #911 ) ;
#1655 = VERTEX_POINT ( 'NONE', #1149 ) ;
#1656 = VERTEX_POINT ( 'NONE', #1024 ) ;
#1657 = AXIS2_PLACEMENT_3D ( 'NONE', #2445, #3670, #2197 ) ;
#1658 = VERTEX_POINT ( 'NONE', #915 ) ;
#1659 = ORIENTED_EDGE ( 'NONE', *, *, #291, .T. ) ;
#1660 = ADVANCED_FACE ( 'NONE', ( #1860 ), #3253, .T. ) ;
#1661 = SURFACE_SIDE_STYLE ('',( #1556 ) ) ;
#1662 = ORIENTED_EDGE ( 'NONE', *, *, #291, .F. ) ;
#1663 = EDGE_LOOP ( 'NONE', ( #564, #129, #712, #65 ) ) ;
#1664 = CARTESIAN_POINT ( 'NONE',  ( -0.8000000000000000400, -2.540000000000000000, -0.06299415069821999400 ) ) ;
#1665 = CARTESIAN_POINT ( 'NONE',  ( 4.700000000000000200, 2.700000000000000200, -5.349999999999999600 ) ) ;
#1666 = ORIENTED_EDGE ( 'NONE', *, *, #889, .F. ) ;
#1667 = EDGE_CURVE ( 'NONE', #3663, #616, #1192, .T. ) ;
#1668 = DIRECTION ( 'NONE',  ( 1.000000000000000000, 0.0000000000000000000, -0.0000000000000000000 ) ) ;
#1669 = ORIENTED_EDGE ( 'NONE', *, *, #80, .T. ) ;
#1670 = CARTESIAN_POINT ( 'NONE',  ( 1.399999999999999900, 2.689999999999999900, -1.000000000000000000 ) ) ;
#1671 = ORIENTED_EDGE ( 'NONE', *, *, #691, .F. ) ;
#1672 =( BOUNDED_SURFACE ( )  B_SPLINE_SURFACE ( 3, 3, ( 
 ( #2744, #1368, #185, #1915 ),
 ( #3579, #1637, #3298, #1339 ),
 ( #3020, #1052, #2729, #760 ),
 ( #2457, #459, #2184, #173 ) ),
 .UNSPECIFIED., .F., .F., .F. ) 
 B_SPLINE_SURFACE_WITH_KNOTS ( ( 4, 4 ),
 ( 4, 4 ),
 ( 0.0000000000000000000, 1.000000000000000000 ),
 ( 0.0000000000000000000, 1.000000000000000000 ),
 .UNSPECIFIED. ) 
 GEOMETRIC_REPRESENTATION_ITEM ( )  RATIONAL_B_SPLINE_SURFACE ( (
 ( 1.000000000000000000, 0.8047378541243653800, 0.8047378541243653800, 1.000000000000000000),
 ( 0.8025111867385914500, 0.6458111303268119200, 0.6458111303268119200, 0.8025111867385914500),
 ( 0.8025111867385914500, 0.6458111303268119200, 0.6458111303268119200, 0.8025111867385914500),
 ( 1.000000000000000000, 0.8047378541243653800, 0.8047378541243653800, 1.000000000000000000) ) ) 
 REPRESENTATION_ITEM ( '' )  SURFACE ( )  );
#1673 = EDGE_LOOP ( 'NONE', ( #192, #2921, #1806, #2363 ) ) ;
#1674 = PLANE ( 'NONE',  #2685 ) ;
#1675 = DIRECTION ( 'NONE',  ( 0.0000000000000000000, -0.8660254037844289400, -0.5000000000000167600 ) ) ;
#1676 = DIRECTION ( 'NONE',  ( 0.0000000000000000000, 0.9986295347545708400, -0.05233595624300186500 ) ) ;
#1677 = ORIENTED_EDGE ( 'NONE', *, *, #1635, .F. ) ;
#1678 = CARTESIAN_POINT ( 'NONE',  ( 1.399999999999999900, -2.540000000000000000, -0.06299415069821999400 ) ) ;
#1679 = VECTOR ( 'NONE', #1900, 1000.000000000000000 ) ;
#1680 = FACE_OUTER_BOUND ( 'NONE', #1756, .T. ) ;
#1681 = CARTESIAN_POINT ( 'NONE',  ( -4.699999999999999300, 3.000000000000000000, -5.349999999999998800 ) ) ;
#1682 = ADVANCED_FACE ( 'NONE', ( #2507 ), #434, .F. ) ;
#1683 = CARTESIAN_POINT ( 'NONE',  ( -4.000000000000000000, 2.689999999999999900, -0.2057580979397000400 ) ) ;
#1684 = AXIS2_PLACEMENT_3D ( 'NONE', #2516, #3361, #243 ) ;
#1685 = VECTOR ( 'NONE', #1526, 1000.000000000000000 ) ;
#1686 = CARTESIAN_POINT ( 'NONE',  ( -0.8000000000000000400, 0.0000000000000000000, -1.200000000000000000 ) ) ;
#1687 = FACE_OUTER_BOUND ( 'NONE', #387, .T. ) ;
#1688 = EDGE_CURVE ( 'NONE', #1283, #1484, #1006, .T. ) ;
#1689 = DIRECTION ( 'NONE',  ( 0.0000000000000000000, -0.9986295347545737200, -0.05233595624294753300 ) ) ;
#1690 = CARTESIAN_POINT ( 'NONE',  ( 4.000000000000000000, -2.689999999999999900, -1.200000000000000000 ) ) ;
#1691 = CARTESIAN_POINT ( 'NONE',  ( 4.990750691648833600, 2.733857497618557500, -5.416731034106953200 ) ) ;
#1692 = VECTOR ( 'NONE', #783, 1000.000000000000100 ) ;
#1693 = CARTESIAN_POINT ( 'NONE',  ( -1.850000000000000100, 1.300000000000000300, -1.200000000000000000 ) ) ;
#1694 = CARTESIAN_POINT ( 'NONE',  ( 1.399999999999999900, -2.689999999999999500, -0.2053388357054858900 ) ) ;
#1695 = CARTESIAN_POINT ( 'NONE',  ( 0.0000000000000000000, 2.290000000000000000, -1.200000000000000000 ) ) ;
#1696 = VECTOR ( 'NONE', #211, 1000.000000000000000 ) ;
#1697 = CARTESIAN_POINT ( 'NONE',  ( -2.850000000000000100, -2.012871870788996500, -1.040000000000005100 ) ) ;
#1698 = VECTOR ( 'NONE', #2263, 1000.000000000000000 ) ;
#1699 = ADVANCED_FACE ( 'NONE', ( #3171 ), #583, .T. ) ;
#1700 = ORIENTED_EDGE ( 'NONE', *, *, #3440, .F. ) ;
#1701 = CARTESIAN_POINT ( 'NONE',  ( -1.850000000000000100, -1.300000000000000300, -1.200000000000000000 ) ) ;
#1702 = CARTESIAN_POINT ( 'NONE',  ( 4.997854040671797700, 2.674371402530039400, -5.375022898457309000 ) ) ;
#1703 = PLANE ( 'NONE',  #3113 ) ;
#1704 = PLANE ( 'NONE',  #1788 ) ;
#1705 = DIRECTION ( 'NONE',  ( 0.0000000000000000000, 0.9986295347545708400, 0.05233595624300186500 ) ) ;
#1706 = ORIENTED_EDGE ( 'NONE', *, *, #3280, .F. ) ;
#1707 = DIRECTION ( 'NONE',  ( 0.0000000000000000000, -0.9986295347545737200, 0.05233595624294753300 ) ) ;
#1708 = ORIENTED_EDGE ( 'NONE', *, *, #1323, .T. ) ;
#1709 = CARTESIAN_POINT ( 'NONE',  ( 0.0000000000000000000, -1.300000000000000300, -1.200000000000000000 ) ) ;
#1710 = VERTEX_POINT ( 'NONE', #635 ) ;
#1711 = ORIENTED_EDGE ( 'NONE', *, *, #2875, .F. ) ;
#1712 = AXIS2_PLACEMENT_3D ( 'NONE', #3550, #2441, #742 ) ;
#1713 = VERTEX_POINT ( 'NONE', #747 ) ;
#1714 = CARTESIAN_POINT ( 'NONE',  ( 1.399999999999999900, 3.742000000000000000, 0.0000000000000000000 ) ) ;
#1715 = AXIS2_PLACEMENT_3D ( 'NONE', #1505, #2900, #2355 ) ;
#1716 = EDGE_CURVE ( 'NONE', #897, #1086, #2417, .T. ) ;
#1717 = ORIENTED_EDGE ( 'NONE', *, *, #1767, .T. ) ;
#1718 = VERTEX_POINT ( 'NONE', #773 ) ;
#1719 = VERTEX_POINT ( 'NONE', #804 ) ;
#1720 = ORIENTED_EDGE ( 'NONE', *, *, #1498, .T. ) ;
#1721 = DIRECTION ( 'NONE',  ( -0.0000000000000000000, 0.9986295347545737200, 0.05233595624294862900 ) ) ;
#1722 = CARTESIAN_POINT ( 'NONE',  ( 4.991547594742264900, 2.750000000000000900, -5.400000000000000400 ) ) ;
#1723 = EDGE_CURVE ( 'NONE', #1083, #1881, #1791, .T. ) ;
#1724 = DIRECTION ( 'NONE',  ( 0.0000000000000000000, -0.9986295347545739400, 0.05233595624294396600 ) ) ;
#1725 = DIRECTION ( 'NONE',  ( 1.000000000000000000, 0.0000000000000000000, -0.0000000000000000000 ) ) ;
#1726 = CARTESIAN_POINT ( 'NONE',  ( 0.0000000000000000000, -2.730000000000000400, -1.000000000000000000 ) ) ;
#1727 = DIRECTION ( 'NONE',  ( -1.000000000000000000, -0.0000000000000000000, -0.0000000000000000000 ) ) ;
#1728 = LINE ( 'NONE', #3138, #1628 ) ;
#1729 = FACE_OUTER_BOUND ( 'NONE', #464, .T. ) ;
#1730 = DIRECTION ( 'NONE',  ( 1.000000000000000000, 0.0000000000000000000, 0.0000000000000000000 ) ) ;
#1731 = LINE ( 'NONE', #2926, #2451 ) ;
#1732 = EDGE_CURVE ( 'NONE', #475, #2097, #244, .T. ) ;
#1733 = VECTOR ( 'NONE', #850, 1000.000000000000000 ) ;
#1734 = DIRECTION ( 'NONE',  ( 0.0000000000000000000, -1.000000000000000000, -0.0000000000000000000 ) ) ;
#1735 = AXIS2_PLACEMENT_3D ( 'NONE', #2456, #758, #2182 ) ;
#1736 = LINE ( 'NONE', #3314, #3124 ) ;
#1737 = DIRECTION ( 'NONE',  ( 0.0000000000000000000, -0.9986295347545737200, 0.05233595624294753300 ) ) ;
#1738 = DIRECTION ( 'NONE',  ( -1.000000000000000000, -0.0000000000000000000, -0.0000000000000000000 ) ) ;
#1739 = AXIS2_PLACEMENT_3D ( 'NONE', #443, #652, #721 ) ;
#1740 = CARTESIAN_POINT ( 'NONE',  ( 4.000000000000000000, -2.689999999999999500, -0.2053388357054859200 ) ) ;
#1741 = FACE_OUTER_BOUND ( 'NONE', #3406, .T. ) ;
#1742 = CIRCLE ( 'NONE', #1959, 0.2999999999999999300 ) ;
#1743 = LINE ( 'NONE', #297, #184 ) ;
#1744 = EDGE_CURVE ( 'NONE', #1484, #1908, #926, .T. ) ;
#1745 = CARTESIAN_POINT ( 'NONE',  ( 1.399999999999999900, -2.540000000000000000, -1.200000000000000000 ) ) ;
#1746 = DIRECTION ( 'NONE',  ( -1.000000000000000000, 0.0000000000000000000, 0.0000000000000000000 ) ) ;
#1747 = CARTESIAN_POINT ( 'NONE',  ( 4.700000000000000200, 2.730000000000000400, -1.000000000000000000 ) ) ;
#1748 = FACE_OUTER_BOUND ( 'NONE', #3054, .T. ) ;
#1749 = DIRECTION ( 'NONE',  ( 0.0000000000000000000, 0.0000000000000000000, -1.000000000000000000 ) ) ;
#1750 = DIRECTION ( 'NONE',  ( 0.0000000000000000000, 0.0000000000000000000, -1.000000000000000000 ) ) ;
#1751 = PLANE ( 'NONE',  #975 ) ;
#1752 = FACE_OUTER_BOUND ( 'NONE', #1168, .T. ) ;
#1753 = EDGE_CURVE ( 'NONE', #3276, #2576, #2342, .T. ) ;
#1754 = ORIENTED_EDGE ( 'NONE', *, *, #1399, .F. ) ;
#1755 = ORIENTED_EDGE ( 'NONE', *, *, #2447, .T. ) ;
#1756 = EDGE_LOOP ( 'NONE', ( #2403, #3618, #858, #3301, #3049, #125, #2608, #308 ) ) ;
#1757 = CARTESIAN_POINT ( 'NONE',  ( 4.700000000000000200, 1.199999999999999700, -5.349999999999999600 ) ) ;
#1758 = CARTESIAN_POINT ( 'NONE',  ( 3.600000000000000500, -3.742000000000000000, 0.0000000000000000000 ) ) ;
#1759 = VERTEX_POINT ( 'NONE', #1065 ) ;
#1760 = CARTESIAN_POINT ( 'NONE',  ( 4.700000000000000200, 2.700000000000000200, -1.000000000000000000 ) ) ;
#1761 = ORIENTED_EDGE ( 'NONE', *, *, #60, .F. ) ;
#1762 = AXIS2_PLACEMENT_3D ( 'NONE', #1444, #868, #2548 ) ;
#1763 = VERTEX_POINT ( 'NONE', #769 ) ;
#1764 = ORIENTED_EDGE ( 'NONE', *, *, #3023, .T. ) ;
#1765 = ORIENTED_EDGE ( 'NONE', *, *, #2201, .F. ) ;
#1766 = ORIENTED_EDGE ( 'NONE', *, *, #2201, .T. ) ;
#1767 = EDGE_CURVE ( 'NONE', #2846, #425, #3085, .T. ) ;
#1768 = ORIENTED_EDGE ( 'NONE', *, *, #424, .F. ) ;
#1769 = DIRECTION ( 'NONE',  ( -0.0000000000000000000, -0.0000000000000000000, -1.000000000000000000 ) ) ;
#1770 = PRODUCT ( 'IM03DGR', 'IM03DGR', '', ( #2768 ) ) ;
#1771 = EDGE_LOOP ( 'NONE', ( #1391, #1161, #431, #1443 ) ) ;
#1772 = EDGE_CURVE ( 'NONE', #3228, #3161, #835, .T. ) ;
#1773 = CARTESIAN_POINT ( 'NONE',  ( 4.000000000000000000, 2.540000000000000000, -1.200000000000000000 ) ) ;
#1774 = CARTESIAN_POINT ( 'NONE',  ( -4.000000000000000000, -2.540000000000000000, -0.06341341293248004000 ) ) ;
#1775 = LINE ( 'NONE', #1400, #994 ) ;
#1776 = CARTESIAN_POINT ( 'NONE',  ( -1.850000000000000100, 1.300000000000000300, -1.200000000000000000 ) ) ;
#1777 = ORIENTED_EDGE ( 'NONE', *, *, #2657, .F. ) ;
#1778 = DIRECTION ( 'NONE',  ( -0.0000000000000000000, 0.0000000000000000000, 1.000000000000000000 ) ) ;
#1779 = VECTOR ( 'NONE', #446, 1000.000000000000000 ) ;
#1780 = FACE_BOUND ( 'NONE', #2828, .T. ) ;
#1781 = LINE ( 'NONE', #1481, #1590 ) ;
#1782 = CARTESIAN_POINT ( 'NONE',  ( 2.879999999999999900, 1.200000000000000200, -5.400000000000000400 ) ) ;
#1783 = CARTESIAN_POINT ( 'NONE',  ( 2.799999999999999800, -1.300000000000000300, -0.2500000000000000000 ) ) ;
#1784 = VECTOR ( 'NONE', #2039, 1000.000000000000000 ) ;
#1785 = DIRECTION ( 'NONE',  ( 1.000000000000000000, 0.0000000000000000000, 0.0000000000000000000 ) ) ;
#1786 = DIRECTION ( 'NONE',  ( 0.0000000000000000000, 0.0000000000000000000, 1.000000000000000000 ) ) ;
#1787 = DIRECTION ( 'NONE',  ( 1.000000000000000000, 0.0000000000000000000, 0.0000000000000000000 ) ) ;
#1788 = AXIS2_PLACEMENT_3D ( 'NONE', #2260, #1134, #3105 ) ;
#1789 = CARTESIAN_POINT ( 'NONE',  ( 1.399999999999999900, 0.0000000000000000000, -1.200000000000000000 ) ) ;
#1790 = LINE ( 'NONE', #602, #1902 ) ;
#1791 = LINE ( 'NONE', #734, #137 ) ;
#1792 = CARTESIAN_POINT ( 'NONE',  ( 4.729999999999999500, -2.700000000000000200, -1.000000000000000000 ) ) ;
#1793 = AXIS2_PLACEMENT_3D ( 'NONE', #2210, #202, #1928 ) ;
#1794 = LINE ( 'NONE', #2845, #1696 ) ;
#1795 = EDGE_CURVE ( 'NONE', #2138, #2961, #2983, .T. ) ;
#1796 = CARTESIAN_POINT ( 'NONE',  ( -4.000000000000000000, 2.689999999999999900, -1.200000000000000000 ) ) ;
#1797 = CARTESIAN_POINT ( 'NONE',  ( 4.912132034355965800, -2.699999999999999700, -5.562132034355965300 ) ) ;
#1798 = ORIENTED_EDGE ( 'NONE', *, *, #1309, .F. ) ;
#1799 = PLANE ( 'NONE',  #3409 ) ;
#1800 = EDGE_LOOP ( 'NONE', ( #654, #3350, #2575, #2319 ) ) ;
#1801 = ORIENTED_EDGE ( 'NONE', *, *, #3162, .F. ) ;
#1802 = VERTEX_POINT ( 'NONE', #1380 ) ;
#1803 = EDGE_CURVE ( 'NONE', #3574, #499, #2158, .T. ) ;
#1804 = EDGE_LOOP ( 'NONE', ( #2391, #948, #2614, #2139, #1876, #117 ) ) ;
#1805 = ORIENTED_EDGE ( 'NONE', *, *, #3639, .F. ) ;
#1806 = ORIENTED_EDGE ( 'NONE', *, *, #172, .T. ) ;
#1807 = CARTESIAN_POINT ( 'NONE',  ( 1.399999999999999900, 2.540000000000000000, -1.200000000000000000 ) ) ;
#1808 = AXIS2_PLACEMENT_3D ( 'NONE', #1665, #1419, #1152 ) ;
#1809 = CARTESIAN_POINT ( 'NONE',  ( 1.399999999999999900, -2.689999999999999900, -0.2053388357055000200 ) ) ;
#1810 = ORIENTED_EDGE ( 'NONE', *, *, #2697, .T. ) ;
#1811 = EDGE_CURVE ( 'NONE', #2836, #2659, #730, .T. ) ;
#1812 = ADVANCED_BREP_SHAPE_REPRESENTATION ( 'IM03DGR', ( #2679, #74 ), #1518 ) ;
#1813 = CIRCLE ( 'NONE', #893, 0.2999999999999999300 ) ;
#1814 = FACE_OUTER_BOUND ( 'NONE', #2965, .T. ) ;
#1815 = LINE ( 'NONE', #1776, #956 ) ;
#1816 = DIRECTION ( 'NONE',  ( 0.0000000000000000000, 0.7071067811865475700, -0.7071067811865475700 ) ) ;
#1817 =( NAMED_UNIT ( * ) SI_UNIT ( $, .STERADIAN. ) SOLID_ANGLE_UNIT ( ) );
#1818 = VECTOR ( 'NONE', #504, 1000.000000000000000 ) ;
#1819 = LINE ( 'NONE', #2510, #3127 ) ;
#1820 = AXIS2_PLACEMENT_3D ( 'NONE', #75, #1816, #3479 ) ;
#1821 = FACE_OUTER_BOUND ( 'NONE', #1804, .T. ) ;
#1822 = CARTESIAN_POINT ( 'NONE',  ( -0.4000000000000000200, 2.689999999999999900, -1.200000000000000000 ) ) ;
#1823 = LINE ( 'NONE', #2241, #295 ) ;
#1824 = CARTESIAN_POINT ( 'NONE',  ( 4.912132034355964900, -2.699999999999999700, -5.562132034355965300 ) ) ;
#1825 = PLANE ( 'NONE',  #3110 ) ;
#1826 = VECTOR ( 'NONE', #808, 1000.000000000000000 ) ;
#1827 = EDGE_CURVE ( 'NONE', #1976, #194, #642, .T. ) ;
#1828 = ADVANCED_FACE ( 'NONE', ( #1510 ), #1210, .F. ) ;
#1829 = VECTOR ( 'NONE', #3262, 1000.000000000000100 ) ;
#1830 = EDGE_CURVE ( 'NONE', #2408, #3574, #548, .T. ) ;
#1831 = ORIENTED_EDGE ( 'NONE', *, *, #1688, .T. ) ;
#1832 = ORIENTED_EDGE ( 'NONE', *, *, #1866, .F. ) ;
#1833 = PLANE ( 'NONE',  #1305 ) ;
#1834 = CARTESIAN_POINT ( 'NONE',  ( 4.823189846542529600, -3.001655327279210800, -5.473189846542529900 ) ) ;
#1835 = ORIENTED_EDGE ( 'NONE', *, *, #1573, .F. ) ;
#1836 = VERTEX_POINT ( 'NONE', #1527 ) ;
#1837 = DIRECTION ( 'NONE',  ( 0.0000000000000000000, -0.05233595624000416500, 0.9986295347547279300 ) ) ;
#1838 = ORIENTED_EDGE ( 'NONE', *, *, #1182, .F. ) ;
#1839 = EDGE_LOOP ( 'NONE', ( #796, #397, #3112, #203, #2030, #3619 ) ) ;
#1840 = ORIENTED_EDGE ( 'NONE', *, *, #222, .F. ) ;
#1841 = ORIENTED_EDGE ( 'NONE', *, *, #3013, .T. ) ;
#1842 = EDGE_CURVE ( 'NONE', #2613, #863, #2080, .T. ) ;
#1843 = EDGE_LOOP ( 'NONE', ( #1479, #422, #3583, #519 ) ) ;
#1844 = ORIENTED_EDGE ( 'NONE', *, *, #1992, .F. ) ;
#1845 = CARTESIAN_POINT ( 'NONE',  ( -4.469999999999876300, -2.290000000000000000, -1.200000000000214700 ) ) ;
#1846 = ADVANCED_FACE ( 'NONE', ( #1315 ), #3562, .T. ) ;
#1847 = ORIENTED_EDGE ( 'NONE', *, *, #3203, .F. ) ;
#1848 = CARTESIAN_POINT ( 'NONE',  ( -3.600000000000000500, 2.689999999999999900, -1.000000000000000000 ) ) ;
#1849 = LINE ( 'NONE', #237, #1084 ) ;
#1850 = CARTESIAN_POINT ( 'NONE',  ( -4.786937359832101900, 2.700000000000001500, -5.687326708879826500 ) ) ;
#1851 = ORIENTED_EDGE ( 'NONE', *, *, #2850, .F. ) ;
#1852 = EDGE_CURVE ( 'NONE', #3488, #2996, #3474, .T. ) ;
#1853 = VECTOR ( 'NONE', #1038, 1000.000000000000000 ) ;
#1854 = CYLINDRICAL_SURFACE ( 'NONE', #2889, 0.2999999999999999300 ) ;
#1855 = FACE_OUTER_BOUND ( 'NONE', #3114, .T. ) ;
#1856 = DIRECTION ( 'NONE',  ( 0.0000000000000000000, 0.0000000000000000000, -1.000000000000000000 ) ) ;
#1857 = VECTOR ( 'NONE', #925, 1000.000000000000000 ) ;
#1858 = DIRECTION ( 'NONE',  ( 0.0000000000000000000, -0.0000000000000000000, 1.000000000000000000 ) ) ;
#1859 = CIRCLE ( 'NONE', #1582, 0.2999999999999999300 ) ;
#1860 = FACE_OUTER_BOUND ( 'NONE', #1533, .T. ) ;
#1861 = ADVANCED_FACE ( 'NONE', ( #2631 ), #1649, .F. ) ;
#1862 = LINE ( 'NONE', #1448, #3174 ) ;
#1863 = AXIS2_PLACEMENT_3D ( 'NONE', #508, #2231, #813 ) ;
#1864 = PLANE ( 'NONE',  #1327 ) ;
#1865 = ORIENTED_EDGE ( 'NONE', *, *, #395, .F. ) ;
#1866 = EDGE_CURVE ( 'NONE', #2097, #2914, #448, .T. ) ;
#1867 = CARTESIAN_POINT ( 'NONE',  ( -5.001655327279209500, -2.823189846542531800, -5.473189846542529900 ) ) ;
#1868 = ORIENTED_EDGE ( 'NONE', *, *, #286, .T. ) ;
#1869 = DIRECTION ( 'NONE',  ( -0.0000000000000000000, 1.000000000000000000, 0.0000000000000000000 ) ) ;
#1870 = ORIENTED_EDGE ( 'NONE', *, *, #1866, .T. ) ;
#1871 = VERTEX_POINT ( 'NONE', #1888 ) ;
#1872 = EDGE_LOOP ( 'NONE', ( #3069, #657, #2352, #1671 ) ) ;
#1873 = EDGE_LOOP ( 'NONE', ( #2232, #941, #3608 ) ) ;
#1874 = ADVANCED_FACE ( 'NONE', ( #1898 ), #1799, .T. ) ;
#1875 = CARTESIAN_POINT ( 'NONE',  ( -4.803714664249337600, -3.037326708879830100, -5.436937359832099600 ) ) ;
#1876 = ORIENTED_EDGE ( 'NONE', *, *, #2981, .T. ) ;
#1877 = CARTESIAN_POINT ( 'NONE',  ( 0.0000000000000000000, 2.540000000000000000, -1.200000000000000000 ) ) ;
#1878 = DIRECTION ( 'NONE',  ( -1.000000000000000000, -0.0000000000000000000, -0.0000000000000000000 ) ) ;
#1879 = CARTESIAN_POINT ( 'NONE',  ( -18.03600000000000500, 3.000000000000000000, -5.349999999999999600 ) ) ;
#1880 = ORIENTED_EDGE ( 'NONE', *, *, #2276, .T. ) ;
#1881 = VERTEX_POINT ( 'NONE', #1945 ) ;
#1882 = LINE ( 'NONE', #1450, #3374 ) ;
#1883 = EDGE_LOOP ( 'NONE', ( #2867, #2839, #3147, #1911 ) ) ;
#1884 = DIRECTION ( 'NONE',  ( -0.0000000000000000000, 1.000000000000000000, 0.0000000000000000000 ) ) ;
#1885 = AXIS2_PLACEMENT_3D ( 'NONE', #89, #2927, #961 ) ;
#1886 = EDGE_CURVE ( 'NONE', #1293, #2565, #1232, .T. ) ;
#1887 = LINE ( 'NONE', #848, #2074 ) ;
#1888 = CARTESIAN_POINT ( 'NONE',  ( -0.8000000000000000400, 3.749850393436001500, -0.1497944302132282500 ) ) ;
#1889 = VECTOR ( 'NONE', #3306, 1000.000000000000000 ) ;
#1890 = DIRECTION ( 'NONE',  ( 0.0000000000000000000, -1.000000000000000000, -0.0000000000000000000 ) ) ;
#1891 = CARTESIAN_POINT ( 'NONE',  ( 2.080000000000000100, 2.000000000000000000, -5.650000000000000400 ) ) ;
#1892 = DIRECTION ( 'NONE',  ( 0.0000000000000000000, -0.9986295347545737200, 0.05233595624294862900 ) ) ;
#1893 = CARTESIAN_POINT ( 'NONE',  ( -4.000000000000000000, -2.689999999999999900, -0.2057580979397000400 ) ) ;
#1894 = CARTESIAN_POINT ( 'NONE',  ( -0.3999999999999998600, 3.749850393436001500, -0.1497944302132282500 ) ) ;
#1895 = ADVANCED_FACE ( 'NONE', ( #1146 ), #1615, .T. ) ;
#1896 = EDGE_CURVE ( 'NONE', #1447, #1802, #1044, .T. ) ;
#1897 = VECTOR ( 'NONE', #3616, 1000.000000000000000 ) ;
#1898 = FACE_OUTER_BOUND ( 'NONE', #2129, .T. ) ;
#1899 = CARTESIAN_POINT ( 'NONE',  ( 4.800994791221703500, 2.995513302679608400, -5.401690307983132700 ) ) ;
#1900 = DIRECTION ( 'NONE',  ( 1.000000000000000000, 0.0000000000000000000, -0.0000000000000000000 ) ) ;
#1901 = FACE_OUTER_BOUND ( 'NONE', #3493, .T. ) ;
#1902 = VECTOR ( 'NONE', #2048, 1000.000000000000000 ) ;
#1903 = EDGE_CURVE ( 'NONE', #2732, #1234, #3290, .T. ) ;
#1904 = FACE_OUTER_BOUND ( 'NONE', #3396, .T. ) ;
#1905 = AXIS2_PLACEMENT_3D ( 'NONE', #183, #2742, #1061 ) ;
#1906 = LINE ( 'NONE', #3172, #1829 ) ;
#1907 = ADVANCED_FACE ( 'NONE', ( #1741 ), #178, .T. ) ;
#1908 = VERTEX_POINT ( 'NONE', #2769 ) ;
#1909 = CARTESIAN_POINT ( 'NONE',  ( 4.875733059333664500, 2.910915798935655100, -5.136658663735002700 ) ) ;
#1910 = DIRECTION ( 'NONE',  ( 0.0000000000000000000, -1.000000000000000000, 0.0000000000000000000 ) ) ;
#1911 = ORIENTED_EDGE ( 'NONE', *, *, #1753, .F. ) ;
#1912 = DIRECTION ( 'NONE',  ( -1.000000000000000000, 0.0000000000000000000, 0.0000000000000000000 ) ) ;
#1913 = DIRECTION ( 'NONE',  ( 0.0000000000000000000, -0.0000000000000000000, 1.000000000000000000 ) ) ;
#1914 = EDGE_CURVE ( 'NONE', #2395, #2969, #1819, .T. ) ;
#1915 = CARTESIAN_POINT ( 'NONE',  ( -4.912132034355965800, 2.699999999999999700, -5.562132034355965300 ) ) ;
#1916 = ORIENTED_EDGE ( 'NONE', *, *, #476, .F. ) ;
#1917 = ORIENTED_EDGE ( 'NONE', *, *, #846, .T. ) ;
#1918 = EDGE_LOOP ( 'NONE', ( #910, #2474, #2606, #1841, #3528, #3494 ) ) ;
#1919 = CARTESIAN_POINT ( 'NONE',  ( -0.8000000000000000400, -3.749850393436000100, -0.1497944302131999900 ) ) ;
#1920 = ORIENTED_EDGE ( 'NONE', *, *, #2351, .F. ) ;
#1921 = ORIENTED_EDGE ( 'NONE', *, *, #1983, .T. ) ;
#1922 = EDGE_CURVE ( 'NONE', #1234, #3373, #964, .T. ) ;
#1923 = ORIENTED_EDGE ( 'NONE', *, *, #990, .F. ) ;
#1924 = CARTESIAN_POINT ( 'NONE',  ( 0.0000000000000000000, 0.0000000000000000000, 0.0000000000000000000 ) ) ;
#1925 = DIRECTION ( 'NONE',  ( 0.0000000000000000000, -0.0000000000000000000, -1.000000000000000000 ) ) ;
#1926 = EDGE_LOOP ( 'NONE', ( #3492, #536, #2874, #1434 ) ) ;
#1927 = CARTESIAN_POINT ( 'NONE',  ( 5.000000000000000000, 3.000000000000000000, -1.000000000000000000 ) ) ;
#1928 = DIRECTION ( 'NONE',  ( -1.000000000000000000, 0.0000000000000000000, 0.0000000000000000000 ) ) ;
#1929 = DIRECTION ( 'NONE',  ( 0.0000000000000000000, -0.9986295347545737200, 0.05233595624294753300 ) ) ;
#1930 = ADVANCED_FACE ( 'NONE', ( #2379 ), #3339, .F. ) ;
#1931 = ORIENTED_EDGE ( 'NONE', *, *, #2047, .T. ) ;
#1932 = FACE_OUTER_BOUND ( 'NONE', #1872, .T. ) ;
#1933 = CARTESIAN_POINT ( 'NONE',  ( -0.8000000000000000400, -2.540000000000000000, -1.200000000000000000 ) ) ;
#1934 = ORIENTED_EDGE ( 'NONE', *, *, #990, .T. ) ;
#1935 = VECTOR ( 'NONE', #1324, 1000.000000000000000 ) ;
#1936 = LINE ( 'NONE', #2705, #3424 ) ;
#1937 = FACE_OUTER_BOUND ( 'NONE', #2271, .T. ) ;
#1938 =( LENGTH_UNIT ( ) NAMED_UNIT ( * ) SI_UNIT ( .MILLI., .METRE. ) );
#1939 = EDGE_CURVE ( 'NONE', #1252, #982, #2459, .T. ) ;
#1940 = CARTESIAN_POINT ( 'NONE',  ( -0.8000000000000000400, -2.540000000000000000, -1.000000000000000000 ) ) ;
#1941 = DIRECTION ( 'NONE',  ( 0.0000000000000000000, -0.9986295347545736100, 0.05233595624294862200 ) ) ;
#1942 = VECTOR ( 'NONE', #2649, 1000.000000000000000 ) ;
#1943 = CARTESIAN_POINT ( 'NONE',  ( 3.600000000000000500, -2.540000000000000000, -1.200000000000000000 ) ) ;
#1944 = CARTESIAN_POINT ( 'NONE',  ( -3.600000000000000500, 3.750000000000000000, 0.0000000000000000000 ) ) ;
#1945 = CARTESIAN_POINT ( 'NONE',  ( 2.850000000000000100, -2.012871870788997000, -1.040000000000005400 ) ) ;
#1946 = VECTOR ( 'NONE', #668, 1000.000000000000000 ) ;
#1947 = DIRECTION ( 'NONE',  ( 0.0000000000000000000, 0.0000000000000000000, 1.000000000000000000 ) ) ;
#1948 = EDGE_CURVE ( 'NONE', #1212, #1710, #885, .T. ) ;
#1949 = DIRECTION ( 'NONE',  ( 0.0000000000000000000, 0.0000000000000000000, 1.000000000000000000 ) ) ;
#1950 = VECTOR ( 'NONE', #3296, 1000.000000000000100 ) ;
#1951 = DIRECTION ( 'NONE',  ( 0.0000000000000000000, -0.0000000000000000000, 1.000000000000000000 ) ) ;
#1952 = LINE ( 'NONE', #221, #2600 ) ;
#1953 = ADVANCED_FACE ( 'NONE', ( #774 ), #2910, .T. ) ;
#1954 = VECTOR ( 'NONE', #2794, 1000.000000000000000 ) ;
#1955 = DIRECTION ( 'NONE',  ( -0.0000000000000000000, 0.0000000000000000000, -1.000000000000000000 ) ) ;
#1956 = DIRECTION ( 'NONE',  ( 0.0000000000000000000, -0.0000000000000000000, 1.000000000000000000 ) ) ;
#1957 = PLANE ( 'NONE',  #611 ) ;
#1958 = CARTESIAN_POINT ( 'NONE',  ( 3.429999999999999700, 2.000000000000000000, -5.599999999999999600 ) ) ;
#1959 = AXIS2_PLACEMENT_3D ( 'NONE', #2770, #1092, #3059 ) ;
#1960 = DIRECTION ( 'NONE',  ( -0.0000000000000000000, -0.0000000000000000000, -1.000000000000000000 ) ) ;
#1961 = ORIENTED_EDGE ( 'NONE', *, *, #462, .T. ) ;
#1962 = AXIS2_PLACEMENT_3D ( 'NONE', #880, #2841, #1159 ) ;
#1963 = ORIENTED_EDGE ( 'NONE', *, *, #3318, .T. ) ;
#1964 = CARTESIAN_POINT ( 'NONE',  ( 4.700000000000000200, -2.730000000000000400, -1.000000000000000000 ) ) ;
#1965 = ORIENTED_EDGE ( 'NONE', *, *, #1410, .F. ) ;
#1966 = AXIS2_PLACEMENT_3D ( 'NONE', #2467, #473, #2196 ) ;
#1967 = ORIENTED_EDGE ( 'NONE', *, *, #1109, .T. ) ;
#1968 = ORIENTED_EDGE ( 'NONE', *, *, #666, .F. ) ;
#1969 = ORIENTED_EDGE ( 'NONE', *, *, #3507, .F. ) ;
#1970 = DIRECTION ( 'NONE',  ( 0.0000000000000000000, -0.0000000000000000000, 1.000000000000000000 ) ) ;
#1971 = CARTESIAN_POINT ( 'NONE',  ( -2.799999999999999800, 0.6445517328096001000, -0.2500000000000000000 ) ) ;
#1972 = CARTESIAN_POINT ( 'NONE',  ( 4.997169212880599800, 2.733712771931964300, -5.383712771931960200 ) ) ;
#1973 = ORIENTED_EDGE ( 'NONE', *, *, #1449, .T. ) ;
#1974 = EDGE_CURVE ( 'NONE', #2185, #819, #3030, .T. ) ;
#1975 = CARTESIAN_POINT ( 'NONE',  ( 1.800000000000000300, 2.689999999999999900, -0.2053388357055000400 ) ) ;
#1976 = VERTEX_POINT ( 'NONE', #2194 ) ;
#1977 = CARTESIAN_POINT ( 'NONE',  ( 1.850000000000000100, -2.289999999999997800, -1.200000000000004400 ) ) ;
#1978 = ADVANCED_FACE ( 'NONE', ( #2941 ), #3580, .T. ) ;
#1979 = DIRECTION ( 'NONE',  ( -1.000000000000000000, 0.0000000000000000000, 0.0000000000000000000 ) ) ;
#1980 = ORIENTED_EDGE ( 'NONE', *, *, #1716, .F. ) ;
#1981 = DIRECTION ( 'NONE',  ( 0.8660254037844289400, 0.0000000000000000000, -0.5000000000000167600 ) ) ;
#1982 = DIRECTION ( 'NONE',  ( -1.000000000000000000, 0.0000000000000000000, 0.0000000000000000000 ) ) ;
#1983 = EDGE_CURVE ( 'NONE', #158, #1245, #93, .T. ) ;
#1984 = DIRECTION ( 'NONE',  ( 0.0000000000000000000, -0.05233595624294862200, 0.9986295347545736100 ) ) ;
#1985 = DIRECTION ( 'NONE',  ( 0.0000000000000000000, -0.8660254037844289400, 0.5000000000000167600 ) ) ;
#1986 = CIRCLE ( 'NONE', #478, 0.5500000000000001600 ) ;
#1987 = MECHANICAL_DESIGN_GEOMETRIC_PRESENTATION_REPRESENTATION (  '', ( #455 ), #2160 ) ;
#1988 = FACE_OUTER_BOUND ( 'NONE', #3606, .T. ) ;
#1989 = CARTESIAN_POINT ( 'NONE',  ( 4.769712195202268700, 2.995803989154980600, -5.399999999999997700 ) ) ;
#1990 = FACE_OUTER_BOUND ( 'NONE', #575, .T. ) ;
#1991 = VECTOR ( 'NONE', #1705, 1000.000000000000000 ) ;
#1992 = EDGE_CURVE ( 'NONE', #616, #1908, #2203, .T. ) ;
#1993 = CARTESIAN_POINT ( 'NONE',  ( -0.8000000000000000400, 2.689999999999999900, -0.2053388357055000200 ) ) ;
#1994 = CARTESIAN_POINT ( 'NONE',  ( 4.000000000000000000, 2.689999999999999900, -1.000000000000000000 ) ) ;
#1995 = VECTOR ( 'NONE', #2888, 1000.000000000000000 ) ;
#1996 = CARTESIAN_POINT ( 'NONE',  ( 2.800000000000000300, 0.6445517328096024300, -0.2499999999999956100 ) ) ;
#1997 = CARTESIAN_POINT ( 'NONE',  ( 1.800000000000000500, 2.539999999999999600, -0.06299415069822032800 ) ) ;
#1998 = CARTESIAN_POINT ( 'NONE',  ( 2.799999999999999800, -1.300000000000000300, -0.6284232335023000000 ) ) ;
#1999 = CARTESIAN_POINT ( 'NONE',  ( 4.912132034355964900, -2.700000000000001100, -5.562132034355964400 ) ) ;
#2000 = VECTOR ( 'NONE', #557, 1000.000000000000100 ) ;
#2001 = CARTESIAN_POINT ( 'NONE',  ( -2.850000000000000100, -2.289999999999997400, -1.200000000000004200 ) ) ;
#2002 = LINE ( 'NONE', #2499, #554 ) ;
#2003 = VECTOR ( 'NONE', #743, 1000.000000000000000 ) ;
#2004 = DIRECTION ( 'NONE',  ( -0.0000000000000000000, -0.0000000000000000000, 1.000000000000000000 ) ) ;
#2005 = DIRECTION ( 'NONE',  ( -1.000000000000000000, -0.0000000000000000000, -0.0000000000000000000 ) ) ;
#2006 = CARTESIAN_POINT ( 'NONE',  ( -0.8000000000000000400, -3.742000000000000000, 0.0000000000000000000 ) ) ;
#2007 = VERTEX_POINT ( 'NONE', #2716 ) ;
#2008 = CARTESIAN_POINT ( 'NONE',  ( 3.600000000000000500, 2.540000000000000000, -0.06299415069821999400 ) ) ;
#2009 = AXIS2_PLACEMENT_3D ( 'NONE', #1231, #2912, #947 ) ;
#2010 = VERTEX_POINT ( 'NONE', #3458 ) ;
#2011 = CARTESIAN_POINT ( 'NONE',  ( 2.800000000000000300, -1.300000000000000300, -1.040000000000000000 ) ) ;
#2012 = DIRECTION ( 'NONE',  ( 0.0000000000000000000, 0.0000000000000000000, -1.000000000000000000 ) ) ;
#2013 = ORIENTED_EDGE ( 'NONE', *, *, #2017, .T. ) ;
#2014 = ORIENTED_EDGE ( 'NONE', *, *, #1974, .T. ) ;
#2015 = VERTEX_POINT ( 'NONE', #2211 ) ;
#2016 = CARTESIAN_POINT ( 'NONE',  ( -4.700000000000000200, 2.730000000000000400, -1.000000000000000000 ) ) ;
#2017 = EDGE_CURVE ( 'NONE', #1283, #3194, #2859, .T. ) ;
#2018 = ORIENTED_EDGE ( 'NONE', *, *, #172, .F. ) ;
#2019 = VERTEX_POINT ( 'NONE', #2864 ) ;
#2020 = EDGE_LOOP ( 'NONE', ( #108, #2476, #716, #3229 ) ) ;
#2021 = DIRECTION ( 'NONE',  ( 0.0000000000000000000, -0.0000000000000000000, 1.000000000000000000 ) ) ;
#2022 = EDGE_LOOP ( 'NONE', ( #401, #1847, #801, #1326, #1396, #2922 ) ) ;
#2023 = EDGE_CURVE ( 'NONE', #819, #3527, #1464, .T. ) ;
#2024 = CARTESIAN_POINT ( 'NONE',  ( 5.000000000000000000, -2.700000000000000600, -5.349999999999998800 ) ) ;
#2025 = DIRECTION ( 'NONE',  ( -1.000000000000000000, -0.0000000000000000000, -0.0000000000000000000 ) ) ;
#2026 = ORIENTED_EDGE ( 'NONE', *, *, #3038, .F. ) ;
#2027 = ORIENTED_EDGE ( 'NONE', *, *, #1827, .F. ) ;
#2028 = LINE ( 'NONE', #2378, #1187 ) ;
#2029 = VECTOR ( 'NONE', #2209, 1000.000000000000000 ) ;
#2030 = ORIENTED_EDGE ( 'NONE', *, *, #2758, .F. ) ;
#2031 = LINE ( 'NONE', #2313, #1457 ) ;
#2032 = DIRECTION ( 'NONE',  ( 0.0000000000000000000, 0.0000000000000000000, -1.000000000000000000 ) ) ;
#2033 = LINE ( 'NONE', #1879, #1179 ) ;
#2034 = UNCERTAINTY_MEASURE_WITH_UNIT (LENGTH_MEASURE( 1.000000000000000100E-005 ), #481, 'distance_accuracy_value', 'NONE');
#2035 = EDGE_CURVE ( 'NONE', #158, #2620, #1358, .T. ) ;
#2036 = DIRECTION ( 'NONE',  ( -1.000000000000000000, -0.0000000000000000000, -0.0000000000000000000 ) ) ;
#2037 = VECTOR ( 'NONE', #597, 1000.000000000000000 ) ;
#2038 = CARTESIAN_POINT ( 'NONE',  ( 4.995803989154982400, 2.700000000000007300, -5.399999999999997700 ) ) ;
#2039 = DIRECTION ( 'NONE',  ( 1.000000000000000000, 0.0000000000000000000, 0.0000000000000000000 ) ) ;
#2040 = DIRECTION ( 'NONE',  ( 0.0000000000000000000, -1.000000000000000000, 0.0000000000000000000 ) ) ;
#2041 = AXIS2_PLACEMENT_3D ( 'NONE', #2069, #349, #2345 ) ;
#2042 = LINE ( 'NONE', #385, #1942 ) ;
#2043 = LINE ( 'NONE', #3107, #3510 ) ;
#2044 = VECTOR ( 'NONE', #1890, 1000.000000000000000 ) ;
#2045 = CIRCLE ( 'NONE', #3258, 0.7999999999999999300 ) ;
#2046 = FACE_OUTER_BOUND ( 'NONE', #2233, .T. ) ;
#2047 = EDGE_CURVE ( 'NONE', #1802, #1212, #8, .T. ) ;
#2048 = DIRECTION ( 'NONE',  ( 0.0000000000000000000, 0.9986295347545708400, 0.05233595624300186500 ) ) ;
#2049 = VECTOR ( 'NONE', #1373, 1000.000000000000000 ) ;
#2050 = DIRECTION ( 'NONE',  ( 0.0000000000000000000, -1.000000000000000000, 0.0000000000000000000 ) ) ;
#2051 = ORIENTED_EDGE ( 'NONE', *, *, #1177, .F. ) ;
#2052 = ORIENTED_EDGE ( 'NONE', *, *, #782, .T. ) ;
#2053 = DIRECTION ( 'NONE',  ( 0.0000000000000000000, -1.000000000000000000, 0.0000000000000000000 ) ) ;
#2054 = ORIENTED_EDGE ( 'NONE', *, *, #395, .T. ) ;
#2055 = CARTESIAN_POINT ( 'NONE',  ( 0.0000000000000000000, 0.0000000000000000000, -1.200000000000000000 ) ) ;
#2056 = PLANE ( 'NONE',  #2217 ) ;
#2057 = DIRECTION ( 'NONE',  ( 0.0000000000000000000, -0.0000000000000000000, -1.000000000000000000 ) ) ;
#2058 = ORIENTED_EDGE ( 'NONE', *, *, #2035, .T. ) ;
#2059 = VERTEX_POINT ( 'NONE', #2558 ) ;
#2060 = CARTESIAN_POINT ( 'NONE',  ( -0.8000000000000000400, 0.0000000000000000000, -1.000000000000000000 ) ) ;
#2061 = ORIENTED_EDGE ( 'NONE', *, *, #2796, .F. ) ;
#2062 = CARTESIAN_POINT ( 'NONE',  ( -5.000000000000000000, -2.700000000000000200, -1.000000000000000000 ) ) ;
#2063 = ORIENTED_EDGE ( 'NONE', *, *, #2657, .T. ) ;
#2064 = VERTEX_POINT ( 'NONE', #2843 ) ;
#2065 = ORIENTED_EDGE ( 'NONE', *, *, #1521, .T. ) ;
#2066 = EDGE_CURVE ( 'NONE', #1351, #1719, #1271, .T. ) ;
#2067 = EDGE_LOOP ( 'NONE', ( #343, #1243, #2356, #2072 ) ) ;
#2068 = CARTESIAN_POINT ( 'NONE',  ( -1.850000000000000100, -2.290000000000000000, -1.200000000000000000 ) ) ;
#2069 = CARTESIAN_POINT ( 'NONE',  ( -4.700000000000000200, 2.700000000000001100, -5.349999999999999600 ) ) ;
#2070 = ORIENTED_EDGE ( 'NONE', *, *, #2317, .F. ) ;
#2071 = CARTESIAN_POINT ( 'NONE',  ( 5.037326708879828800, -2.803714664249339800, -5.436937359832102200 ) ) ;
#2072 = ORIENTED_EDGE ( 'NONE', *, *, #748, .F. ) ;
#2073 = CARTESIAN_POINT ( 'NONE',  ( 1.850000000000000100, 1.300000000000000300, -0.6284232335023000000 ) ) ;
#2074 = VECTOR ( 'NONE', #2811, 1000.000000000000000 ) ;
#2075 = VECTOR ( 'NONE', #2096, 1000.000000000000000 ) ;
#2076 = VECTOR ( 'NONE', #1213, 1000.000000000000000 ) ;
#2077 = AXIS2_PLACEMENT_3D ( 'NONE', #2068, #929, #1594 ) ;
#2078 = LINE ( 'NONE', #3092, #3547 ) ;
#2079 = CARTESIAN_POINT ( 'NONE',  ( 4.700000000000000200, 2.700000000000000200, 5.061740000000000400 ) ) ;
#2080 = LINE ( 'NONE', #1517, #2712 ) ;
#2081 = DIRECTION ( 'NONE',  ( -1.000000000000000000, -0.0000000000000000000, -0.0000000000000000000 ) ) ;
#2082 = EDGE_CURVE ( 'NONE', #1070, #2871, #2043, .T. ) ;
#2083 = LINE ( 'NONE', #2807, #1235 ) ;
#2084 = EDGE_CURVE ( 'NONE', #2528, #1616, #3595, .T. ) ;
#2085 = LINE ( 'NONE', #3064, #1236 ) ;
#2086 = DIRECTION ( 'NONE',  ( 0.0000000000000000000, 0.0000000000000000000, -1.000000000000000000 ) ) ;
#2087 = CARTESIAN_POINT ( 'NONE',  ( 4.698000732276106800, -2.999986676132685200, -5.348000732276106300 ) ) ;
#2088 = CARTESIAN_POINT ( 'NONE',  ( 3.600000000000000500, -2.540000000000000000, -0.06299415069821999400 ) ) ;
#2089 = EDGE_LOOP ( 'NONE', ( #3495, #3109, #1840, #750 ) ) ;
#2090 = ORIENTED_EDGE ( 'NONE', *, *, #2447, .F. ) ;
#2091 = ORIENTED_EDGE ( 'NONE', *, *, #1974, .F. ) ;
#2092 = EDGE_CURVE ( 'NONE', #3359, #2094, #3429, .T. ) ;
#2093 = EDGE_LOOP ( 'NONE', ( #2877, #2027, #2485, #1570, #2107, #3530 ) ) ;
#2094 = VERTEX_POINT ( 'NONE', #3487 ) ;
#2095 = ORIENTED_EDGE ( 'NONE', *, *, #2443, .F. ) ;
#2096 = DIRECTION ( 'NONE',  ( 0.0000000000000000000, -0.0000000000000000000, -1.000000000000000000 ) ) ;
#2097 = VERTEX_POINT ( 'NONE', #1453 ) ;
#2098 = CARTESIAN_POINT ( 'NONE',  ( 1.399999999999999900, 2.540000000000000000, -1.000000000000000000 ) ) ;
#2099 = ORIENTED_EDGE ( 'NONE', *, *, #2697, .F. ) ;
#2100 = PLANE ( 'NONE',  #1885 ) ;
#2101 = VERTEX_POINT ( 'NONE', #381 ) ;
#2102 = EDGE_CURVE ( 'NONE', #1656, #1836, #3337, .T. ) ;
#2103 = ORIENTED_EDGE ( 'NONE', *, *, #3667, .F. ) ;
#2104 = FACE_OUTER_BOUND ( 'NONE', #2663, .T. ) ;
#2105 = CARTESIAN_POINT ( 'NONE',  ( 1.800000000000000300, 0.0000000000000000000, -1.000000000000000000 ) ) ;
#2106 = CARTESIAN_POINT ( 'NONE',  ( 4.912132034355964900, -2.699999999999999700, -5.562132034355965300 ) ) ;
#2107 = ORIENTED_EDGE ( 'NONE', *, *, #3365, .F. ) ;
#2108 = LINE ( 'NONE', #2327, #2664 ) ;
#2109 = EDGE_CURVE ( 'NONE', #2565, #2134, #2596, .T. ) ;
#2110 = VECTOR ( 'NONE', #1579, 1000.000000000000000 ) ;
#2111 = DIRECTION ( 'NONE',  ( 0.0000000000000000000, 0.0000000000000000000, -1.000000000000000000 ) ) ;
#2112 = VECTOR ( 'NONE', #568, 1000.000000000000000 ) ;
#2113 = DIRECTION ( 'NONE',  ( 0.0000000000000000000, 0.0000000000000000000, 1.000000000000000000 ) ) ;
#2114 = VECTOR ( 'NONE', #109, 1000.000000000000100 ) ;
#2115 = ADVANCED_FACE ( 'NONE', ( #1096 ), #2056, .F. ) ;
#2116 = VECTOR ( 'NONE', #2597, 1000.000000000000000 ) ;
#2117 = AXIS2_PLACEMENT_3D ( 'NONE', #279, #3111, #1138 ) ;
#2118 = CIRCLE ( 'NONE', #603, 0.2999999999999999300 ) ;
#2119 = FACE_OUTER_BOUND ( 'NONE', #1332, .T. ) ;
#2120 = CARTESIAN_POINT ( 'NONE',  ( 3.600000000000000500, -2.540000000000000000, -1.200000000000000000 ) ) ;
#2121 = DIRECTION ( 'NONE',  ( 0.0000000000000000000, 0.0000000000000000000, -1.000000000000000000 ) ) ;
#2122 = CARTESIAN_POINT ( 'NONE',  ( -1.850000000000000100, 0.0000000000000000000, -1.200000000000000000 ) ) ;
#2123 = LINE ( 'NONE', #228, #2767 ) ;
#2124 = EDGE_CURVE ( 'NONE', #523, #525, #2504, .T. ) ;
#2125 = CARTESIAN_POINT ( 'NONE',  ( -4.786937359832102800, 2.803714664249339800, -5.687326708879827400 ) ) ;
#2126 = EDGE_CURVE ( 'NONE', #2518, #2019, #3251, .T. ) ;
#2127 = ORIENTED_EDGE ( 'NONE', *, *, #3524, .F. ) ;
#2128 = VECTOR ( 'NONE', #2400, 1000.000000000000000 ) ;
#2129 = EDGE_LOOP ( 'NONE', ( #710, #463, #2695, #3397 ) ) ;
#2130 = ADVANCED_FACE ( 'NONE', ( #333 ), #329, .F. ) ;
#2131 = ORIENTED_EDGE ( 'NONE', *, *, #1027, .T. ) ;
#2132 = CARTESIAN_POINT ( 'NONE',  ( -3.600000000000000500, -3.750000000000000000, 0.0000000000000000000 ) ) ;
#2133 = ORIENTED_EDGE ( 'NONE', *, *, #496, .T. ) ;
#2134 = VERTEX_POINT ( 'NONE', #1476 ) ;
#2135 = VERTEX_POINT ( 'NONE', #3154 ) ;
#2136 = VERTEX_POINT ( 'NONE', #2326 ) ;
#2137 = AXIS2_PLACEMENT_3D ( 'NONE', #1664, #3602, #1941 ) ;
#2138 = VERTEX_POINT ( 'NONE', #1774 ) ;
#2139 = ORIENTED_EDGE ( 'NONE', *, *, #3057, .T. ) ;
#2140 = AXIS2_PLACEMENT_3D ( 'NONE', #263, #865, #2826 ) ;
#2141 = EDGE_LOOP ( 'NONE', ( #345, #2483, #1335, #3450 ) ) ;
#2142 = AXIS2_PLACEMENT_3D ( 'NONE', #744, #2444, #447 ) ;
#2143 = VERTEX_POINT ( 'NONE', #3430 ) ;
#2144 = DIRECTION ( 'NONE',  ( 0.0000000000000000000, -0.05233595624294862900, -0.9986295347545737200 ) ) ;
#2145 = CARTESIAN_POINT ( 'NONE',  ( -4.803714664249338500, -2.786937359832101400, -5.687326708879830100 ) ) ;
#2146 = CARTESIAN_POINT ( 'NONE',  ( 2.850000000000000100, 2.012871870788999200, -1.040000000000000700 ) ) ;
#2147 = ADVANCED_FACE ( 'NONE', ( #923 ), #1491, .T. ) ;
#2148 = ORIENTED_EDGE ( 'NONE', *, *, #2149, .T. ) ;
#2149 = EDGE_CURVE ( 'NONE', #2195, #3303, #2415, .T. ) ;
#2150 = LINE ( 'NONE', #3043, #2804 ) ;
#2151 = LINE ( 'NONE', #82, #3466 ) ;
#2152 = VECTOR ( 'NONE', #63, 1000.000000000000000 ) ;
#2153 = VECTOR ( 'NONE', #344, 1000.000000000000000 ) ;
#2154 = CARTESIAN_POINT ( 'NONE',  ( -4.700000000000001100, -2.912132034355966200, -5.562132034355967000 ) ) ;
#2155 = LINE ( 'NONE', #1975, #1991 ) ;
#2156 = CARTESIAN_POINT ( 'NONE',  ( 1.800000000000000500, -2.540000000000000000, -0.06299415069821999400 ) ) ;
#2157 = EDGE_CURVE ( 'NONE', #3565, #2731, #3170, .T. ) ;
#2158 = LINE ( 'NONE', #1354, #1422 ) ;
#2159 = CARTESIAN_POINT ( 'NONE',  ( -0.8000000000000000400, 0.0000000000000000000, -1.000000000000000000 ) ) ;
#2160 =( GEOMETRIC_REPRESENTATION_CONTEXT ( 3 ) GLOBAL_UNCERTAINTY_ASSIGNED_CONTEXT ( ( #3075 ) ) GLOBAL_UNIT_ASSIGNED_CONTEXT ( ( #1531, #3480, #1817 ) ) REPRESENTATION_CONTEXT ( 'NONE', 'WORKASPACE' ) );
#2161 = VECTOR ( 'NONE', #2255, 1000.000000000000000 ) ;
#2162 = LINE ( 'NONE', #2713, #300 ) ;
#2163 = ADVANCED_FACE ( 'NONE', ( #1687 ), #1592, .F. ) ;
#2164 = CARTESIAN_POINT ( 'NONE',  ( 3.600000000000000500, 0.0000000000000000000, -1.200000000000000000 ) ) ;
#2165 = LINE ( 'NONE', #3081, #3556 ) ;
#2166 = CARTESIAN_POINT ( 'NONE',  ( 5.000000000000000000, 3.000000000000000000, -1.000000000000000000 ) ) ;
#2167 = CARTESIAN_POINT ( 'NONE',  ( -4.469999999999999800, -0.6445517328096001000, -0.2500000000000000000 ) ) ;
#2168 = CARTESIAN_POINT ( 'NONE',  ( 1.399999999999999900, -3.742000000000000400, 6.680168445515305400E-016 ) ) ;
#2169 = EDGE_CURVE ( 'NONE', #2684, #157, #135, .T. ) ;
#2170 = PLANE ( 'NONE',  #3264 ) ;
#2171 = DIRECTION ( 'NONE',  ( 1.734723475976807400E-014, 0.0000000000000000000, -1.000000000000000000 ) ) ;
#2172 = DIRECTION ( 'NONE',  ( 0.0000000000000000000, 0.0000000000000000000, -1.000000000000000000 ) ) ;
#2173 = ORIENTED_EDGE ( 'NONE', *, *, #3365, .T. ) ;
#2174 = ORIENTED_EDGE ( 'NONE', *, *, #879, .F. ) ;
#2175 = ORIENTED_EDGE ( 'NONE', *, *, #1128, .T. ) ;
#2176 = ORIENTED_EDGE ( 'NONE', *, *, #2126, .F. ) ;
#2177 = CARTESIAN_POINT ( 'NONE',  ( 4.872408892959089900, 2.945015907068758000, -5.452187703593984300 ) ) ;
#2178 = EDGE_LOOP ( 'NONE', ( #361, #3012, #665, #2353 ) ) ;
#2179 = ORIENTED_EDGE ( 'NONE', *, *, #2892, .T. ) ;
#2180 = DIRECTION ( 'NONE',  ( -0.0000000000000000000, 0.0000000000000000000, -1.000000000000000000 ) ) ;
#2181 = CARTESIAN_POINT ( 'NONE',  ( -4.729999999999999500, 2.700000000000000200, -1.200000000000000000 ) ) ;
#2182 = DIRECTION ( 'NONE',  ( 1.000000000000000000, 0.0000000000000000000, 0.0000000000000000000 ) ) ;
#2183 = ORIENTED_EDGE ( 'NONE', *, *, #1852, .T. ) ;
#2184 = CARTESIAN_POINT ( 'NONE',  ( -4.822259282061490500, 2.999986676132685200, -5.223742182490722600 ) ) ;
#2185 = VERTEX_POINT ( 'NONE', #2024 ) ;
#2186 = CARTESIAN_POINT ( 'NONE',  ( 1.399999999999999900, -3.749850393436000100, -0.1497944302131999900 ) ) ;
#2187 = ADVANCED_FACE ( 'NONE', ( #2341 ), #3403, .F. ) ;
#2188 = AXIS2_PLACEMENT_3D ( 'NONE', #3470, #2902, #936 ) ;
#2189 = VERTEX_POINT ( 'NONE', #2300 ) ;
#2190 = ORIENTED_EDGE ( 'NONE', *, *, #951, .F. ) ;
#2191 = CARTESIAN_POINT ( 'NONE',  ( 4.999995097267158100, 2.698787231335329400, -5.348787231335330200 ) ) ;
#2192 = EDGE_CURVE ( 'NONE', #3052, #262, #828, .T. ) ;
#2193 = LINE ( 'NONE', #3173, #3676 ) ;
#2194 = CARTESIAN_POINT ( 'NONE',  ( 1.850000000000000100, 1.300000000000012000, -0.6284232335022792400 ) ) ;
#2195 = VERTEX_POINT ( 'NONE', #569 ) ;
#2196 = DIRECTION ( 'NONE',  ( 1.000000000000000000, 0.0000000000000000000, 0.0000000000000000000 ) ) ;
#2197 = DIRECTION ( 'NONE',  ( 0.0000000000000000000, -0.0000000000000000000, -1.000000000000000000 ) ) ;
#2198 = LINE ( 'NONE', #126, #2110 ) ;
#2199 = VECTOR ( 'NONE', #2005, 1000.000000000000000 ) ;
#2200 = DIRECTION ( 'NONE',  ( 0.0000000000000000000, -0.9986295347545737200, 0.05233595624294862900 ) ) ;
#2201 = EDGE_CURVE ( 'NONE', #2134, #1759, #2979, .T. ) ;
#2202 = LINE ( 'NONE', #2982, #2856 ) ;
#2203 = LINE ( 'NONE', #3078, #685 ) ;
#2204 = ADVANCED_FACE ( 'NONE', ( #52 ), #3118, .F. ) ;
#2205 = CARTESIAN_POINT ( 'NONE',  ( -4.700000000000000200, 2.700000000000001100, -5.349999999999999600 ) ) ;
#2206 = LINE ( 'NONE', #757, #1363 ) ;
#2207 = PLANE ( 'NONE',  #2288 ) ;
#2208 = LINE ( 'NONE', #273, #689 ) ;
#2209 = DIRECTION ( 'NONE',  ( -1.000000000000000000, -0.0000000000000000000, -0.0000000000000000000 ) ) ;
#2210 = CARTESIAN_POINT ( 'NONE',  ( 4.700000000000000200, 2.700000000000000200, -1.000000000000000000 ) ) ;
#2211 = CARTESIAN_POINT ( 'NONE',  ( -4.000000000000000000, 2.689999999999999900, -1.200000000000000000 ) ) ;
#2212 = EDGE_CURVE ( 'NONE', #1477, #1351, #2898, .T. ) ;
#2213 = CARTESIAN_POINT ( 'NONE',  ( 4.000000000000000000, -3.749850393436220800, -0.1497944302131884500 ) ) ;
#2214 = LINE ( 'NONE', #2425, #692 ) ;
#2215 = AXIS2_PLACEMENT_3D ( 'NONE', #40, #2053, #2334 ) ;
#2216 = CARTESIAN_POINT ( 'NONE',  ( 4.000000000000000000, -3.742000000000000400, 6.680168445515305400E-016 ) ) ;
#2217 = AXIS2_PLACEMENT_3D ( 'NONE', #623, #43, #1786 ) ;
#2218 = ORIENTED_EDGE ( 'NONE', *, *, #2084, .F. ) ;
#2219 =( NAMED_UNIT ( * ) SI_UNIT ( $, .STERADIAN. ) SOLID_ANGLE_UNIT ( ) );
#2220 = LINE ( 'NONE', #1576, #3041 ) ;
#2221 = ORIENTED_EDGE ( 'NONE', *, *, #3581, .F. ) ;
#2222 = DIRECTION ( 'NONE',  ( 0.0000000000000000000, 1.000000000000000000, 0.0000000000000000000 ) ) ;
#2223 = EDGE_CURVE ( 'NONE', #1328, #2933, #3640, .T. ) ;
#2224 = DIRECTION ( 'NONE',  ( -0.0000000000000000000, -0.0000000000000000000, -1.000000000000000000 ) ) ;
#2225 = VERTEX_POINT ( 'NONE', #1997 ) ;
#2226 = VERTEX_POINT ( 'NONE', #3656 ) ;
#2227 = ADVANCED_FACE ( 'NONE', ( #2810 ), #1429, .F. ) ;
#2228 = CARTESIAN_POINT ( 'NONE',  ( -4.000000000000000000, 2.689999999999999900, -0.2057580979397000700 ) ) ;
#2229 = VERTEX_POINT ( 'NONE', #555 ) ;
#2230 = ORIENTED_EDGE ( 'NONE', *, *, #3247, .F. ) ;
#2231 = DIRECTION ( 'NONE',  ( 0.0000000000000000000, -1.000000000000000000, 0.0000000000000000000 ) ) ;
#2232 = ORIENTED_EDGE ( 'NONE', *, *, #3462, .F. ) ;
#2233 = EDGE_LOOP ( 'NONE', ( #3410, #1281, #2998, #577 ) ) ;
#2234 = ORIENTED_EDGE ( 'NONE', *, *, #713, .T. ) ;
#2235 = CARTESIAN_POINT ( 'NONE',  ( -4.469999999999999800, -2.012871870788988100, -1.040000000000020900 ) ) ;
#2236 = ORIENTED_EDGE ( 'NONE', *, *, #302, .T. ) ;
#2237 = CARTESIAN_POINT ( 'NONE',  ( 0.0000000000000000000, -1.300000000000000300, -1.200000000000000000 ) ) ;
#2238 = DIRECTION ( 'NONE',  ( 0.0000000000000000000, -0.0000000000000000000, 1.000000000000000000 ) ) ;
#2239 = DIRECTION ( 'NONE',  ( -1.000000000000000000, -0.0000000000000000000, -0.0000000000000000000 ) ) ;
#2240 = ORIENTED_EDGE ( 'NONE', *, *, #938, .F. ) ;
#2241 = CARTESIAN_POINT ( 'NONE',  ( 4.730000000000000400, 0.0000000000000000000, -1.000000000000000000 ) ) ;
#2242 = ORIENTED_EDGE ( 'NONE', *, *, #3644, .T. ) ;
#2243 = LINE ( 'NONE', #2237, #539 ) ;
#2244 = VECTOR ( 'NONE', #2907, 1000.000000000000000 ) ;
#2245 = ADVANCED_FACE ( 'NONE', ( #640 ), #2262, .T. ) ;
#2246 = EDGE_CURVE ( 'NONE', #76, #1871, #2078, .T. ) ;
#2247 = LINE ( 'NONE', #3199, #2895 ) ;
#2248 = VECTOR ( 'NONE', #2601, 1000.000000000000000 ) ;
#2249 = CARTESIAN_POINT ( 'NONE',  ( 4.996459896772312200, 2.716953249919093600, -5.400472293944831700 ) ) ;
#2250 = DIRECTION ( 'NONE',  ( 0.0000000000000000000, 0.0000000000000000000, 1.000000000000000000 ) ) ;
#2251 = DIRECTION ( 'NONE',  ( -1.000000000000000000, 0.0000000000000000000, 0.0000000000000000000 ) ) ;
#2252 = VECTOR ( 'NONE', #891, 1000.000000000000000 ) ;
#2253 = DIRECTION ( 'NONE',  ( 1.000000000000000000, 0.0000000000000000000, -0.0000000000000000000 ) ) ;
#2254 = DIRECTION ( 'NONE',  ( 0.0000000000000000000, 0.9986295347545740600, 0.05233595624294150300 ) ) ;
#2255 = DIRECTION ( 'NONE',  ( -1.000000000000000000, -0.0000000000000000000, 0.0000000000000000000 ) ) ;
#2256 = VECTOR ( 'NONE', #1053, 1000.000000000000000 ) ;
#2257 = FACE_OUTER_BOUND ( 'NONE', #599, .T. ) ;
#2258 = DIRECTION ( 'NONE',  ( -0.0000000000000000000, 0.0000000000000000000, 1.000000000000000000 ) ) ;
#2259 = CARTESIAN_POINT ( 'NONE',  ( -4.469999999999968700, -2.289999999999994700, -1.200000000000062400 ) ) ;
#2260 = CARTESIAN_POINT ( 'NONE',  ( -4.000000000000000000, -2.540000000000000000, -0.06341341293247999800 ) ) ;
#2261 = LINE ( 'NONE', #838, #2906 ) ;
#2262 = PLANE ( 'NONE',  #1202 ) ;
#2263 = DIRECTION ( 'NONE',  ( 0.0000000000000000000, -1.000000000000000000, -0.0000000000000000000 ) ) ;
#2264 = ADVANCED_FACE ( 'NONE', ( #239 ), #2803, .T. ) ;
#2265 = CARTESIAN_POINT ( 'NONE',  ( 4.469999999999970400, 2.290000000000000000, -1.200000000000053900 ) ) ;
#2266 = DIRECTION ( 'NONE',  ( -0.0000000000000000000, 1.000000000000000000, 0.0000000000000000000 ) ) ;
#2267 = ORIENTED_EDGE ( 'NONE', *, *, #247, .T. ) ;
#2268 = AXIS2_PLACEMENT_3D ( 'NONE', #3175, #3196, #3509 ) ;
#2269 = EDGE_CURVE ( 'NONE', #106, #384, #545, .T. ) ;
#2270 = ORIENTED_EDGE ( 'NONE', *, *, #415, .T. ) ;
#2271 = EDGE_LOOP ( 'NONE', ( #123, #705, #1865, #316 ) ) ;
#2272 = ORIENTED_EDGE ( 'NONE', *, *, #1177, .T. ) ;
#2273 = CARTESIAN_POINT ( 'NONE',  ( -3.600000000000000100, 3.749999999999779300, -1.155352940054865700E-014 ) ) ;
#2274 = CARTESIAN_POINT ( 'NONE',  ( 4.000000000000000000, 2.689999999999999900, -1.200000000000000000 ) ) ;
#2275 = ORIENTED_EDGE ( 'NONE', *, *, #1573, .T. ) ;
#2276 = EDGE_CURVE ( 'NONE', #2969, #2226, #2155, .T. ) ;
#2277 = CARTESIAN_POINT ( 'NONE',  ( -0.8000000000000000400, -3.749850393436000100, -0.1497944302131999900 ) ) ;
#2278 = CARTESIAN_POINT ( 'NONE',  ( -2.850000000000000100, -0.6445517328096001000, -0.2500000000000000000 ) ) ;
#2279 = ORIENTED_EDGE ( 'NONE', *, *, #1772, .F. ) ;
#2280 = ORIENTED_EDGE ( 'NONE', *, *, #195, .F. ) ;
#2281 = CARTESIAN_POINT ( 'NONE',  ( -4.469999999999999800, -2.012871870789000100, -1.040000000000000000 ) ) ;
#2282 = CARTESIAN_POINT ( 'NONE',  ( -3.600000000000000500, -2.540000000000000000, -1.200000000000000000 ) ) ;
#2283 = EDGE_LOOP ( 'NONE', ( #561, #626, #2919, #2350, #1577, #391 ) ) ;
#2284 = CARTESIAN_POINT ( 'NONE',  ( 0.0000000000000000000, 2.689999999999999900, -1.200000000000000000 ) ) ;
#2285 = EDGE_CURVE ( 'NONE', #1836, #2312, #2710, .T. ) ;
#2286 = DIRECTION ( 'NONE',  ( 0.0000000000000000000, 0.0000000000000000000, 1.000000000000000000 ) ) ;
#2287 = VECTOR ( 'NONE', #594, 1000.000000000000000 ) ;
#2288 = AXIS2_PLACEMENT_3D ( 'NONE', #2479, #2755, #1079 ) ;
#2289 = CARTESIAN_POINT ( 'NONE',  ( 2.799999999999999800, 1.300000000000000300, -0.2500000000000000000 ) ) ;
#2290 = EDGE_LOOP ( 'NONE', ( #1016, #1018, #648, #714 ) ) ;
#2291 = VECTOR ( 'NONE', #1316, 1000.000000000000000 ) ;
#2292 = AXIS2_PLACEMENT_3D ( 'NONE', #1407, #1361, #1540 ) ;
#2293 = FACE_OUTER_BOUND ( 'NONE', #1022, .T. ) ;
#2294 = FACE_OUTER_BOUND ( 'NONE', #2610, .T. ) ;
#2295 = CARTESIAN_POINT ( 'NONE',  ( -2.799999999999999800, 1.300000000000000300, -0.6284232335023000000 ) ) ;
#2296 = EDGE_CURVE ( 'NONE', #116, #3663, #3472, .T. ) ;
#2297 = CARTESIAN_POINT ( 'NONE',  ( -4.000000000000000000, 0.0000000000000000000, -1.200000000000000000 ) ) ;
#2298 = CARTESIAN_POINT ( 'NONE',  ( -4.192871870788875000, 0.0000000000000000000, -1.040000000000218500 ) ) ;
#2299 = VECTOR ( 'NONE', #3058, 1000.000000000000000 ) ;
#2300 = CARTESIAN_POINT ( 'NONE',  ( -3.600000000000000500, 2.689999999999999900, -1.200000000000000000 ) ) ;
#2301 = COLOUR_RGB ( '',0.8745098039215686300, 0.9450980392156862500, 1.000000000000000000 ) ;
#2302 = CARTESIAN_POINT ( 'NONE',  ( 4.000000000000000000, -2.689999999999999900, -0.2053388357055000200 ) ) ;
#2303 = CARTESIAN_POINT ( 'NONE',  ( 3.600000000000000500, -2.689999999999999900, -0.2053388357055000200 ) ) ;
#2304 = LINE ( 'NONE', #3016, #1950 ) ;
#2305 = LINE ( 'NONE', #2872, #1057 ) ;
#2306 = FACE_OUTER_BOUND ( 'NONE', #41, .T. ) ;
#2307 = EDGE_CURVE ( 'NONE', #161, #1499, #445, .T. ) ;
#2308 = LINE ( 'NONE', #1714, #2945 ) ;
#2309 = DIRECTION ( 'NONE',  ( 0.0000000000000000000, -0.05233595624294862200, 0.9986295347545736100 ) ) ;
#2310 = ORIENTED_EDGE ( 'NONE', *, *, #3216, .T. ) ;
#2311 = CARTESIAN_POINT ( 'NONE',  ( -0.4000000000000000200, -2.540000000000000000, -1.000000000000000000 ) ) ;
#2312 = VERTEX_POINT ( 'NONE', #1958 ) ;
#2313 = CARTESIAN_POINT ( 'NONE',  ( 2.799999999999999800, 0.6445517328096001000, -0.2500000000000000000 ) ) ;
#2314 = VERTEX_POINT ( 'NONE', #3346 ) ;
#2315 = ORIENTED_EDGE ( 'NONE', *, *, #3653, .F. ) ;
#2316 = ORIENTED_EDGE ( 'NONE', *, *, #1641, .F. ) ;
#2317 = EDGE_CURVE ( 'NONE', #1484, #3663, #1229, .T. ) ;
#2318 = EDGE_LOOP ( 'NONE', ( #3182, #1076, #2148, #2918, #2920, #79 ) ) ;
#2319 = ORIENTED_EDGE ( 'NONE', *, *, #1360, .F. ) ;
#2320 = VERTEX_POINT ( 'NONE', #3062 ) ;
#2321 = B_SPLINE_CURVE_WITH_KNOTS ( 'NONE', 3,
 ( #252, #1989, #1158, #1145, #1438, #1722 ),
 .UNSPECIFIED., .F., .F.,
 ( 4, 2, 4 ),
 ( 0.0000000000000000000, 0.0002061681992203536800, 0.0004123363984407073700 ),
 .UNSPECIFIED. ) ;
#2322 = ORIENTED_EDGE ( 'NONE', *, *, #2169, .F. ) ;
#2323 = DIRECTION ( 'NONE',  ( 1.000000000000000000, 0.0000000000000000000, -0.0000000000000000000 ) ) ;
#2324 = EDGE_CURVE ( 'NONE', #2698, #1618, #2547, .T. ) ;
#2325 = CARTESIAN_POINT ( 'NONE',  ( -4.700000000000000200, 2.700000000000000200, 5.061740000000000400 ) ) ;
#2326 = CARTESIAN_POINT ( 'NONE',  ( 1.800000000000000300, -2.540000000000000000, -1.200000000000000000 ) ) ;
#2327 = CARTESIAN_POINT ( 'NONE',  ( 1.399999999999999900, -3.742000000000000000, 0.0000000000000000000 ) ) ;
#2328 = VERTEX_POINT ( 'NONE', #2496 ) ;
#2329 = CARTESIAN_POINT ( 'NONE',  ( 4.000000000000000000, 3.741999999999779300, -1.155692681260789800E-014 ) ) ;
#2330 = VERTEX_POINT ( 'NONE', #2774 ) ;
#2331 = ORIENTED_EDGE ( 'NONE', *, *, #2542, .T. ) ;
#2332 = DIRECTION ( 'NONE',  ( 0.0000000000000000000, -1.000000000000000000, -0.0000000000000000000 ) ) ;
#2333 = VECTOR ( 'NONE', #171, 1000.000000000000000 ) ;
#2334 = DIRECTION ( 'NONE',  ( 0.0000000000000000000, 0.0000000000000000000, -1.000000000000000000 ) ) ;
#2335 = VECTOR ( 'NONE', #365, 1000.000000000000000 ) ;
#2336 = DIRECTION ( 'NONE',  ( 1.000000000000000000, 0.0000000000000000000, -0.0000000000000000000 ) ) ;
#2337 = AXIS2_PLACEMENT_3D ( 'NONE', #2854, #1171, #3140 ) ;
#2338 = VECTOR ( 'NONE', #32, 1000.000000000000000 ) ;
#2339 = DIRECTION ( 'NONE',  ( 0.0000000000000000000, -0.9986295347545737200, 0.05233595624294862900 ) ) ;
#2340 = EDGE_CURVE ( 'NONE', #194, #304, #1142, .T. ) ;
#2341 = FACE_OUTER_BOUND ( 'NONE', #1439, .T. ) ;
#2342 = LINE ( 'NONE', #1036, #56 ) ;
#2343 = EDGE_CURVE ( 'NONE', #2647, #2487, #373, .T. ) ;
#2344 = DIRECTION ( 'NONE',  ( 0.0000000000000000000, 0.0000000000000000000, -1.000000000000000000 ) ) ;
#2345 = DIRECTION ( 'NONE',  ( 0.0000000000000000000, 0.0000000000000000000, 1.000000000000000000 ) ) ;
#2346 = CARTESIAN_POINT ( 'NONE',  ( 4.912132034355965800, -2.877052006648532300, -5.562132034355967000 ) ) ;
#2347 = VECTOR ( 'NONE', #576, 1000.000000000000000 ) ;
#2348 = CARTESIAN_POINT ( 'NONE',  ( 0.0000000000000000000, -2.689999999999999900, -1.200000000000000000 ) ) ;
#2349 = LINE ( 'NONE', #1695, #1519 ) ;
#2350 = ORIENTED_EDGE ( 'NONE', *, *, #1360, .T. ) ;
#2351 = EDGE_CURVE ( 'NONE', #874, #2398, #1043, .T. ) ;
#2352 = ORIENTED_EDGE ( 'NONE', *, *, #38, .F. ) ;
#2353 = ORIENTED_EDGE ( 'NONE', *, *, #1599, .F. ) ;
#2354 = CARTESIAN_POINT ( 'NONE',  ( -4.192871870788969200, 2.012871870788999200, -1.040000000000055300 ) ) ;
#2355 = DIRECTION ( 'NONE',  ( -1.000000000000000000, 0.0000000000000000000, 0.0000000000000000000 ) ) ;
#2356 = ORIENTED_EDGE ( 'NONE', *, *, #1803, .F. ) ;
#2357 = AXIS2_PLACEMENT_3D ( 'NONE', #1432, #786, #574 ) ;
#2358 = ORIENTED_EDGE ( 'NONE', *, *, #2109, .T. ) ;
#2359 = CARTESIAN_POINT ( 'NONE',  ( -0.8000000000000000400, -2.689999999999999500, -0.2053388357054858900 ) ) ;
#2360 = ORIENTED_EDGE ( 'NONE', *, *, #984, .T. ) ;
#2361 = FILL_AREA_STYLE_COLOUR ( '', #1306 ) ;
#2362 = ORIENTED_EDGE ( 'NONE', *, *, #2593, .F. ) ;
#2363 = ORIENTED_EDGE ( 'NONE', *, *, #3412, .T. ) ;
#2364 = ORIENTED_EDGE ( 'NONE', *, *, #1948, .F. ) ;
#2365 = EDGE_CURVE ( 'NONE', #76, #356, #2455, .T. ) ;
#2366 = ORIENTED_EDGE ( 'NONE', *, *, #1939, .F. ) ;
#2367 = ORIENTED_EDGE ( 'NONE', *, *, #2938, .F. ) ;
#2368 = CARTESIAN_POINT ( 'NONE',  ( 4.698240118821385800, -3.001655327279210800, -5.598139574263673700 ) ) ;
#2369 = DIRECTION ( 'NONE',  ( -0.0000000000000000000, 0.05233595624294862900, 0.9986295347545737200 ) ) ;
#2370 = VECTOR ( 'NONE', #337, 1000.000000000000000 ) ;
#2371 = ORIENTED_EDGE ( 'NONE', *, *, #436, .T. ) ;
#2372 = CIRCLE ( 'NONE', #2375, 0.3000000000000004300 ) ;
#2373 = LINE ( 'NONE', #2648, #3022 ) ;
#2374 = LINE ( 'NONE', #3655, #1549 ) ;
#2375 = AXIS2_PLACEMENT_3D ( 'NONE', #2484, #492, #207 ) ;
#2376 = VECTOR ( 'NONE', #3269, 1000.000000000000100 ) ;
#2377 = PLANE ( 'NONE',  #935 ) ;
#2378 = CARTESIAN_POINT ( 'NONE',  ( 1.800000000000000300, 3.749850393436000100, -0.1497944302131999900 ) ) ;
#2379 = FACE_OUTER_BOUND ( 'NONE', #1538, .T. ) ;
#2380 = DIRECTION ( 'NONE',  ( 0.0000000000000000000, -0.05233595624294862900, 0.9986295347545737200 ) ) ;
#2381 = EDGE_CURVE ( 'NONE', #909, #346, #1736, .T. ) ;
#2382 = DIRECTION ( 'NONE',  ( 0.0000000000000000000, -0.8660254037844289400, -0.5000000000000167600 ) ) ;
#2383 = CIRCLE ( 'NONE', #806, 0.5500000000000001600 ) ;
#2384 = CIRCLE ( 'NONE', #1808, 0.3000000000000001600 ) ;
#2385 = EDGE_CURVE ( 'NONE', #2524, #2064, #3204, .T. ) ;
#2386 = LINE ( 'NONE', #3546, #15 ) ;
#2387 = DIRECTION ( 'NONE',  ( 1.000000000000000000, 0.0000000000000000000, -0.0000000000000000000 ) ) ;
#2388 = CARTESIAN_POINT ( 'NONE',  ( 4.912132034355964900, -2.700000000000000600, -5.562132034355963500 ) ) ;
#2389 = ADVANCED_FACE ( 'NONE', ( #177 ), #1672, .T. ) ;
#2390 = CARTESIAN_POINT ( 'NONE',  ( 1.399999999999999900, 2.540000000000000000, -0.06299415069821999400 ) ) ;
#2391 = ORIENTED_EDGE ( 'NONE', *, *, #1842, .T. ) ;
#2392 = ORIENTED_EDGE ( 'NONE', *, *, #3004, .T. ) ;
#2393 = ORIENTED_EDGE ( 'NONE', *, *, #1546, .F. ) ;
#2394 = EDGE_CURVE ( 'NONE', #1656, #480, #882, .T. ) ;
#2395 = VERTEX_POINT ( 'NONE', #772 ) ;
#2396 = ORIENTED_EDGE ( 'NONE', *, *, #78, .F. ) ;
#2397 = ORIENTED_EDGE ( 'NONE', *, *, #488, .T. ) ;
#2398 = VERTEX_POINT ( 'NONE', #1040 ) ;
#2399 = DIRECTION ( 'NONE',  ( 0.0000000000000000000, -0.0000000000000000000, -1.000000000000000000 ) ) ;
#2400 = DIRECTION ( 'NONE',  ( 0.0000000000000000000, -0.0000000000000000000, 1.000000000000000000 ) ) ;
#2401 = ORIENTED_EDGE ( 'NONE', *, *, #1886, .T. ) ;
#2402 = CARTESIAN_POINT ( 'NONE',  ( 3.600000000000000500, 2.539999999999999600, -0.06299415069822032800 ) ) ;
#2403 = ORIENTED_EDGE ( 'NONE', *, *, #543, .T. ) ;
#2404 = CARTESIAN_POINT ( 'NONE',  ( -4.912132034355964900, 2.877052006648532800, -5.562132034355964400 ) ) ;
#2405 = ORIENTED_EDGE ( 'NONE', *, *, #3139, .T. ) ;
#2406 = ADVANCED_FACE ( 'NONE', ( #3028 ), #2170, .T. ) ;
#2407 = EDGE_CURVE ( 'NONE', #2138, #106, #1550, .T. ) ;
#2408 = VERTEX_POINT ( 'NONE', #1314 ) ;
#2409 = VECTOR ( 'NONE', #1119, 1000.000000000000000 ) ;
#2410 = ORIENTED_EDGE ( 'NONE', *, *, #2740, .F. ) ;
#2411 = VECTOR ( 'NONE', #470, 1000.000000000000000 ) ;
#2412 = CARTESIAN_POINT ( 'NONE',  ( -1.850000000000000100, 1.300000000000000300, -1.200000000000000000 ) ) ;
#2413 = FACE_BOUND ( 'NONE', #3659, .T. ) ;
#2414 = LINE ( 'NONE', #3436, #2338 ) ;
#2415 = CIRCLE ( 'NONE', #2766, 0.2999999999999999300 ) ;
#2416 = AXIS2_PLACEMENT_3D ( 'NONE', #2834, #284, #2550 ) ;
#2417 = LINE ( 'NONE', #756, #1692 ) ;
#2418 = ADVANCED_FACE ( 'NONE', ( #770 ), #3011, .T. ) ;
#2419 = CARTESIAN_POINT ( 'NONE',  ( -4.999986676132688300, -2.822259282061493600, -5.223742182490723500 ) ) ;
#2420 = CARTESIAN_POINT ( 'NONE',  ( 0.0000000000000000000, -2.290000000000000000, -1.200000000000000000 ) ) ;
#2421 = LINE ( 'NONE', #1686, #2347 ) ;
#2422 = LINE ( 'NONE', #901, #59 ) ;
#2423 = EDGE_CURVE ( 'NONE', #2659, #3609, #2940, .T. ) ;
#2424 = CARTESIAN_POINT ( 'NONE',  ( -4.877052006648532300, -2.912132034355964500, -5.562132034355962600 ) ) ;
#2425 = CARTESIAN_POINT ( 'NONE',  ( -1.850000000000000100, 0.0000000000000000000, -1.200000000000000000 ) ) ;
#2426 = FACE_OUTER_BOUND ( 'NONE', #3146, .T. ) ;
#2427 = ORIENTED_EDGE ( 'NONE', *, *, #3102, .T. ) ;
#2428 = VERTEX_POINT ( 'NONE', #3544 ) ;
#2429 = CARTESIAN_POINT ( 'NONE',  ( -4.700000000000000200, -2.912132034355965300, -5.562132034355965300 ) ) ;
#2430 = DIRECTION ( 'NONE',  ( 1.000000000000000000, 0.0000000000000000000, -0.0000000000000000000 ) ) ;
#2431 = CARTESIAN_POINT ( 'NONE',  ( -0.8000000000000000400, 2.540000000000000000, -1.000000000000000000 ) ) ;
#2432 = DIRECTION ( 'NONE',  ( -0.0000000000000000000, 0.0000000000000000000, 1.000000000000000000 ) ) ;
#2433 = ORIENTED_EDGE ( 'NONE', *, *, #1055, .F. ) ;
#2434 = ORIENTED_EDGE ( 'NONE', *, *, #538, .F. ) ;
#2435 = VERTEX_POINT ( 'NONE', #2156 ) ;
#2436 = ADVANCED_FACE ( 'NONE', ( #4 ), #2848, .T. ) ;
#2437 = ORIENTED_EDGE ( 'NONE', *, *, #1103, .T. ) ;
#2438 = AXIS2_PLACEMENT_3D ( 'NONE', #3002, #1032, #1020 ) ;
#2439 = ORIENTED_EDGE ( 'NONE', *, *, #2612, .T. ) ;
#2440 = VERTEX_POINT ( 'NONE', #128 ) ;
#2441 = DIRECTION ( 'NONE',  ( 0.0000000000000000000, 1.000000000000000000, -0.0000000000000000000 ) ) ;
#2442 = AXIS2_PLACEMENT_3D ( 'NONE', #2953, #992, #2399 ) ;
#2443 = EDGE_CURVE ( 'NONE', #909, #746, #2202, .T. ) ;
#2444 = DIRECTION ( 'NONE',  ( -0.0000000000000000000, -0.0000000000000000000, 1.000000000000000000 ) ) ;
#2445 = CARTESIAN_POINT ( 'NONE',  ( 1.399999999999999900, -2.689999999999999900, -0.2053388357055000200 ) ) ;
#2446 = PLANE ( 'NONE',  #331 ) ;
#2447 = EDGE_CURVE ( 'NONE', #384, #718, #681, .T. ) ;
#2448 = LINE ( 'NONE', #2298, #3119 ) ;
#2449 = VECTOR ( 'NONE', #3589, 1000.000000000000000 ) ;
#2450 = FACE_OUTER_BOUND ( 'NONE', #3221, .T. ) ;
#2451 = VECTOR ( 'NONE', #960, 1000.000000000000000 ) ;
#2452 = ADVANCED_FACE ( 'NONE', ( #592 ), #46, .T. ) ;
#2453 = CARTESIAN_POINT ( 'NONE',  ( 4.699999999999998400, 3.012805871005630500, -5.302828757777176900 ) ) ;
#2454 = CARTESIAN_POINT ( 'NONE',  ( -0.8000000000000000400, 2.689999999999999900, -0.2053388357055000400 ) ) ;
#2455 = LINE ( 'NONE', #220, #962 ) ;
#2456 = CARTESIAN_POINT ( 'NONE',  ( -4.700000000000000200, 2.700000000000000200, -1.000000000000000000 ) ) ;
#2457 = CARTESIAN_POINT ( 'NONE',  ( -4.910123345235141400, 2.700000000000000600, -5.135878119317071700 ) ) ;
#2458 = EDGE_CURVE ( 'NONE', #2960, #2997, #2754, .T. ) ;
#2459 = LINE ( 'NONE', #3567, #1639 ) ;
#2460 = CARTESIAN_POINT ( 'NONE',  ( 0.0000000000000000000, 0.0000000000000000000, -5.599999999999999600 ) ) ;
#2461 = LINE ( 'NONE', #444, #2552 ) ;
#2462 = VECTOR ( 'NONE', #2514, 1000.000000000000000 ) ;
#2463 = LINE ( 'NONE', #761, #3135 ) ;
#2464 = CARTESIAN_POINT ( 'NONE',  ( -4.912132034355964900, 2.700000000000001100, -5.562132034355964400 ) ) ;
#2465 = CARTESIAN_POINT ( 'NONE',  ( -3.600000000000000500, 2.540000000000000000, -1.199999999999999700 ) ) ;
#2466 = EDGE_CURVE ( 'NONE', #2750, #2996, #3508, .T. ) ;
#2467 = CARTESIAN_POINT ( 'NONE',  ( 4.700000000000000200, -2.700000000000000200, -1.200000000000000000 ) ) ;
#2468 = PRODUCT_DEFINITION_CONTEXT ( 'detailed design', #1091, 'design' ) ;
#2469 = ADVANCED_FACE ( 'NONE', ( #3426 ), #1254, .T. ) ;
#2470 = ORIENTED_EDGE ( 'NONE', *, *, #1227, .T. ) ;
#2471 = VERTEX_POINT ( 'NONE', #103 ) ;
#2472 = EDGE_CURVE ( 'NONE', #2960, #3359, #2042, .T. ) ;
#2473 = ORIENTED_EDGE ( 'NONE', *, *, #334, .F. ) ;
#2474 = ORIENTED_EDGE ( 'NONE', *, *, #1830, .F. ) ;
#2475 =( NAMED_UNIT ( * ) PLANE_ANGLE_UNIT ( ) SI_UNIT ( $, .RADIAN. ) );
#2476 = ORIENTED_EDGE ( 'NONE', *, *, #2458, .F. ) ;
#2477 = ORIENTED_EDGE ( 'NONE', *, *, #1612, .T. ) ;
#2478 = DIRECTION ( 'NONE',  ( 0.0000000000000000000, 0.0000000000000000000, 1.000000000000000000 ) ) ;
#2479 = CARTESIAN_POINT ( 'NONE',  ( 4.700000000000000200, 2.730000000000000400, -1.000000000000000000 ) ) ;
#2480 = ORIENTED_EDGE ( 'NONE', *, *, #1399, .T. ) ;
#2481 = DIRECTION ( 'NONE',  ( 0.0000000000000000000, -1.000000000000000000, 0.0000000000000000000 ) ) ;
#2482 = DIRECTION ( 'NONE',  ( 1.000000000000000000, 0.0000000000000000000, -0.0000000000000000000 ) ) ;
#2483 = ORIENTED_EDGE ( 'NONE', *, *, #1795, .T. ) ;
#2484 = CARTESIAN_POINT ( 'NONE',  ( 4.700000000000000200, -2.700000000000000200, -5.349999999999999600 ) ) ;
#2485 = ORIENTED_EDGE ( 'NONE', *, *, #314, .F. ) ;
#2486 = AXIS2_PLACEMENT_3D ( 'NONE', #2537, #1416, #3093 ) ;
#2487 = VERTEX_POINT ( 'NONE', #3210 ) ;
#2488 = ADVANCED_FACE ( 'NONE', ( #2667 ), #2100, .T. ) ;
#2489 = ORIENTED_EDGE ( 'NONE', *, *, #408, .T. ) ;
#2490 = DIRECTION ( 'NONE',  ( 0.0000000000000000000, 0.0000000000000000000, 1.000000000000000000 ) ) ;
#2491 = EDGE_CURVE ( 'NONE', #346, #427, #494, .T. ) ;
#2492 = VECTOR ( 'NONE', #1081, 1000.000000000000100 ) ;
#2493 = CARTESIAN_POINT ( 'NONE',  ( -4.000000000000000000, 2.689999999999999900, -1.000000000000000000 ) ) ;
#2494 = PLANE ( 'NONE',  #3027 ) ;
#2495 = ORIENTED_EDGE ( 'NONE', *, *, #1242, .F. ) ;
#2496 = CARTESIAN_POINT ( 'NONE',  ( -2.799999999999999800, -0.6445517328095999900, -0.2500000000000000000 ) ) ;
#2497 = LINE ( 'NONE', #2431, #1779 ) ;
#2498 = FACE_BOUND ( 'NONE', #472, .T. ) ;
#2499 = CARTESIAN_POINT ( 'NONE',  ( 4.000000000000000000, 0.0000000000000000000, -1.200000000000000000 ) ) ;
#2500 = EDGE_CURVE ( 'NONE', #1351, #1393, #1185, .T. ) ;
#2501 = CARTESIAN_POINT ( 'NONE',  ( 2.879999999999999900, 2.000000000000000000, -5.650000000000000400 ) ) ;
#2502 = VECTOR ( 'NONE', #1561, 1000.000000000000100 ) ;
#2503 = CARTESIAN_POINT ( 'NONE',  ( -4.000000000000000000, 2.689999999999999900, -0.2057580979397000700 ) ) ;
#2504 = LINE ( 'NONE', #1197, #1189 ) ;
#2505 = PLANE ( 'NONE',  #3079 ) ;
#2506 = CARTESIAN_POINT ( 'NONE',  ( 1.399999999999999900, -2.540000000000000000, -0.06299415069821999400 ) ) ;
#2507 = FACE_OUTER_BOUND ( 'NONE', #1026, .T. ) ;
#2508 = DIRECTION ( 'NONE',  ( 1.000000000000000000, 0.0000000000000000000, -0.0000000000000000000 ) ) ;
#2509 = DIRECTION ( 'NONE',  ( -0.0000000000000000000, -0.0000000000000000000, 1.000000000000000000 ) ) ;
#2510 = CARTESIAN_POINT ( 'NONE',  ( 1.399999999999999900, 2.689999999999999900, -0.2053388357055000400 ) ) ;
#2511 = CARTESIAN_POINT ( 'NONE',  ( 2.850000000000000100, -1.300000000000000300, -1.200000000000000000 ) ) ;
#2512 = ADVANCED_FACE ( 'NONE', ( #1855 ), #3457, .F. ) ;
#2513 = LINE ( 'NONE', #2284, #1008 ) ;
#2514 = DIRECTION ( 'NONE',  ( -1.000000000000000000, -0.0000000000000000000, -0.0000000000000000000 ) ) ;
#2515 = LINE ( 'NONE', #1474, #3348 ) ;
#2516 = CARTESIAN_POINT ( 'NONE',  ( -4.699999999999999300, -2.700000000000000200, -5.349999999999999600 ) ) ;
#2517 = EDGE_CURVE ( 'NONE', #3045, #1719, #1093, .T. ) ;
#2518 = VERTEX_POINT ( 'NONE', #2120 ) ;
#2519 = CARTESIAN_POINT ( 'NONE',  ( 5.000034154799958100, 2.716765276917239900, -5.366765276917238500 ) ) ;
#2520 = EDGE_CURVE ( 'NONE', #1447, #2650, #407, .T. ) ;
#2521 = DIRECTION ( 'NONE',  ( 1.000000000000000000, 0.0000000000000000000, -0.0000000000000000000 ) ) ;
#2522 = DIRECTION ( 'NONE',  ( -0.0000000000000000000, 0.0000000000000000000, -1.000000000000000000 ) ) ;
#2523 = ORIENTED_EDGE ( 'NONE', *, *, #195, .T. ) ;
#2524 = VERTEX_POINT ( 'NONE', #1261 ) ;
#2525 = CARTESIAN_POINT ( 'NONE',  ( 5.000000000000000000, 2.700000000000000200, -1.000000000000000000 ) ) ;
#2526 = DIRECTION ( 'NONE',  ( -1.000000000000000000, -0.0000000000000000000, 0.0000000000000000000 ) ) ;
#2527 = EDGE_LOOP ( 'NONE', ( #700, #765, #2367, #974, #270, #2230 ) ) ;
#2528 = VERTEX_POINT ( 'NONE', #694 ) ;
#2529 = CARTESIAN_POINT ( 'NONE',  ( -0.4000000000000000200, -2.540000000000000000, -1.200000000000000000 ) ) ;
#2530 = ORIENTED_EDGE ( 'NONE', *, *, #759, .F. ) ;
#2531 = ADVANCED_FACE ( 'NONE', ( #2592 ), #715, .T. ) ;
#2532 = ORIENTED_EDGE ( 'NONE', *, *, #398, .F. ) ;
#2533 = DIRECTION ( 'NONE',  ( 0.0000000000000000000, 0.0000000000000000000, -1.000000000000000000 ) ) ;
#2534 = ORIENTED_EDGE ( 'NONE', *, *, #2654, .T. ) ;
#2535 = EDGE_CURVE ( 'NONE', #746, #2314, #3249, .T. ) ;
#2536 = CARTESIAN_POINT ( 'NONE',  ( 0.0000000000000000000, 1.300000000000000300, -1.200000000000000000 ) ) ;
#2537 = CARTESIAN_POINT ( 'NONE',  ( 1.399999999999999900, -3.749850393436000100, -0.1497944302131999900 ) ) ;
#2538 = ORIENTED_EDGE ( 'NONE', *, *, #3136, .T. ) ;
#2539 = CARTESIAN_POINT ( 'NONE',  ( 4.700000000000000200, 2.730000000000000400, -1.000000000000000000 ) ) ;
#2540 = CARTESIAN_POINT ( 'NONE',  ( -4.000000000000000000, -3.750000000000000000, 0.0000000000000000000 ) ) ;
#2541 = FACE_OUTER_BOUND ( 'NONE', #324, .T. ) ;
#2542 = EDGE_CURVE ( 'NONE', #2836, #259, #234, .T. ) ;
#2543 = CARTESIAN_POINT ( 'NONE',  ( 1.850000000000000100, -1.300000000000000300, -1.200000000000000000 ) ) ;
#2544 = PLANE ( 'NONE',  #1467 ) ;
#2545 = PLANE ( 'NONE',  #2140 ) ;
#2546 = CARTESIAN_POINT ( 'NONE',  ( -3.600000000000000500, 0.0000000000000000000, -1.200000000000000000 ) ) ;
#2547 = LINE ( 'NONE', #2787, #1818 ) ;
#2548 = DIRECTION ( 'NONE',  ( 0.0000000000000000000, 0.9986295347545736100, 0.05233595624294862200 ) ) ;
#2549 = DIRECTION ( 'NONE',  ( -0.0000000000000000000, 0.0000000000000000000, -1.000000000000000000 ) ) ;
#2550 = DIRECTION ( 'NONE',  ( 0.0000000000000000000, -0.0000000000000000000, 1.000000000000000000 ) ) ;
#2551 = VECTOR ( 'NONE', #1970, 1000.000000000000000 ) ;
#2552 = VECTOR ( 'NONE', #1037, 1000.000000000000000 ) ;
#2553 = VECTOR ( 'NONE', #1738, 1000.000000000000000 ) ;
#2554 = DIRECTION ( 'NONE',  ( 0.0000000000000000000, 0.0000000000000000000, 1.000000000000000000 ) ) ;
#2555 = DIRECTION ( 'NONE',  ( -0.0000000000000000000, -0.0000000000000000000, 1.000000000000000000 ) ) ;
#2556 = CARTESIAN_POINT ( 'NONE',  ( 2.080000000000000100, 2.000000000000000000, -5.650000000000000400 ) ) ;
#2557 = VECTOR ( 'NONE', #1929, 1000.000000000000000 ) ;
#2558 = CARTESIAN_POINT ( 'NONE',  ( 4.730000000000000400, 2.700000000000000200, -1.200000000000000000 ) ) ;
#2559 = DIRECTION ( 'NONE',  ( -0.0000000000000000000, 0.9986295347545737200, 0.05233595624294862900 ) ) ;
#2560 = FACE_OUTER_BOUND ( 'NONE', #1926, .T. ) ;
#2561 = ORIENTED_EDGE ( 'NONE', *, *, #3620, .F. ) ;
#2562 = EDGE_CURVE ( 'NONE', #356, #1070, #1001, .T. ) ;
#2563 = ORIENTED_EDGE ( 'NONE', *, *, #1948, .T. ) ;
#2564 = ORIENTED_EDGE ( 'NONE', *, *, #2102, .F. ) ;
#2565 = VERTEX_POINT ( 'NONE', #1220 ) ;
#2566 = CARTESIAN_POINT ( 'NONE',  ( 2.879999999999999900, 1.200000000000000200, -5.650000000000000400 ) ) ;
#2567 = DIRECTION ( 'NONE',  ( 0.0000000000000000000, 0.9986295347545740600, -0.05233595624294150300 ) ) ;
#2568 = ORIENTED_EDGE ( 'NONE', *, *, #2269, .T. ) ;
#2569 = EDGE_CURVE ( 'NONE', #2731, #993, #133, .T. ) ;
#2570 = CARTESIAN_POINT ( 'NONE',  ( 4.994378986263042100, 2.733490292246873100, -5.400000000000002100 ) ) ;
#2571 = DIRECTION ( 'NONE',  ( 0.0000000000000000000, 0.0000000000000000000, 1.000000000000000000 ) ) ;
#2572 = ORIENTED_EDGE ( 'NONE', *, *, #3438, .F. ) ;
#2573 = ORIENTED_EDGE ( 'NONE', *, *, #2673, .F. ) ;
#2574 = DIRECTION ( 'NONE',  ( 0.0000000000000000000, -0.9986295347545737200, -0.05233595624294753300 ) ) ;
#2575 = ORIENTED_EDGE ( 'NONE', *, *, #920, .F. ) ;
#2576 = VERTEX_POINT ( 'NONE', #3158 ) ;
#2577 = ORIENTED_EDGE ( 'NONE', *, *, #2023, .T. ) ;
#2578 = CARTESIAN_POINT ( 'NONE',  ( 2.850000000000000100, 1.300000000000000300, -1.200000000000000000 ) ) ;
#2579 = EDGE_CURVE ( 'NONE', #2135, #311, #1781, .T. ) ;
#2580 = CARTESIAN_POINT ( 'NONE',  ( -4.699999999999999300, -3.000000000000000000, -5.349999999999998800 ) ) ;
#2581 = ORIENTED_EDGE ( 'NONE', *, *, #3438, .T. ) ;
#2582 = CARTESIAN_POINT ( 'NONE',  ( -4.730000000000000400, 2.700000000000000200, -1.200000000000000000 ) ) ;
#2583 = CARTESIAN_POINT ( 'NONE',  ( 3.600000000000000500, 3.749850393436000100, -0.1497944302131999900 ) ) ;
#2584 = FACE_OUTER_BOUND ( 'NONE', #1532, .T. ) ;
#2585 = AXIS2_PLACEMENT_3D ( 'NONE', #1796, #2617, #931 ) ;
#2586 = CARTESIAN_POINT ( 'NONE',  ( 1.399999999999999900, 3.741999999999779300, -1.155692681260789800E-014 ) ) ;
#2587 = EDGE_LOOP ( 'NONE', ( #3489, #1766, #1441, #193 ) ) ;
#2588 = LINE ( 'NONE', #3188, #1935 ) ;
#2589 = AXIS2_PLACEMENT_3D ( 'NONE', #3442, #2050, #26 ) ;
#2590 = VECTOR ( 'NONE', #735, 1000.000000000000000 ) ;
#2591 = LINE ( 'NONE', #606, #327 ) ;
#2592 = FACE_OUTER_BOUND ( 'NONE', #1017, .T. ) ;
#2593 = EDGE_CURVE ( 'NONE', #3228, #763, #2414, .T. ) ;
#2594 = CARTESIAN_POINT ( 'NONE',  ( -3.600000000000000100, -3.750000000000000000, 2.835866307407397500E-015 ) ) ;
#2595 = DIRECTION ( 'NONE',  ( 0.7071067811865475700, 0.0000000000000000000, -0.7071067811865475700 ) ) ;
#2596 = LINE ( 'NONE', #2887, #2671 ) ;
#2597 = DIRECTION ( 'NONE',  ( 0.0000000000000000000, -0.0000000000000000000, 1.000000000000000000 ) ) ;
#2598 = DIRECTION ( 'NONE',  ( -0.0000000000000000000, 1.000000000000000000, 0.0000000000000000000 ) ) ;
#2599 = LINE ( 'NONE', #2717, #2044 ) ;
#2600 = VECTOR ( 'NONE', #170, 1000.000000000000000 ) ;
#2601 = DIRECTION ( 'NONE',  ( 0.0000000000000000000, 0.0000000000000000000, 1.000000000000000000 ) ) ;
#2602 = VECTOR ( 'NONE', #2266, 1000.000000000000000 ) ;
#2603 = CARTESIAN_POINT ( 'NONE',  ( -4.000000000000000000, -3.750000000000000000, 0.0000000000000000000 ) ) ;
#2604 = CARTESIAN_POINT ( 'NONE',  ( -5.000000000000000000, -2.700000000000001100, -5.349999999999998800 ) ) ;
#2605 = CARTESIAN_POINT ( 'NONE',  ( 4.912132034355965800, -2.700000000000000200, -5.562132034355965300 ) ) ;
#2606 = ORIENTED_EDGE ( 'NONE', *, *, #596, .F. ) ;
#2607 = DIRECTION ( 'NONE',  ( 1.000000000000000000, 0.0000000000000000000, 0.0000000000000000000 ) ) ;
#2608 = ORIENTED_EDGE ( 'NONE', *, *, #629, .T. ) ;
#2609 = PLANE ( 'NONE',  #3496 ) ;
#2610 = EDGE_LOOP ( 'NONE', ( #2179, #2065, #2530, #410 ) ) ;
#2611 = ORIENTED_EDGE ( 'NONE', *, *, #2748, .F. ) ;
#2612 = EDGE_CURVE ( 'NONE', #3488, #863, #921, .T. ) ;
#2613 = VERTEX_POINT ( 'NONE', #2329 ) ;
#2614 = ORIENTED_EDGE ( 'NONE', *, *, #2721, .F. ) ;
#2615 = EDGE_LOOP ( 'NONE', ( #3485, #790, #2095, #3675, #517, #256, #2103 ) ) ;
#2616 = ORIENTED_EDGE ( 'NONE', *, *, #1842, .F. ) ;
#2617 = DIRECTION ( 'NONE',  ( 0.0000000000000000000, 1.000000000000000000, 0.0000000000000000000 ) ) ;
#2618 = CARTESIAN_POINT ( 'NONE',  ( 5.036492374042709700, -2.876705599558068400, -5.259887319042351600 ) ) ;
#2619 = CARTESIAN_POINT ( 'NONE',  ( -0.4000000000000000200, 2.689999999999999900, -0.2053388357055000400 ) ) ;
#2620 = VERTEX_POINT ( 'NONE', #2880 ) ;
#2621 = CARTESIAN_POINT ( 'NONE',  ( -3.600000000000000500, 0.0000000000000000000, -1.000000000000000000 ) ) ;
#2622 = LINE ( 'NONE', #3352, #370 ) ;
#2623 = FACE_OUTER_BOUND ( 'NONE', #1839, .T. ) ;
#2624 = PLANE ( 'NONE',  #355 ) ;
#2625 = DIRECTION ( 'NONE',  ( -1.000000000000000000, -0.0000000000000000000, 0.0000000000000000000 ) ) ;
#2626 = STYLED_ITEM ( 'NONE', ( #776 ), #1812 ) ;
#2627 = CARTESIAN_POINT ( 'NONE',  ( 0.0000000000000000000, 2.689999999999999900, -1.200000000000000000 ) ) ;
#2628 = CARTESIAN_POINT ( 'NONE',  ( 4.700000000000000200, -2.700000000000000200, -1.000000000000000000 ) ) ;
#2629 = EDGE_CURVE ( 'NONE', #1871, #1294, #51, .T. ) ;
#2630 = VECTOR ( 'NONE', #1095, 1000.000000000000000 ) ;
#2631 = FACE_OUTER_BOUND ( 'NONE', #3525, .T. ) ;
#2632 = EDGE_CURVE ( 'NONE', #2064, #3572, #827, .T. ) ;
#2633 = LINE ( 'NONE', #296, #377 ) ;
#2634 = CARTESIAN_POINT ( 'NONE',  ( -2.850000000000000100, -1.300000000000000300, -1.040000000000000000 ) ) ;
#2635 = DIRECTION ( 'NONE',  ( 1.000000000000000000, 0.0000000000000000000, -0.0000000000000000000 ) ) ;
#2636 = VECTOR ( 'NONE', #1369, 1000.000000000000000 ) ;
#2637 = VECTOR ( 'NONE', #1500, 1000.000000000000100 ) ;
#2638 = EDGE_CURVE ( 'NONE', #480, #2312, #1507, .T. ) ;
#2639 = ORIENTED_EDGE ( 'NONE', *, *, #2740, .T. ) ;
#2640 = AXIS2_PLACEMENT_3D ( 'NONE', #1943, #2222, #500 ) ;
#2641 = ORIENTED_EDGE ( 'NONE', *, *, #1286, .T. ) ;
#2642 = DIRECTION ( 'NONE',  ( 1.000000000000000000, 0.0000000000000000000, -0.0000000000000000000 ) ) ;
#2643 = ORIENTED_EDGE ( 'NONE', *, *, #2690, .F. ) ;
#2644 = AXIS2_PLACEMENT_3D ( 'NONE', #1609, #2635, #2180 ) ;
#2645 = ORIENTED_EDGE ( 'NONE', *, *, #2917, .F. ) ;
#2646 = DIRECTION ( 'NONE',  ( 1.000000000000000000, 0.0000000000000000000, 0.0000000000000000000 ) ) ;
#2647 = VERTEX_POINT ( 'NONE', #2062 ) ;
#2648 = CARTESIAN_POINT ( 'NONE',  ( 4.000000000000000000, 0.0000000000000000000, -1.200000000000000000 ) ) ;
#2649 = DIRECTION ( 'NONE',  ( -0.0000000000000000000, 0.0000000000000000000, 1.000000000000000000 ) ) ;
#2650 = VERTEX_POINT ( 'NONE', #627 ) ;
#2651 = ORIENTED_EDGE ( 'NONE', *, *, #1066, .T. ) ;
#2652 = ORIENTED_EDGE ( 'NONE', *, *, #820, .T. ) ;
#2653 = ADVANCED_FACE ( 'NONE', ( #3636 ), #1496, .T. ) ;
#2654 = EDGE_CURVE ( 'NONE', #1976, #1585, #3545, .T. ) ;
#2655 = EDGE_LOOP ( 'NONE', ( #976, #3557, #3621, #3662 ) ) ;
#2656 = ORIENTED_EDGE ( 'NONE', *, *, #1323, .F. ) ;
#2657 = EDGE_CURVE ( 'NONE', #1115, #2650, #2896, .T. ) ;
#2658 = DIRECTION ( 'NONE',  ( 0.0000000000000000000, 0.0000000000000000000, 1.000000000000000000 ) ) ;
#2659 = VERTEX_POINT ( 'NONE', #57 ) ;
#2660 = CARTESIAN_POINT ( 'NONE',  ( -2.850000000000000100, 2.012871870788999700, -1.040000000000000900 ) ) ;
#2661 = FACE_OUTER_BOUND ( 'NONE', #3239, .T. ) ;
#2662 = CARTESIAN_POINT ( 'NONE',  ( -4.485878119317072300, 2.875728126347302000, -5.560123345235142600 ) ) ;
#2663 = EDGE_LOOP ( 'NONE', ( #1868, #3665, #1340, #608, #2014, #2577, #2523 ) ) ;
#2664 = VECTOR ( 'NONE', #613, 1000.000000000000100 ) ;
#2665 = VECTOR ( 'NONE', #3268, 1000.000000000000000 ) ;
#2666 = VECTOR ( 'NONE', #1475, 1000.000000000000000 ) ;
#2667 = FACE_OUTER_BOUND ( 'NONE', #3227, .T. ) ;
#2668 = CARTESIAN_POINT ( 'NONE',  ( 4.469999999999876300, 2.290000000000000000, -1.200000000000214700 ) ) ;
#2669 = ADVANCED_FACE ( 'NONE', ( #636 ), #638, .T. ) ;
#2670 = DIRECTION ( 'NONE',  ( -1.000000000000000000, 0.0000000000000000000, 0.0000000000000000000 ) ) ;
#2671 = VECTOR ( 'NONE', #1209, 1000.000000000000000 ) ;
#2672 = CARTESIAN_POINT ( 'NONE',  ( -4.469999999999999800, -1.300000000000000300, -1.040000000000000000 ) ) ;
#2673 = EDGE_CURVE ( 'NONE', #1070, #1871, #3469, .T. ) ;
#2674 = CARTESIAN_POINT ( 'NONE',  ( -4.912132034355964900, 2.699999999999999700, -5.562132034355965300 ) ) ;
#2675 = VECTOR ( 'NONE', #2704, 1000.000000000000000 ) ;
#2676 = CYLINDRICAL_SURFACE ( 'NONE', #559, 0.2999999999999999300 ) ;
#2677 = EDGE_CURVE ( 'NONE', #3572, #1288, #2808, .T. ) ;
#2678 = LINE ( 'NONE', #3637, #2602 ) ;
#2679 = MANIFOLD_SOLID_BREP ( 'Imported1', #1111 ) ;
#2680 = DIRECTION ( 'NONE',  ( -0.0000000000000000000, -0.0000000000000000000, 1.000000000000000000 ) ) ;
#2681 = CARTESIAN_POINT ( 'NONE',  ( 5.000000000000000000, -3.000000000000000000, -1.000000000000000000 ) ) ;
#2682 = ORIENTED_EDGE ( 'NONE', *, *, #1650, .F. ) ;
#2683 = ADVANCED_FACE ( 'NONE', ( #1990 ), #3471, .T. ) ;
#2684 = VERTEX_POINT ( 'NONE', #376 ) ;
#2685 = AXIS2_PLACEMENT_3D ( 'NONE', #216, #3614, #1955 ) ;
#2686 = ORIENTED_EDGE ( 'NONE', *, *, #1452, .F. ) ;
#2687 = ORIENTED_EDGE ( 'NONE', *, *, #2466, .T. ) ;
#2688 = EDGE_LOOP ( 'NONE', ( #2058, #2489, #3010, #2954 ) ) ;
#2689 = ORIENTED_EDGE ( 'NONE', *, *, #1688, .F. ) ;
#2690 = EDGE_CURVE ( 'NONE', #2650, #2994, #1731, .T. ) ;
#2691 = CARTESIAN_POINT ( 'NONE',  ( -4.699999999999997500, -2.910123345235142700, -5.135878119317072600 ) ) ;
#2692 = ORIENTED_EDGE ( 'NONE', *, *, #2905, .T. ) ;
#2693 = ORIENTED_EDGE ( 'NONE', *, *, #3102, .F. ) ;
#2694 = CARTESIAN_POINT ( 'NONE',  ( -4.700000000000000200, -2.912132034355965800, -5.562132034355966100 ) ) ;
#2695 = ORIENTED_EDGE ( 'NONE', *, *, #2850, .T. ) ;
#2696 = CARTESIAN_POINT ( 'NONE',  ( 4.699999999999999300, 3.000000000000000000, -5.349999999999998800 ) ) ;
#2697 = EDGE_CURVE ( 'NONE', #2007, #312, #957, .T. ) ;
#2698 = VERTEX_POINT ( 'NONE', #1542 ) ;
#2699 = ADVANCED_FACE ( 'NONE', ( #174 ), #1825, .T. ) ;
#2700 = DIRECTION ( 'NONE',  ( -1.000000000000000000, -0.0000000000000000000, 0.0000000000000000000 ) ) ;
#2701 = VECTOR ( 'NONE', #1956, 1000.000000000000000 ) ;
#2702 = CARTESIAN_POINT ( 'NONE',  ( -5.000000000000000000, -3.000000000000000000, -1.000000000000000000 ) ) ;
#2703 = VECTOR ( 'NONE', #2714, 1000.000000000000000 ) ;
#2704 = DIRECTION ( 'NONE',  ( -1.000000000000000000, -0.0000000000000000000, -0.0000000000000000000 ) ) ;
#2705 = CARTESIAN_POINT ( 'NONE',  ( 4.700000000000000200, -3.000000000000000000, -1.000000000000000000 ) ) ;
#2706 = FACE_OUTER_BOUND ( 'NONE', #3191, .T. ) ;
#2707 = EDGE_CURVE ( 'NONE', #1086, #212, #875, .T. ) ;
#2708 = CARTESIAN_POINT ( 'NONE',  ( -0.8000000000000000400, -3.742000000000000000, 0.0000000000000000000 ) ) ;
#2709 = AXIS2_PLACEMENT_3D ( 'NONE', #2088, #2369, #658 ) ;
#2710 = CIRCLE ( 'NONE', #1389, 0.5500000000000001600 ) ;
#2711 = AXIS2_PLACEMENT_3D ( 'NONE', #282, #501, #1376 ) ;
#2712 = VECTOR ( 'NONE', #1689, 1000.000000000000000 ) ;
#2713 = CARTESIAN_POINT ( 'NONE',  ( -4.700000000000000200, 3.000000000000000000, -1.000000000000000000 ) ) ;
#2714 = DIRECTION ( 'NONE',  ( 0.0000000000000000000, -0.9986295347545737200, 0.05233595624294753300 ) ) ;
#2715 = DIRECTION ( 'NONE',  ( 0.0000000000000000000, -0.8660254037844289400, 0.5000000000000167600 ) ) ;
#2716 = CARTESIAN_POINT ( 'NONE',  ( 1.800000000000000300, 2.689999999999999900, -1.200000000000000000 ) ) ;
#2717 = CARTESIAN_POINT ( 'NONE',  ( -2.850000000000000100, 0.0000000000000000000, -1.200000000000000000 ) ) ;
#2718 = CARTESIAN_POINT ( 'NONE',  ( 3.600000000000000500, -3.749850393436000100, -0.1497944302131999900 ) ) ;
#2719 = FACE_OUTER_BOUND ( 'NONE', #3145, .T. ) ;
#2720 = VECTOR ( 'NONE', #3439, 1000.000000000000100 ) ;
#2721 = EDGE_CURVE ( 'NONE', #3060, #3488, #2373, .T. ) ;
#2722 = CARTESIAN_POINT ( 'NONE',  ( 3.600000000000000500, -3.742000000000000000, 0.0000000000000000000 ) ) ;
#2723 = ADVANCED_FACE ( 'NONE', ( #1548, #2706 ), #101, .T. ) ;
#2724 = LINE ( 'NONE', #1670, #2636 ) ;
#2725 = LINE ( 'NONE', #3005, #2003 ) ;
#2726 = ORIENTED_EDGE ( 'NONE', *, *, #543, .F. ) ;
#2727 = CARTESIAN_POINT ( 'NONE',  ( 4.954542257835797200, 2.938252169784061300, -5.377382458998747300 ) ) ;
#2728 = CARTESIAN_POINT ( 'NONE',  ( 3.600000000000000500, 2.689999999999999900, -1.000000000000000000 ) ) ;
#2729 = CARTESIAN_POINT ( 'NONE',  ( -4.948139574263674200, 3.001655327279212100, -5.348240118821386200 ) ) ;
#2730 = ORIENTED_EDGE ( 'NONE', *, *, #2066, .F. ) ;
#2731 = VERTEX_POINT ( 'NONE', #2660 ) ;
#2732 = VERTEX_POINT ( 'NONE', #983 ) ;
#2733 = DIRECTION ( 'NONE',  ( 0.0000000000000000000, -0.8660254037844289400, -0.5000000000000167600 ) ) ;
#2734 = DIRECTION ( 'NONE',  ( 0.0000000000000000000, 0.9986295347545740600, 0.05233595624294150300 ) ) ;
#2735 = ORIENTED_EDGE ( 'NONE', *, *, #3599, .T. ) ;
#2736 = ORIENTED_EDGE ( 'NONE', *, *, #1047, .T. ) ;
#2737 = VERTEX_POINT ( 'NONE', #686 ) ;
#2738 = ORIENTED_EDGE ( 'NONE', *, *, #2579, .T. ) ;
#2739 = ADVANCED_FACE ( 'NONE', ( #2293 ), #1267, .T. ) ;
#2740 = EDGE_CURVE ( 'NONE', #525, #187, #2935, .T. ) ;
#2741 = ORIENTED_EDGE ( 'NONE', *, *, #2276, .F. ) ;
#2742 = DIRECTION ( 'NONE',  ( 0.0000000000000000000, 0.0000000000000000000, -1.000000000000000000 ) ) ;
#2743 = DIRECTION ( 'NONE',  ( -0.0000000000000000000, -0.0000000000000000000, -1.000000000000000000 ) ) ;
#2744 = CARTESIAN_POINT ( 'NONE',  ( -4.912132034355965800, 2.700000000000000200, -5.562132034355965300 ) ) ;
#2745 = DIRECTION ( 'NONE',  ( 1.000000000000000000, 0.0000000000000000000, -0.0000000000000000000 ) ) ;
#2746 = CARTESIAN_POINT ( 'NONE',  ( -2.850000000000000100, 2.290000000000000000, -1.200000000000000000 ) ) ;
#2747 = ORIENTED_EDGE ( 'NONE', *, *, #619, .T. ) ;
#2748 = EDGE_CURVE ( 'NONE', #2189, #1390, #767, .T. ) ;
#2749 = FACE_OUTER_BOUND ( 'NONE', #1342, .T. ) ;
#2750 = VERTEX_POINT ( 'NONE', #2402 ) ;
#2751 = FACE_OUTER_BOUND ( 'NONE', #2964, .T. ) ;
#2752 = VECTOR ( 'NONE', #2980, 1000.000000000000000 ) ;
#2753 = FACE_BOUND ( 'NONE', #2688, .T. ) ;
#2754 = LINE ( 'NONE', #1557, #3591 ) ;
#2755 = DIRECTION ( 'NONE',  ( 0.0000000000000000000, 1.000000000000000000, -0.0000000000000000000 ) ) ;
#2756 = CARTESIAN_POINT ( 'NONE',  ( -5.000000000000000000, 2.700000000000000200, -1.000000000000000000 ) ) ;
#2757 = DIRECTION ( 'NONE',  ( 0.0000000000000000000, -0.05233595624000416500, 0.9986295347547279300 ) ) ;
#2758 = EDGE_CURVE ( 'NONE', #797, #1083, #86, .T. ) ;
#2759 = VECTOR ( 'NONE', #2625, 1000.000000000000000 ) ;
#2760 = ADVANCED_FACE ( 'NONE', ( #3586 ), #2958, .T. ) ;
#2761 = SHAPE_DEFINITION_REPRESENTATION ( #1547, #1812 ) ;
#2762 = ORIENTED_EDGE ( 'NONE', *, *, #2821, .F. ) ;
#2763 = CARTESIAN_POINT ( 'NONE',  ( 0.0000000000000000000, 2.700000000000000200, -5.650000000000000400 ) ) ;
#2764 = FACE_OUTER_BOUND ( 'NONE', #2178, .T. ) ;
#2765 = CIRCLE ( 'NONE', #3478, 0.02999999999999964500 ) ;
#2766 = AXIS2_PLACEMENT_3D ( 'NONE', #1466, #3141, #1172 ) ;
#2767 = VECTOR ( 'NONE', #1100, 1000.000000000000000 ) ;
#2768 = PRODUCT_CONTEXT ( 'NONE', #1359, 'mechanical' ) ;
#2769 = CARTESIAN_POINT ( 'NONE',  ( -0.8000000000000000400, -2.689999999999999900, -1.200000000000000000 ) ) ;
#2770 = CARTESIAN_POINT ( 'NONE',  ( -4.700000000000000200, 2.700000000000000200, -5.349999999999998800 ) ) ;
#2771 = CARTESIAN_POINT ( 'NONE',  ( -4.000000000000000000, 2.540000000000000000, -1.199999999999999700 ) ) ;
#2772 = EDGE_CURVE ( 'NONE', #2884, #3303, #2198, .T. ) ;
#2773 = CARTESIAN_POINT ( 'NONE',  ( -2.850000000000000100, -1.300000000000000300, -1.200000000000000000 ) ) ;
#2774 = CARTESIAN_POINT ( 'NONE',  ( 1.399999999999999900, -2.689999999999999900, -1.200000000000000000 ) ) ;
#2775 = CARTESIAN_POINT ( 'NONE',  ( 4.699999999999999300, -3.000000000000000000, -5.349999999999998800 ) ) ;
#2776 = ORIENTED_EDGE ( 'NONE', *, *, #2562, .F. ) ;
#2777 = ORIENTED_EDGE ( 'NONE', *, *, #3399, .T. ) ;
#2778 = CARTESIAN_POINT ( 'NONE',  ( 18.03600000000000500, -3.000000000000000000, -5.349999999999999600 ) ) ;
#2779 = ORIENTED_EDGE ( 'NONE', *, *, #782, .F. ) ;
#2780 = ADVANCED_FACE ( 'NONE', ( #589 ), #3246, .T. ) ;
#2781 = ORIENTED_EDGE ( 'NONE', *, *, #415, .F. ) ;
#2782 = ORIENTED_EDGE ( 'NONE', *, *, #1410, .T. ) ;
#2783 = CARTESIAN_POINT ( 'NONE',  ( 2.850000000000000100, 0.0000000000000000000, -1.200000000000000000 ) ) ;
#2784 = DIRECTION ( 'NONE',  ( 1.000000000000000000, 0.0000000000000000000, -0.0000000000000000000 ) ) ;
#2785 = ORIENTED_EDGE ( 'NONE', *, *, #1007, .F. ) ;
#2786 = PLANE ( 'NONE',  #1000 ) ;
#2787 = CARTESIAN_POINT ( 'NONE',  ( 1.399999999999999900, -3.749850393436000100, -0.1497944302131999900 ) ) ;
#2788 = ORIENTED_EDGE ( 'NONE', *, *, #3593, .T. ) ;
#2789 = ORIENTED_EDGE ( 'NONE', *, *, #3331, .T. ) ;
#2790 = ORIENTED_EDGE ( 'NONE', *, *, #1247, .F. ) ;
#2791 = CARTESIAN_POINT ( 'NONE',  ( -4.331435935394000400, 0.0000000000000000000, -1.120000000000000100 ) ) ;
#2792 = AXIS2_PLACEMENT_3D ( 'NONE', #1154, #3349, #3622 ) ;
#2793 = ORIENTED_EDGE ( 'NONE', *, *, #677, .T. ) ;
#2794 = DIRECTION ( 'NONE',  ( 1.000000000000000000, 0.0000000000000000000, -0.0000000000000000000 ) ) ;
#2795 = ORIENTED_EDGE ( 'NONE', *, *, #2246, .T. ) ;
#2796 = EDGE_CURVE ( 'NONE', #1658, #3610, #676, .T. ) ;
#2797 = DIRECTION ( 'NONE',  ( 1.000000000000000000, 0.0000000000000000000, 0.0000000000000000000 ) ) ;
#2798 = CARTESIAN_POINT ( 'NONE',  ( 1.399999999999999900, 3.742000000000000000, 0.0000000000000000000 ) ) ;
#2799 = CARTESIAN_POINT ( 'NONE',  ( 4.999318000333709700, 2.699844180100918300, -5.383686373733559600 ) ) ;
#2800 =( BOUNDED_SURFACE ( )  B_SPLINE_SURFACE ( 3, 3, ( 
 ( #3074, #1397, #1691, #3626 ),
 ( #1972, #248, #2249, #530 ),
 ( #2519, #833, #2799, #1117 ),
 ( #3089, #1411, #3369, #1702 ) ),
 .UNSPECIFIED., .F., .F., .F. ) 
 B_SPLINE_SURFACE_WITH_KNOTS ( ( 4, 4 ),
 ( 4, 4 ),
 ( 0.0000000000000000000, 1.000000000000000000 ),
 ( 0.0000000000000000000, 1.000000000000000000 ),
 .UNSPECIFIED. ) 
 GEOMETRIC_REPRESENTATION_ITEM ( )  RATIONAL_B_SPLINE_SURFACE ( (
 ( 1.000000000000000000, 0.9988069013931314400, 0.9988069013931314400, 1.000000000000000000),
 ( 0.9951739244280212200, 0.9939865838051942200, 0.9939865838051942200, 0.9951739244280212200),
 ( 0.9951739244280212200, 0.9939865838051942200, 0.9939865838051942200, 0.9951739244280212200),
 ( 1.000000000000000000, 0.9988069013931314400, 0.9988069013931314400, 1.000000000000000000) ) ) 
 REPRESENTATION_ITEM ( '' )  SURFACE ( )  );
#2801 = ORIENTED_EDGE ( 'NONE', *, *, #1667, .F. ) ;
#2802 = CARTESIAN_POINT ( 'NONE',  ( -5.000000000000000000, -2.700000000000000200, -1.000000000000000000 ) ) ;
#2803 = PLANE ( 'NONE',  #1586 ) ;
#2804 = VECTOR ( 'NONE', #785, 1000.000000000000000 ) ;
#2805 = LINE ( 'NONE', #3486, #2075 ) ;
#2806 = ADVANCED_FACE ( 'NONE', ( #3505 ), #1864, .T. ) ;
#2807 = CARTESIAN_POINT ( 'NONE',  ( -3.600000000000000500, 2.689999999999999900, -0.2057580979397000700 ) ) ;
#2808 = CIRCLE ( 'NONE', #77, 0.02999999999999964500 ) ;
#2809 = DIRECTION ( 'NONE',  ( -0.0000000000000000000, 1.000000000000000000, 0.0000000000000000000 ) ) ;
#2810 = FACE_OUTER_BOUND ( 'NONE', #2093, .T. ) ;
#2811 = DIRECTION ( 'NONE',  ( 0.0000000000000000000, 1.000000000000000000, -0.0000000000000000000 ) ) ;
#2812 = VECTOR ( 'NONE', #1413, 1000.000000000000000 ) ;
#2813 = DIRECTION ( 'NONE',  ( 0.0000000000000000000, -0.0000000000000000000, -1.000000000000000000 ) ) ;
#2814 = AXIS2_PLACEMENT_3D ( 'NONE', #169, #3561, #1621 ) ;
#2815 = DIRECTION ( 'NONE',  ( 0.0000000000000000000, -0.9986295347545737200, -0.05233595624294753300 ) ) ;
#2816 = FACE_OUTER_BOUND ( 'NONE', #380, .T. ) ;
#2817 = CARTESIAN_POINT ( 'NONE',  ( 1.399999999999999900, 3.742000000000000000, 0.0000000000000000000 ) ) ;
#2818 = PRESENTATION_LAYER_ASSIGNMENT (  '', '', ( #2626 ) ) ;
#2819 = CARTESIAN_POINT ( 'NONE',  ( -0.8000000000000000400, 3.741999999999779300, -1.155692681260789800E-014 ) ) ;
#2820 = LINE ( 'NONE', #240, #3481 ) ;
#2821 = EDGE_CURVE ( 'NONE', #2225, #2528, #490, .T. ) ;
#2822 = VECTOR ( 'NONE', #1837, 1000.000000000000100 ) ;
#2823 = DIRECTION ( 'NONE',  ( 0.0000000000000000000, 0.05233595624294862900, -0.9986295347545737200 ) ) ;
#2824 = CARTESIAN_POINT ( 'NONE',  ( 1.399999999999999900, 2.689999999999999900, -0.2053388357055000200 ) ) ;
#2825 = EDGE_CURVE ( 'NONE', #1086, #2732, #1264, .T. ) ;
#2826 = DIRECTION ( 'NONE',  ( 0.0000000000000000000, 0.9986295347545736100, -0.05233595624294862200 ) ) ;
#2827 = DIRECTION ( 'NONE',  ( -0.0000000000000000000, 0.0000000000000000000, -1.000000000000000000 ) ) ;
#2828 = EDGE_LOOP ( 'NONE', ( #1580, #2133, #2747, #3047 ) ) ;
#2829 = ORIENTED_EDGE ( 'NONE', *, *, #1317, .F. ) ;
#2830 = PLANE ( 'NONE',  #2117 ) ;
#2831 = DIRECTION ( 'NONE',  ( 0.0000000000000000000, -0.05233595624294862200, -0.9986295347545736100 ) ) ;
#2832 = ORIENTED_EDGE ( 'NONE', *, *, #462, .F. ) ;
#2833 = EDGE_LOOP ( 'NONE', ( #3308, #2070, #2689, #2013, #1934, #702 ) ) ;
#2834 = CARTESIAN_POINT ( 'NONE',  ( 3.600000000000000500, 2.689999999999999900, -1.200000000000000000 ) ) ;
#2835 = ORIENTED_EDGE ( 'NONE', *, *, #378, .F. ) ;
#2836 = VERTEX_POINT ( 'NONE', #1596 ) ;
#2837 = ORIENTED_EDGE ( 'NONE', *, *, #2394, .T. ) ;
#2838 = PLANE ( 'NONE',  #1122 ) ;
#2839 = ORIENTED_EDGE ( 'NONE', *, *, #717, .T. ) ;
#2840 = EDGE_CURVE ( 'NONE', #942, #1078, #2033, .T. ) ;
#2841 = DIRECTION ( 'NONE',  ( -0.0000000000000000000, -0.0000000000000000000, 1.000000000000000000 ) ) ;
#2842 = DIRECTION ( 'NONE',  ( 0.0000000000000000000, 0.0000000000000000000, 1.000000000000000000 ) ) ;
#2843 = CARTESIAN_POINT ( 'NONE',  ( 4.729999999999999500, -2.700000000000000200, -1.200000000000000000 ) ) ;
#2844 = ORIENTED_EDGE ( 'NONE', *, *, #2772, .F. ) ;
#2845 = CARTESIAN_POINT ( 'NONE',  ( -4.000000000000000000, -3.757850393436000100, -0.1497944302131999900 ) ) ;
#2846 = VERTEX_POINT ( 'NONE', #1298 ) ;
#2847 = CIRCLE ( 'NONE', #2041, 0.2999999999999999300 ) ;
#2848 =( BOUNDED_SURFACE ( )  B_SPLINE_SURFACE ( 3, 3, ( 
 ( #147, #1299, #2694, #724 ),
 ( #2424, #421, #2145, #136 ),
 ( #1867, #3533, #1589, #3257 ),
 ( #1287, #115, #2971, #1005 ) ),
 .UNSPECIFIED., .F., .F., .F. ) 
 B_SPLINE_SURFACE_WITH_KNOTS ( ( 4, 4 ),
 ( 4, 4 ),
 ( 0.0000000000000000000, 1.000000000000000000 ),
 ( 0.0000000000000000000, 1.000000000000000000 ),
 .UNSPECIFIED. ) 
 GEOMETRIC_REPRESENTATION_ITEM ( )  RATIONAL_B_SPLINE_SURFACE ( (
 ( 1.000000000000000000, 0.8047378541243629400, 0.8047378541243629400, 1.000000000000000000),
 ( 0.8025111867385941200, 0.6458111303268121400, 0.6458111303268121400, 0.8025111867385941200),
 ( 0.8025111867385941200, 0.6458111303268121400, 0.6458111303268121400, 0.8025111867385941200),
 ( 1.000000000000000000, 0.8047378541243629400, 0.8047378541243629400, 1.000000000000000000) ) ) 
 REPRESENTATION_ITEM ( '' )  SURFACE ( )  );
#2849 = ORIENTED_EDGE ( 'NONE', *, *, #1270, .T. ) ;
#2850 = EDGE_CURVE ( 'NONE', #2933, #2870, #3330, .T. ) ;
#2851 = VECTOR ( 'NONE', #1278, 1000.000000000000000 ) ;
#2852 = CARTESIAN_POINT ( 'NONE',  ( -4.699999999999999300, -2.912132034355964500, -5.562132034355964400 ) ) ;
#2853 = LINE ( 'NONE', #3128, #590 ) ;
#2854 = CARTESIAN_POINT ( 'NONE',  ( 4.700000000000000200, 2.700000000000000200, -1.200000000000000000 ) ) ;
#2855 = DIRECTION ( 'NONE',  ( -0.0000000000000000000, 0.0000000000000000000, -1.000000000000000000 ) ) ;
#2856 = VECTOR ( 'NONE', #3522, 1000.000000000000000 ) ;
#2857 = CARTESIAN_POINT ( 'NONE',  ( 4.995803989154982400, 2.700000000000007300, -5.399999999999997700 ) ) ;
#2858 = EDGE_CURVE ( 'NONE', #940, #2143, #1936, .T. ) ;
#2859 = LINE ( 'NONE', #2311, #2116 ) ;
#2860 = FACE_OUTER_BOUND ( 'NONE', #1175, .T. ) ;
#2861 = FACE_OUTER_BOUND ( 'NONE', #214, .T. ) ;
#2862 = DIRECTION ( 'NONE',  ( -0.0000000000000000000, -1.000000000000000000, 0.0000000000000000000 ) ) ;
#2863 = FACE_OUTER_BOUND ( 'NONE', #752, .T. ) ;
#2864 = CARTESIAN_POINT ( 'NONE',  ( 4.000000000000000000, -2.540000000000000000, -1.200000000000000000 ) ) ;
#2865 = AXIS2_PLACEMENT_3D ( 'NONE', #3048, #1947, #3333 ) ;
#2866 = DIRECTION ( 'NONE',  ( -0.0000000000000000000, 0.0000000000000000000, -1.000000000000000000 ) ) ;
#2867 = ORIENTED_EDGE ( 'NONE', *, *, #3038, .T. ) ;
#2868 = EDGE_CURVE ( 'NONE', #897, #525, #403, .T. ) ;
#2869 = FACE_OUTER_BOUND ( 'NONE', #3520, .T. ) ;
#2870 = VERTEX_POINT ( 'NONE', #1025 ) ;
#2871 = VERTEX_POINT ( 'NONE', #1611 ) ;
#2872 = CARTESIAN_POINT ( 'NONE',  ( 1.800000000000000300, 0.0000000000000000000, -1.200000000000000000 ) ) ;
#2873 = DIRECTION ( 'NONE',  ( 1.000000000000000000, 0.0000000000000000000, -0.0000000000000000000 ) ) ;
#2874 = ORIENTED_EDGE ( 'NONE', *, *, #1553, .F. ) ;
#2875 = EDGE_CURVE ( 'NONE', #499, #979, #2497, .T. ) ;
#2876 = DIRECTION ( 'NONE',  ( 0.0000000000000000000, -0.8660254037844498100, -0.4999999999999806300 ) ) ;
#2877 = ORIENTED_EDGE ( 'NONE', *, *, #2340, .F. ) ;
#2878 = ORIENTED_EDGE ( 'NONE', *, *, #3385, .F. ) ;
#2879 = DIRECTION ( 'NONE',  ( 1.000000000000000000, 0.0000000000000000000, -0.0000000000000000000 ) ) ;
#2880 = CARTESIAN_POINT ( 'NONE',  ( 3.600000000000000500, -2.689999999999999900, -1.200000000000000000 ) ) ;
#2881 = EDGE_LOOP ( 'NONE', ( #2832, #2829, #2844, #2018, #118, #2280, #3235 ) ) ;
#2882 = ORIENTED_EDGE ( 'NONE', *, *, #2868, .T. ) ;
#2883 = ORIENTED_EDGE ( 'NONE', *, *, #2948, .F. ) ;
#2884 = VERTEX_POINT ( 'NONE', #1891 ) ;
#2885 = ORIENTED_EDGE ( 'NONE', *, *, #3181, .F. ) ;
#2886 = CARTESIAN_POINT ( 'NONE',  ( 4.699999999999999300, -2.700000000000000600, -5.650000000000000400 ) ) ;
#2887 = CARTESIAN_POINT ( 'NONE',  ( -0.8000000000000000400, -2.540000000000000000, -0.06299415069821999400 ) ) ;
#2888 = DIRECTION ( 'NONE',  ( -1.000000000000000000, -0.0000000000000000000, 0.0000000000000000000 ) ) ;
#2889 = AXIS2_PLACEMENT_3D ( 'NONE', #2325, #25, #581 ) ;
#2890 = ORIENTED_EDGE ( 'NONE', *, *, #476, .T. ) ;
#2891 = CARTESIAN_POINT ( 'NONE',  ( 3.600000000000000500, 3.742000000000000000, 0.0000000000000000000 ) ) ;
#2892 = EDGE_CURVE ( 'NONE', #982, #3610, #3243, .T. ) ;
#2893 = LINE ( 'NONE', #1927, #1405 ) ;
#2894 = LINE ( 'NONE', #3205, #3632 ) ;
#2895 = VECTOR ( 'NONE', #656, 1000.000000000000000 ) ;
#2896 = LINE ( 'NONE', #3461, #2076 ) ;
#2897 = EDGE_CURVE ( 'NONE', #1713, #751, #998, .T. ) ;
#2898 = LINE ( 'NONE', #2278, #1509 ) ;
#2899 = CARTESIAN_POINT ( 'NONE',  ( 4.823189846542530500, -3.001655327279212100, -5.473189846542531700 ) ) ;
#2900 = DIRECTION ( 'NONE',  ( 0.0000000000000000000, 0.0000000000000000000, -1.000000000000000000 ) ) ;
#2901 = DIRECTION ( 'NONE',  ( -0.0000000000000000000, 0.0000000000000000000, 1.000000000000000000 ) ) ;
#2902 = DIRECTION ( 'NONE',  ( 0.0000000000000000000, 0.0000000000000000000, 1.000000000000000000 ) ) ;
#2903 = VECTOR ( 'NONE', #1296, 1000.000000000000000 ) ;
#2904 = LINE ( 'NONE', #1141, #643 ) ;
#2905 = EDGE_CURVE ( 'NONE', #475, #2136, #230, .T. ) ;
#2906 = VECTOR ( 'NONE', #3633, 1000.000000000000000 ) ;
#2907 = DIRECTION ( 'NONE',  ( -1.000000000000000000, -0.0000000000000000000, 0.0000000000000000000 ) ) ;
#2908 = CARTESIAN_POINT ( 'NONE',  ( 4.485878119317072300, -2.700000000000000600, -5.560123345235140800 ) ) ;
#2909 = VECTOR ( 'NONE', #2990, 1000.000000000000000 ) ;
#2910 = PLANE ( 'NONE',  #1073 ) ;
#2911 = AXIS2_PLACEMENT_3D ( 'NONE', #460, #483, #498 ) ;
#2912 = DIRECTION ( 'NONE',  ( -1.000000000000000000, 0.0000000000000000000, 0.0000000000000000000 ) ) ;
#2913 = DIRECTION ( 'NONE',  ( 1.000000000000000000, 0.0000000000000000000, 0.0000000000000000000 ) ) ;
#2914 = VERTEX_POINT ( 'NONE', #2168 ) ;
#2915 = VERTEX_POINT ( 'NONE', #3564 ) ;
#2916 = UNCERTAINTY_MEASURE_WITH_UNIT (LENGTH_MEASURE( 1.000000000000000100E-005 ), #1938, 'distance_accuracy_value', 'NONE');
#2917 = EDGE_CURVE ( 'NONE', #1115, #1718, #3070, .T. ) ;
#2918 = ORIENTED_EDGE ( 'NONE', *, *, #1317, .T. ) ;
#2919 = ORIENTED_EDGE ( 'NONE', *, *, #2748, .T. ) ;
#2920 = ORIENTED_EDGE ( 'NONE', *, *, #110, .T. ) ;
#2921 = ORIENTED_EDGE ( 'NONE', *, *, #258, .F. ) ;
#2922 = ORIENTED_EDGE ( 'NONE', *, *, #1922, .F. ) ;
#2923 = CARTESIAN_POINT ( 'NONE',  ( 4.573742182490724100, -2.999986676132685200, -5.472259282061489000 ) ) ;
#2924 = DIRECTION ( 'NONE',  ( 0.0000000000000000000, 0.0000000000000000000, 1.000000000000000000 ) ) ;
#2925 = ORIENTED_EDGE ( 'NONE', *, *, #3265, .T. ) ;
#2926 = CARTESIAN_POINT ( 'NONE',  ( 4.192871870788875000, 0.0000000000000000000, -1.040000000000218500 ) ) ;
#2927 = DIRECTION ( 'NONE',  ( -1.000000000000000000, 0.0000000000000000000, 0.0000000000000000000 ) ) ;
#2928 = ORIENTED_EDGE ( 'NONE', *, *, #963, .F. ) ;
#2929 = VECTOR ( 'NONE', #2323, 1000.000000000000000 ) ;
#2930 = AXIS2_PLACEMENT_3D ( 'NONE', #3316, #3178, #1041 ) ;
#2931 = CARTESIAN_POINT ( 'NONE',  ( 3.600000000000000500, 3.741999999999779300, -1.155692681260789800E-014 ) ) ;
#2932 = ADVANCED_FACE ( 'NONE', ( #1587 ), #823, .F. ) ;
#2933 = VERTEX_POINT ( 'NONE', #1336 ) ;
#2934 = CIRCLE ( 'NONE', #2188, 0.02999999999999964500 ) ;
#2935 = LINE ( 'NONE', #2122, #3680 ) ;
#2936 = CARTESIAN_POINT ( 'NONE',  ( 2.850000000000000100, 1.300000000000000300, -1.200000000000000000 ) ) ;
#2937 = LINE ( 'NONE', #2582, #491 ) ;
#2938 = EDGE_CURVE ( 'NONE', #1404, #2836, #130, .T. ) ;
#2939 = DIRECTION ( 'NONE',  ( -0.0000000000000000000, 0.0000000000000000000, -1.000000000000000000 ) ) ;
#2940 = LINE ( 'NONE', #1598, #2376 ) ;
#2941 = FACE_OUTER_BOUND ( 'NONE', #3187, .T. ) ;
#2942 = EDGE_CURVE ( 'NONE', #2576, #311, #918, .T. ) ;
#2943 = VECTOR ( 'NONE', #831, 1000.000000000000000 ) ;
#2944 = LINE ( 'NONE', #269, #3133 ) ;
#2945 = VECTOR ( 'NONE', #3650, 1000.000000000000000 ) ;
#2946 = CARTESIAN_POINT ( 'NONE',  ( -4.698000732276106800, 2.999986676132685200, -5.348000732276106300 ) ) ;
#2947 = ADVANCED_FACE ( 'NONE', ( #1501, #1088 ), #771, .T. ) ;
#2948 = EDGE_CURVE ( 'NONE', #3144, #217, #3630, .T. ) ;
#2949 = ORIENTED_EDGE ( 'NONE', *, *, #2897, .T. ) ;
#2950 = VECTOR ( 'NONE', #2111, 1000.000000000000000 ) ;
#2951 = AXIS2_PLACEMENT_3D ( 'NONE', #3036, #1353, #3313 ) ;
#2952 = ORIENTED_EDGE ( 'NONE', *, *, #2351, .T. ) ;
#2953 = CARTESIAN_POINT ( 'NONE',  ( -2.850000000000000100, 1.300000000000000300, -1.200000000000000000 ) ) ;
#2954 = ORIENTED_EDGE ( 'NONE', *, *, #951, .T. ) ;
#2955 = AXIS2_PLACEMENT_3D ( 'NONE', #2583, #598, #2309 ) ;
#2956 = DIRECTION ( 'NONE',  ( 0.0000000000000000000, -0.9986295347545739400, -0.05233595624294396600 ) ) ;
#2957 = EDGE_LOOP ( 'NONE', ( #417, #1379, #2331, #1578 ) ) ;
#2958 = PLANE ( 'NONE',  #556 ) ;
#2959 = CARTESIAN_POINT ( 'NONE',  ( -4.912132034355964900, 2.699999999999999700, -5.562132034355965300 ) ) ;
#2960 = VERTEX_POINT ( 'NONE', #2465 ) ;
#2961 = VERTEX_POINT ( 'NONE', #3033 ) ;
#2962 = ORIENTED_EDGE ( 'NONE', *, *, #2579, .F. ) ;
#2963 = EDGE_CURVE ( 'NONE', #146, #2398, #2893, .T. ) ;
#2964 = EDGE_LOOP ( 'NONE', ( #1334, #3526, #3007, #3315, #1961 ) ) ;
#2965 = EDGE_LOOP ( 'NONE', ( #653, #3322, #266, #3271 ) ) ;
#2966 = EDGE_LOOP ( 'NONE', ( #34, #1023, #3615, #986 ) ) ;
#2967 = ADVANCED_FACE ( 'NONE', ( #719 ), #2207, .F. ) ;
#2968 = CARTESIAN_POINT ( 'NONE',  ( -4.700000000000000200, 0.0000000000000000000, -5.650000000000000400 ) ) ;
#2969 = VERTEX_POINT ( 'NONE', #199 ) ;
#2970 = DIRECTION ( 'NONE',  ( 0.0000000000000000000, 0.0000000000000000000, -1.000000000000000000 ) ) ;
#2971 = CARTESIAN_POINT ( 'NONE',  ( -4.875728126347302000, -2.485878119317074000, -5.560123345235143500 ) ) ;
#2972 = ORIENTED_EDGE ( 'NONE', *, *, #92, .T. ) ;
#2973 = VECTOR ( 'NONE', #3592, 1000.000000000000100 ) ;
#2974 = LINE ( 'NONE', #1525, #2244 ) ;
#2975 = LINE ( 'NONE', #2627, #2152 ) ;
#2976 = VECTOR ( 'NONE', #917, 1000.000000000000000 ) ;
#2977 = CARTESIAN_POINT ( 'NONE',  ( -5.001655327279213000, -2.948139574263677800, -5.348240118821386200 ) ) ;
#2978 = DIRECTION ( 'NONE',  ( 0.0000000000000000000, -0.05233595624000416500, -0.9986295347547279300 ) ) ;
#2979 = LINE ( 'NONE', #2006, #728 ) ;
#2980 = DIRECTION ( 'NONE',  ( -1.000000000000000000, -0.0000000000000000000, -0.0000000000000000000 ) ) ;
#2981 = EDGE_CURVE ( 'NONE', #259, #31, #2150, .T. ) ;
#2982 = CARTESIAN_POINT ( 'NONE',  ( 4.995803989154981500, 10.82160000000000000, -5.399999999999996800 ) ) ;
#2983 = LINE ( 'NONE', #1311, #3643 ) ;
#2984 = DIRECTION ( 'NONE',  ( 1.000000000000000000, 0.0000000000000000000, -0.0000000000000000000 ) ) ;
#2985 = ADVANCED_FACE ( 'NONE', ( #632 ), #3603, .T. ) ;
#2986 = VECTOR ( 'NONE', #3115, 1000.000000000000000 ) ;
#2987 = PLANE ( 'NONE',  #2814 ) ;
#2988 = LINE ( 'NONE', #1709, #738 ) ;
#2989 = CARTESIAN_POINT ( 'NONE',  ( 3.600000000000000500, -3.749850393436220800, -0.1497944302131884500 ) ) ;
#2990 = DIRECTION ( 'NONE',  ( 0.0000000000000000000, -1.000000000000000000, -0.0000000000000000000 ) ) ;
#2991 = DIRECTION ( 'NONE',  ( -0.0000000000000000000, 0.0000000000000000000, 1.000000000000000000 ) ) ;
#2992 = CARTESIAN_POINT ( 'NONE',  ( -4.000000000000000000, -2.540000000000000000, -0.06341341293248010900 ) ) ;
#2993 = DIRECTION ( 'NONE',  ( -0.0000000000000000000, 0.0000000000000000000, -1.000000000000000000 ) ) ;
#2994 = VERTEX_POINT ( 'NONE', #1364 ) ;
#2995 = AXIS2_PLACEMENT_3D ( 'NONE', #1002, #2680, #708 ) ;
#2996 = VERTEX_POINT ( 'NONE', #799 ) ;
#2997 = VERTEX_POINT ( 'NONE', #2771 ) ;
#2998 = ORIENTED_EDGE ( 'NONE', *, *, #2772, .T. ) ;
#2999 = MECHANICAL_DESIGN_GEOMETRIC_PRESENTATION_REPRESENTATION (  '', ( #2626 ), #3198 ) ;
#3000 = ORIENTED_EDGE ( 'NONE', *, *, #3463, .F. ) ;
#3001 = ADVANCED_FACE ( 'NONE', ( #1302 ), #2494, .T. ) ;
#3002 = CARTESIAN_POINT ( 'NONE',  ( -0.8000000000000000400, 2.540000000000000000, -0.06299415069821999400 ) ) ;
#3003 = FILL_AREA_STYLE_COLOUR ( '', #2301 ) ;
#3004 = EDGE_CURVE ( 'NONE', #1710, #212, #2243, .T. ) ;
#3005 = CARTESIAN_POINT ( 'NONE',  ( -0.8000000000000000400, -2.540000000000000000, -0.06299415069821999400 ) ) ;
#3006 = EDGE_LOOP ( 'NONE', ( #3459, #1571, #1124 ) ) ;
#3007 = ORIENTED_EDGE ( 'NONE', *, *, #3226, .T. ) ;
#3008 = CARTESIAN_POINT ( 'NONE',  ( 4.000000000000000000, 3.749850393436001500, -0.1497944302132282500 ) ) ;
#3009 = CARTESIAN_POINT ( 'NONE',  ( 1.399999999999999900, 3.749850393436000100, -0.1497944302131999900 ) ) ;
#3010 = ORIENTED_EDGE ( 'NONE', *, *, #2126, .T. ) ;
#3011 = PLANE ( 'NONE',  #3638 ) ;
#3012 = ORIENTED_EDGE ( 'NONE', *, *, #378, .T. ) ;
#3013 = EDGE_CURVE ( 'NONE', #3577, #356, #3464, .T. ) ;
#3014 = CARTESIAN_POINT ( 'NONE',  ( 4.699999999999998400, 2.982287392142863000, -5.207218813334472800 ) ) ;
#3015 = CIRCLE ( 'NONE', #1260, 0.02999999999999964500 ) ;
#3016 = CARTESIAN_POINT ( 'NONE',  ( -4.192871870788875000, 2.012871870789000100, -1.040000000000218500 ) ) ;
#3017 = CARTESIAN_POINT ( 'NONE',  ( 1.800000000000000300, -3.749850393436000100, -0.1497944302131999900 ) ) ;
#3018 = ORIENTED_EDGE ( 'NONE', *, *, #2423, .T. ) ;
#3019 = FACE_OUTER_BOUND ( 'NONE', #2881, .T. ) ;
#3020 = CARTESIAN_POINT ( 'NONE',  ( -5.036492374042709700, 2.700000000000000600, -5.259887319042352500 ) ) ;
#3021 = DIRECTION ( 'NONE',  ( -0.0000000000000000000, 0.0000000000000000000, -1.000000000000000000 ) ) ;
#3022 = VECTOR ( 'NONE', #383, 1000.000000000000000 ) ;
#3023 = EDGE_CURVE ( 'NONE', #2097, #2435, #3540, .T. ) ;
#3024 = LINE ( 'NONE', #2277, #2199 ) ;
#3025 = PLANE ( 'NONE',  #3432 ) ;
#3026 = ADVANCED_FACE ( 'NONE', ( #3377 ), #2800, .T. ) ;
#3027 = AXIS2_PLACEMENT_3D ( 'NONE', #1094, #3342, #1675 ) ;
#3028 = FACE_OUTER_BOUND ( 'NONE', #418, .T. ) ;
#3029 = AXIS2_PLACEMENT_3D ( 'NONE', #1638, #1787, #1750 ) ;
#3030 = CIRCLE ( 'NONE', #894, 0.2999999999999999300 ) ;
#3031 = DIRECTION ( 'NONE',  ( -0.0000000000000000000, 0.5000000000000167600, 0.8660254037844289400 ) ) ;
#3032 = CIRCLE ( 'NONE', #3631, 0.2999999999999999300 ) ;
#3033 = CARTESIAN_POINT ( 'NONE',  ( -4.000000000000000000, -3.750000000000000000, 2.835866307407397500E-015 ) ) ;
#3034 = LINE ( 'NONE', #849, #1559 ) ;
#3035 = EDGE_CURVE ( 'NONE', #3456, #2731, #1887, .T. ) ;
#3036 = CARTESIAN_POINT ( 'NONE',  ( -4.000000000000000000, -3.757850393436000100, -0.1497944302131999900 ) ) ;
#3037 = LINE ( 'NONE', #3281, #890 ) ;
#3038 = EDGE_CURVE ( 'NONE', #3276, #2914, #2622, .T. ) ;
#3039 = ADVANCED_FACE ( 'NONE', ( #2541 ), #1131, .T. ) ;
#3040 = ORIENTED_EDGE ( 'NONE', *, *, #2892, .F. ) ;
#3041 = VECTOR ( 'NONE', #2956, 1000.000000000000100 ) ;
#3042 = CARTESIAN_POINT ( 'NONE',  ( -4.699999999999999300, 2.700000000000000200, -5.349999999999999600 ) ) ;
#3043 = CARTESIAN_POINT ( 'NONE',  ( 4.000000000000000000, 2.689999999999999900, -0.2053388357055000400 ) ) ;
#3044 = DIRECTION ( 'NONE',  ( 0.0000000000000000000, 1.000000000000000000, -0.0000000000000000000 ) ) ;
#3045 = VERTEX_POINT ( 'NONE', #2259 ) ;
#3046 = ORIENTED_EDGE ( 'NONE', *, *, #717, .F. ) ;
#3047 = ORIENTED_EDGE ( 'NONE', *, *, #596, .T. ) ;
#3048 = CARTESIAN_POINT ( 'NONE',  ( -4.700000000000000200, -2.700000000000000200, -1.000000000000000000 ) ) ;
#3049 = ORIENTED_EDGE ( 'NONE', *, *, #3440, .T. ) ;
#3050 = AXIS2_PLACEMENT_3D ( 'NONE', #1068, #2200, #188 ) ;
#3051 = ORIENTED_EDGE ( 'NONE', *, *, #2840, .F. ) ;
#3052 = VERTEX_POINT ( 'NONE', #272 ) ;
#3053 = PLANE ( 'NONE',  #1863 ) ;
#3054 = EDGE_LOOP ( 'NONE', ( #1968, #67, #3104, #3263 ) ) ;
#3055 = ORIENTED_EDGE ( 'NONE', *, *, #3560, .T. ) ;
#3056 = APPLICATION_PROTOCOL_DEFINITION ( 'draft international standard', 'automotive_design', 1998, #1091 ) ;
#3057 = EDGE_CURVE ( 'NONE', #3060, #259, #1136, .T. ) ;
#3058 = DIRECTION ( 'NONE',  ( -0.0000000000000000000, 1.000000000000000000, 0.0000000000000000000 ) ) ;
#3059 = DIRECTION ( 'NONE',  ( -1.000000000000000000, 0.0000000000000000000, 0.0000000000000000000 ) ) ;
#3060 = VERTEX_POINT ( 'NONE', #2274 ) ;
#3061 = CARTESIAN_POINT ( 'NONE',  ( -4.000000000000000000, 0.0000000000000000000, -1.000000000000000000 ) ) ;
#3062 = CARTESIAN_POINT ( 'NONE',  ( -4.730000000000000400, -2.700000000000000200, -1.000000000000000000 ) ) ;
#3063 = CARTESIAN_POINT ( 'NONE',  ( 4.700000000000000200, -2.700000000000001100, -5.349999999999999600 ) ) ;
#3064 = CARTESIAN_POINT ( 'NONE',  ( 0.0000000000000000000, -2.689999999999999900, -1.200000000000000000 ) ) ;
#3065 = ADVANCED_FACE ( 'NONE', ( #3283 ), #553, .T. ) ;
#3066 = ORIENTED_EDGE ( 'NONE', *, *, #1716, .T. ) ;
#3067 = EDGE_CURVE ( 'NONE', #2312, #1836, #1986, .T. ) ;
#3068 = DIRECTION ( 'NONE',  ( 0.5000000000000167600, 0.0000000000000000000, 0.8660254037844289400 ) ) ;
#3069 = ORIENTED_EDGE ( 'NONE', *, *, #1247, .T. ) ;
#3070 = LINE ( 'NONE', #160, #2333 ) ;
#3071 = LINE ( 'NONE', #622, #919 ) ;
#3072 = DIRECTION ( 'NONE',  ( 0.0000000000000000000, -0.05233595624294862900, 0.9986295347545737200 ) ) ;
#3073 = VECTOR ( 'NONE', #1188, 1000.000000000000100 ) ;
#3074 = CARTESIAN_POINT ( 'NONE',  ( 4.991446347794328300, 2.750294265862756500, -5.400294265862754600 ) ) ;
#3075 = UNCERTAINTY_MEASURE_WITH_UNIT (LENGTH_MEASURE( 1.000000000000000100E-005 ), #1531, 'distance_accuracy_value', 'NONE');
#3076 = CARTESIAN_POINT ( 'NONE',  ( 2.079999999999999200, 2.700000000000000200, -5.650000000000000400 ) ) ;
#3077 = CARTESIAN_POINT ( 'NONE',  ( -0.4000000000000000200, -3.749850393436000100, -0.1497944302131999900 ) ) ;
#3078 = CARTESIAN_POINT ( 'NONE',  ( -0.8000000000000000400, -2.689999999999999900, -1.000000000000000000 ) ) ;
#3079 = AXIS2_PLACEMENT_3D ( 'NONE', #817, #3072, #1395 ) ;
#3080 = VECTOR ( 'NONE', #1749, 1000.000000000000000 ) ;
#3081 = CARTESIAN_POINT ( 'NONE',  ( 0.0000000000000000000, 2.730000000000000400, -1.000000000000000000 ) ) ;
#3082 = CARTESIAN_POINT ( 'NONE',  ( -4.000000000000000000, -3.750000000000000000, 0.0000000000000000000 ) ) ;
#3083 = AXIS2_PLACEMENT_3D ( 'NONE', #2055, #339, #2336 ) ;
#3084 = CARTESIAN_POINT ( 'NONE',  ( -0.8000000000000000400, 2.689999999999999900, -1.200000000000000000 ) ) ;
#3085 = LINE ( 'NONE', #892, #2256 ) ;
#3086 = EDGE_CURVE ( 'NONE', #3161, #3108, #1813, .T. ) ;
#3087 = ADVANCED_FACE ( 'NONE', ( #3202 ), #2544, .F. ) ;
#3088 = FACE_OUTER_BOUND ( 'NONE', #664, .T. ) ;
#3089 = CARTESIAN_POINT ( 'NONE',  ( 4.999999694273764600, 2.699697150493674900, -5.349697150493672600 ) ) ;
#3090 = EDGE_CURVE ( 'NONE', #416, #810, #952, .T. ) ;
#3091 = LINE ( 'NONE', #855, #61 ) ;
#3092 = CARTESIAN_POINT ( 'NONE',  ( -0.8000000000000000400, 2.689999999999999900, -0.2053388357055000400 ) ) ;
#3093 = DIRECTION ( 'NONE',  ( 0.0000000000000000000, 0.9986295347545736100, -0.05233595624294862200 ) ) ;
#3094 = DIRECTION ( 'NONE',  ( 0.0000000000000000000, -0.9986295347545737200, 0.05233595624294862900 ) ) ;
#3095 = ORIENTED_EDGE ( 'NONE', *, *, #247, .F. ) ;
#3096 = CARTESIAN_POINT ( 'NONE',  ( 2.850000000000000100, -2.289999999999995200, -1.200000000000008800 ) ) ;
#3097 = ORIENTED_EDGE ( 'NONE', *, *, #591, .T. ) ;
#3098 = EDGE_LOOP ( 'NONE', ( #1720, #3304, #2174, #2616 ) ) ;
#3099 = ORIENTED_EDGE ( 'NONE', *, *, #1732, .T. ) ;
#3100 = CARTESIAN_POINT ( 'NONE',  ( 4.700000000000000200, 0.0000000000000000000, -5.650000000000000400 ) ) ;
#3101 =( BOUNDED_SURFACE ( )  B_SPLINE_SURFACE ( 3, 3, ( 
 ( #3558, #1899, #2177, #454 ),
 ( #2453, #755, #2727, #1046 ),
 ( #3014, #1333, #3295, #1634 ),
 ( #3575, #1909, #179, #2191 ) ),
 .UNSPECIFIED., .F., .F., .F. ) 
 B_SPLINE_SURFACE_WITH_KNOTS ( ( 4, 4 ),
 ( 4, 4 ),
 ( 0.0000000000000000000, 1.000000000000000000 ),
 ( 0.0000000000000000000, 1.000000000000000000 ),
 .UNSPECIFIED. ) 
 GEOMETRIC_REPRESENTATION_ITEM ( )  RATIONAL_B_SPLINE_SURFACE ( (
 ( 1.000000000000000000, 0.8047378541243638300, 0.8047378541243638300, 1.000000000000000000),
 ( 0.9240030619302631600, 0.7435802412621016500, 0.7435802412621016500, 0.9240030619302631600),
 ( 0.9240030619302631600, 0.7435802412621016500, 0.7435802412621016500, 0.9240030619302631600),
 ( 1.000000000000000000, 0.8047378541243638300, 0.8047378541243638300, 1.000000000000000000) ) ) 
 REPRESENTATION_ITEM ( '' )  SURFACE ( )  );
#3102 = EDGE_CURVE ( 'NONE', #1719, #3565, #2448, .T. ) ;
#3103 = DIRECTION ( 'NONE',  ( -1.000000000000000000, -0.0000000000000000000, -0.0000000000000000000 ) ) ;
#3104 = ORIENTED_EDGE ( 'NONE', *, *, #3318, .F. ) ;
#3105 = DIRECTION ( 'NONE',  ( 0.0000000000000000000, -0.9986295347545736100, 0.05233595624294862200 ) ) ;
#3106 = CARTESIAN_POINT ( 'NONE',  ( 1.850000000000000100, 1.300000000000000300, -1.200000000000000000 ) ) ;
#3107 = CARTESIAN_POINT ( 'NONE',  ( -0.4000000000000000200, 3.749850393436000100, -0.1497944302131999900 ) ) ;
#3108 = VERTEX_POINT ( 'NONE', #2852 ) ;
#3109 = ORIENTED_EDGE ( 'NONE', *, *, #2629, .T. ) ;
#3110 = AXIS2_PLACEMENT_3D ( 'NONE', #88, #2380, #671 ) ;
#3111 = DIRECTION ( 'NONE',  ( 0.0000000000000000000, -1.000000000000000000, 0.0000000000000000000 ) ) ;
#3112 = ORIENTED_EDGE ( 'NONE', *, *, #3004, .F. ) ;
#3113 = AXIS2_PLACEMENT_3D ( 'NONE', #1458, #2745, #3021 ) ;
#3114 = EDGE_LOOP ( 'NONE', ( #1754, #1029, #560, #2221, #1214, #572 ) ) ;
#3115 = DIRECTION ( 'NONE',  ( 0.0000000000000000000, 0.0000000000000000000, 1.000000000000000000 ) ) ;
#3116 = EDGE_CURVE ( 'NONE', #982, #1245, #1728, .T. ) ;
#3117 = CARTESIAN_POINT ( 'NONE',  ( -4.730000000000000400, 2.700000000000000200, -1.000000000000000000 ) ) ;
#3118 = PLANE ( 'NONE',  #412 ) ;
#3119 = VECTOR ( 'NONE', #303, 1000.000000000000000 ) ;
#3120 = CARTESIAN_POINT ( 'NONE',  ( 3.600000000000000500, 2.689999999999999900, -1.200000000000000000 ) ) ;
#3121 = FACE_OUTER_BOUND ( 'NONE', #2587, .T. ) ;
#3122 = VECTOR ( 'NONE', #645, 1000.000000000000000 ) ;
#3123 = VECTOR ( 'NONE', #2521, 1000.000000000000000 ) ;
#3124 = VECTOR ( 'NONE', #3594, 1000.000000000000000 ) ;
#3125 = CARTESIAN_POINT ( 'NONE',  ( -2.799999999999999800, 1.300000000000006000, -0.6284232335022896800 ) ) ;
#3126 = CARTESIAN_POINT ( 'NONE',  ( -4.699999999999999300, -2.700000000000000200, -5.349999999999999600 ) ) ;
#3127 = VECTOR ( 'NONE', #2430, 1000.000000000000000 ) ;
#3128 = CARTESIAN_POINT ( 'NONE',  ( -3.600000000000000500, -2.540000000000000000, -1.000000000000000000 ) ) ;
#3129 = DIRECTION ( 'NONE',  ( -1.000000000000000000, -0.0000000000000000000, 0.0000000000000000000 ) ) ;
#3130 = AXIS2_PLACEMENT_3D ( 'NONE', #2708, #2339, #342 ) ;
#3131 = CARTESIAN_POINT ( 'NONE',  ( -0.8000000000000000400, 3.749850393436000100, -0.1497944302131999900 ) ) ;
#3132 = LINE ( 'NONE', #1971, #3341 ) ;
#3133 = VECTOR ( 'NONE', #1106, 1000.000000000000000 ) ;
#3134 = DIRECTION ( 'NONE',  ( 0.0000000000000000000, -0.05233595624000416500, 0.9986295347547279300 ) ) ;
#3135 = VECTOR ( 'NONE', #1341, 1000.000000000000000 ) ;
#3136 = EDGE_CURVE ( 'NONE', #1252, #1658, #168, .T. ) ;
#3137 = CARTESIAN_POINT ( 'NONE',  ( 2.800000000000000300, 0.0000000000000000000, -1.040000000000000000 ) ) ;
#3138 = CARTESIAN_POINT ( 'NONE',  ( 4.000000000000000000, -3.749850393436000100, -0.1497944302131999900 ) ) ;
#3139 = EDGE_CURVE ( 'NONE', #618, #3527, #873, .T. ) ;
#3140 = DIRECTION ( 'NONE',  ( 1.000000000000000000, 0.0000000000000000000, 0.0000000000000000000 ) ) ;
#3141 = DIRECTION ( 'NONE',  ( -1.000000000000000000, -0.0000000000000000000, -0.0000000000000000000 ) ) ;
#3142 = ORIENTED_EDGE ( 'NONE', *, *, #511, .F. ) ;
#3143 = ORIENTED_EDGE ( 'NONE', *, *, #1144, .F. ) ;
#3144 = VERTEX_POINT ( 'NONE', #902 ) ;
#3145 = EDGE_LOOP ( 'NONE', ( #1838, #628, #2686, #465 ) ) ;
#3146 = EDGE_LOOP ( 'NONE', ( #3355, #513, #2371, #153 ) ) ;
#3147 = ORIENTED_EDGE ( 'NONE', *, *, #1013, .F. ) ;
#3148 = VERTEX_POINT ( 'NONE', #1463 ) ;
#3149 = CARTESIAN_POINT ( 'NONE',  ( 1.800000000000000300, 2.540000000000000000, -1.200000000000000000 ) ) ;
#3150 = ORIENTED_EDGE ( 'NONE', *, *, #3515, .F. ) ;
#3151 = EDGE_CURVE ( 'NONE', #944, #2320, #3015, .T. ) ;
#3152 = CARTESIAN_POINT ( 'NONE',  ( -4.699999999999999300, 2.700000000000000600, -5.650000000000000400 ) ) ;
#3153 = ORIENTED_EDGE ( 'NONE', *, *, #2825, .T. ) ;
#3154 = CARTESIAN_POINT ( 'NONE',  ( 1.800000000000000300, -2.689999999999999900, -1.200000000000000000 ) ) ;
#3155 = AXIS2_PLACEMENT_3D ( 'NONE', #219, #2224, #503 ) ;
#3156 = DIRECTION ( 'NONE',  ( 0.0000000000000000000, -0.0000000000000000000, -1.000000000000000000 ) ) ;
#3157 = ORIENTED_EDGE ( 'NONE', *, *, #1566, .T. ) ;
#3158 = CARTESIAN_POINT ( 'NONE',  ( 1.800000000000000500, -3.749850393436220800, -0.1497944302131884500 ) ) ;
#3159 = EDGE_LOOP ( 'NONE', ( #1301, #429, #1114, #3320 ) ) ;
#3160 = LINE ( 'NONE', #836, #3123 ) ;
#3161 = VERTEX_POINT ( 'NONE', #2580 ) ;
#3162 = EDGE_CURVE ( 'NONE', #94, #942, #1543, .T. ) ;
#3163 = DIRECTION ( 'NONE',  ( 0.0000000000000000000, 1.000000000000000000, 0.0000000000000000000 ) ) ;
#3164 = VECTOR ( 'NONE', #3288, 1000.000000000000100 ) ;
#3165 = CARTESIAN_POINT ( 'NONE',  ( 0.0000000000000000000, 2.689999999999999900, -1.200000000000000000 ) ) ;
#3166 = FACE_BOUND ( 'NONE', #229, .T. ) ;
#3167 = CARTESIAN_POINT ( 'NONE',  ( 1.399999999999999900, 0.0000000000000000000, -1.200000000000000000 ) ) ;
#3168 = VECTOR ( 'NONE', #1515, 1000.000000000000000 ) ;
#3169 = CARTESIAN_POINT ( 'NONE',  ( 3.429999999999999700, 2.000000000000000000, -5.400000000000000400 ) ) ;
#3170 = LINE ( 'NONE', #1184, #1784 ) ;
#3171 = FACE_OUTER_BOUND ( 'NONE', #2283, .T. ) ;
#3172 = CARTESIAN_POINT ( 'NONE',  ( 4.469999999999999800, -2.289999999999989800, -1.200000000000017500 ) ) ;
#3173 = CARTESIAN_POINT ( 'NONE',  ( 3.600000000000000500, -2.689999999999999900, -1.000000000000000000 ) ) ;
#3174 = VECTOR ( 'NONE', #3134, 1000.000000000000100 ) ;
#3175 = CARTESIAN_POINT ( 'NONE',  ( 4.700000000000000200, 2.700000000000001100, -5.349999999999999600 ) ) ;
#3176 = CARTESIAN_POINT ( 'NONE',  ( -4.469999999999999800, 2.290000000000000000, -1.200000000000000000 ) ) ;
#3177 = AXIS2_PLACEMENT_3D ( 'NONE', #3383, #3068, #1981 ) ;
#3178 = DIRECTION ( 'NONE',  ( 0.0000000000000000000, 1.000000000000000000, 0.0000000000000000000 ) ) ;
#3179 = DIRECTION ( 'NONE',  ( 0.0000000000000000000, -0.05233595624294862900, 0.9986295347545737200 ) ) ;
#3180 = ORIENTED_EDGE ( 'NONE', *, *, #3331, .F. ) ;
#3181 = EDGE_CURVE ( 'NONE', #1248, #1328, #764, .T. ) ;
#3182 = ORIENTED_EDGE ( 'NONE', *, *, #22, .T. ) ;
#3183 = CARTESIAN_POINT ( 'NONE',  ( 3.600000000000000500, 3.742000000000000000, 0.0000000000000000000 ) ) ;
#3184 = ORIENTED_EDGE ( 'NONE', *, *, #3067, .T. ) ;
#3185 = CARTESIAN_POINT ( 'NONE',  ( 4.910123345235141400, -2.875728126347302500, -5.135878119317070800 ) ) ;
#3186 = ORIENTED_EDGE ( 'NONE', *, *, #2942, .F. ) ;
#3187 = EDGE_LOOP ( 'NONE', ( #3672, #2736, #2051, #2738 ) ) ;
#3188 = CARTESIAN_POINT ( 'NONE',  ( -4.700000000000000200, -3.000000000000000000, -1.000000000000000000 ) ) ;
#3189 = DIRECTION ( 'NONE',  ( -0.0000000000000000000, 0.0000000000000000000, -1.000000000000000000 ) ) ;
#3190 = EDGE_LOOP ( 'NONE', ( #1851, #1072, #2581, #2568, #1755, #487 ) ) ;
#3191 = EDGE_LOOP ( 'NONE', ( #3532, #2835, #551, #2952, #47, #466, #306, #1176 ) ) ;
#3192 = VERTEX_POINT ( 'NONE', #1195 ) ;
#3193 = AXIS2_PLACEMENT_3D ( 'NONE', #2166, #1608, #3277 ) ;
#3194 = VERTEX_POINT ( 'NONE', #1180 ) ;
#3195 = DIRECTION ( 'NONE',  ( -0.0000000000000000000, 0.0000000000000000000, -1.000000000000000000 ) ) ;
#3196 = DIRECTION ( 'NONE',  ( 0.0000000000000000000, -1.000000000000000000, 0.0000000000000000000 ) ) ;
#3197 = DIRECTION ( 'NONE',  ( -0.0000000000000000000, 1.000000000000000000, -0.0000000000000000000 ) ) ;
#3198 =( GEOMETRIC_REPRESENTATION_CONTEXT ( 3 ) GLOBAL_UNCERTAINTY_ASSIGNED_CONTEXT ( ( #2916 ) ) GLOBAL_UNIT_ASSIGNED_CONTEXT ( ( #1938, #215, #2219 ) ) REPRESENTATION_CONTEXT ( 'NONE', 'WORKASPACE' ) );
#3199 = CARTESIAN_POINT ( 'NONE',  ( -0.4000000000000000200, 0.0000000000000000000, -1.200000000000000000 ) ) ;
#3200 = SURFACE_STYLE_USAGE ( .BOTH. , #1233 ) ;
#3201 = EDGE_CURVE ( 'NONE', #1404, #3060, #672, .T. ) ;
#3202 = FACE_OUTER_BOUND ( 'NONE', #2966, .T. ) ;
#3203 = EDGE_CURVE ( 'NONE', #797, #2732, #1454, .T. ) ;
#3204 = CIRCLE ( 'NONE', #1966, 0.02999999999999964500 ) ;
#3205 = CARTESIAN_POINT ( 'NONE',  ( -4.700000000000000200, -2.730000000000000400, -1.200000000000000000 ) ) ;
#3206 = CARTESIAN_POINT ( 'NONE',  ( -4.000000000000000000, -2.540000000000000000, -1.200000000000000000 ) ) ;
#3207 = DIRECTION ( 'NONE',  ( 0.0000000000000000000, -1.000000000000000000, 0.0000000000000000000 ) ) ;
#3208 = VECTOR ( 'NONE', #3629, 1000.000000000000200 ) ;
#3209 = CARTESIAN_POINT ( 'NONE',  ( 1.800000000000000300, 0.0000000000000000000, -1.200000000000000000 ) ) ;
#3210 = CARTESIAN_POINT ( 'NONE',  ( -5.000000000000000000, 2.700000000000000200, -1.000000000000000000 ) ) ;
#3211 = LINE ( 'NONE', #1105, #2943 ) ;
#3212 = VECTOR ( 'NONE', #3413, 1000.000000000000000 ) ;
#3213 = LINE ( 'NONE', #1425, #3302 ) ;
#3214 = LINE ( 'NONE', #2817, #2462 ) ;
#3215 = ADVANCED_FACE ( 'NONE', ( #2104 ), #584, .T. ) ;
#3216 = EDGE_CURVE ( 'NONE', #1059, #2620, #2193, .T. ) ;
#3217 = VECTOR ( 'NONE', #176, 1000.000000000000000 ) ;
#3218 = CARTESIAN_POINT ( 'NONE',  ( 4.786937359832102800, -2.803714664249339800, -5.687326708879827400 ) ) ;
#3219 = CIRCLE ( 'NONE', #1511, 0.2999999999999999300 ) ;
#3220 = CARTESIAN_POINT ( 'NONE',  ( -1.850000000000000100, -2.289999999999995200, -1.200000000000008800 ) ) ;
#3221 = EDGE_LOOP ( 'NONE', ( #1523, #812, #1331, #3259 ) ) ;
#3222 = DIRECTION ( 'NONE',  ( -0.0000000000000000000, -0.0000000000000000000, -1.000000000000000000 ) ) ;
#3223 = ORIENTED_EDGE ( 'NONE', *, *, #314, .T. ) ;
#3224 = DIRECTION ( 'NONE',  ( -1.000000000000000000, -0.0000000000000000000, 0.0000000000000000000 ) ) ;
#3225 = ORIENTED_EDGE ( 'NONE', *, *, #2500, .F. ) ;
#3226 = EDGE_CURVE ( 'NONE', #763, #94, #2847, .T. ) ;
#3227 = EDGE_LOOP ( 'NONE', ( #2362, #1963, #3613, #2925 ) ) ;
#3228 = VERTEX_POINT ( 'NONE', #2604 ) ;
#3229 = ORIENTED_EDGE ( 'NONE', *, *, #2092, .T. ) ;
#3230 = ORIENTED_EDGE ( 'NONE', *, *, #1256, .F. ) ;
#3231 = EDGE_LOOP ( 'NONE', ( #1490, #2687, #1345, #2439 ) ) ;
#3232 = ADVANCED_FACE ( 'NONE', ( #2749 ), #3454, .T. ) ;
#3233 = EDGE_CURVE ( 'NONE', #2471, #993, #1259, .T. ) ;
#3234 = CARTESIAN_POINT ( 'NONE',  ( -0.8000000000000000400, 0.0000000000000000000, -1.200000000000000000 ) ) ;
#3235 = ORIENTED_EDGE ( 'NONE', *, *, #3139, .F. ) ;
#3236 = DIRECTION ( 'NONE',  ( 0.0000000000000000000, -1.000000000000000000, 0.0000000000000000000 ) ) ;
#3237 = EDGE_LOOP ( 'NONE', ( #3585, #3453, #2470, #1810 ) ) ;
#3238 = CARTESIAN_POINT ( 'NONE',  ( -4.609887319042353000, 2.876705599558067000, -5.686492374042705600 ) ) ;
#3239 = EDGE_LOOP ( 'NONE', ( #210, #2310, #1619, #1921 ) ) ;
#3240 = ORIENTED_EDGE ( 'NONE', *, *, #2569, .T. ) ;
#3241 = LINE ( 'NONE', #1944, #2492 ) ;
#3242 = ORIENTED_EDGE ( 'NONE', *, *, #2385, .F. ) ;
#3243 = LINE ( 'NONE', #2718, #1853 ) ;
#3244 = CARTESIAN_POINT ( 'NONE',  ( 1.399999999999999900, -2.540000000000000000, -1.200000000000000000 ) ) ;
#3245 = FACE_BOUND ( 'NONE', #120, .T. ) ;
#3246 = PLANE ( 'NONE',  #953 ) ;
#3247 = EDGE_CURVE ( 'NONE', #3609, #2750, #3502, .T. ) ;
#3248 = CARTESIAN_POINT ( 'NONE',  ( -4.912132034355964900, 2.700000000000000200, -5.562132034355964400 ) ) ;
#3249 = CIRCLE ( 'NONE', #2268, 0.2999999999999999300 ) ;
#3250 = ADVANCED_FACE ( 'NONE', ( #1932 ), #1062, .T. ) ;
#3251 = LINE ( 'NONE', #341, #1003 ) ;
#3252 = EDGE_CURVE ( 'NONE', #3275, #2134, #1178, .T. ) ;
#3253 = CYLINDRICAL_SURFACE ( 'NONE', #1153, 0.2999999999999999300 ) ;
#3254 = PLANE ( 'NONE',  #649 ) ;
#3255 = DIRECTION ( 'NONE',  ( 0.0000000000000000000, -0.05233595624000416500, -0.9986295347547279300 ) ) ;
#3256 = VECTOR ( 'NONE', #2809, 1000.000000000000000 ) ;
#3257 = CARTESIAN_POINT ( 'NONE',  ( -4.700000000000000200, -2.609887319042356200, -5.686492374042707400 ) ) ;
#3258 = AXIS2_PLACEMENT_3D ( 'NONE', #541, #2533, #847 ) ;
#3259 = ORIENTED_EDGE ( 'NONE', *, *, #2317, .T. ) ;
#3260 = CYLINDRICAL_SURFACE ( 'NONE', #930, 0.02999999999999964500 ) ;
#3261 = ADVANCED_FACE ( 'NONE', ( #2661 ), #489, .T. ) ;
#3262 = DIRECTION ( 'NONE',  ( -0.6546536707079695400, 0.6546536707079755300, 0.3779644730092433500 ) ) ;
#3263 = ORIENTED_EDGE ( 'NONE', *, *, #1772, .T. ) ;
#3264 = AXIS2_PLACEMENT_3D ( 'NONE', #2722, #1892, #3554 ) ;
#3265 = EDGE_CURVE ( 'NONE', #2487, #763, #3324, .T. ) ;
#3266 = CARTESIAN_POINT ( 'NONE',  ( -4.699999999999997500, -3.036492374042709700, -5.259887319042352500 ) ) ;
#3267 = ORIENTED_EDGE ( 'NONE', *, *, #3289, .T. ) ;
#3268 = DIRECTION ( 'NONE',  ( 1.000000000000000000, 0.0000000000000000000, 0.0000000000000000000 ) ) ;
#3269 = DIRECTION ( 'NONE',  ( 0.0000000000000000000, -0.05233595624000416500, 0.9986295347547279300 ) ) ;
#3270 = ORIENTED_EDGE ( 'NONE', *, *, #1983, .F. ) ;
#3271 = ORIENTED_EDGE ( 'NONE', *, *, #3399, .F. ) ;
#3272 = ORIENTED_EDGE ( 'NONE', *, *, #924, .T. ) ;
#3273 = CARTESIAN_POINT ( 'NONE',  ( 2.850000000000000100, -1.300000000000000300, -1.040000000000000000 ) ) ;
#3274 = EDGE_CURVE ( 'NONE', #3449, #3363, #482, .T. ) ;
#3275 = VERTEX_POINT ( 'NONE', #1367 ) ;
#3276 = VERTEX_POINT ( 'NONE', #3604 ) ;
#3277 = DIRECTION ( 'NONE',  ( 0.0000000000000000000, 0.0000000000000000000, 1.000000000000000000 ) ) ;
#3278 = CARTESIAN_POINT ( 'NONE',  ( -4.469999999999999800, 0.6445517328096001000, -0.2500000000000000000 ) ) ;
#3279 = DIRECTION ( 'NONE',  ( -1.000000000000000000, -0.0000000000000000000, -0.0000000000000000000 ) ) ;
#3280 = EDGE_CURVE ( 'NONE', #217, #3359, #3241, .T. ) ;
#3281 = CARTESIAN_POINT ( 'NONE',  ( 1.399999999999999900, -2.689999999999999900, -1.000000000000000000 ) ) ;
#3282 = ADVANCED_FACE ( 'NONE', ( #323 ), #802, .F. ) ;
#3283 = FACE_OUTER_BOUND ( 'NONE', #3356, .T. ) ;
#3284 = VECTOR ( 'NONE', #3285, 1000.000000000000000 ) ;
#3285 = DIRECTION ( 'NONE',  ( 0.0000000000000000000, -0.0000000000000000000, 1.000000000000000000 ) ) ;
#3286 = DIRECTION ( 'NONE',  ( -1.000000000000000000, -0.0000000000000000000, -0.0000000000000000000 ) ) ;
#3287 = VECTOR ( 'NONE', #3044, 1000.000000000000000 ) ;
#3288 = DIRECTION ( 'NONE',  ( 0.0000000000000000000, -0.05233595624000416500, 0.9986295347547279300 ) ) ;
#3289 = EDGE_CURVE ( 'NONE', #1248, #2138, #1849, .T. ) ;
#3290 = LINE ( 'NONE', #1998, #3208 ) ;
#3291 = LINE ( 'NONE', #271, #1050 ) ;
#3292 = VECTOR ( 'NONE', #2254, 1000.000000000000000 ) ;
#3293 = ADVANCED_FACE ( 'NONE', ( #226 ), #1957, .F. ) ;
#3294 = CYLINDRICAL_SURFACE ( 'NONE', #2865, 0.02999999999999964500 ) ;
#3295 = CARTESIAN_POINT ( 'NONE',  ( 5.000568874544741900, 2.894252807002319500, -5.295253398475019000 ) ) ;
#3296 = DIRECTION ( 'NONE',  ( -0.6546536707079743100, 0.6546536707079710900, -0.3779644730092426300 ) ) ;
#3297 = LINE ( 'NONE', #3234, #3483 ) ;
#3298 = CARTESIAN_POINT ( 'NONE',  ( -4.985469376755159700, 2.877052006648532300, -5.488794691956771400 ) ) ;
#3299 = CARTESIAN_POINT ( 'NONE',  ( 4.469999999999999800, 0.0000000000000000000, -1.200000000000000000 ) ) ;
#3300 = ORIENTED_EDGE ( 'NONE', *, *, #3344, .T. ) ;
#3301 = ORIENTED_EDGE ( 'NONE', *, *, #1182, .T. ) ;
#3302 = VECTOR ( 'NONE', #3668, 1000.000000000000000 ) ;
#3303 = VERTEX_POINT ( 'NONE', #3076 ) ;
#3304 = ORIENTED_EDGE ( 'NONE', *, *, #3247, .T. ) ;
#3305 = ORIENTED_EDGE ( 'NONE', *, *, #3289, .F. ) ;
#3306 = DIRECTION ( 'NONE',  ( -0.0000000000000000000, 0.0000000000000000000, -1.000000000000000000 ) ) ;
#3307 = EDGE_CURVE ( 'NONE', #523, #187, #1775, .T. ) ;
#3308 = ORIENTED_EDGE ( 'NONE', *, *, #2296, .T. ) ;
#3309 = ORIENTED_EDGE ( 'NONE', *, *, #60, .T. ) ;
#3310 = DIRECTION ( 'NONE',  ( 0.0000000000000000000, 1.000000000000000000, -0.0000000000000000000 ) ) ;
#3311 = CARTESIAN_POINT ( 'NONE',  ( -3.600000000000000100, -2.540000000000000000, -0.06341341293248004000 ) ) ;
#3312 = VERTEX_POINT ( 'NONE', #1693 ) ;
#3313 = DIRECTION ( 'NONE',  ( 0.0000000000000000000, 0.9986295347545736100, -0.05233595624294862200 ) ) ;
#3314 = CARTESIAN_POINT ( 'NONE',  ( 5.000000000000000000, 1.200000000000000000, -5.400000000000000400 ) ) ;
#3315 = ORIENTED_EDGE ( 'NONE', *, *, #104, .T. ) ;
#3316 = CARTESIAN_POINT ( 'NONE',  ( -4.700000000000000200, -10.82160000000000000, -5.349999999999999600 ) ) ;
#3317 = ADVANCED_FACE ( 'NONE', ( #2584 ), #2786, .F. ) ;
#3318 = EDGE_CURVE ( 'NONE', #3228, #2647, #959, .T. ) ;
#3319 = CARTESIAN_POINT ( 'NONE',  ( 4.730000000000000400, -2.700000000000000200, -1.000000000000000000 ) ) ;
#3320 = ORIENTED_EDGE ( 'NONE', *, *, #488, .F. ) ;
#3321 = DIRECTION ( 'NONE',  ( 1.000000000000000000, 0.0000000000000000000, -0.0000000000000000000 ) ) ;
#3322 = ORIENTED_EDGE ( 'NONE', *, *, #1462, .F. ) ;
#3323 = FILL_AREA_STYLE ('',( #3003 ) ) ;
#3324 = LINE ( 'NONE', #2756, #399 ) ;
#3325 = DIRECTION ( 'NONE',  ( 0.0000000000000000000, 0.0000000000000000000, -1.000000000000000000 ) ) ;
#3326 = ORIENTED_EDGE ( 'NONE', *, *, #132, .T. ) ;
#3327 = LINE ( 'NONE', #3445, #3678 ) ;
#3328 = CARTESIAN_POINT ( 'NONE',  ( -5.000000000000000000, 3.000000000000000000, -1.000000000000000000 ) ) ;
#3329 = DIRECTION ( 'NONE',  ( 0.0000000000000000000, 0.0000000000000000000, -1.000000000000000000 ) ) ;
#3330 = LINE ( 'NONE', #723, #2590 ) ;
#3331 = EDGE_CURVE ( 'NONE', #1293, #1283, #3160, .T. ) ;
#3332 = LINE ( 'NONE', #3167, #3425 ) ;
#3333 = DIRECTION ( 'NONE',  ( 1.000000000000000000, 0.0000000000000000000, 0.0000000000000000000 ) ) ;
#3334 = AXIS2_PLACEMENT_3D ( 'NONE', #1648, #2481, #787 ) ;
#3335 = VECTOR ( 'NONE', #3491, 1000.000000000000000 ) ;
#3336 = CARTESIAN_POINT ( 'NONE',  ( -0.8000000000000000400, -2.540000000000000000, -1.200000000000000000 ) ) ;
#3337 = LINE ( 'NONE', #3371, #1857 ) ;
#3338 = ADVANCED_FACE ( 'NONE', ( #1633 ), #1412, .T. ) ;
#3339 = PLANE ( 'NONE',  #683 ) ;
#3340 = DIRECTION ( 'NONE',  ( 1.000000000000000000, -0.0000000000000000000, 0.0000000000000000000 ) ) ;
#3341 = VECTOR ( 'NONE', #246, 1000.000000000000000 ) ;
#3342 = DIRECTION ( 'NONE',  ( 0.0000000000000000000, -0.5000000000000167600, 0.8660254037844289400 ) ) ;
#3343 = VECTOR ( 'NONE', #352, 1000.000000000000000 ) ;
#3344 = EDGE_CURVE ( 'NONE', #2440, #3312, #878, .T. ) ;
#3345 = DIRECTION ( 'NONE',  ( 0.0000000000000000000, 0.0000000000000000000, 1.000000000000000000 ) ) ;
#3346 = CARTESIAN_POINT ( 'NONE',  ( 5.000000000000000000, 2.700000000000001100, -5.349999999999998800 ) ) ;
#3347 = LINE ( 'NONE', #2540, #1196 ) ;
#3348 = VECTOR ( 'NONE', #21, 1000.000000000000000 ) ;
#3349 = DIRECTION ( 'NONE',  ( 0.0000000000000000000, 1.000000000000000000, 0.0000000000000000000 ) ) ;
#3350 = ORIENTED_EDGE ( 'NONE', *, *, #1424, .T. ) ;
#3351 = CARTESIAN_POINT ( 'NONE',  ( -2.799999999999999800, -1.300000000000000300, -1.040000000000000000 ) ) ;
#3352 = CARTESIAN_POINT ( 'NONE',  ( 1.399999999999999900, -3.742000000000000000, 0.0000000000000000000 ) ) ;
#3353 = DIRECTION ( 'NONE',  ( -0.0000000000000000000, -0.0000000000000000000, -1.000000000000000000 ) ) ;
#3354 = DIRECTION ( 'NONE',  ( 0.0000000000000000000, 0.9986295347545708400, -0.05233595624300186500 ) ) ;
#3355 = ORIENTED_EDGE ( 'NONE', *, *, #1133, .F. ) ;
#3356 = EDGE_LOOP ( 'NONE', ( #396, #615, #1965, #2741 ) ) ;
#3357 = ADVANCED_FACE ( 'NONE', ( #175 ), #1704, .T. ) ;
#3358 = ORIENTED_EDGE ( 'NONE', *, *, #3216, .F. ) ;
#3359 = VERTEX_POINT ( 'NONE', #544 ) ;
#3360 = ORIENTED_EDGE ( 'NONE', *, *, #150, .F. ) ;
#3361 = DIRECTION ( 'NONE',  ( 1.000000000000000000, -0.0000000000000000000, -0.0000000000000000000 ) ) ;
#3362 = ORIENTED_EDGE ( 'NONE', *, *, #1205, .T. ) ;
#3363 = VERTEX_POINT ( 'NONE', #1427 ) ;
#3364 = ORIENTED_EDGE ( 'NONE', *, *, #1338, .F. ) ;
#3365 = EDGE_CURVE ( 'NONE', #1718, #2010, #2374, .T. ) ;
#3366 = CIRCLE ( 'NONE', #1442, 0.02999999999999964500 ) ;
#3367 = DIRECTION ( 'NONE',  ( 0.0000000000000000000, -0.9986295347545736100, -0.05233595624294862200 ) ) ;
#3368 = ORIENTED_EDGE ( 'NONE', *, *, #1080, .T. ) ;
#3369 = CARTESIAN_POINT ( 'NONE',  ( 4.999283622061684100, 2.682777997155755500, -5.366616303831591500 ) ) ;
#3370 = CARTESIAN_POINT ( 'NONE',  ( 1.399999999999999900, 3.749850393436000100, -0.1497944302131999900 ) ) ;
#3371 = CARTESIAN_POINT ( 'NONE',  ( 2.329999999999999600, 2.000000000000000000, -5.400000000000000400 ) ) ;
#3372 = PLANE ( 'NONE',  #2486 ) ;
#3373 = VERTEX_POINT ( 'NONE', #1996 ) ;
#3374 = VECTOR ( 'NONE', #3398, 1000.000000000000000 ) ;
#3375 = CARTESIAN_POINT ( 'NONE',  ( 1.399999999999999900, 3.749850393436000100, -0.1497944302131999900 ) ) ;
#3376 = CARTESIAN_POINT ( 'NONE',  ( 4.700000000000000200, 1.199999999999999700, -5.650000000000000400 ) ) ;
#3377 = FACE_OUTER_BOUND ( 'NONE', #1873, .T. ) ;
#3378 = VECTOR ( 'NONE', #2700, 1000.000000000000000 ) ;
#3379 = ADVANCED_FACE ( 'NONE', ( #2294 ), #2545, .T. ) ;
#3380 = CARTESIAN_POINT ( 'NONE',  ( 1.850000000000000100, 1.300000000000000300, -1.200000000000000000 ) ) ;
#3381 = DIRECTION ( 'NONE',  ( 0.0000000000000000000, -1.000000000000000000, -0.0000000000000000000 ) ) ;
#3382 = VECTOR ( 'NONE', #3354, 1000.000000000000000 ) ;
#3383 = CARTESIAN_POINT ( 'NONE',  ( 4.331435935394000400, 0.0000000000000000000, -1.120000000000000100 ) ) ;
#3384 = VECTOR ( 'NONE', #1707, 1000.000000000000000 ) ;
#3385 = EDGE_CURVE ( 'NONE', #212, #897, #3682, .T. ) ;
#3386 = LINE ( 'NONE', #811, #2000 ) ;
#3387 = DIRECTION ( 'NONE',  ( 0.0000000000000000000, 0.9986295347545736100, 0.05233595624294862200 ) ) ;
#3388 = EDGE_CURVE ( 'NONE', #116, #1759, #3024, .T. ) ;
#3389 = CARTESIAN_POINT ( 'NONE',  ( 1.850000000000000100, 0.0000000000000000000, -1.200000000000000000 ) ) ;
#3390 = LINE ( 'NONE', #1919, #453 ) ;
#3391 = DIRECTION ( 'NONE',  ( 0.0000000000000000000, -0.05233595624000416500, -0.9986295347547279300 ) ) ;
#3392 = PLANE ( 'NONE',  #1604 ) ;
#3393 = LINE ( 'NONE', #2603, #2637 ) ;
#3394 = CARTESIAN_POINT ( 'NONE',  ( 2.800000000000000300, -0.6445517328096002100, -0.2500000000000000000 ) ) ;
#3395 = ORIENTED_EDGE ( 'NONE', *, *, #2707, .F. ) ;
#3396 = EDGE_LOOP ( 'NONE', ( #2726, #2793, #1575, #845 ) ) ;
#3397 = ORIENTED_EDGE ( 'NONE', *, *, #38, .T. ) ;
#3398 = DIRECTION ( 'NONE',  ( -0.0000000000000000000, 1.000000000000000000, 0.0000000000000000000 ) ) ;
#3399 = EDGE_CURVE ( 'NONE', #2314, #1078, #768, .T. ) ;
#3400 = DIRECTION ( 'NONE',  ( 0.0000000000000000000, -1.445602896647339500E-015, 1.000000000000000000 ) ) ;
#3401 = ORIENTED_EDGE ( 'NONE', *, *, #2517, .T. ) ;
#3402 = CARTESIAN_POINT ( 'NONE',  ( -2.850000000000000100, 1.300000000000000300, -1.040000000000000000 ) ) ;
#3403 = PLANE ( 'NONE',  #33 ) ;
#3404 = CARTESIAN_POINT ( 'NONE',  ( 2.850000000000000100, -2.290000000000000000, -1.200000000000000000 ) ) ;
#3405 = ORIENTED_EDGE ( 'NONE', *, *, #1270, .F. ) ;
#3406 = EDGE_LOOP ( 'NONE', ( #3444, #1920, #2656, #2777 ) ) ;
#3407 = DIRECTION ( 'NONE',  ( -1.000000000000000000, 0.0000000000000000000, 0.0000000000000000000 ) ) ;
#3408 = ORIENTED_EDGE ( 'NONE', *, *, #13, .F. ) ;
#3409 = AXIS2_PLACEMENT_3D ( 'NONE', #1893, #2040, #1925 ) ;
#3410 = ORIENTED_EDGE ( 'NONE', *, *, #3543, .F. ) ;
#3411 = ORIENTED_EDGE ( 'NONE', *, *, #1599, .T. ) ;
#3412 = EDGE_CURVE ( 'NONE', #2884, #427, #1460, .T. ) ;
#3413 = DIRECTION ( 'NONE',  ( 0.0000000000000000000, -1.000000000000000000, -0.0000000000000000000 ) ) ;
#3414 = DIRECTION ( 'NONE',  ( 0.0000000000000000000, 0.9986295347545708400, -0.05233595624300186500 ) ) ;
#3415 = ORIENTED_EDGE ( 'NONE', *, *, #2690, .T. ) ;
#3416 = CARTESIAN_POINT ( 'NONE',  ( 4.991547594742264900, 2.750000000000000900, -5.400000000000000400 ) ) ;
#3417 = DIRECTION ( 'NONE',  ( 1.000000000000000000, 0.0000000000000000000, 0.0000000000000000000 ) ) ;
#3418 = DIRECTION ( 'NONE',  ( -0.0000000000000000000, 0.5000000000000167600, 0.8660254037844289400 ) ) ;
#3419 = VECTOR ( 'NONE', #1218, 1000.000000000000000 ) ;
#3420 = PLANE ( 'NONE',  #585 ) ;
#3421 = ORIENTED_EDGE ( 'NONE', *, *, #2285, .F. ) ;
#3422 = VECTOR ( 'NONE', #368, 1000.000000000000000 ) ;
#3423 = EDGE_CURVE ( 'NONE', #2019, #425, #678, .T. ) ;
#3424 = VECTOR ( 'NONE', #2991, 1000.000000000000000 ) ;
#3425 = VECTOR ( 'NONE', #1489, 1000.000000000000000 ) ;
#3426 = FACE_OUTER_BOUND ( 'NONE', #2290, .T. ) ;
#3427 = DIRECTION ( 'NONE',  ( -1.000000000000000000, -0.0000000000000000000, -0.0000000000000000000 ) ) ;
#3428 = CARTESIAN_POINT ( 'NONE',  ( -4.700000000000000200, -2.700000000000000200, -1.000000000000000000 ) ) ;
#3429 = LINE ( 'NONE', #83, #409 ) ;
#3430 = CARTESIAN_POINT ( 'NONE',  ( 4.700000000000000200, -3.000000000000000000, -1.000000000000000000 ) ) ;
#3431 = DIRECTION ( 'NONE',  ( 0.0000000000000000000, 0.0000000000000000000, -1.000000000000000000 ) ) ;
#3432 = AXIS2_PLACEMENT_3D ( 'NONE', #3582, #1054, #2733 ) ;
#3433 = ORIENTED_EDGE ( 'NONE', *, *, #3423, .F. ) ;
#3434 = CYLINDRICAL_SURFACE ( 'NONE', #348, 0.2999999999999999300 ) ;
#3435 = VECTOR ( 'NONE', #276, 1000.000000000000100 ) ;
#3436 = CARTESIAN_POINT ( 'NONE',  ( -5.000000000000000000, -10.82160000000000000, -5.349999999999999600 ) ) ;
#3437 = LINE ( 'NONE', #2503, #1954 ) ;
#3438 = EDGE_CURVE ( 'NONE', #1328, #106, #2853, .T. ) ;
#3439 = DIRECTION ( 'NONE',  ( 0.0000000000000000000, -0.05233595624000416500, -0.9986295347547279300 ) ) ;
#3440 = EDGE_CURVE ( 'NONE', #2059, #161, #1356, .T. ) ;
#3441 = DIRECTION ( 'NONE',  ( -0.0000000000000000000, 0.0000000000000000000, 1.000000000000000000 ) ) ;
#3442 = CARTESIAN_POINT ( 'NONE',  ( 5.000000000000000000, 1.200000000000000000, -5.650000000000000400 ) ) ;
#3443 = ORIENTED_EDGE ( 'NONE', *, *, #3252, .F. ) ;
#3444 = ORIENTED_EDGE ( 'NONE', *, *, #3599, .F. ) ;
#3445 = CARTESIAN_POINT ( 'NONE',  ( -3.600000000000000500, -3.757850393436000100, -0.1497944302131999900 ) ) ;
#3446 = DIRECTION ( 'NONE',  ( 0.0000000000000000000, -0.05233595624000416500, 0.9986295347547279300 ) ) ;
#3447 = EDGE_LOOP ( 'NONE', ( #1768, #2358, #3443, #1923 ) ) ;
#3448 = ORIENTED_EDGE ( 'NONE', *, *, #2157, .T. ) ;
#3449 = VERTEX_POINT ( 'NONE', #1747 ) ;
#3450 = ORIENTED_EDGE ( 'NONE', *, *, #2269, .F. ) ;
#3451 = ORIENTED_EDGE ( 'NONE', *, *, #984, .F. ) ;
#3452 = AXIS2_PLACEMENT_3D ( 'NONE', #2798, #1408, #3367 ) ;
#3453 = ORIENTED_EDGE ( 'NONE', *, *, #3507, .T. ) ;
#3454 = PLANE ( 'NONE',  #2585 ) ;
#3455 = CARTESIAN_POINT ( 'NONE',  ( 4.912132034355965800, -2.699999999999998800, -5.562132034355965300 ) ) ;
#3456 = VERTEX_POINT ( 'NONE', #3402 ) ;
#3457 = PLANE ( 'NONE',  #2442 ) ;
#3458 = CARTESIAN_POINT ( 'NONE',  ( 2.800000000000000300, 1.300000000000000300, -1.040000000000000000 ) ) ;
#3459 = ORIENTED_EDGE ( 'NONE', *, *, #104, .F. ) ;
#3460 = B_SPLINE_CURVE_WITH_KNOTS ( 'NONE', 3,
 ( #3416, #2570, #14, #2038 ),
 .UNSPECIFIED., .F., .F.,
 ( 4, 4 ),
 ( 0.0004123363984407073700, 0.0004620929542307340300 ),
 .UNSPECIFIED. ) ;
#3461 = CARTESIAN_POINT ( 'NONE',  ( -4.469999999999999800, 2.012871870788997900, -1.040000000000003400 ) ) ;
#3462 = EDGE_CURVE ( 'NONE', #364, #746, #3460, .T. ) ;
#3463 = EDGE_CURVE ( 'NONE', #993, #2440, #3506, .T. ) ;
#3464 = LINE ( 'NONE', #235, #2701 ) ;
#3465 = DIRECTION ( 'NONE',  ( 1.000000000000000000, 0.0000000000000000000, -0.0000000000000000000 ) ) ;
#3466 = VECTOR ( 'NONE', #95, 1000.000000000000000 ) ;
#3467 = CARTESIAN_POINT ( 'NONE',  ( 4.698000732276106800, -2.999986676132685700, -5.348000732276106300 ) ) ;
#3468 = CARTESIAN_POINT ( 'NONE',  ( 3.600000000000000500, 2.689999999999999900, -0.2053388357055000400 ) ) ;
#3469 = LINE ( 'NONE', #64, #542 ) ;
#3470 = CARTESIAN_POINT ( 'NONE',  ( -4.700000000000000200, 2.700000000000000200, -1.200000000000000000 ) ) ;
#3471 = PLANE ( 'NONE',  #2709 ) ;
#3472 = LINE ( 'NONE', #3077, #3382 ) ;
#3473 = EDGE_CURVE ( 'NONE', #68, #3192, #2937, .T. ) ;
#3474 = LINE ( 'NONE', #1877, #1995 ) ;
#3475 = AXIS2_PLACEMENT_3D ( 'NONE', #970, #2113, #394 ) ;
#3476 = CARTESIAN_POINT ( 'NONE',  ( -0.4000000000000000200, 0.0000000000000000000, -1.000000000000000000 ) ) ;
#3477 = LINE ( 'NONE', #877, #967 ) ;
#3478 = AXIS2_PLACEMENT_3D ( 'NONE', #319, #265, #186 ) ;
#3479 = DIRECTION ( 'NONE',  ( 0.0000000000000000000, -0.7071067811865466800, -0.7071067811865481300 ) ) ;
#3480 =( NAMED_UNIT ( * ) PLANE_ANGLE_UNIT ( ) SI_UNIT ( $, .RADIAN. ) );
#3481 = VECTOR ( 'NONE', #1107, 1000.000000000000000 ) ;
#3482 = EDGE_CURVE ( 'NONE', #1393, #157, #1266, .T. ) ;
#3483 = VECTOR ( 'NONE', #1265, 1000.000000000000000 ) ;
#3484 = ORIENTED_EDGE ( 'NONE', *, *, #3307, .T. ) ;
#3485 = ORIENTED_EDGE ( 'NONE', *, *, #1462, .T. ) ;
#3486 = CARTESIAN_POINT ( 'NONE',  ( -2.850000000000000100, 1.300000000000000300, -1.200000000000000000 ) ) ;
#3487 = CARTESIAN_POINT ( 'NONE',  ( -4.000000000000000000, 2.540000000000000500, -0.06341341293248282900 ) ) ;
#3488 = VERTEX_POINT ( 'NONE', #1773 ) ;
#3489 = ORIENTED_EDGE ( 'NONE', *, *, #3252, .T. ) ;
#3490 = CARTESIAN_POINT ( 'NONE',  ( 5.000000000000000000, 10.82160000000000000, -5.349999999999999600 ) ) ;
#3491 = DIRECTION ( 'NONE',  ( 0.0000000000000000000, 1.000000000000000000, -0.0000000000000000000 ) ) ;
#3492 = ORIENTED_EDGE ( 'NONE', *, *, #1803, .T. ) ;
#3493 = EDGE_LOOP ( 'NONE', ( #468, #1297, #2790, #2090 ) ) ;
#3494 = ORIENTED_EDGE ( 'NONE', *, *, #2082, .T. ) ;
#3495 = ORIENTED_EDGE ( 'NONE', *, *, #2673, .T. ) ;
#3496 = AXIS2_PLACEMENT_3D ( 'NONE', #45, #1199, #2879 ) ;
#3497 = DIRECTION ( 'NONE',  ( 0.0000000000000000000, -1.000000000000000000, -0.0000000000000000000 ) ) ;
#3498 = CARTESIAN_POINT ( 'NONE',  ( 4.786937359832101900, -2.700000000000001500, -5.687326708879826500 ) ) ;
#3499 = CARTESIAN_POINT ( 'NONE',  ( 5.000000000000000000, -2.700000000000000200, -1.000000000000000000 ) ) ;
#3500 = VERTEX_POINT ( 'NONE', #3152 ) ;
#3501 = EDGE_CURVE ( 'NONE', #3045, #2471, #1181, .T. ) ;
#3502 = LINE ( 'NONE', #3183, #3419 ) ;
#3503 = ADVANCED_FACE ( 'NONE', ( #1937 ), #1854, .T. ) ;
#3504 = EDGE_LOOP ( 'NONE', ( #1973, #2437, #2762, #1386 ) ) ;
#3505 = FACE_OUTER_BOUND ( 'NONE', #152, .T. ) ;
#3506 = LINE ( 'NONE', #318, #2037 ) ;
#3507 = EDGE_CURVE ( 'NONE', #1616, #2915, #3332, .T. ) ;
#3508 = LINE ( 'NONE', #995, #1269 ) ;
#3509 = DIRECTION ( 'NONE',  ( 0.0000000000000000000, 0.0000000000000000000, -1.000000000000000000 ) ) ;
#3510 = VECTOR ( 'NONE', #2757, 1000.000000000000100 ) ;
#3511 = DIRECTION ( 'NONE',  ( 0.0000000000000000000, -0.0000000000000000000, 1.000000000000000000 ) ) ;
#3512 = CARTESIAN_POINT ( 'NONE',  ( -4.823189846542529600, 3.001655327279210800, -5.473189846542529900 ) ) ;
#3513 = LINE ( 'NONE', #2167, #2675 ) ;
#3514 = VECTOR ( 'NONE', #2855, 1000.000000000000000 ) ;
#3515 = EDGE_CURVE ( 'NONE', #2101, #3373, #2591, .T. ) ;
#3516 = LINE ( 'NONE', #2778, #2049 ) ;
#3517 = ADVANCED_FACE ( 'NONE', ( #2498, #2753, #1089, #3245, #1780, #999, #231, #3166, #2413, #1680 ), #913, .T. ) ;
#3518 = AXIS2_PLACEMENT_3D ( 'NONE', #1760, #2571, #3417 ) ;
#3519 = DIRECTION ( 'NONE',  ( 0.0000000000000000000, 1.000000000000000000, 0.0000000000000000000 ) ) ;
#3520 = EDGE_LOOP ( 'NONE', ( #1572, #2781, #580 ) ) ;
#3521 = FACE_OUTER_BOUND ( 'NONE', #3563, .T. ) ;
#3522 = DIRECTION ( 'NONE',  ( -0.0000000000000000000, 1.000000000000000000, -0.0000000000000000000 ) ) ;
#3523 = ORIENTED_EDGE ( 'NONE', *, *, #920, .T. ) ;
#3524 = EDGE_CURVE ( 'NONE', #312, #2225, #3071, .T. ) ;
#3525 = EDGE_LOOP ( 'NONE', ( #3095, #2322, #112, #3360, #3230, #3624 ) ) ;
#3526 = ORIENTED_EDGE ( 'NONE', *, *, #2593, .T. ) ;
#3527 = VERTEX_POINT ( 'NONE', #2886 ) ;
#3528 = ORIENTED_EDGE ( 'NONE', *, *, #2562, .T. ) ;
#3529 = ORIENTED_EDGE ( 'NONE', *, *, #2340, .T. ) ;
#3530 = ORIENTED_EDGE ( 'NONE', *, *, #321, .T. ) ;
#3531 = CARTESIAN_POINT ( 'NONE',  ( -0.8000000000000000400, -3.749850393436000100, -0.1497944302131999900 ) ) ;
#3532 = ORIENTED_EDGE ( 'NONE', *, *, #436, .F. ) ;
#3533 = CARTESIAN_POINT ( 'NONE',  ( -5.001655327279210400, -2.698240118821387600, -5.598139574263672800 ) ) ;
#3534 = ORIENTED_EDGE ( 'NONE', *, *, #872, .F. ) ;
#3535 = ADVANCED_FACE ( 'NONE', ( #131 ), #1388, .T. ) ;
#3536 = ORIENTED_EDGE ( 'NONE', *, *, #2157, .F. ) ;
#3537 = AXIS2_PLACEMENT_3D ( 'NONE', #2501, #2012, #1979 ) ;
#3538 = DIRECTION ( 'NONE',  ( 0.0000000000000000000, 0.0000000000000000000, 1.000000000000000000 ) ) ;
#3539 = ORIENTED_EDGE ( 'NONE', *, *, #286, .F. ) ;
#3540 = LINE ( 'NONE', #2506, #1225 ) ;
#3541 = CARTESIAN_POINT ( 'NONE',  ( -4.877052006648534100, -2.985469376755161400, -5.488794691956772300 ) ) ;
#3542 = LINE ( 'NONE', #1033, #2703 ) ;
#3543 = EDGE_CURVE ( 'NONE', #427, #2195, #824, .T. ) ;
#3544 = CARTESIAN_POINT ( 'NONE',  ( -4.000000000000000000, 3.757850393436000100, -0.1497944302131961300 ) ) ;
#3545 = LINE ( 'NONE', #2073, #1409 ) ;
#3546 = CARTESIAN_POINT ( 'NONE',  ( -4.000000000000000000, 0.0000000000000000000, -1.200000000000000000 ) ) ;
#3547 = VECTOR ( 'NONE', #1120, 1000.000000000000000 ) ;
#3548 = VECTOR ( 'NONE', #1626, 1000.000000000000000 ) ;
#3549 = ADVANCED_FACE ( 'NONE', ( #1503 ), #2624, .T. ) ;
#3550 = CARTESIAN_POINT ( 'NONE',  ( 2.850000000000000100, -1.300000000000000300, -1.200000000000000000 ) ) ;
#3551 = PLANE ( 'NONE',  #3193 ) ;
#3552 = CARTESIAN_POINT ( 'NONE',  ( 4.700000000000000200, -2.700000000000001100, -5.349999999999999600 ) ) ;
#3553 = LINE ( 'NONE', #1726, #549 ) ;
#3554 = DIRECTION ( 'NONE',  ( 0.0000000000000000000, -0.05233595624294862200, -0.9986295347545736100 ) ) ;
#3555 = DIRECTION ( 'NONE',  ( 0.0000000000000000000, 0.0000000000000000000, -1.000000000000000000 ) ) ;
#3556 = VECTOR ( 'NONE', #825, 1000.000000000000000 ) ;
#3557 = ORIENTED_EDGE ( 'NONE', *, *, #1338, .T. ) ;
#3558 = CARTESIAN_POINT ( 'NONE',  ( 4.699999999999999300, 2.995513302679607900, -5.401690307983132700 ) ) ;
#3559 = AXIS2_PLACEMENT_3D ( 'NONE', #2891, #3179, #1508 ) ;
#3560 = EDGE_CURVE ( 'NONE', #1477, #3045, #2974, .T. ) ;
#3561 = DIRECTION ( 'NONE',  ( 0.0000000000000000000, 1.000000000000000000, -0.0000000000000000000 ) ) ;
#3562 = PLANE ( 'NONE',  #2644 ) ;
#3563 = EDGE_LOOP ( 'NONE', ( #1282, #298, #2279 ) ) ;
#3564 = CARTESIAN_POINT ( 'NONE',  ( 1.399999999999999900, 2.689999999999999900, -1.200000000000000000 ) ) ;
#3565 = VERTEX_POINT ( 'NONE', #2354 ) ;
#3566 = VERTEX_POINT ( 'NONE', #71 ) ;
#3567 = CARTESIAN_POINT ( 'NONE',  ( 4.000000000000000000, -3.742000000000000000, 0.0000000000000000000 ) ) ;
#3568 = ORIENTED_EDGE ( 'NONE', *, *, #2124, .T. ) ;
#3569 = CARTESIAN_POINT ( 'NONE',  ( -4.700000000000000200, -2.700000000000000200, 5.061740000000000400 ) ) ;
#3570 = ADVANCED_FACE ( 'NONE', ( #722 ), #1406, .T. ) ;
#3571 = EDGE_CURVE ( 'NONE', #663, #2524, #2894, .T. ) ;
#3572 = VERTEX_POINT ( 'NONE', #954 ) ;
#3573 = ORIENTED_EDGE ( 'NONE', *, *, #163, .F. ) ;
#3574 = VERTEX_POINT ( 'NONE', #1238 ) ;
#3575 = CARTESIAN_POINT ( 'NONE',  ( 4.699999999999998400, 2.910915798935654200, -5.136658663735003600 ) ) ;
#3576 = DIRECTION ( 'NONE',  ( -0.0000000000000000000, -0.0000000000000000000, 1.000000000000000000 ) ) ;
#3577 = VERTEX_POINT ( 'NONE', #1822 ) ;
#3578 = LINE ( 'NONE', #1809, #3422 ) ;
#3579 = CARTESIAN_POINT ( 'NONE',  ( -5.037326708879828800, 2.700000000000000600, -5.436937359832103100 ) ) ;
#3580 = PLANE ( 'NONE',  #1657 ) ;
#3581 = EDGE_CURVE ( 'NONE', #3456, #2440, #2805, .T. ) ;
#3582 = CARTESIAN_POINT ( 'NONE',  ( -4.469999999999999800, -0.6445517328096001000, -0.2500000000000000000 ) ) ;
#3583 = ORIENTED_EDGE ( 'NONE', *, *, #1027, .F. ) ;
#3584 = VECTOR ( 'NONE', #2873, 1000.000000000000000 ) ;
#3585 = ORIENTED_EDGE ( 'NONE', *, *, #1055, .T. ) ;
#3586 = FACE_OUTER_BOUND ( 'NONE', #3159, .T. ) ;
#3587 = VECTOR ( 'NONE', #2286, 1000.000000000000000 ) ;
#3588 = ADVANCED_FACE ( 'NONE', ( #1304 ), #2377, .T. ) ;
#3589 = DIRECTION ( 'NONE',  ( -1.000000000000000000, -0.0000000000000000000, -0.0000000000000000000 ) ) ;
#3590 = DIRECTION ( 'NONE',  ( -0.0000000000000000000, 0.0000000000000000000, -1.000000000000000000 ) ) ;
#3591 = VECTOR ( 'NONE', #3224, 1000.000000000000000 ) ;
#3592 = DIRECTION ( 'NONE',  ( 0.0000000000000000000, -0.05233595624000416500, 0.9986295347547279300 ) ) ;
#3593 = EDGE_CURVE ( 'NONE', #874, #1121, #49, .T. ) ;
#3594 = DIRECTION ( 'NONE',  ( -1.000000000000000000, -0.0000000000000000000, -0.0000000000000000000 ) ) ;
#3595 = LINE ( 'NONE', #2098, #1946 ) ;
#3596 = CIRCLE ( 'NONE', #1194, 0.2999999999999999300 ) ;
#3597 = DIRECTION ( 'NONE',  ( 0.0000000000000000000, -0.0000000000000000000, 1.000000000000000000 ) ) ;
#3598 = VECTOR ( 'NONE', #44, 1000.000000000000000 ) ;
#3599 = EDGE_CURVE ( 'NONE', #2398, #1078, #2151, .T. ) ;
#3600 = FACE_OUTER_BOUND ( 'NONE', #1617, .T. ) ;
#3601 = SURFACE_STYLE_USAGE ( .BOTH. , #1661 ) ;
#3602 = DIRECTION ( 'NONE',  ( -0.0000000000000000000, 0.05233595624294862900, 0.9986295347545737200 ) ) ;
#3603 = PLANE ( 'NONE',  #2640 ) ;
#3604 = CARTESIAN_POINT ( 'NONE',  ( 1.800000000000000500, -3.742000000000000400, 6.680168445515305400E-016 ) ) ;
#3605 = ADVANCED_FACE ( 'NONE', ( #1988 ), #1833, .T. ) ;
#3606 = EDGE_LOOP ( 'NONE', ( #105, #2962, #745, #2972, #350, #255 ) ) ;
#3607 = CYLINDRICAL_SURFACE ( 'NONE', #1042, 0.5500000000000001600 ) ;
#3608 = ORIENTED_EDGE ( 'NONE', *, *, #2535, .F. ) ;
#3609 = VERTEX_POINT ( 'NONE', #2931 ) ;
#3610 = VERTEX_POINT ( 'NONE', #2989 ) ;
#3611 = EDGE_CURVE ( 'NONE', #1204, #1655, #439, .T. ) ;
#3612 = ORIENTED_EDGE ( 'NONE', *, *, #3181, .T. ) ;
#3613 = ORIENTED_EDGE ( 'NONE', *, *, #2343, .T. ) ;
#3614 = DIRECTION ( 'NONE',  ( 1.000000000000000000, 0.0000000000000000000, -0.0000000000000000000 ) ) ;
#3615 = ORIENTED_EDGE ( 'NONE', *, *, #1566, .F. ) ;
#3616 = DIRECTION ( 'NONE',  ( -1.000000000000000000, 0.0000000000000000000, -0.0000000000000000000 ) ) ;
#3617 = DIRECTION ( 'NONE',  ( -0.0000000000000000000, 1.000000000000000000, -0.0000000000000000000 ) ) ;
#3618 = ORIENTED_EDGE ( 'NONE', *, *, #3571, .T. ) ;
#3619 = ORIENTED_EDGE ( 'NONE', *, *, #3203, .T. ) ;
#3620 = EDGE_CURVE ( 'NONE', #304, #3566, #1226, .T. ) ;
#3621 = ORIENTED_EDGE ( 'NONE', *, *, #898, .F. ) ;
#3622 = DIRECTION ( 'NONE',  ( 0.0000000000000000000, -0.0000000000000000000, 1.000000000000000000 ) ) ;
#3623 = ADVANCED_FACE ( 'NONE', ( #2623 ), #441, .F. ) ;
#3624 = ORIENTED_EDGE ( 'NONE', *, *, #2192, .F. ) ;
#3625 = PLANE ( 'NONE',  #3452 ) ;
#3626 = CARTESIAN_POINT ( 'NONE',  ( 4.989361869316979000, 2.725690584958917500, -5.424897946766593600 ) ) ;
#3627 = ORIENTED_EDGE ( 'NONE', *, *, #2629, .F. ) ;
#3628 = CARTESIAN_POINT ( 'NONE',  ( -2.850000000000000100, 2.290000000000000000, -1.200000000000000000 ) ) ;
#3629 = DIRECTION ( 'NONE',  ( 0.0000000000000000000, 0.8660254037844107300, 0.5000000000000482900 ) ) ;
#3630 = LINE ( 'NONE', #1647, #2973 ) ;
#3631 = AXIS2_PLACEMENT_3D ( 'NONE', #1757, #12, #2032 ) ;
#3632 = VECTOR ( 'NONE', #1539, 1000.000000000000000 ) ;
#3633 = DIRECTION ( 'NONE',  ( -1.000000000000000000, -0.0000000000000000000, -0.0000000000000000000 ) ) ;
#3634 = PLANE ( 'NONE',  #430 ) ;
#3635 = CIRCLE ( 'NONE', #1820, 0.3000000000000001600 ) ;
#3636 = FACE_OUTER_BOUND ( 'NONE', #3098, .T. ) ;
#3637 = CARTESIAN_POINT ( 'NONE',  ( 4.730000000000000400, -2.700000000000000200, -1.200000000000000000 ) ) ;
#3638 = AXIS2_PLACEMENT_3D ( 'NONE', #3278, #2432, #437 ) ;
#3639 = EDGE_CURVE ( 'NONE', #2846, #1658, #3542, .T. ) ;
#3640 = LINE ( 'NONE', #2546, #1415 ) ;
#3641 = CARTESIAN_POINT ( 'NONE',  ( 2.799999999999999800, 1.300000000000000300, -0.2500000000000000000 ) ) ;
#3642 = DIRECTION ( 'NONE',  ( 0.0000000000000000000, 0.0000000000000000000, -1.000000000000000000 ) ) ;
#3643 = VECTOR ( 'NONE', #1104, 1000.000000000000100 ) ;
#3644 = EDGE_CURVE ( 'NONE', #1203, #76, #1137, .T. ) ;
#3645 = DIRECTION ( 'NONE',  ( -0.0000000000000000000, 0.9986295347545737200, 0.05233595624294862900 ) ) ;
#3646 = CARTESIAN_POINT ( 'NONE',  ( -0.4000000000000000200, 0.0000000000000000000, -1.000000000000000000 ) ) ;
#3647 = CARTESIAN_POINT ( 'NONE',  ( 4.000000000000000000, 2.539999999999999600, -0.06299415069822032800 ) ) ;
#3648 = ADVANCED_FACE ( 'NONE', ( #1814 ), #3101, .T. ) ;
#3649 = CYLINDRICAL_SURFACE ( 'NONE', #3537, 0.7999999999999999300 ) ;
#3650 = DIRECTION ( 'NONE',  ( 0.0000000000000000000, -0.9986295347545737200, -0.05233595624294753300 ) ) ;
#3651 = LINE ( 'NONE', #251, #646 ) ;
#3652 = DIRECTION ( 'NONE',  ( -0.0000000000000000000, 1.000000000000000000, 0.0000000000000000000 ) ) ;
#3653 = EDGE_CURVE ( 'NONE', #2094, #2997, #278, .T. ) ;
#3654 = DIRECTION ( 'NONE',  ( 0.0000000000000000000, -0.05233595624294862200, 0.9986295347545736100 ) ) ;
#3655 = CARTESIAN_POINT ( 'NONE',  ( 1.850000000000000100, 1.300000000000000300, -1.040000000000000000 ) ) ;
#3656 = CARTESIAN_POINT ( 'NONE',  ( 1.800000000000000500, 3.749850393436001500, -0.1497944302132282500 ) ) ;
#3657 = EDGE_LOOP ( 'NONE', ( #854, #151, #1164, #3157, #2477, #1652, #1624, #3660 ) ) ;
#3658 = DIRECTION ( 'NONE',  ( 0.0000000000000000000, -0.8660254037844289400, 0.5000000000000167600 ) ) ;
#3659 = EDGE_LOOP ( 'NONE', ( #3055, #111, #3677, #621, #3300, #3368, #1435, #2360, #3529, #154, #72, #28, #1931, #2563, #2392, #84, #2882, #2639, #1216, #3309 ) ) ;
#3660 = ORIENTED_EDGE ( 'NONE', *, *, #1452, .T. ) ;
#3661 = AXIS2_PLACEMENT_3D ( 'NONE', #3206, #512, #570 ) ;
#3662 = ORIENTED_EDGE ( 'NONE', *, *, #1286, .F. ) ;
#3663 = VERTEX_POINT ( 'NONE', #1645 ) ;
#3664 = ORIENTED_EDGE ( 'NONE', *, *, #1732, .F. ) ;
#3665 = ORIENTED_EDGE ( 'NONE', *, *, #2443, .T. ) ;
#3666 = ORIENTED_EDGE ( 'NONE', *, *, #2017, .F. ) ;
#3667 = EDGE_CURVE ( 'NONE', #1383, #2195, #371, .T. ) ;
#3668 = DIRECTION ( 'NONE',  ( -1.000000000000000000, -0.0000000000000000000, -0.0000000000000000000 ) ) ;
#3669 = EDGE_LOOP ( 'NONE', ( #1118, #1487, #900, #3305, #1662, #815 ) ) ;
#3670 = DIRECTION ( 'NONE',  ( 0.0000000000000000000, -1.000000000000000000, 0.0000000000000000000 ) ) ;
#3671 = CARTESIAN_POINT ( 'NONE',  ( 4.000000000000000000, -2.540000000000000000, -0.06299415069821999400 ) ) ;
#3672 = ORIENTED_EDGE ( 'NONE', *, *, #641, .T. ) ;
#3673 = DIRECTION ( 'NONE',  ( 1.000000000000000000, 0.0000000000000000000, -0.0000000000000000000 ) ) ;
#3674 = DIRECTION ( 'NONE',  ( -1.000000000000000000, -0.0000000000000000000, 0.0000000000000000000 ) ) ;
#3675 = ORIENTED_EDGE ( 'NONE', *, *, #2381, .T. ) ;
#3676 = VECTOR ( 'NONE', #1502, 1000.000000000000000 ) ;
#3677 = ORIENTED_EDGE ( 'NONE', *, *, #3233, .T. ) ;
#3678 = VECTOR ( 'NONE', #1494, 1000.000000000000000 ) ;
#3679 = DIRECTION ( 'NONE',  ( 0.0000000000000000000, 1.000000000000000000, 0.0000000000000000000 ) ) ;
#3680 = VECTOR ( 'NONE', #405, 1000.000000000000000 ) ;
#3681 = DIRECTION ( 'NONE',  ( 0.0000000000000000000, 0.0000000000000000000, 1.000000000000000000 ) ) ;
#3682 = LINE ( 'NONE', #3389, #87 ) ;
ENDSEC;
END-ISO-10303-21;
